{
  "code": "plugandfeather",
  "class": "BlockPlugAndFeather",
  "entityclass": "PlugAndFeather",
  "variantgroups": [
    { "code": "metal", "states": [ "copper", "tinbronze", "bismuthbronze", "blackbronze", "iron", "meteoriciron", "steel", "admin" ] },
    { "code": "stage", "states": [ "0", "1", "2" ] },
    { "code": "orientation", "states": [ "up", "down", "horizontal" ] },
    { "code": "direction", "loadFromProperties": "abstract/horizontalorientation" }
  ],
  "creativeinventory": { "general": [ "*-0-down-north" ], "stonequarry": [ "*-0-down-north" ] },
  "storageFlags": 5,
  "attributes": {
	"shelvable": true,
	"onshelfTransform": {
		"translation": { "x": 0, "y": -0.25, "z": 0 },
		"rotation": { "x": 0, "y": 9, "z": 0 },
		"scale": 0.5
	},
    "searchrangeByType": {
      "*-copper-*": 3,
      "*-tinbronze-*": 4,
      "*-bismuthbronze-*": 4,
      "*-blackbronze-*": 5,
      "*-iron-*": 6,
      "*-meteoriciron-*": 6,
      "*-steel-*": 7,
      "*-admin-*": 128
    }
  },
  "shape": {
    "base": "block/plugandfeather/stage-{stage}",
    "rotatexByType": {
      "*-down-*": 0,
      "*-up-*": 180,
      "*-horizontal-north": 90,
      "*-horizontal-south": -90
    },
    "rotateyByType": {
      "*-north": 90,
      "*-east": 0,
      "*-south": 90,
      "*-west": 0
    },
    "rotatezByType": {
      "*-horizontal-east": 90,
      "*-horizontal-west": -90
    }
  },
  "textures": { "metal": { "base": "game:block/metal/ingot/{metal}" } },
  "texturesByType": { "*-admin-*": { "metal": { "base": "game:block/fire-pink" } } },
  "drawtype": "json",
  "facecullmode": "nevercull",
  "lightAbsorption": 0,
  "sideAo": { "all": false },
  "sidesolid": { "all": false },
  "sideopaque": { "all": false },
  "emitSideAo": { "all": false },
  "blockmaterial": "Metal",
  "collisionbox": null,
  "selectionboxByType": {
    "*-0-*": { "x1": 0.3, "y1": 0, "z1": 0, "x2": 0.7, "y2": 0.5, "z2": 1 },
    "*-1-*": { "x1": 0.3, "y1": 0, "z1": 0, "x2": 0.7, "y2": 0.5, "z2": 1 },
    "*-2-*": { "x1": 0.3, "y1": 0, "z1": 0, "x2": 0.7, "y2": 0.1, "z2": 1 }
  },
  "drops": [{ "type": "block", "code": "plugandfeather-{metal}-0-down-north" }],
  "groundTransform": { "scale": 2.5 }
}
