[
	{   
		"side": "Server",
		"dependsOn": [
			{ "modid": "stillnecessaries" }
		],
		"file": "ancientarmory:itemtypes/extraswords.json",
		"op": "addmerge",
		"path": "/attributes",
		"value":{
			"sharpenable": true,
			"onGrindstoneTransformByType": {
				"*-longsword-*": {
                    "translation": { "x": -0.45, "y": 0.55, "z": 0.25 },
                    "rotation": { "x": 50, "y": 0, "z": 0 },
                    "origin": { "x": 0.5, "y": 0.1, "z": 0.5 },
					"scale": 0.57
				},
				"*-falchion-*": {
                    "translation": { "x": -0.45, "y": 0.55, "z": 0.26 },
                    "rotation": { "x": 50, "y": 0, "z": 0 },
                    "origin": { "x": 0.5, "y": 0.1, "z": 0.5 },
					"scale": 0.57
				}
			}
		}
	}
]