[
	{   
		"side": "Server",
		"dependsOn": [
			{ "modid": "stillnecessaries" }
		],
		"file": "ancientarmory:itemtypes/knife.json",
		"op": "addmerge",
		"path": "/attributes",
		"value":{
			"sharpenable": true,
			"onGrindstoneTransformByType": {
				"*-dagger-*": {
                    "translation": { "x": 0.02, "y": 0.59, "z": 0.16 },
                    "rotation": { "x": -35, "y": 0, "z": 0 },
                    "origin": { "x": 0.5, "y": 0.1, "z": 0.5 },
					"scale": 0.75
				},
				"*-stiletto-*": {
                    "translation": { "x": 0, "y": 0.59, "z": 0.15 },
                    "rotation": { "x": -35, "y": 0, "z": 0 },
                    "origin": { "x": 0.5, "y": 0.1, "z": 0.5 },
					"scale": 0.85
				},
				"*-baselard-*": {
                    "translation": { "x": 0.02, "y": 0.59, "z": 0.16 },
                    "rotation": { "x": -35, "y": 0, "z": 0 },
                    "origin": { "x": 0.5, "y": 0.1, "z": 0.5 },
					"scale": 0.75
				},
				"*": {
                    "translation": { "x": 0.02, "y": 0.46, "z": 0.24 },
                    "rotation": { "x": 145, "y": 0, "z": 0 },
                    "origin": { "x": 0.5, "y": 0.1, "z": 0.5 },
					"scale": 0.75
				}
			}
		}
	}
]