{
    "ingredient": {
        "type": "item",
        "code": "game:clay-*",
        "name": "color",
        "allowedVariants": [ "blue", "fire", "red"]
    },
    "pattern": [
        [
            "##############",
            "##############",
            "##############",
            "##############",
            "##############",
            "##############",
            "##############",
            "##############",
            "##############",
            "##############",
            "##############",
            "##############",
            "##############",
            "##############"
        ],
        [
            "##############",
            "##############",
            "####______####",
            "###________###",
            "###________###",
            "###________###",
            "###________###",
            "###________###",
            "###________###",
            "###________###",
            "###________###",
            "####______####",
            "##############",
            "##############"
        ]
    ],
    "name": "Mallet Mold",
    "output": {
        "type": "block",
        "code": "ancienttools:toolmoldancienttools-{color}-raw-mallet"
    }
}