{
  "version": 3,
  "patches": {
    "boolean": {
      "bettertraders:worldgen/structures.json": {
        "structures/0/buildProtected": "CLAIMED",
        "structures/1/buildProtected": "CLAIMED",
        "structures/2/buildProtected": "CLAIMED",
        "structures/3/buildProtected": "CLAIMED",
        "structures/4/buildProtected": "CLAIMED",
        "structures/5/buildProtected": "CLAIMED",
        "structures/6/buildProtected": "CLAIMED",
        "structures/7/buildProtected": "CLAIMED",
        "structures/8/buildProtected": "CLAIMED"
      },
      "bettertraders:worldgen/villages.json": {
        "villageTypes/0/buildProtected": "CLAIMED"
      }
     },
    "number": {
      "bettertraders:worldgen/structures.json": {
        "structures/0/chance": "TRADERWAGONS_SPAWN_CHANCE * 0.5",
        "structures/1/chance": "TRADERWAGONS_SPAWN_CHANCE",
        "structures/2/chance": "RARE_STEAMPUNKSTYLE_TRADERS_SPAWN_CHANCE",
        "structures/3/chance": "RARE_STEAMPUNKSTYLE_TRADERS_SPAWN_CHANCE",
        "structures/4/chance": "METAL_TRADERWAGONS_SPAWN_CHANCE * 0.25",
        "structures/5/chance": "METAL_TRADERWAGONS_SPAWN_CHANCE",
        "structures/6/chance": "METAL_TRADERWAGONS_SPAWN_CHANCE * 0.05",
        "structures/7/chance": "COLDCLIMATE_TRADERS_SPAWN_CHANCE",
        "structures/8/chance": "TRACTORS_SPAWN_CHANCE"
      },
      "bettertraders:worldgen/villages.json": {
        "villageTypes/0/chance": "TRADER_VILLAGES_SPAWN_CHANCE"
      },
      "bettertraders:compatibility/bricklayers/patches/bettertraders-to-bricklayers-comp-patch.json": {
        "0/value/chance": "BRICKLAYERS_SPAWN_CHANCE"
      },
      "bettertraders:compatibility/expandedfoods/patches/bettertraders-to-expandedfoods-comp-patch.json": {
        "0/value/chance": "EXPANDEDFOODS_SPAWN_CHANCE"
      },
      "bettertraders:compatibility/booktrader/patches/bettertraders-to-booktrader-comp-patch.json": {
        "0/value/chance": "BOOKTRADER_SPAWN_CHANCE"
      }
    },
    "integer": {
      "bettertraders:worldgen/structures.json": {
        "structures/0/minGroupDistance": "MINDISTANCE",
        "structures/1/minGroupDistance": "MINDISTANCE",
        "structures/2/minGroupDistance": "MINDISTANCE",
        "structures/3/minGroupDistance": "MINDISTANCE",
        "structures/4/minGroupDistance": "MINDISTANCE",
        "structures/5/minGroupDistance": "MINDISTANCE",
        "structures/6/minGroupDistance": "MINDISTANCE",
        "structures/7/minGroupDistance": "MINDISTANCE",
        "structures/8/minGroupDistance": "MINDISTANCE"
      },
      "bettertraders:worldgen/villages.json": {
        "villageTypes/0/minGroupDistance": "MINDISTANCE"
      },
      "bettertraders:compatibility/bricklayers/patches/bettertraders-to-bricklayers-comp-patch.json": {
        "0/value/minGroupDistance": "MINDISTANCE"
      },
      "bettertraders:compatibility/expandedfoods/patches/bettertraders-to-expandedfoods-comp-patch.json": {
        "0/value/minGroupDistance": "MINDISTANCE"
      },
      "bettertraders:compatibility/booktrader/patches/bettertraders-to-booktrader-comp-patch.json": {
        "0/value/minGroupDistance": "MINDISTANCE"
      }
    }
  },
  "settings": {
    "number": {
      "TRADERWAGONS_SPAWN_CHANCE": {
        "name": "Traderwagons",
        "comment": "Defines the spawnchance of a specific trader structure type.",
        "default": 0.05,
        "weight": 1.0,
        "logarithmic": true,
        "range": {
          "min": 0.0,
          "max": 10.0
        }
      },
      "RARE_STEAMPUNKSTYLE_TRADERS_SPAWN_CHANCE": {
        "name": "Rare Steampunkstyle",
        "comment": "Defines the spawnchance of a specific trader structure type.",
        "default": 0.01,
        "weight": 2.0,
        "logarithmic": true,
        "range": {
          "min": 0.0,
          "max": 10.0
        }
      },
      "METAL_TRADERWAGONS_SPAWN_CHANCE": {
        "name": "Metal Traderwagons",
        "comment": "Defines the spawnchance of a specific trader structure type.",
        "default": 0.20,
        "weight": 3.0,
        "logarithmic": true,
        "range": {
          "min": 0.0,
          "max": 10.0
        }
      },
      "TRACTORS_SPAWN_CHANCE": {
        "name": "Tractors",
        "comment": "Defines the spawnchance of a specific trader structure type.",
        "default": 0.01,
        "weight": 3.2,
        "logarithmic": true,
        "range": {
          "min": 0.0,
          "max": 10.0
        }
      },
      "COLDCLIMATE_TRADERS_SPAWN_CHANCE": {
        "name": "Coldclimate Traders",
        "comment": "Defines the spawnchance of a specific trader structure type.",
        "default": 0.10,
        "weight": 4.0,
        "logarithmic": true,
        "range": {
          "min": 0.0,
          "max": 10.0
        }
      },
      "TRADER_VILLAGES_SPAWN_CHANCE": {
        "name": "Trader Villages Spawn Chance",
        "comment": "Defines the spawnchance of a specific trader structure type.",
        "default": 0.1,
        "weight": 50.0,
        "logarithmic": true,
        "range": {
          "min": 0.0,
          "max": 10.0
        }
      },
      "BRICKLAYERS_SPAWN_CHANCE": {
        "name": "Bricklayers Traders",
        "comment": "Defines the spawnchance of bricklayers specific traders if that mod is loaded alongside bettertraders.",
        "default": 0.030,
        "weight": 11.0,
        "logarithmic": true,
        "range": {
          "min": 0.0,
          "max": 10.0
        }
      },
      "EXPANDEDFOODS_SPAWN_CHANCE": {
        "name": "Expandedfoods Traders",
        "comment": "Defines the spawnchance of expandedfoods specific traders if that mod is loaded alongside bettertraders.",
        "default": 0.004,
        "weight": 12.0,
        "logarithmic": true,
        "range": {
          "min": 0.0,
          "max": 10.0
        }
      },
      "BOOKTRADER_SPAWN_CHANCE": {
        "name": "Booktrader Traders",
        "comment": "Defines the spawnchance of booktrader specific traders if that mod is loaded alongside bettertraders.",
        "default": 0.2,
        "weight": 13.0,
        "logarithmic": true,
        "range": {
          "min": 0.0,
          "max": 10.0
        }
      }
    },
    "integer": {
      "MINDISTANCE": {
        "name": "Minimal distance between traders",
        "comment": "Defines the distance between traders and is messured in blocks.",
        "default": 600,
        "weight": 0.5,
        "logarithmic": true,
        "range": {
          "min": 0,
          "max": 40000
        }
      }
    },
    "boolean": {
      "CLAIMED": {
        "name": "Claimed Trader Structures",
        "comment": "If set to false, then future trader structures will not be claimed. Already generated structures will not be affected.",
        "default": true,
        "weight": 0.22
      }
    }
  },
  "formatting": [
    {
      "type": "separator",
      "title": "Trader spawn chances",
      "weight": 0.8
    },
    {
      "type": "separator",
      "title": "Compatible mods",
      "weight": 10.0
    },
    {
      "type": "separator",
      "title": "Claiming",
      "weight": 0.21
    },
    {
      "type": "separator",
      "title": "Mindistance between traders",
      "text": "!!! WARNING !!!\nIf you are using other mods that add traders be sure to have the mindistance set to the same value otherwise it will mess up and not result in correct spawnchances.\nIf you are just running bettertraders and the supported mods this is no problem.",

      "weight": 0.3
    },
    {
      "type": "separator",
      "title": "Trader village formations",
      "weight": 49.8
    }
  ]
}