{
	"editor": {
		"allAngles": false,
		"entityTextureMode": false
	},
	"textureWidth": 16,
	"textureHeight": 16,
	"textureSizes": {
	},
	"textures": {
	},
	"elements": [
		{
			"name": "Cube1",
			"from": [ 7.0, 0.0, 2.0 ],
			"to": [ 12.0, 1.0, 7.0 ],
			"rotationOrigin": [ 7.0, 0.0, 2.0 ],
			"rotationY": -22.5,
			"faces": {
				"north": { "texture": "#ash", "uv": [ 3.0, 13.5, 8.0, 14.5 ] },
				"east": { "texture": "#ash", "uv": [ 8.0, 3.0, 13.0, 4.0 ] },
				"south": { "texture": "#ash", "uv": [ 10.5, 14.0, 15.5, 15.0 ] },
				"west": { "texture": "#ash", "uv": [ 4.5, 0.0, 9.5, 1.0 ] },
				"up": { "texture": "#ash", "uv": [ 7.0, 8.0, 12.0, 13.0 ] },
				"down": { "texture": "#ash", "uv": [ 2.5, 1.0, 7.5, 6.0 ] }
			},
			"children": [
				{
					"name": "Cube4",
					"from": [ 2.0, 0.0, 5.0 ],
					"to": [ 6.0, 1.0, 8.0 ],
					"rotationOrigin": [ 2.0, 0.0, 5.0 ],
					"rotationY": -22.5,
					"faces": {
						"north": { "texture": "#ash", "uv": [ 2.0, 7.5, 6.0, 8.5 ] },
						"east": { "texture": "#ash", "uv": [ 9.0, 4.5, 12.0, 5.5 ] },
						"south": { "texture": "#ash", "uv": [ 5.0, 7.0, 9.0, 8.0 ] },
						"west": { "texture": "#ash", "uv": [ 6.0, 6.0, 9.0, 7.0 ] },
						"up": { "texture": "#ash", "uv": [ 8.5, 11.5, 12.5, 14.5 ] },
						"down": { "texture": "#ash", "uv": [ 2.5, 6.0, 6.5, 9.0 ] }
					}
				},
				{
					"name": "Cube5",
					"from": [ 7.0, 0.0, 3.0 ],
					"to": [ 9.0, 1.0, 5.0 ],
					"rotationOrigin": [ 7.0, 0.0, 3.0 ],
					"rotationY": -45.0,
					"faces": {
						"north": { "texture": "#ash", "uv": [ 10.0, 10.5, 12.0, 11.5 ] },
						"east": { "texture": "#ash", "uv": [ 9.5, 9.5, 11.5, 10.5 ] },
						"south": { "texture": "#ash", "uv": [ 10.5, 5.0, 12.5, 6.0 ] },
						"west": { "texture": "#ash", "uv": [ 5.5, 5.5, 7.5, 6.5 ] },
						"up": { "texture": "#ash", "uv": [ 2.5, 9.5, 4.5, 11.5 ] },
						"down": { "texture": "#ash", "uv": [ 4.0, 3.0, 6.0, 5.0 ] }
					}
				}
			]
		},
		{
			"name": "Cube2",
			"from": [ 8.2, 1.0, -1.3 ],
			"to": [ 11.2, 2.0, 2.7 ],
			"rotationOrigin": [ 14.2, 1.0, 4.7 ],
			"rotationY": 45.0,
			"faces": {
				"north": { "texture": "#ash", "uv": [ 6.0, 13.0, 9.0, 14.0 ] },
				"east": { "texture": "#ash", "uv": [ 3.0, 9.5, 7.0, 10.5 ] },
				"south": { "texture": "#ash", "uv": [ 8.0, 6.0, 11.0, 7.0 ] },
				"west": { "texture": "#ash", "uv": [ 8.0, 3.0, 12.0, 4.0 ] },
				"up": { "texture": "#ash", "uv": [ 6.0, 1.5, 9.0, 5.5 ] },
				"down": { "texture": "#ash", "uv": [ 11.5, 2.5, 14.5, 6.5 ] }
			},
			"children": [
				{
					"name": "Cube6",
					"from": [ -3.0, -1.0, -1.0 ],
					"to": [ -2.0, 0.0, 0.0 ],
					"rotationOrigin": [ -3.0, -1.0, -1.0 ],
					"rotationY": -22.5,
					"faces": {
						"north": { "texture": "#ash", "uv": [ 14.5, 5.5, 15.5, 6.5 ] },
						"east": { "texture": "#ash", "uv": [ 10.5, 8.0, 11.5, 9.0 ] },
						"south": { "texture": "#ash", "uv": [ 12.5, 11.0, 13.5, 12.0 ] },
						"west": { "texture": "#ash", "uv": [ 1.0, 13.0, 2.0, 14.0 ] },
						"up": { "texture": "#ash", "uv": [ 2.5, 3.0, 3.5, 4.0 ] },
						"down": { "texture": "#ash", "uv": [ 2.5, 6.0, 3.5, 7.0 ] }
					}
				},
				{
					"name": "Cube7",
					"from": [ -8.0, -1.0, 2.0 ],
					"to": [ -5.0, 0.0, 4.0 ],
					"rotationOrigin": [ -8.0, -1.0, 2.0 ],
					"rotationY": 15.0,
					"faces": {
						"north": { "texture": "#ash", "uv": [ 12.5, 6.5, 15.5, 7.5 ] },
						"east": { "texture": "#ash", "uv": [ 12.0, 6.0, 14.0, 7.0 ] },
						"south": { "texture": "#ash", "uv": [ 1.5, 9.5, 4.5, 10.5 ] },
						"west": { "texture": "#ash", "uv": [ 1.5, 8.5, 3.5, 9.5 ] },
						"up": { "texture": "#ash", "uv": [ 12.5, 11.0, 15.5, 13.0 ] },
						"down": { "texture": "#ash", "uv": [ 12.0, 8.0, 15.0, 10.0 ] }
					}
				}
			]
		},
		{
			"name": "Cube3",
			"from": [ 7.0, 2.0, 4.0 ],
			"to": [ 9.0, 3.0, 6.0 ],
			"rotationOrigin": [ 7.0, 2.0, 4.0 ],
			"rotationY": -4.5,
			"faces": {
				"north": { "texture": "#ash", "uv": [ 9.5, 12.0, 11.5, 13.0 ] },
				"east": { "texture": "#ash", "uv": [ 7.5, 3.5, 9.5, 4.5 ] },
				"south": { "texture": "#ash", "uv": [ 11.5, 3.0, 13.5, 4.0 ] },
				"west": { "texture": "#ash", "uv": [ 2.5, 0.0, 4.5, 1.0 ] },
				"up": { "texture": "#ash", "uv": [ 13.0, 10.5, 15.0, 12.5 ] },
				"down": { "texture": "#ash", "uv": [ 6.0, 6.5, 8.0, 8.5 ] }
			},
			"children": [
				{
					"name": "Cube8",
					"from": [ -1.0, -1.0, 5.0 ],
					"to": [ 0.0, 0.0, 6.0 ],
					"rotationOrigin": [ -1.0, -1.0, 5.0 ],
					"rotationY": -22.5,
					"faces": {
						"north": { "texture": "#ash", "uv": [ 2.5, 13.5, 3.5, 14.5 ] },
						"east": { "texture": "#ash", "uv": [ 1.0, 5.5, 2.0, 6.5 ] },
						"south": { "texture": "#ash", "uv": [ 3.5, 12.0, 4.5, 13.0 ] },
						"west": { "texture": "#ash", "uv": [ 4.0, 0.0, 5.0, 1.0 ] },
						"up": { "texture": "#ash", "uv": [ 2.5, 7.0, 3.5, 8.0 ] },
						"down": { "texture": "#ash", "uv": [ 2.0, 0.0, 3.0, 1.0 ] }
					}
				},
				{
					"name": "Cube9",
					"from": [ 0.0, -1.0, 6.0 ],
					"to": [ 2.0, 0.0, 7.0 ],
					"rotationOrigin": [ 0.0, -1.0, 6.0 ],
					"rotationY": 8.0,
					"faces": {
						"north": { "texture": "#ash", "uv": [ 7.5, 12.0, 9.5, 13.0 ] },
						"east": { "texture": "#ash", "uv": [ 2.5, 7.0, 3.5, 8.0 ] },
						"south": { "texture": "#ash", "uv": [ 11.0, 8.0, 13.0, 9.0 ] },
						"west": { "texture": "#ash", "uv": [ 12.0, 8.0, 13.0, 9.0 ] },
						"up": { "texture": "#ash", "uv": [ 0.5, 4.5, 2.5, 5.5 ] },
						"down": { "texture": "#ash", "uv": [ 3.5, 9.0, 5.5, 10.0 ] }
					}
				}
			]
		}
	]}