{
  "code": "ingot",
  "class": "ItemIngot",
  //"class": "ItemEldrathiumIngotRM",
  "enabled": false,

  "storageFlags": 131073,

  "variantgroups": [
    {
      "code": "metal",
      "states": [ "eldrathium" ]
    }
  ],

  "creativeinventory": {
    "general": [ "*" ],
    "items": [ "*" ],
    "rustboundmagic": [ "*" ]
  },

  "behaviors": [
    {
      "name": "GroundStorable",
      "properties": {
        "layout": "Stacking",
        "placeRemoveSound": "game:sounds/block/ingot",
        "stackingModelByType": {
          "*-gold": "game:block/metal/ingotpileshiny",
          "*": "game:block/metal/ingotpile"
        },
        "stackingTextures": {
          "metal": "blocks/resources/eldrathium/eldrathium"
        },
        "modelItemsToStackSizeRatio": 1,
        "stackingCapacity": 64,
        "transferQuantity": 1,
        "bulkTransferQuantity": 4,
        "collisionBox": {
          "x1": 0,
          "y1": 0,
          "z1": 0,
          "x2": 1,
          "y2": 0.125,
          "z2": 1
        },
        "cbScaleYByLayer": 0.125
      }
    }
  ],

  "maxstacksize": 16,
  "materialDensity": 8960,
  //"storageFlags": 32769,

  "shapeByType": {
    "*": {
      "base": "items/ingot"
    }
  },
  "texturesByType": {
    "*": {
      "default": { "base": "default" },
      "metal": { "base": "blocks/resources/eldrathium/eldrathium" }
    }
  },

  "attributesByType": {
    "*": {
      //"forgable": true,
      "reinforcementStrengthByType": {
        "*-eldrathium": 150
      },
      "workableTemperatureByType": {
        "*-eldrathium": 600
      },
      "requiresAnvilTierByType": {
        "*-eldrathium": 1
      },

      "displaycaseable": true,
      "onDisplayTransform": {
        "translation": {
          "x": 0,
          "y": -0.125,
          "z": -0.04
        },
        "scale": 0.75
      },
      "shelvable": true,
      "onshelfTransform": {
        "translation": {
          "x": 0,
          "y": -0.125,
          "z": -0.04
        },
        "scale": 0.75
      }
    }
  },


  "combustiblePropsByType": {
    "ingot-eldrathium": {
      "meltingPoint": 1084,
      "meltingDuration": 30,
      "smeltedRatio": 1,
      "smeltedStack": {
        "type": "item",
        "code": "ingot-eldrathium"
      }
    }
  },



  "guiTransform": {
    "translation": {
      "x": 2,
      "y": 0,
      "z": 0
    },
    "rotation": {
      "x": 149,
      "y": -36,
      "z": 0
    },
    "origin": {
      "x": 0.5,
      "y": 0.1,
      "z": 0.5
    },
    "scale": 3.5
  },
  "fpHandTransform": {
    "translation": {
      "x": 0,
      "y": 0.1,
      "z": 0
    },
    "rotation": {
      "x": 65,
      "y": 21,
      "z": -6
    },
    "origin": {
      "x": 0.5,
      "y": 0.1,
      "z": 0.5
    },
    "scale": 2.15
  },
  "tpHandTransform": {
    "translation": {
      "x": -0.77,
      "y": -0.15,
      "z": -0.64
    },
    "rotation": {
      "x": 0,
      "y": -71,
      "z": 18
    },
    "origin": {
      "x": 0.5,
      "y": 0.1,
      "z": 0.5
    },
    "scale": 0.75
  },
  "groundTransform": {
    "translation": {
      "x": 0,
      "y": 0,
      "z": 0
    },
    "rotation": {
      "x": 0,
      "y": 0,
      "z": 0
    },
    "origin": {
      "x": 0.5,
      "y": 0,
      "z": 0.5
    },
    "scale": 4.8
  }
}
