﻿{
  "code": "belt",
  "class": "Item",
  "tags": ["bags-belt"],
  "variantgroups": [{ "code": "category", "states": ["waist"] }, { "code": "subtype", "states": ["plain"] }, { "code": "type", "states": ["general"] }],
  "shape": { "base": "sheaths/belts/default" },
  "texturesByType": { "*": { "seraph": { "base": "game:block/transparent" } } },
  "storageFlags": 128,
  "behaviors": [
    {
      "name": "QuiversAndSheaths:ShapeTexturesFromAttributes",
      "properties": {
        "shape": { "belt-*": { "base": "quiversandsheaths:sheaths/belts/{belt}" }, "*": { "base": "quiversandsheaths:sheaths/belts/default" } },
        "textures": { "metal-*::leather-*": { "belt-waist-plain-material": { "base": "game:block/leather/{leather}" }, "belt-waist-plain-metal": { "base": "game:block/metal/plate/{metal}" } } }
      }
    },
    {
      "name": "CombatOverhaul:AdditionalSlots",
      "properties": {
        "enabledSlots": ["addBeltLeft", "addBeltRight", "addBeltBack", "addBeltFront"],
        "icons": { "addBeltLeft": "quiversandsheaths:bag", "addBeltRight": "quiversandsheaths:bag", "addBeltBack": "quiversandsheaths:bag", "addBeltFront": "quiversandsheaths:bag" }
      }
    },
    { "name": "CombatOverhaul:GoesIntoSlotsInfo" }
  ],
  "attributes": { "wearableAttachment": true, "clothescategory": "waistgear", "warmthByType": { "*": 0 }, "handbook": { "groupBy": ["belt-{category}-{subtype}-{type}"] } },
  "creativeinventory": { "general": ["*"], "quiversandsheaths": ["*"] },
  "creativeinventoryStacks": [
    {
      "tabs": ["general", "quiversandsheaths-colors"],
      "stacks": [
        { "type": "item", "code": "belt-{category}-{subtype}-{type}" },
        { "type": "item", "code": "belt-{category}-{subtype}-{type}", "attributes": { "types": { "belt": "thick", "leather": "plain", "metal": "brass" } } },
        { "type": "item", "code": "belt-{category}-{subtype}-{type}", "attributes": { "types": { "belt": "thick", "leather": "orange", "metal": "brass" } } },
        { "type": "item", "code": "belt-{category}-{subtype}-{type}", "attributes": { "types": { "belt": "thick", "leather": "black", "metal": "brass" } } },
        { "type": "item", "code": "belt-{category}-{subtype}-{type}", "attributes": { "types": { "belt": "thick", "leather": "red", "metal": "brass" } } },
        { "type": "item", "code": "belt-{category}-{subtype}-{type}", "attributes": { "types": { "belt": "thick", "leather": "blue", "metal": "brass" } } },
        { "type": "item", "code": "belt-{category}-{subtype}-{type}", "attributes": { "types": { "belt": "thick", "leather": "purple", "metal": "brass" } } },
        { "type": "item", "code": "belt-{category}-{subtype}-{type}", "attributes": { "types": { "belt": "thick", "leather": "pink", "metal": "brass" } } },
        { "type": "item", "code": "belt-{category}-{subtype}-{type}", "attributes": { "types": { "belt": "thick", "leather": "white", "metal": "brass" } } },
        { "type": "item", "code": "belt-{category}-{subtype}-{type}", "attributes": { "types": { "belt": "thick", "leather": "yellow", "metal": "brass" } } },
        { "type": "item", "code": "belt-{category}-{subtype}-{type}", "attributes": { "types": { "belt": "thick", "leather": "gray", "metal": "brass" } } },
        { "type": "item", "code": "belt-{category}-{subtype}-{type}", "attributes": { "types": { "belt": "thick", "leather": "green", "metal": "brass" } } },
        { "type": "item", "code": "belt-{category}-{subtype}-{type}", "attributes": { "types": { "belt": "thick", "leather": "plain", "metal": "copper" } } },
        { "type": "item", "code": "belt-{category}-{subtype}-{type}", "attributes": { "types": { "belt": "thick", "leather": "orange", "metal": "copper" } } },
        { "type": "item", "code": "belt-{category}-{subtype}-{type}", "attributes": { "types": { "belt": "thick", "leather": "black", "metal": "copper" } } },
        { "type": "item", "code": "belt-{category}-{subtype}-{type}", "attributes": { "types": { "belt": "thick", "leather": "red", "metal": "copper" } } },
        { "type": "item", "code": "belt-{category}-{subtype}-{type}", "attributes": { "types": { "belt": "thick", "leather": "blue", "metal": "copper" } } },
        { "type": "item", "code": "belt-{category}-{subtype}-{type}", "attributes": { "types": { "belt": "thick", "leather": "purple", "metal": "copper" } } },
        { "type": "item", "code": "belt-{category}-{subtype}-{type}", "attributes": { "types": { "belt": "thick", "leather": "pink", "metal": "copper" } } },
        { "type": "item", "code": "belt-{category}-{subtype}-{type}", "attributes": { "types": { "belt": "thick", "leather": "white", "metal": "copper" } } },
        { "type": "item", "code": "belt-{category}-{subtype}-{type}", "attributes": { "types": { "belt": "thick", "leather": "yellow", "metal": "copper" } } },
        { "type": "item", "code": "belt-{category}-{subtype}-{type}", "attributes": { "types": { "belt": "thick", "leather": "gray", "metal": "copper" } } },
        { "type": "item", "code": "belt-{category}-{subtype}-{type}", "attributes": { "types": { "belt": "thick", "leather": "green", "metal": "copper" } } },
        { "type": "item", "code": "belt-{category}-{subtype}-{type}", "attributes": { "types": { "belt": "thick", "leather": "plain", "metal": "tinbronze" } } },
        { "type": "item", "code": "belt-{category}-{subtype}-{type}", "attributes": { "types": { "belt": "thick", "leather": "orange", "metal": "tinbronze" } } },
        { "type": "item", "code": "belt-{category}-{subtype}-{type}", "attributes": { "types": { "belt": "thick", "leather": "black", "metal": "tinbronze" } } },
        { "type": "item", "code": "belt-{category}-{subtype}-{type}", "attributes": { "types": { "belt": "thick", "leather": "red", "metal": "tinbronze" } } },
        { "type": "item", "code": "belt-{category}-{subtype}-{type}", "attributes": { "types": { "belt": "thick", "leather": "blue", "metal": "tinbronze" } } },
        { "type": "item", "code": "belt-{category}-{subtype}-{type}", "attributes": { "types": { "belt": "thick", "leather": "purple", "metal": "tinbronze" } } },
        { "type": "item", "code": "belt-{category}-{subtype}-{type}", "attributes": { "types": { "belt": "thick", "leather": "pink", "metal": "tinbronze" } } },
        { "type": "item", "code": "belt-{category}-{subtype}-{type}", "attributes": { "types": { "belt": "thick", "leather": "white", "metal": "tinbronze" } } },
        { "type": "item", "code": "belt-{category}-{subtype}-{type}", "attributes": { "types": { "belt": "thick", "leather": "yellow", "metal": "tinbronze" } } },
        { "type": "item", "code": "belt-{category}-{subtype}-{type}", "attributes": { "types": { "belt": "thick", "leather": "gray", "metal": "tinbronze" } } },
        { "type": "item", "code": "belt-{category}-{subtype}-{type}", "attributes": { "types": { "belt": "thick", "leather": "green", "metal": "tinbronze" } } },
        { "type": "item", "code": "belt-{category}-{subtype}-{type}", "attributes": { "types": { "belt": "thick", "leather": "plain", "metal": "bismuthbronze" } } },
        { "type": "item", "code": "belt-{category}-{subtype}-{type}", "attributes": { "types": { "belt": "thick", "leather": "orange", "metal": "bismuthbronze" } } },
        { "type": "item", "code": "belt-{category}-{subtype}-{type}", "attributes": { "types": { "belt": "thick", "leather": "black", "metal": "bismuthbronze" } } },
        { "type": "item", "code": "belt-{category}-{subtype}-{type}", "attributes": { "types": { "belt": "thick", "leather": "red", "metal": "bismuthbronze" } } },
        { "type": "item", "code": "belt-{category}-{subtype}-{type}", "attributes": { "types": { "belt": "thick", "leather": "blue", "metal": "bismuthbronze" } } },
        { "type": "item", "code": "belt-{category}-{subtype}-{type}", "attributes": { "types": { "belt": "thick", "leather": "purple", "metal": "bismuthbronze" } } },
        { "type": "item", "code": "belt-{category}-{subtype}-{type}", "attributes": { "types": { "belt": "thick", "leather": "pink", "metal": "bismuthbronze" } } },
        { "type": "item", "code": "belt-{category}-{subtype}-{type}", "attributes": { "types": { "belt": "thick", "leather": "white", "metal": "bismuthbronze" } } },
        { "type": "item", "code": "belt-{category}-{subtype}-{type}", "attributes": { "types": { "belt": "thick", "leather": "yellow", "metal": "bismuthbronze" } } },
        { "type": "item", "code": "belt-{category}-{subtype}-{type}", "attributes": { "types": { "belt": "thick", "leather": "gray", "metal": "bismuthbronze" } } },
        { "type": "item", "code": "belt-{category}-{subtype}-{type}", "attributes": { "types": { "belt": "thick", "leather": "green", "metal": "bismuthbronze" } } },
        { "type": "item", "code": "belt-{category}-{subtype}-{type}", "attributes": { "types": { "belt": "thick", "leather": "plain", "metal": "blackbronze" } } },
        { "type": "item", "code": "belt-{category}-{subtype}-{type}", "attributes": { "types": { "belt": "thick", "leather": "orange", "metal": "blackbronze" } } },
        { "type": "item", "code": "belt-{category}-{subtype}-{type}", "attributes": { "types": { "belt": "thick", "leather": "black", "metal": "blackbronze" } } },
        { "type": "item", "code": "belt-{category}-{subtype}-{type}", "attributes": { "types": { "belt": "thick", "leather": "red", "metal": "blackbronze" } } },
        { "type": "item", "code": "belt-{category}-{subtype}-{type}", "attributes": { "types": { "belt": "thick", "leather": "blue", "metal": "blackbronze" } } },
        { "type": "item", "code": "belt-{category}-{subtype}-{type}", "attributes": { "types": { "belt": "thick", "leather": "purple", "metal": "blackbronze" } } },
        { "type": "item", "code": "belt-{category}-{subtype}-{type}", "attributes": { "types": { "belt": "thick", "leather": "pink", "metal": "blackbronze" } } },
        { "type": "item", "code": "belt-{category}-{subtype}-{type}", "attributes": { "types": { "belt": "thick", "leather": "white", "metal": "blackbronze" } } },
        { "type": "item", "code": "belt-{category}-{subtype}-{type}", "attributes": { "types": { "belt": "thick", "leather": "yellow", "metal": "blackbronze" } } },
        { "type": "item", "code": "belt-{category}-{subtype}-{type}", "attributes": { "types": { "belt": "thick", "leather": "gray", "metal": "blackbronze" } } },
        { "type": "item", "code": "belt-{category}-{subtype}-{type}", "attributes": { "types": { "belt": "thick", "leather": "green", "metal": "blackbronze" } } },
        { "type": "item", "code": "belt-{category}-{subtype}-{type}", "attributes": { "types": { "belt": "thick", "leather": "plain", "metal": "gold" } } },
        { "type": "item", "code": "belt-{category}-{subtype}-{type}", "attributes": { "types": { "belt": "thick", "leather": "orange", "metal": "gold" } } },
        { "type": "item", "code": "belt-{category}-{subtype}-{type}", "attributes": { "types": { "belt": "thick", "leather": "black", "metal": "gold" } } },
        { "type": "item", "code": "belt-{category}-{subtype}-{type}", "attributes": { "types": { "belt": "thick", "leather": "red", "metal": "gold" } } },
        { "type": "item", "code": "belt-{category}-{subtype}-{type}", "attributes": { "types": { "belt": "thick", "leather": "blue", "metal": "gold" } } },
        { "type": "item", "code": "belt-{category}-{subtype}-{type}", "attributes": { "types": { "belt": "thick", "leather": "purple", "metal": "gold" } } },
        { "type": "item", "code": "belt-{category}-{subtype}-{type}", "attributes": { "types": { "belt": "thick", "leather": "pink", "metal": "gold" } } },
        { "type": "item", "code": "belt-{category}-{subtype}-{type}", "attributes": { "types": { "belt": "thick", "leather": "white", "metal": "gold" } } },
        { "type": "item", "code": "belt-{category}-{subtype}-{type}", "attributes": { "types": { "belt": "thick", "leather": "yellow", "metal": "gold" } } },
        { "type": "item", "code": "belt-{category}-{subtype}-{type}", "attributes": { "types": { "belt": "thick", "leather": "gray", "metal": "gold" } } },
        { "type": "item", "code": "belt-{category}-{subtype}-{type}", "attributes": { "types": { "belt": "thick", "leather": "green", "metal": "gold" } } },
        { "type": "item", "code": "belt-{category}-{subtype}-{type}", "attributes": { "types": { "belt": "thick", "leather": "plain", "metal": "silver" } } },
        { "type": "item", "code": "belt-{category}-{subtype}-{type}", "attributes": { "types": { "belt": "thick", "leather": "orange", "metal": "silver" } } },
        { "type": "item", "code": "belt-{category}-{subtype}-{type}", "attributes": { "types": { "belt": "thick", "leather": "black", "metal": "silver" } } },
        { "type": "item", "code": "belt-{category}-{subtype}-{type}", "attributes": { "types": { "belt": "thick", "leather": "red", "metal": "silver" } } },
        { "type": "item", "code": "belt-{category}-{subtype}-{type}", "attributes": { "types": { "belt": "thick", "leather": "blue", "metal": "silver" } } },
        { "type": "item", "code": "belt-{category}-{subtype}-{type}", "attributes": { "types": { "belt": "thick", "leather": "purple", "metal": "silver" } } },
        { "type": "item", "code": "belt-{category}-{subtype}-{type}", "attributes": { "types": { "belt": "thick", "leather": "pink", "metal": "silver" } } },
        { "type": "item", "code": "belt-{category}-{subtype}-{type}", "attributes": { "types": { "belt": "thick", "leather": "white", "metal": "silver" } } },
        { "type": "item", "code": "belt-{category}-{subtype}-{type}", "attributes": { "types": { "belt": "thick", "leather": "yellow", "metal": "silver" } } },
        { "type": "item", "code": "belt-{category}-{subtype}-{type}", "attributes": { "types": { "belt": "thick", "leather": "gray", "metal": "silver" } } },
        { "type": "item", "code": "belt-{category}-{subtype}-{type}", "attributes": { "types": { "belt": "thick", "leather": "green", "metal": "silver" } } },
        { "type": "item", "code": "belt-{category}-{subtype}-{type}", "attributes": { "types": { "belt": "thick", "leather": "plain", "metal": "iron" } } },
        { "type": "item", "code": "belt-{category}-{subtype}-{type}", "attributes": { "types": { "belt": "thick", "leather": "orange", "metal": "iron" } } },
        { "type": "item", "code": "belt-{category}-{subtype}-{type}", "attributes": { "types": { "belt": "thick", "leather": "black", "metal": "iron" } } },
        { "type": "item", "code": "belt-{category}-{subtype}-{type}", "attributes": { "types": { "belt": "thick", "leather": "red", "metal": "iron" } } },
        { "type": "item", "code": "belt-{category}-{subtype}-{type}", "attributes": { "types": { "belt": "thick", "leather": "blue", "metal": "iron" } } },
        { "type": "item", "code": "belt-{category}-{subtype}-{type}", "attributes": { "types": { "belt": "thick", "leather": "purple", "metal": "iron" } } },
        { "type": "item", "code": "belt-{category}-{subtype}-{type}", "attributes": { "types": { "belt": "thick", "leather": "pink", "metal": "iron" } } },
        { "type": "item", "code": "belt-{category}-{subtype}-{type}", "attributes": { "types": { "belt": "thick", "leather": "white", "metal": "iron" } } },
        { "type": "item", "code": "belt-{category}-{subtype}-{type}", "attributes": { "types": { "belt": "thick", "leather": "yellow", "metal": "iron" } } },
        { "type": "item", "code": "belt-{category}-{subtype}-{type}", "attributes": { "types": { "belt": "thick", "leather": "gray", "metal": "iron" } } },
        { "type": "item", "code": "belt-{category}-{subtype}-{type}", "attributes": { "types": { "belt": "thick", "leather": "green", "metal": "iron" } } },
        { "type": "item", "code": "belt-{category}-{subtype}-{type}", "attributes": { "types": { "belt": "thick", "leather": "plain", "metal": "meteoriciron" } } },
        { "type": "item", "code": "belt-{category}-{subtype}-{type}", "attributes": { "types": { "belt": "thick", "leather": "orange", "metal": "meteoriciron" } } },
        { "type": "item", "code": "belt-{category}-{subtype}-{type}", "attributes": { "types": { "belt": "thick", "leather": "black", "metal": "meteoriciron" } } },
        { "type": "item", "code": "belt-{category}-{subtype}-{type}", "attributes": { "types": { "belt": "thick", "leather": "red", "metal": "meteoriciron" } } },
        { "type": "item", "code": "belt-{category}-{subtype}-{type}", "attributes": { "types": { "belt": "thick", "leather": "blue", "metal": "meteoriciron" } } },
        { "type": "item", "code": "belt-{category}-{subtype}-{type}", "attributes": { "types": { "belt": "thick", "leather": "purple", "metal": "meteoriciron" } } },
        { "type": "item", "code": "belt-{category}-{subtype}-{type}", "attributes": { "types": { "belt": "thick", "leather": "pink", "metal": "meteoriciron" } } },
        { "type": "item", "code": "belt-{category}-{subtype}-{type}", "attributes": { "types": { "belt": "thick", "leather": "white", "metal": "meteoriciron" } } },
        { "type": "item", "code": "belt-{category}-{subtype}-{type}", "attributes": { "types": { "belt": "thick", "leather": "yellow", "metal": "meteoriciron" } } },
        { "type": "item", "code": "belt-{category}-{subtype}-{type}", "attributes": { "types": { "belt": "thick", "leather": "gray", "metal": "meteoriciron" } } },
        { "type": "item", "code": "belt-{category}-{subtype}-{type}", "attributes": { "types": { "belt": "thick", "leather": "green", "metal": "meteoriciron" } } },
        { "type": "item", "code": "belt-{category}-{subtype}-{type}", "attributes": { "types": { "belt": "thick", "leather": "plain", "metal": "steel" } } },
        { "type": "item", "code": "belt-{category}-{subtype}-{type}", "attributes": { "types": { "belt": "thick", "leather": "orange", "metal": "steel" } } },
        { "type": "item", "code": "belt-{category}-{subtype}-{type}", "attributes": { "types": { "belt": "thick", "leather": "black", "metal": "steel" } } },
        { "type": "item", "code": "belt-{category}-{subtype}-{type}", "attributes": { "types": { "belt": "thick", "leather": "red", "metal": "steel" } } },
        { "type": "item", "code": "belt-{category}-{subtype}-{type}", "attributes": { "types": { "belt": "thick", "leather": "blue", "metal": "steel" } } },
        { "type": "item", "code": "belt-{category}-{subtype}-{type}", "attributes": { "types": { "belt": "thick", "leather": "purple", "metal": "steel" } } },
        { "type": "item", "code": "belt-{category}-{subtype}-{type}", "attributes": { "types": { "belt": "thick", "leather": "pink", "metal": "steel" } } },
        { "type": "item", "code": "belt-{category}-{subtype}-{type}", "attributes": { "types": { "belt": "thick", "leather": "white", "metal": "steel" } } },
        { "type": "item", "code": "belt-{category}-{subtype}-{type}", "attributes": { "types": { "belt": "thick", "leather": "yellow", "metal": "steel" } } },
        { "type": "item", "code": "belt-{category}-{subtype}-{type}", "attributes": { "types": { "belt": "thick", "leather": "gray", "metal": "steel" } } },
        { "type": "item", "code": "belt-{category}-{subtype}-{type}", "attributes": { "types": { "belt": "thick", "leather": "green", "metal": "steel" } } },
        { "type": "item", "code": "belt-{category}-{subtype}-{type}", "attributes": { "types": { "belt": "thin", "leather": "plain", "metal": "brass" } } },
        { "type": "item", "code": "belt-{category}-{subtype}-{type}", "attributes": { "types": { "belt": "thin", "leather": "orange", "metal": "brass" } } },
        { "type": "item", "code": "belt-{category}-{subtype}-{type}", "attributes": { "types": { "belt": "thin", "leather": "black", "metal": "brass" } } },
        { "type": "item", "code": "belt-{category}-{subtype}-{type}", "attributes": { "types": { "belt": "thin", "leather": "red", "metal": "brass" } } },
        { "type": "item", "code": "belt-{category}-{subtype}-{type}", "attributes": { "types": { "belt": "thin", "leather": "blue", "metal": "brass" } } },
        { "type": "item", "code": "belt-{category}-{subtype}-{type}", "attributes": { "types": { "belt": "thin", "leather": "purple", "metal": "brass" } } },
        { "type": "item", "code": "belt-{category}-{subtype}-{type}", "attributes": { "types": { "belt": "thin", "leather": "pink", "metal": "brass" } } },
        { "type": "item", "code": "belt-{category}-{subtype}-{type}", "attributes": { "types": { "belt": "thin", "leather": "white", "metal": "brass" } } },
        { "type": "item", "code": "belt-{category}-{subtype}-{type}", "attributes": { "types": { "belt": "thin", "leather": "yellow", "metal": "brass" } } },
        { "type": "item", "code": "belt-{category}-{subtype}-{type}", "attributes": { "types": { "belt": "thin", "leather": "gray", "metal": "brass" } } },
        { "type": "item", "code": "belt-{category}-{subtype}-{type}", "attributes": { "types": { "belt": "thin", "leather": "green", "metal": "brass" } } },
        { "type": "item", "code": "belt-{category}-{subtype}-{type}", "attributes": { "types": { "belt": "thin", "leather": "plain", "metal": "copper" } } },
        { "type": "item", "code": "belt-{category}-{subtype}-{type}", "attributes": { "types": { "belt": "thin", "leather": "orange", "metal": "copper" } } },
        { "type": "item", "code": "belt-{category}-{subtype}-{type}", "attributes": { "types": { "belt": "thin", "leather": "black", "metal": "copper" } } },
        { "type": "item", "code": "belt-{category}-{subtype}-{type}", "attributes": { "types": { "belt": "thin", "leather": "red", "metal": "copper" } } },
        { "type": "item", "code": "belt-{category}-{subtype}-{type}", "attributes": { "types": { "belt": "thin", "leather": "blue", "metal": "copper" } } },
        { "type": "item", "code": "belt-{category}-{subtype}-{type}", "attributes": { "types": { "belt": "thin", "leather": "purple", "metal": "copper" } } },
        { "type": "item", "code": "belt-{category}-{subtype}-{type}", "attributes": { "types": { "belt": "thin", "leather": "pink", "metal": "copper" } } },
        { "type": "item", "code": "belt-{category}-{subtype}-{type}", "attributes": { "types": { "belt": "thin", "leather": "white", "metal": "copper" } } },
        { "type": "item", "code": "belt-{category}-{subtype}-{type}", "attributes": { "types": { "belt": "thin", "leather": "yellow", "metal": "copper" } } },
        { "type": "item", "code": "belt-{category}-{subtype}-{type}", "attributes": { "types": { "belt": "thin", "leather": "gray", "metal": "copper" } } },
        { "type": "item", "code": "belt-{category}-{subtype}-{type}", "attributes": { "types": { "belt": "thin", "leather": "green", "metal": "copper" } } },
        { "type": "item", "code": "belt-{category}-{subtype}-{type}", "attributes": { "types": { "belt": "thin", "leather": "plain", "metal": "tinbronze" } } },
        { "type": "item", "code": "belt-{category}-{subtype}-{type}", "attributes": { "types": { "belt": "thin", "leather": "orange", "metal": "tinbronze" } } },
        { "type": "item", "code": "belt-{category}-{subtype}-{type}", "attributes": { "types": { "belt": "thin", "leather": "black", "metal": "tinbronze" } } },
        { "type": "item", "code": "belt-{category}-{subtype}-{type}", "attributes": { "types": { "belt": "thin", "leather": "red", "metal": "tinbronze" } } },
        { "type": "item", "code": "belt-{category}-{subtype}-{type}", "attributes": { "types": { "belt": "thin", "leather": "blue", "metal": "tinbronze" } } },
        { "type": "item", "code": "belt-{category}-{subtype}-{type}", "attributes": { "types": { "belt": "thin", "leather": "purple", "metal": "tinbronze" } } },
        { "type": "item", "code": "belt-{category}-{subtype}-{type}", "attributes": { "types": { "belt": "thin", "leather": "pink", "metal": "tinbronze" } } },
        { "type": "item", "code": "belt-{category}-{subtype}-{type}", "attributes": { "types": { "belt": "thin", "leather": "white", "metal": "tinbronze" } } },
        { "type": "item", "code": "belt-{category}-{subtype}-{type}", "attributes": { "types": { "belt": "thin", "leather": "yellow", "metal": "tinbronze" } } },
        { "type": "item", "code": "belt-{category}-{subtype}-{type}", "attributes": { "types": { "belt": "thin", "leather": "gray", "metal": "tinbronze" } } },
        { "type": "item", "code": "belt-{category}-{subtype}-{type}", "attributes": { "types": { "belt": "thin", "leather": "green", "metal": "tinbronze" } } },
        { "type": "item", "code": "belt-{category}-{subtype}-{type}", "attributes": { "types": { "belt": "thin", "leather": "plain", "metal": "bismuthbronze" } } },
        { "type": "item", "code": "belt-{category}-{subtype}-{type}", "attributes": { "types": { "belt": "thin", "leather": "orange", "metal": "bismuthbronze" } } },
        { "type": "item", "code": "belt-{category}-{subtype}-{type}", "attributes": { "types": { "belt": "thin", "leather": "black", "metal": "bismuthbronze" } } },
        { "type": "item", "code": "belt-{category}-{subtype}-{type}", "attributes": { "types": { "belt": "thin", "leather": "red", "metal": "bismuthbronze" } } },
        { "type": "item", "code": "belt-{category}-{subtype}-{type}", "attributes": { "types": { "belt": "thin", "leather": "blue", "metal": "bismuthbronze" } } },
        { "type": "item", "code": "belt-{category}-{subtype}-{type}", "attributes": { "types": { "belt": "thin", "leather": "purple", "metal": "bismuthbronze" } } },
        { "type": "item", "code": "belt-{category}-{subtype}-{type}", "attributes": { "types": { "belt": "thin", "leather": "pink", "metal": "bismuthbronze" } } },
        { "type": "item", "code": "belt-{category}-{subtype}-{type}", "attributes": { "types": { "belt": "thin", "leather": "white", "metal": "bismuthbronze" } } },
        { "type": "item", "code": "belt-{category}-{subtype}-{type}", "attributes": { "types": { "belt": "thin", "leather": "yellow", "metal": "bismuthbronze" } } },
        { "type": "item", "code": "belt-{category}-{subtype}-{type}", "attributes": { "types": { "belt": "thin", "leather": "gray", "metal": "bismuthbronze" } } },
        { "type": "item", "code": "belt-{category}-{subtype}-{type}", "attributes": { "types": { "belt": "thin", "leather": "green", "metal": "bismuthbronze" } } },
        { "type": "item", "code": "belt-{category}-{subtype}-{type}", "attributes": { "types": { "belt": "thin", "leather": "plain", "metal": "blackbronze" } } },
        { "type": "item", "code": "belt-{category}-{subtype}-{type}", "attributes": { "types": { "belt": "thin", "leather": "orange", "metal": "blackbronze" } } },
        { "type": "item", "code": "belt-{category}-{subtype}-{type}", "attributes": { "types": { "belt": "thin", "leather": "black", "metal": "blackbronze" } } },
        { "type": "item", "code": "belt-{category}-{subtype}-{type}", "attributes": { "types": { "belt": "thin", "leather": "red", "metal": "blackbronze" } } },
        { "type": "item", "code": "belt-{category}-{subtype}-{type}", "attributes": { "types": { "belt": "thin", "leather": "blue", "metal": "blackbronze" } } },
        { "type": "item", "code": "belt-{category}-{subtype}-{type}", "attributes": { "types": { "belt": "thin", "leather": "purple", "metal": "blackbronze" } } },
        { "type": "item", "code": "belt-{category}-{subtype}-{type}", "attributes": { "types": { "belt": "thin", "leather": "pink", "metal": "blackbronze" } } },
        { "type": "item", "code": "belt-{category}-{subtype}-{type}", "attributes": { "types": { "belt": "thin", "leather": "white", "metal": "blackbronze" } } },
        { "type": "item", "code": "belt-{category}-{subtype}-{type}", "attributes": { "types": { "belt": "thin", "leather": "yellow", "metal": "blackbronze" } } },
        { "type": "item", "code": "belt-{category}-{subtype}-{type}", "attributes": { "types": { "belt": "thin", "leather": "gray", "metal": "blackbronze" } } },
        { "type": "item", "code": "belt-{category}-{subtype}-{type}", "attributes": { "types": { "belt": "thin", "leather": "green", "metal": "blackbronze" } } },
        { "type": "item", "code": "belt-{category}-{subtype}-{type}", "attributes": { "types": { "belt": "thin", "leather": "plain", "metal": "gold" } } },
        { "type": "item", "code": "belt-{category}-{subtype}-{type}", "attributes": { "types": { "belt": "thin", "leather": "orange", "metal": "gold" } } },
        { "type": "item", "code": "belt-{category}-{subtype}-{type}", "attributes": { "types": { "belt": "thin", "leather": "black", "metal": "gold" } } },
        { "type": "item", "code": "belt-{category}-{subtype}-{type}", "attributes": { "types": { "belt": "thin", "leather": "red", "metal": "gold" } } },
        { "type": "item", "code": "belt-{category}-{subtype}-{type}", "attributes": { "types": { "belt": "thin", "leather": "blue", "metal": "gold" } } },
        { "type": "item", "code": "belt-{category}-{subtype}-{type}", "attributes": { "types": { "belt": "thin", "leather": "purple", "metal": "gold" } } },
        { "type": "item", "code": "belt-{category}-{subtype}-{type}", "attributes": { "types": { "belt": "thin", "leather": "pink", "metal": "gold" } } },
        { "type": "item", "code": "belt-{category}-{subtype}-{type}", "attributes": { "types": { "belt": "thin", "leather": "white", "metal": "gold" } } },
        { "type": "item", "code": "belt-{category}-{subtype}-{type}", "attributes": { "types": { "belt": "thin", "leather": "yellow", "metal": "gold" } } },
        { "type": "item", "code": "belt-{category}-{subtype}-{type}", "attributes": { "types": { "belt": "thin", "leather": "gray", "metal": "gold" } } },
        { "type": "item", "code": "belt-{category}-{subtype}-{type}", "attributes": { "types": { "belt": "thin", "leather": "green", "metal": "gold" } } },
        { "type": "item", "code": "belt-{category}-{subtype}-{type}", "attributes": { "types": { "belt": "thin", "leather": "plain", "metal": "silver" } } },
        { "type": "item", "code": "belt-{category}-{subtype}-{type}", "attributes": { "types": { "belt": "thin", "leather": "orange", "metal": "silver" } } },
        { "type": "item", "code": "belt-{category}-{subtype}-{type}", "attributes": { "types": { "belt": "thin", "leather": "black", "metal": "silver" } } },
        { "type": "item", "code": "belt-{category}-{subtype}-{type}", "attributes": { "types": { "belt": "thin", "leather": "red", "metal": "silver" } } },
        { "type": "item", "code": "belt-{category}-{subtype}-{type}", "attributes": { "types": { "belt": "thin", "leather": "blue", "metal": "silver" } } },
        { "type": "item", "code": "belt-{category}-{subtype}-{type}", "attributes": { "types": { "belt": "thin", "leather": "purple", "metal": "silver" } } },
        { "type": "item", "code": "belt-{category}-{subtype}-{type}", "attributes": { "types": { "belt": "thin", "leather": "pink", "metal": "silver" } } },
        { "type": "item", "code": "belt-{category}-{subtype}-{type}", "attributes": { "types": { "belt": "thin", "leather": "white", "metal": "silver" } } },
        { "type": "item", "code": "belt-{category}-{subtype}-{type}", "attributes": { "types": { "belt": "thin", "leather": "yellow", "metal": "silver" } } },
        { "type": "item", "code": "belt-{category}-{subtype}-{type}", "attributes": { "types": { "belt": "thin", "leather": "gray", "metal": "silver" } } },
        { "type": "item", "code": "belt-{category}-{subtype}-{type}", "attributes": { "types": { "belt": "thin", "leather": "green", "metal": "silver" } } },
        { "type": "item", "code": "belt-{category}-{subtype}-{type}", "attributes": { "types": { "belt": "thin", "leather": "plain", "metal": "iron" } } },
        { "type": "item", "code": "belt-{category}-{subtype}-{type}", "attributes": { "types": { "belt": "thin", "leather": "orange", "metal": "iron" } } },
        { "type": "item", "code": "belt-{category}-{subtype}-{type}", "attributes": { "types": { "belt": "thin", "leather": "black", "metal": "iron" } } },
        { "type": "item", "code": "belt-{category}-{subtype}-{type}", "attributes": { "types": { "belt": "thin", "leather": "red", "metal": "iron" } } },
        { "type": "item", "code": "belt-{category}-{subtype}-{type}", "attributes": { "types": { "belt": "thin", "leather": "blue", "metal": "iron" } } },
        { "type": "item", "code": "belt-{category}-{subtype}-{type}", "attributes": { "types": { "belt": "thin", "leather": "purple", "metal": "iron" } } },
        { "type": "item", "code": "belt-{category}-{subtype}-{type}", "attributes": { "types": { "belt": "thin", "leather": "pink", "metal": "iron" } } },
        { "type": "item", "code": "belt-{category}-{subtype}-{type}", "attributes": { "types": { "belt": "thin", "leather": "white", "metal": "iron" } } },
        { "type": "item", "code": "belt-{category}-{subtype}-{type}", "attributes": { "types": { "belt": "thin", "leather": "yellow", "metal": "iron" } } },
        { "type": "item", "code": "belt-{category}-{subtype}-{type}", "attributes": { "types": { "belt": "thin", "leather": "gray", "metal": "iron" } } },
        { "type": "item", "code": "belt-{category}-{subtype}-{type}", "attributes": { "types": { "belt": "thin", "leather": "green", "metal": "iron" } } },
        { "type": "item", "code": "belt-{category}-{subtype}-{type}", "attributes": { "types": { "belt": "thin", "leather": "plain", "metal": "meteoriciron" } } },
        { "type": "item", "code": "belt-{category}-{subtype}-{type}", "attributes": { "types": { "belt": "thin", "leather": "orange", "metal": "meteoriciron" } } },
        { "type": "item", "code": "belt-{category}-{subtype}-{type}", "attributes": { "types": { "belt": "thin", "leather": "black", "metal": "meteoriciron" } } },
        { "type": "item", "code": "belt-{category}-{subtype}-{type}", "attributes": { "types": { "belt": "thin", "leather": "red", "metal": "meteoriciron" } } },
        { "type": "item", "code": "belt-{category}-{subtype}-{type}", "attributes": { "types": { "belt": "thin", "leather": "blue", "metal": "meteoriciron" } } },
        { "type": "item", "code": "belt-{category}-{subtype}-{type}", "attributes": { "types": { "belt": "thin", "leather": "purple", "metal": "meteoriciron" } } },
        { "type": "item", "code": "belt-{category}-{subtype}-{type}", "attributes": { "types": { "belt": "thin", "leather": "pink", "metal": "meteoriciron" } } },
        { "type": "item", "code": "belt-{category}-{subtype}-{type}", "attributes": { "types": { "belt": "thin", "leather": "white", "metal": "meteoriciron" } } },
        { "type": "item", "code": "belt-{category}-{subtype}-{type}", "attributes": { "types": { "belt": "thin", "leather": "yellow", "metal": "meteoriciron" } } },
        { "type": "item", "code": "belt-{category}-{subtype}-{type}", "attributes": { "types": { "belt": "thin", "leather": "gray", "metal": "meteoriciron" } } },
        { "type": "item", "code": "belt-{category}-{subtype}-{type}", "attributes": { "types": { "belt": "thin", "leather": "green", "metal": "meteoriciron" } } },
        { "type": "item", "code": "belt-{category}-{subtype}-{type}", "attributes": { "types": { "belt": "thin", "leather": "plain", "metal": "steel" } } },
        { "type": "item", "code": "belt-{category}-{subtype}-{type}", "attributes": { "types": { "belt": "thin", "leather": "orange", "metal": "steel" } } },
        { "type": "item", "code": "belt-{category}-{subtype}-{type}", "attributes": { "types": { "belt": "thin", "leather": "black", "metal": "steel" } } },
        { "type": "item", "code": "belt-{category}-{subtype}-{type}", "attributes": { "types": { "belt": "thin", "leather": "red", "metal": "steel" } } },
        { "type": "item", "code": "belt-{category}-{subtype}-{type}", "attributes": { "types": { "belt": "thin", "leather": "blue", "metal": "steel" } } },
        { "type": "item", "code": "belt-{category}-{subtype}-{type}", "attributes": { "types": { "belt": "thin", "leather": "purple", "metal": "steel" } } },
        { "type": "item", "code": "belt-{category}-{subtype}-{type}", "attributes": { "types": { "belt": "thin", "leather": "pink", "metal": "steel" } } },
        { "type": "item", "code": "belt-{category}-{subtype}-{type}", "attributes": { "types": { "belt": "thin", "leather": "white", "metal": "steel" } } },
        { "type": "item", "code": "belt-{category}-{subtype}-{type}", "attributes": { "types": { "belt": "thin", "leather": "yellow", "metal": "steel" } } },
        { "type": "item", "code": "belt-{category}-{subtype}-{type}", "attributes": { "types": { "belt": "thin", "leather": "gray", "metal": "steel" } } },
        { "type": "item", "code": "belt-{category}-{subtype}-{type}", "attributes": { "types": { "belt": "thin", "leather": "green", "metal": "steel" } } }
      ]
    }
  ],
  "renderAlphaTest": "0.25",
  "tpHandTransform": { "translation": { "x": "-0.2", "y": "-0.3", "z": "-0.07" }, "rotation": { "x": 35, "y": -90, "z": 49 }, "origin": { "x": 0, "y": 0, "z": 0 }, "scale": 1 },
  "guiTransform": { "translation": { "x": 0, "y": 0, "z": 0 }, "rotation": { "x": 180, "y": -63, "z": 22 }, "origin": { "x": "1.6", "y": "-0.4", "z": 1 }, "scale": "2.32" },
  "groundTransform": { "translation": { "x": 0, "y": 0, "z": 0 }, "rotation": { "x": 0, "y": 0, "z": 44 }, "origin": { "x": "0.5", "y": "0.8", "z": "0.4299" }, "scale": "2.72" }
}
