{
	"editor": {
		"backDropShape": "E:/Programs/VSModelCreator/seraph-faceless",
		"collapsedPaths": "Root/Band_second,Root/Musket/Band_first,Root/Carbine/Band_third,Root/Band_first,Root/Stock,Root/Flintlock,Root/Carbine/Trigger_assembly/Trigger_assemly_base,Root/Barrel,Root/Arquebus_origin/Matchlock,Root/Band_third,Root/Carbine/Flintlock,Root/Arquebus_origin/Stock,Root/Musket/Band_second,Root/Musket/Trigger_assembly,Root/Arquebus_origin/Barrel,Root/Carbine/Trigger_assembly/Guard,Root/Carbine,Root/Musket/Flintlock/Plate,Root/Carbine/Ramrod_origin/Ramrod,Root/FluteCase/flute,Root/Shoulder-Sling/Weapon_origin,Root/Musket,Root/Musket/Flintlock,Root/Carbine/Flask_origin/Flask_origin_inner,Root/Arquebus_origin/Patch,Root/base,Root/Musket/Stock,Root/origin/Bottom_plate,Root/Carbine/Flintlock/Hammer,Root/Musket/Stock/Buttstock/Buttstock_bottom/Buttstock_butt/Buttstock_butt_plate,Root/Carbine/Flintlock/Pan,Root/Musket/Band_third,Root/Carbine/Flintlock/Hammer/Hammer_arm,Root/Arquebus_origin/Lever,Root/Arquebus_origin/Ramdrod_origin,Root/Carbine/Ramrod_origin,Root/Carbine/Barrel,Root/Carbine/Stock,Root/Trigger_assembly,Root/Carbine/Flintlock/Frizzen,Root/flute,Root/Musket/Stock/Buttstock/Buttstock_butt,Root/Ramrod,Root/Carbine/Band_second,Root/Carbine/Trigger_assembly,Root/Musket/Barrel",
		"allAngles": false,
		"entityTextureMode": false
	},
	"textureWidth": 16,
	"textureHeight": 16,
	"textureSizes": {
	},
	"textures": {
		"flutecase-cloth": "game:block/cloth/linen/plain",
		"coke": "game:block/coal/coke",
		"flutecase-bone": "game:block/creature/bone/bone1",
		"flutecase-metal": "game:block/metal/plate/brass"
	},
	"elements": [
		{
			"name": "FluteCase",
			"stepParentName": "UpperTorso",
			"from": [ 0.7, 0.0, 2.7 ],
			"to": [ 0.7, 0.0, 2.7 ],
			"rotationOrigin": [ 0.7, 0.0, 2.7 ],
			"faces": {
			},
			"children": [
				{
					"name": "flute_case_0",
					"from": [ -2.2, 3.1, -0.1 ],
					"to": [ -1.0, 3.6, 1.1 ],
					"rotationOrigin": [ -2.2, 3.1, -0.1 ],
					"faces": {
						"north": { "texture": "#flutecase-metal", "uv": [ 0.0, 0.0, 1.0, 0.5 ] },
						"east": { "texture": "#flutecase-metal", "uv": [ 0.0, 0.0, 1.0, 0.5 ] },
						"south": { "texture": "#flutecase-metal", "uv": [ 0.0, 0.0, 1.0, 0.5 ] },
						"west": { "texture": "#flutecase-metal", "uv": [ 0.0, 0.0, 1.0, 0.5 ] },
						"up": { "texture": "#flutecase-metal", "uv": [ 0.0, 0.0, 1.0, 1.0 ] },
						"down": { "texture": "#flutecase-metal", "uv": [ 0.0, 0.0, 1.0, 1.0 ] }
					},
					"children": [
						{
							"name": "flute_case_1",
							"from": [ 0.1, 0.0, -0.9 ],
							"to": [ 1.1, 3.5, 0.1 ],
							"rotationOrigin": [ 0.1, 0.0, 0.1 ],
							"rotationX": 175.0,
							"faces": {
								"north": { "texture": "#flutecase-cloth", "uv": [ 0.0, 0.0, 1.0, 3.5 ] },
								"east": { "texture": "#flutecase-cloth", "uv": [ 0.0, 0.0, 1.0, 3.5 ] },
								"south": { "texture": "#flutecase-cloth", "uv": [ 0.0, 0.0, 1.0, 3.5 ] },
								"west": { "texture": "#flutecase-cloth", "uv": [ 0.0, 0.0, 1.0, 3.5 ] },
								"up": { "texture": "#flutecase-cloth", "uv": [ 0.0, 0.0, 1.0, 1.0 ] },
								"down": { "texture": "#flutecase-cloth", "uv": [ 0.0, 0.0, 1.0, 1.0 ] }
							}
						},
						{
							"name": "flute_case_2",
							"from": [ 0.1, 0.0, 1.1 ],
							"to": [ 1.1, 3.5, 2.1 ],
							"rotationOrigin": [ 0.1, 0.0, 1.1 ],
							"rotationX": -175.0,
							"rotationZ": -1.0,
							"faces": {
								"north": { "texture": "#flutecase-cloth", "uv": [ 0.0, 0.0, 1.0, 3.5 ] },
								"east": { "texture": "#flutecase-cloth", "uv": [ 0.0, 0.0, 1.0, 3.5 ] },
								"south": { "texture": "#flutecase-cloth", "uv": [ 0.0, 0.0, 1.0, 3.5 ] },
								"west": { "texture": "#flutecase-cloth", "uv": [ 0.0, 0.0, 1.0, 3.5 ] },
								"up": { "texture": "#flutecase-cloth", "uv": [ 0.0, 0.0, 1.0, 1.0 ] },
								"down": { "texture": "#flutecase-cloth", "uv": [ 0.0, 0.0, 1.0, 1.0 ] }
							}
						},
						{
							"name": "flute",
							"from": [ 1.0, -2.9, 0.2 ],
							"to": [ 1.0, -2.9, 0.2 ],
							"rotationOrigin": [ 1.0, -2.9, 0.2 ],
							"rotationZ": 90.0,
							"faces": {
								"east": { "texture": "#flutecase-bone", "uv": [ 13.5, 13.5, 15.0, 14.0 ], "autoUv": false },
								"west": { "texture": "#flutecase-bone", "uv": [ 4.5, 0.0, 6.0, 0.5 ], "autoUv": false },
								"up": { "texture": "#flutecase-bone", "uv": [ 5.0, 2.0, 15.0, 3.5 ], "autoUv": false, "windMode": [-1,-1,-1,-1] },
								"down": { "texture": "#flutecase-bone", "uv": [ 0.5, 13.5, 10.5, 15.0 ], "autoUv": false }
							},
							"children": [
								{
									"name": "railN",
									"from": [ 0.0, 0.55, 0.0 ],
									"to": [ 5.0, 0.75, 0.25 ],
									"rotationOrigin": [ 0.0, 0.55, 0.0 ],
									"faces": {
										"east": { "texture": "#flutecase-bone", "uv": [ 1.0, 7.5, 1.5, 8.0 ], "autoUv": false },
										"south": { "texture": "#flutecase-bone", "uv": [ 1.5, 8.5, 11.5, 9.0 ], "autoUv": false },
										"west": { "texture": "#flutecase-bone", "uv": [ 15.0, 14.0, 15.5, 14.5 ], "autoUv": false },
										"up": { "texture": "#flutecase-bone", "uv": [ 5.0, 8.0, 15.0, 8.5 ], "autoUv": false },
										"down": { "texture": "#flutecase-bone", "uv": [ 3.0, 6.5, 13.0, 7.0 ], "autoUv": false, "windMode": [-1,-1,-1,-1] }
									},
									"children": [
										{
											"name": "betweenW",
											"from": [ 0.0, 0.0, 0.25 ],
											"to": [ 0.5, 0.2, 0.5 ],
											"rotationOrigin": [ 0.0, 0.0, 0.25 ],
											"faces": {
												"east": { "texture": "#flutecase-bone", "uv": [ 8.0, 1.0, 8.5, 1.5 ], "autoUv": false },
												"west": { "texture": "#flutecase-bone", "uv": [ 13.5, 8.5, 14.0, 9.0 ], "autoUv": false },
												"up": { "texture": "#flutecase-bone", "uv": [ 1.5, 14.5, 2.5, 15.0 ], "autoUv": false },
												"down": { "texture": "#flutecase-bone", "uv": [ 9.5, 12.5, 10.5, 13.0 ], "autoUv": false, "windMode": [-1,-1,-1,-1] }
											}
										},
										{
											"name": "between2",
											"from": [ 0.75, -0.05, 0.25 ],
											"to": [ 1.25, 0.2, 0.5 ],
											"rotationOrigin": [ 0.75, -0.05, 0.25 ],
											"faces": {
												"east": { "texture": "#flutecase-bone", "uv": [ 5.0, 11.0, 5.5, 11.5 ], "autoUv": false },
												"west": { "texture": "#flutecase-bone", "uv": [ 10.0, 12.5, 10.5, 13.0 ], "autoUv": false },
												"up": { "texture": "#flutecase-bone", "uv": [ 3.5, 7.0, 4.5, 7.5 ], "autoUv": false }
											},
											"children": [
												{
													"name": "between3",
													"from": [ 0.75, 0.0, 0.0 ],
													"to": [ 1.25, 0.25, 0.25 ],
													"rotationOrigin": [ 0.75, 0.0, 0.0 ],
													"faces": {
														"east": { "texture": "#flutecase-bone", "uv": [ 11.0, 3.0, 11.5, 3.5 ], "autoUv": false },
														"west": { "texture": "#flutecase-bone", "uv": [ 11.5, 4.0, 12.0, 4.5 ], "autoUv": false },
														"up": { "texture": "#flutecase-bone", "uv": [ 9.5, 7.0, 10.5, 7.5 ], "autoUv": false }
													}
												},
												{
													"name": "between4",
													"from": [ 1.5, 0.0, 0.0 ],
													"to": [ 2.0, 0.25, 0.25 ],
													"rotationOrigin": [ 1.5, 0.0, 0.0 ],
													"faces": {
														"east": { "texture": "#flutecase-bone", "uv": [ 4.0, 3.0, 4.5, 3.5 ], "autoUv": false },
														"west": { "texture": "#flutecase-bone", "uv": [ 0.0, 0.5, 0.5, 1.0 ], "autoUv": false },
														"up": { "texture": "#flutecase-bone", "uv": [ 13.0, 4.0, 14.0, 4.5 ], "autoUv": false }
													}
												},
												{
													"name": "between5",
													"from": [ 2.25, 0.0, 0.0 ],
													"to": [ 2.75, 0.25, 0.25 ],
													"rotationOrigin": [ 2.25, 0.0, 0.0 ],
													"faces": {
														"east": { "texture": "#flutecase-bone", "uv": [ 0.5, 11.5, 1.0, 12.0 ], "autoUv": false },
														"west": { "texture": "#flutecase-bone", "uv": [ 5.5, 9.0, 6.0, 9.5 ], "autoUv": false },
														"up": { "texture": "#flutecase-bone", "uv": [ 3.5, 11.0, 4.5, 11.5 ], "autoUv": false }
													}
												},
												{
													"name": "between6",
													"from": [ 3.0, 0.0, 0.0 ],
													"to": [ 3.5, 0.25, 0.25 ],
													"rotationOrigin": [ 3.0, 0.0, 0.0 ],
													"faces": {
														"east": { "texture": "#flutecase-bone", "uv": [ 13.5, 2.5, 14.0, 3.0 ], "autoUv": false },
														"west": { "texture": "#flutecase-bone", "uv": [ 1.0, 5.5, 1.5, 6.0 ], "autoUv": false },
														"up": { "texture": "#flutecase-bone", "uv": [ 10.5, 13.5, 11.5, 14.0 ], "autoUv": false }
													}
												}
											]
										},
										{
											"name": "betweenE",
											"from": [ 4.5, 0.0, 0.25 ],
											"to": [ 5.0, 0.2, 0.5 ],
											"rotationOrigin": [ 4.5, 0.0, 0.25 ],
											"faces": {
												"east": { "texture": "#flutecase-bone", "uv": [ 5.0, 13.0, 5.5, 13.5 ], "autoUv": false, "windMode": [-1,-1,-1,-1] },
												"west": { "texture": "#flutecase-bone", "uv": [ 3.5, 1.5, 4.0, 2.0 ], "autoUv": false },
												"up": { "texture": "#flutecase-bone", "uv": [ 10.0, 13.0, 11.0, 13.5 ], "autoUv": false },
												"down": { "texture": "#flutecase-bone", "uv": [ 4.0, 9.5, 5.0, 10.0 ], "autoUv": false, "windMode": [-1,-1,-1,-1] }
											}
										},
										{
											"name": "black",
											"from": [ 0.1, -0.35, 0.2 ],
											"to": [ 4.9, 0.1, 0.55 ],
											"rotationOrigin": [ 0.1, -0.35, 0.2 ],
											"faces": {
												"east": { "texture": "#coke", "uv": [ 1.0, 13.0, 1.5, 13.5 ], "autoUv": false, "windMode": [-1,-1,-1,-1] },
												"west": { "texture": "#coke", "uv": [ 9.5, 1.0, 10.0, 1.5 ], "autoUv": false, "windMode": [-1,-1,-1,-1] },
												"up": { "texture": "#coke", "uv": [ 6.5, 9.0, 16.0, 9.5 ], "autoUv": false, "windMode": [-1,-1,-1,-1] }
											}
										},
										{
											"name": "railS",
											"from": [ 0.0, 0.0, 0.5 ],
											"to": [ 5.0, 0.2, 0.75 ],
											"rotationOrigin": [ 0.0, 0.0, 0.5 ],
											"faces": {
												"north": { "texture": "#flutecase-bone", "uv": [ 4.5, 0.5, 14.5, 1.0 ], "autoUv": false },
												"east": { "texture": "#flutecase-bone", "uv": [ 10.5, 6.5, 11.0, 7.0 ], "autoUv": false },
												"west": { "texture": "#flutecase-bone", "uv": [ 3.5, 14.5, 4.0, 15.0 ], "autoUv": false },
												"up": { "texture": "#flutecase-bone", "uv": [ 5.0, 12.5, 15.0, 13.0 ], "autoUv": false },
												"down": { "texture": "#flutecase-bone", "uv": [ 5.5, 4.0, 15.5, 4.5 ], "autoUv": false, "windMode": [-1,-1,-1,-1] }
											}
										},
										{
											"name": "betweenE2",
											"from": [ 4.5, -0.55, 0.0 ],
											"to": [ 5.0, -0.35, 0.75 ],
											"rotationOrigin": [ 4.5, -0.5, -0.05 ],
											"faces": {
												"east": { "texture": "#flutecase-bone", "uv": [ 5.0, 13.0, 5.5, 13.5 ], "autoUv": false, "windMode": [-1,-1,-1,-1] },
												"west": { "texture": "#flutecase-bone", "uv": [ 3.5, 1.5, 4.0, 2.0 ], "autoUv": false },
												"up": { "texture": "#flutecase-bone", "uv": [ 10.0, 13.0, 11.0, 13.5 ], "autoUv": false },
												"down": { "texture": "#flutecase-bone", "uv": [ 4.0, 9.5, 5.0, 10.0 ], "autoUv": false, "windMode": [-1,-1,-1,-1] }
											}
										}
									]
								},
								{
									"name": "Cube2",
									"from": [ 0.0, 0.2, 0.0 ],
									"to": [ 5.0, 0.55, 0.2 ],
									"rotationOrigin": [ 0.0, 0.2, 0.0 ],
									"faces": {
										"east": { "texture": "#flutecase-bone", "uv": [ 10.0, 1.5, 10.5, 2.0 ], "autoUv": false },
										"south": { "texture": "#flutecase-bone", "uv": [ 4.5, 7.0, 14.5, 7.5 ], "autoUv": false },
										"west": { "texture": "#flutecase-bone", "uv": [ 6.0, 7.5, 6.5, 8.0 ], "autoUv": false }
									}
								},
								{
									"name": "Cube3",
									"from": [ 0.0, 0.2, 0.55 ],
									"to": [ 5.0, 0.55, 0.75 ],
									"rotationOrigin": [ 0.0, 0.2, 0.55 ],
									"faces": {
										"north": { "texture": "#flutecase-bone", "uv": [ 3.0, 12.5, 13.0, 13.0 ], "autoUv": false },
										"east": { "texture": "#flutecase-bone", "uv": [ 8.0, 6.5, 8.5, 7.0 ], "autoUv": false },
										"west": { "texture": "#flutecase-bone", "uv": [ 3.0, 3.5, 3.5, 4.0 ], "autoUv": false }
									}
								},
								{
									"name": "SFace",
									"from": [ 0.0, 0.0, 0.0 ],
									"to": [ 5.0, 0.75, 0.75 ],
									"faces": {
										"north": { "texture": "#flutecase-bone", "uv": [ 0.0, 5.5, 10.0, 7.0 ], "autoUv": false, "windMode": [-1,-1,-1,-1], "windData": [1,1,1,1] },
										"south": { "texture": "#flutecase-bone", "uv": [ 0.0, 7.5, 10.0, 9.0 ], "autoUv": false, "windMode": [-1,-1,-1,-1] },
										"down": { "texture": "#flutecase-bone", "uv": [ 0.0, 0.0, 10.0, 1.5 ], "autoUv": false, "windMode": [-1,-1,-1,-1], "windData": [1,1,1,1] }
									}
								}
							]
						},
						{
							"name": "string_0",
							"from": [ 1.0, 0.0, 0.3 ],
							"to": [ 1.4, 2.8, 0.7 ],
							"rotationOrigin": [ 1.4, 0.0, 0.3 ],
							"rotationX": -45.0,
							"rotationZ": -4.0,
							"faces": {
								"north": { "texture": "#flutecase-cloth", "uv": [ 0.0, 0.0, 0.5, 2.5 ] },
								"east": { "texture": "#flutecase-cloth", "uv": [ 0.0, 0.0, 0.5, 2.5 ] },
								"south": { "texture": "#flutecase-cloth", "uv": [ 0.0, 0.0, 0.5, 2.5 ] },
								"west": { "texture": "#flutecase-cloth", "uv": [ 0.0, 0.0, 0.5, 2.5 ] },
								"up": { "texture": "#flutecase-cloth", "uv": [ 0.0, 0.0, 0.5, 0.5 ] },
								"down": { "texture": "#flutecase-cloth", "uv": [ 0.0, 0.0, 0.5, 0.5 ] }
							},
							"children": [
								{
									"name": "string_1",
									"from": [ 0.0, 2.8, 0.0 ],
									"to": [ 0.4, 3.2, 0.4 ],
									"rotationOrigin": [ 0.4, 2.8, 0.0 ],
									"rotationX": 50.0,
									"rotationY": 0.0,
									"rotationZ": -1.0,
									"faces": {
										"north": { "texture": "#flutecase-cloth", "uv": [ 0.0, 0.0, 0.5, 0.5 ] },
										"east": { "texture": "#flutecase-cloth", "uv": [ 0.0, 0.0, 0.5, 0.5 ] },
										"south": { "texture": "#flutecase-cloth", "uv": [ 0.0, 0.0, 0.5, 0.5 ] },
										"west": { "texture": "#flutecase-cloth", "uv": [ 0.0, 0.0, 0.5, 0.5 ] },
										"up": { "texture": "#flutecase-cloth", "uv": [ 0.0, 0.0, 0.5, 0.5 ] },
										"down": { "texture": "#flutecase-cloth", "uv": [ 0.0, 0.0, 0.5, 0.5 ] }
									},
									"children": [
										{
											"name": "string_2",
											"from": [ 0.0, 0.0, 0.0 ],
											"to": [ 0.4, 5.0, 0.4 ],
											"rotationOrigin": [ 0.4, 0.0, 0.0 ],
											"rotationX": 0.0,
											"rotationY": 0.0,
											"rotationZ": -86.0,
											"faces": {
												"north": { "texture": "#flutecase-cloth", "uv": [ 0.0, 0.0, 0.5, 5.0 ] },
												"east": { "texture": "#flutecase-cloth", "uv": [ 0.0, 0.0, 0.5, 5.0 ] },
												"south": { "texture": "#flutecase-cloth", "uv": [ 0.0, 0.0, 0.5, 5.0 ] },
												"west": { "texture": "#flutecase-cloth", "uv": [ 0.0, 0.0, 0.5, 5.0 ] },
												"up": { "texture": "#flutecase-cloth", "uv": [ 0.0, 0.0, 0.5, 0.5 ] },
												"down": { "texture": "#flutecase-cloth", "uv": [ 0.0, 0.0, 0.5, 0.5 ] }
											},
											"children": [
												{
													"name": "string_6",
													"from": [ 0.0, 5.0, 0.4 ],
													"to": [ 0.4, 8.4, 0.8 ],
													"rotationOrigin": [ 0.4, 5.0, 0.4 ],
													"rotationX": 87.0,
													"rotationY": 0.0,
													"rotationZ": 6.0,
													"faces": {
														"north": { "texture": "#flutecase-cloth", "uv": [ 0.0, 0.0, 0.5, 3.0 ] },
														"east": { "texture": "#flutecase-cloth", "uv": [ 0.0, 0.0, 0.5, 3.0 ] },
														"south": { "texture": "#flutecase-cloth", "uv": [ 0.0, 0.0, 0.5, 3.0 ] },
														"west": { "texture": "#flutecase-cloth", "uv": [ 0.0, 0.0, 0.5, 3.0 ] },
														"up": { "texture": "#flutecase-cloth", "uv": [ 0.0, 0.0, 0.5, 0.5 ] },
														"down": { "texture": "#flutecase-cloth", "uv": [ 0.0, 0.0, 0.5, 0.5 ] }
													}
												}
											]
										}
									]
								}
							]
						},
						{
							"name": "string_3",
							"from": [ 1.0, 0.0, 0.4 ],
							"to": [ 1.4, 2.8, 0.8 ],
							"rotationOrigin": [ 1.4, 0.0, 0.8 ],
							"rotationX": 45.0,
							"rotationZ": -4.0,
							"faces": {
								"north": { "texture": "#flutecase-cloth", "uv": [ 0.0, 0.0, 0.5, 2.5 ] },
								"east": { "texture": "#flutecase-cloth", "uv": [ 0.0, 0.0, 0.5, 2.5 ] },
								"south": { "texture": "#flutecase-cloth", "uv": [ 0.0, 0.0, 0.5, 2.5 ] },
								"west": { "texture": "#flutecase-cloth", "uv": [ 0.0, 0.0, 0.5, 2.5 ] },
								"up": { "texture": "#flutecase-cloth", "uv": [ 0.0, 0.0, 0.5, 0.5 ] },
								"down": { "texture": "#flutecase-cloth", "uv": [ 0.0, 0.0, 0.5, 0.5 ] }
							},
							"children": [
								{
									"name": "string_4",
									"from": [ 0.0, 2.7, 0.0 ],
									"to": [ 0.4, 3.1, 0.4 ],
									"rotationOrigin": [ 0.4, 2.7, 0.4 ],
									"rotationX": -50.0,
									"rotationY": 0.0,
									"rotationZ": -1.0,
									"faces": {
										"north": { "texture": "#flutecase-cloth", "uv": [ 0.0, 0.0, 0.5, 0.5 ] },
										"east": { "texture": "#flutecase-cloth", "uv": [ 0.0, 0.0, 0.5, 0.5 ] },
										"south": { "texture": "#flutecase-cloth", "uv": [ 0.0, 0.0, 0.5, 0.5 ] },
										"west": { "texture": "#flutecase-cloth", "uv": [ 0.0, 0.0, 0.5, 0.5 ] },
										"up": { "texture": "#flutecase-cloth", "uv": [ 0.0, 0.0, 0.5, 0.5 ] },
										"down": { "texture": "#flutecase-cloth", "uv": [ 0.0, 0.0, 0.5, 0.5 ] }
									},
									"children": [
										{
											"name": "string_5",
											"from": [ 0.0, 0.0, 0.0 ],
											"to": [ 0.4, 5.0, 0.4 ],
											"rotationOrigin": [ 0.4, 0.0, 0.0 ],
											"rotationX": 0.0,
											"rotationY": 0.0,
											"rotationZ": -85.0,
											"faces": {
												"north": { "texture": "#flutecase-cloth", "uv": [ 0.0, 0.0, 0.5, 5.0 ] },
												"east": { "texture": "#flutecase-cloth", "uv": [ 0.0, 0.0, 0.5, 5.0 ] },
												"south": { "texture": "#flutecase-cloth", "uv": [ 0.0, 0.0, 0.5, 5.0 ] },
												"west": { "texture": "#flutecase-cloth", "uv": [ 0.0, 0.0, 0.5, 5.0 ] },
												"up": { "texture": "#flutecase-cloth", "uv": [ 0.0, 0.0, 0.5, 0.5 ] },
												"down": { "texture": "#flutecase-cloth", "uv": [ 0.0, 0.0, 0.5, 0.5 ] }
											}
										}
									]
								}
							]
						}
					]
				}
			]
		}
	]}