{
	"editor": {
		"collapsedPaths": "",
		"allAngles": false,
		"entityTextureMode": false
	},
	"textureWidth": 16,
	"textureHeight": 16,
	"textureSizes": {
		"blackbronze": [16,16],
		"metal": [16,16],
		"wood": [16,16],
		"handle": [16,16]
	},
	"textures": {
	},
	"elements": [
		{
			"name": "origin",
			"from": [ 8.0, 0.0, 8.0 ],
			"to": [ 8.0, 0.0, 8.0 ],
			"rotationOrigin": [ 8.0, 0.0, 8.0 ],
			"faces": {
			},
			"children": [
				{
					"name": "blademiddle1",
					"from": [ -9.0, -0.2, -0.5 ],
					"to": [ 14.0, 0.3, 0.5 ],
					"rotationOrigin": [ -9.0, 0.0, 0.0 ],
					"faces": {
						"north": { "texture": "#blackbronze", "uv": [ 0.0, 7.0, 23.0, 7.5 ], "windMode": [-1,-1,-1,-1] },
						"east": { "texture": "#blackbronze", "uv": [ 4.5, 1.0, 5.5, 1.5 ] },
						"south": { "texture": "#blackbronze", "uv": [ 0.0, 12.0, 23.0, 12.5 ], "windMode": [-1,-1,-1,-1] },
						"west": { "texture": "#blackbronze", "uv": [ 0.0, 0.0, 1.0, 0.5 ], "windMode": [-1,-1,-1,-1] },
						"up": { "texture": "#blackbronze", "uv": [ 0.0, 4.5, 23.0, 5.5 ] },
						"down": { "texture": "#blackbronze", "uv": [ 0.0, 11.0, 23.0, 12.0 ] }
					}
				},
				{
					"name": "blade1",
					"from": [ -3.0, -0.1, -1.5 ],
					"to": [ 11.0, 0.1, 1.5 ],
					"rotationOrigin": [ -3.0, 0.0, 0.0 ],
					"faces": {
						"north": { "texture": "#blackbronze", "uv": [ 1.0, 7.5, 15.0, 8.0 ] },
						"east": { "texture": "#blackbronze", "uv": [ 2.0, 6.5, 5.0, 7.0 ] },
						"south": { "texture": "#blackbronze", "uv": [ 0.0, 4.0, 14.0, 4.5 ] },
						"up": { "texture": "#blackbronze", "uv": [ 0.5, 3.5, 14.5, 6.5 ] },
						"down": { "texture": "#blackbronze", "uv": [ 0.0, 4.5, 14.0, 7.5 ] }
					},
					"children": [
						{
							"name": "blade2N",
							"from": [ 14.0, 0.01, 0.0 ],
							"to": [ 27.0, 0.21, 1.0 ],
							"rotationOrigin": [ 14.0, 0.1, 0.0 ],
							"rotationY": -3.0,
							"faces": {
								"north": { "texture": "#blackbronze", "uv": [ 2.0, 1.0, 15.0, 1.5 ] },
								"east": { "texture": "#blackbronze", "uv": [ 0.0, 10.5, 1.0, 11.0 ] },
								"up": { "texture": "#blackbronze", "uv": [ 2.0, 5.5, 15.0, 6.5 ] },
								"down": { "texture": "#blackbronze", "uv": [ 2.0, 2.5, 15.0, 3.5 ] }
							},
							"children": [
								{
									"name": "blade3N",
									"from": [ 13.0, 0.0, 0.0 ],
									"to": [ 17.0, 0.2, 0.5 ],
									"rotationOrigin": [ 13.0, 0.1, 0.0 ],
									"rotationY": -5.0,
									"faces": {
										"north": { "texture": "#blackbronze", "uv": [ 2.0, 6.0, 6.0, 6.5 ] },
										"east": { "texture": "#blackbronze", "uv": [ 8.0, 13.0, 8.5, 13.5 ] },
										"south": { "texture": "#blackbronze", "uv": [ 7.5, 13.5, 11.5, 14.0 ] },
										"west": { "texture": "#blackbronze", "uv": [ 11.0, 8.0, 11.5, 8.5 ] },
										"up": { "texture": "#blackbronze", "uv": [ 6.5, 6.5, 10.5, 7.0 ] },
										"down": { "texture": "#blackbronze", "uv": [ 4.0, 14.0, 8.0, 14.5 ] }
									}
								}
							]
						},
						{
							"name": "blade2S",
							"from": [ 14.0, -0.01, 2.0 ],
							"to": [ 27.0, 0.19, 3.0 ],
							"rotationOrigin": [ 14.0, 0.1, 3.0 ],
							"rotationY": 3.0,
							"faces": {
								"east": { "texture": "#blackbronze", "uv": [ 9.5, 0.0, 10.5, 0.5 ] },
								"south": { "texture": "#blackbronze", "uv": [ 1.5, 15.0, 14.5, 15.5 ], "windMode": [-1,-1,-1,-1] },
								"up": { "texture": "#blackbronze", "uv": [ 2.5, 5.5, 15.5, 6.5 ] },
								"down": { "texture": "#blackbronze", "uv": [ 0.0, 11.5, 13.0, 12.5 ] }
							},
							"children": [
								{
									"name": "blade3S",
									"from": [ 13.0, 0.0, 0.5 ],
									"to": [ 17.0, 0.2, 1.0 ],
									"rotationOrigin": [ 13.0, 0.1, 1.0 ],
									"rotationY": 5.0,
									"faces": {
										"north": { "texture": "#blackbronze", "uv": [ 3.0, 14.5, 7.0, 15.0 ] },
										"east": { "texture": "#blackbronze", "uv": [ 5.5, 5.5, 6.0, 6.0 ] },
										"south": { "texture": "#blackbronze", "uv": [ 4.5, 7.0, 8.5, 7.5 ] },
										"west": { "texture": "#blackbronze", "uv": [ 4.0, 12.5, 4.5, 13.0 ] },
										"up": { "texture": "#blackbronze", "uv": [ 0.0, 8.0, 4.0, 8.5 ] },
										"down": { "texture": "#blackbronze", "uv": [ 0.0, 0.0, 4.0, 0.5 ] }
									}
								}
							]
						}
					]
				},
				{
					"name": "blademiddle2",
					"from": [ 13.0, -0.2, -0.5 ],
					"to": [ 24.0, 0.3, 0.5 ],
					"rotationOrigin": [ 13.0, -0.2, 0.0 ],
					"faces": {
						"north": { "texture": "#blackbronze", "uv": [ 3.0, 12.5, 14.0, 13.0 ] },
						"east": { "texture": "#blackbronze", "uv": [ 3.5, 14.5, 4.5, 15.0 ] },
						"south": { "texture": "#blackbronze", "uv": [ 4.5, 11.0, 15.5, 11.5 ] },
						"up": { "texture": "#blackbronze", "uv": [ 4.5, 8.5, 15.5, 9.5 ] },
						"down": { "texture": "#blackbronze", "uv": [ 3.0, 0.0, 14.0, 1.0 ] }
					},
					"children": [
						{
							"name": "blademiddle3",
							"from": [ 11.0, 0.0, 0.2 ],
							"to": [ 13.5, 0.5, 0.8 ],
							"rotationOrigin": [ 11.0, 0.0, 0.5 ],
							"faces": {
								"north": { "texture": "#blackbronze", "uv": [ 5.0, 2.0, 7.5, 2.5 ] },
								"east": { "texture": "#blackbronze", "uv": [ 14.5, 4.5, 15.0, 5.0 ] },
								"south": { "texture": "#blackbronze", "uv": [ 8.5, 10.0, 11.0, 10.5 ] },
								"up": { "texture": "#blackbronze", "uv": [ 8.0, 8.5, 10.5, 9.0 ] },
								"down": { "texture": "#blackbronze", "uv": [ 1.0, 5.0, 3.5, 5.5 ] }
							},
							"children": [
								{
									"name": "tip",
									"from": [ 3.7, 0.1, 0.3 ],
									"to": [ 4.1, 0.3, 0.7 ],
									"rotationOrigin": [ 3.7, 0.2, 0.3 ],
									"rotationY": 45.0,
									"faces": {
										"north": { "texture": "#blackbronze", "uv": [ 10.5, 3.0, 11.0, 3.5 ] },
										"east": { "texture": "#blackbronze", "uv": [ 11.0, 2.5, 11.5, 3.0 ] },
										"south": { "texture": "#blackbronze", "uv": [ 14.5, 13.0, 15.0, 13.5 ] },
										"west": { "texture": "#blackbronze", "uv": [ 1.0, 1.5, 1.5, 2.0 ] },
										"up": { "texture": "#blackbronze", "uv": [ 3.5, 0.0, 4.0, 0.5 ] },
										"down": { "texture": "#blackbronze", "uv": [ 12.5, 2.5, 13.0, 3.0 ] }
									}
								}
							]
						}
					]
				}
			]
		}
	]}