﻿{
  "code": "beltbag",
  "class": "Item",
  "tags": ["belt-bag"],
  "variantgroups": [{ "code": "category", "states": ["back"] }, { "code": "subtype", "states": ["quiver"] }, { "code": "type", "states": ["arrows"] }],
  "shape": { "base": "quiversandsheaths:sheaths/accessories/empty/quiver_arrows" },
  "texturesByType": { "*": { "seraph": { "base": "game:block/transparent" } } },
  "storageFlags": 128,
  "behaviors": [
    {
      "name": "QuiversAndSheaths:Quiver",
      "properties": {
        "slots": [
          {
            "canHoldWildcards": ["*arrow-*"],
            "canHoldItemTags": ["arrow"],
            "slotColor": "#84b054",
            "slotsNumber": 3,
            "slotsIcon": "quiversandsheaths:arrows",
            "SetVariants": true,
            "SlotVariant": "arrow_slot",
            "SlotStateVariant": "arrow_slot_state",
            "SlotBackpackCategory": "ammunition"
          }
        ],
        "putIntoMainHand": true,
        "slotsIcon": "quiversandsheaths:arrows"
      }
    },
    {
      "name": "QuiversAndSheaths:ShapeTexturesFromAttributes",
      "properties": {
        "addOverlayPrefix": false,
        "shape": {
          "arrow_slot-*::arrow_slot_state-*": { "base": "quiversandsheaths:sheaths/accessories/{arrow_slot_state}/quiver_arrows" },
          "*": { "base": "quiversandsheaths:sheaths/accessories/empty/quiver_arrows" }
        },
        "textures": { "metal-*::leather-*": { "belt-waist-plain-material": { "base": "game:block/leather/{leather}" }, "belt-waist-plain-metal": { "base": "game:block/metal/plate/{metal}" } } }
      }
    },
    {
      "name": "QuiversAndSheaths:ShapeReplacement",
      "properties": {
        "addOverlayPrefix": false,
        "renderTargets": ["Gui", "HandTp", "HandTpOff", "Ground"],
        "shape": { "*": { "base": "quiversandsheaths:gui/quiver-arrows" } },
        "textures": { "metal-*::leather-*": { "belt-waist-plain-material": { "base": "game:block/leather/{leather}" }, "belt-waist-plain-metal": { "base": "game:block/metal/plate/{metal}" } } }
      }
    },
    { "name": "CombatOverhaul:GoesIntoSlotsInfo" }
  ],
  "attributes": { "wearableAttachment": true, "clothescategory": "addBeltBack", "warmthByType": { "*": 0 }, "handbook": { "groupBy": ["beltbag-{category}-{subtype}-{type}"] } },
  "creativeinventory": { "general": ["*"], "quiversandsheaths": ["*"] },
  "creativeinventoryStacks": [
    {
      "tabs": ["general", "quiversandsheaths-colors"],
      "stacks": [
        { "type": "item", "code": "beltbag-{category}-{subtype}-{type}" },
        { "type": "item", "code": "beltbag-{category}-{subtype}-{type}", "attributes": { "types": { "leather": "plain", "metal": "brass" } } },
        { "type": "item", "code": "beltbag-{category}-{subtype}-{type}", "attributes": { "types": { "leather": "orange", "metal": "brass" } } },
        { "type": "item", "code": "beltbag-{category}-{subtype}-{type}", "attributes": { "types": { "leather": "black", "metal": "brass" } } },
        { "type": "item", "code": "beltbag-{category}-{subtype}-{type}", "attributes": { "types": { "leather": "red", "metal": "brass" } } },
        { "type": "item", "code": "beltbag-{category}-{subtype}-{type}", "attributes": { "types": { "leather": "blue", "metal": "brass" } } },
        { "type": "item", "code": "beltbag-{category}-{subtype}-{type}", "attributes": { "types": { "leather": "purple", "metal": "brass" } } },
        { "type": "item", "code": "beltbag-{category}-{subtype}-{type}", "attributes": { "types": { "leather": "pink", "metal": "brass" } } },
        { "type": "item", "code": "beltbag-{category}-{subtype}-{type}", "attributes": { "types": { "leather": "white", "metal": "brass" } } },
        { "type": "item", "code": "beltbag-{category}-{subtype}-{type}", "attributes": { "types": { "leather": "yellow", "metal": "brass" } } },
        { "type": "item", "code": "beltbag-{category}-{subtype}-{type}", "attributes": { "types": { "leather": "gray", "metal": "brass" } } },
        { "type": "item", "code": "beltbag-{category}-{subtype}-{type}", "attributes": { "types": { "leather": "green", "metal": "brass" } } },
        { "type": "item", "code": "beltbag-{category}-{subtype}-{type}", "attributes": { "types": { "leather": "plain", "metal": "copper" } } },
        { "type": "item", "code": "beltbag-{category}-{subtype}-{type}", "attributes": { "types": { "leather": "orange", "metal": "copper" } } },
        { "type": "item", "code": "beltbag-{category}-{subtype}-{type}", "attributes": { "types": { "leather": "black", "metal": "copper" } } },
        { "type": "item", "code": "beltbag-{category}-{subtype}-{type}", "attributes": { "types": { "leather": "red", "metal": "copper" } } },
        { "type": "item", "code": "beltbag-{category}-{subtype}-{type}", "attributes": { "types": { "leather": "blue", "metal": "copper" } } },
        { "type": "item", "code": "beltbag-{category}-{subtype}-{type}", "attributes": { "types": { "leather": "purple", "metal": "copper" } } },
        { "type": "item", "code": "beltbag-{category}-{subtype}-{type}", "attributes": { "types": { "leather": "pink", "metal": "copper" } } },
        { "type": "item", "code": "beltbag-{category}-{subtype}-{type}", "attributes": { "types": { "leather": "white", "metal": "copper" } } },
        { "type": "item", "code": "beltbag-{category}-{subtype}-{type}", "attributes": { "types": { "leather": "yellow", "metal": "copper" } } },
        { "type": "item", "code": "beltbag-{category}-{subtype}-{type}", "attributes": { "types": { "leather": "gray", "metal": "copper" } } },
        { "type": "item", "code": "beltbag-{category}-{subtype}-{type}", "attributes": { "types": { "leather": "green", "metal": "copper" } } },
        { "type": "item", "code": "beltbag-{category}-{subtype}-{type}", "attributes": { "types": { "leather": "plain", "metal": "tinbronze" } } },
        { "type": "item", "code": "beltbag-{category}-{subtype}-{type}", "attributes": { "types": { "leather": "orange", "metal": "tinbronze" } } },
        { "type": "item", "code": "beltbag-{category}-{subtype}-{type}", "attributes": { "types": { "leather": "black", "metal": "tinbronze" } } },
        { "type": "item", "code": "beltbag-{category}-{subtype}-{type}", "attributes": { "types": { "leather": "red", "metal": "tinbronze" } } },
        { "type": "item", "code": "beltbag-{category}-{subtype}-{type}", "attributes": { "types": { "leather": "blue", "metal": "tinbronze" } } },
        { "type": "item", "code": "beltbag-{category}-{subtype}-{type}", "attributes": { "types": { "leather": "purple", "metal": "tinbronze" } } },
        { "type": "item", "code": "beltbag-{category}-{subtype}-{type}", "attributes": { "types": { "leather": "pink", "metal": "tinbronze" } } },
        { "type": "item", "code": "beltbag-{category}-{subtype}-{type}", "attributes": { "types": { "leather": "white", "metal": "tinbronze" } } },
        { "type": "item", "code": "beltbag-{category}-{subtype}-{type}", "attributes": { "types": { "leather": "yellow", "metal": "tinbronze" } } },
        { "type": "item", "code": "beltbag-{category}-{subtype}-{type}", "attributes": { "types": { "leather": "gray", "metal": "tinbronze" } } },
        { "type": "item", "code": "beltbag-{category}-{subtype}-{type}", "attributes": { "types": { "leather": "green", "metal": "tinbronze" } } },
        { "type": "item", "code": "beltbag-{category}-{subtype}-{type}", "attributes": { "types": { "leather": "plain", "metal": "bismuthbronze" } } },
        { "type": "item", "code": "beltbag-{category}-{subtype}-{type}", "attributes": { "types": { "leather": "orange", "metal": "bismuthbronze" } } },
        { "type": "item", "code": "beltbag-{category}-{subtype}-{type}", "attributes": { "types": { "leather": "black", "metal": "bismuthbronze" } } },
        { "type": "item", "code": "beltbag-{category}-{subtype}-{type}", "attributes": { "types": { "leather": "red", "metal": "bismuthbronze" } } },
        { "type": "item", "code": "beltbag-{category}-{subtype}-{type}", "attributes": { "types": { "leather": "blue", "metal": "bismuthbronze" } } },
        { "type": "item", "code": "beltbag-{category}-{subtype}-{type}", "attributes": { "types": { "leather": "purple", "metal": "bismuthbronze" } } },
        { "type": "item", "code": "beltbag-{category}-{subtype}-{type}", "attributes": { "types": { "leather": "pink", "metal": "bismuthbronze" } } },
        { "type": "item", "code": "beltbag-{category}-{subtype}-{type}", "attributes": { "types": { "leather": "white", "metal": "bismuthbronze" } } },
        { "type": "item", "code": "beltbag-{category}-{subtype}-{type}", "attributes": { "types": { "leather": "yellow", "metal": "bismuthbronze" } } },
        { "type": "item", "code": "beltbag-{category}-{subtype}-{type}", "attributes": { "types": { "leather": "gray", "metal": "bismuthbronze" } } },
        { "type": "item", "code": "beltbag-{category}-{subtype}-{type}", "attributes": { "types": { "leather": "green", "metal": "bismuthbronze" } } },
        { "type": "item", "code": "beltbag-{category}-{subtype}-{type}", "attributes": { "types": { "leather": "plain", "metal": "blackbronze" } } },
        { "type": "item", "code": "beltbag-{category}-{subtype}-{type}", "attributes": { "types": { "leather": "orange", "metal": "blackbronze" } } },
        { "type": "item", "code": "beltbag-{category}-{subtype}-{type}", "attributes": { "types": { "leather": "black", "metal": "blackbronze" } } },
        { "type": "item", "code": "beltbag-{category}-{subtype}-{type}", "attributes": { "types": { "leather": "red", "metal": "blackbronze" } } },
        { "type": "item", "code": "beltbag-{category}-{subtype}-{type}", "attributes": { "types": { "leather": "blue", "metal": "blackbronze" } } },
        { "type": "item", "code": "beltbag-{category}-{subtype}-{type}", "attributes": { "types": { "leather": "purple", "metal": "blackbronze" } } },
        { "type": "item", "code": "beltbag-{category}-{subtype}-{type}", "attributes": { "types": { "leather": "pink", "metal": "blackbronze" } } },
        { "type": "item", "code": "beltbag-{category}-{subtype}-{type}", "attributes": { "types": { "leather": "white", "metal": "blackbronze" } } },
        { "type": "item", "code": "beltbag-{category}-{subtype}-{type}", "attributes": { "types": { "leather": "yellow", "metal": "blackbronze" } } },
        { "type": "item", "code": "beltbag-{category}-{subtype}-{type}", "attributes": { "types": { "leather": "gray", "metal": "blackbronze" } } },
        { "type": "item", "code": "beltbag-{category}-{subtype}-{type}", "attributes": { "types": { "leather": "green", "metal": "blackbronze" } } },
        { "type": "item", "code": "beltbag-{category}-{subtype}-{type}", "attributes": { "types": { "leather": "plain", "metal": "gold" } } },
        { "type": "item", "code": "beltbag-{category}-{subtype}-{type}", "attributes": { "types": { "leather": "orange", "metal": "gold" } } },
        { "type": "item", "code": "beltbag-{category}-{subtype}-{type}", "attributes": { "types": { "leather": "black", "metal": "gold" } } },
        { "type": "item", "code": "beltbag-{category}-{subtype}-{type}", "attributes": { "types": { "leather": "red", "metal": "gold" } } },
        { "type": "item", "code": "beltbag-{category}-{subtype}-{type}", "attributes": { "types": { "leather": "blue", "metal": "gold" } } },
        { "type": "item", "code": "beltbag-{category}-{subtype}-{type}", "attributes": { "types": { "leather": "purple", "metal": "gold" } } },
        { "type": "item", "code": "beltbag-{category}-{subtype}-{type}", "attributes": { "types": { "leather": "pink", "metal": "gold" } } },
        { "type": "item", "code": "beltbag-{category}-{subtype}-{type}", "attributes": { "types": { "leather": "white", "metal": "gold" } } },
        { "type": "item", "code": "beltbag-{category}-{subtype}-{type}", "attributes": { "types": { "leather": "yellow", "metal": "gold" } } },
        { "type": "item", "code": "beltbag-{category}-{subtype}-{type}", "attributes": { "types": { "leather": "gray", "metal": "gold" } } },
        { "type": "item", "code": "beltbag-{category}-{subtype}-{type}", "attributes": { "types": { "leather": "green", "metal": "gold" } } },
        { "type": "item", "code": "beltbag-{category}-{subtype}-{type}", "attributes": { "types": { "leather": "plain", "metal": "silver" } } },
        { "type": "item", "code": "beltbag-{category}-{subtype}-{type}", "attributes": { "types": { "leather": "orange", "metal": "silver" } } },
        { "type": "item", "code": "beltbag-{category}-{subtype}-{type}", "attributes": { "types": { "leather": "black", "metal": "silver" } } },
        { "type": "item", "code": "beltbag-{category}-{subtype}-{type}", "attributes": { "types": { "leather": "red", "metal": "silver" } } },
        { "type": "item", "code": "beltbag-{category}-{subtype}-{type}", "attributes": { "types": { "leather": "blue", "metal": "silver" } } },
        { "type": "item", "code": "beltbag-{category}-{subtype}-{type}", "attributes": { "types": { "leather": "purple", "metal": "silver" } } },
        { "type": "item", "code": "beltbag-{category}-{subtype}-{type}", "attributes": { "types": { "leather": "pink", "metal": "silver" } } },
        { "type": "item", "code": "beltbag-{category}-{subtype}-{type}", "attributes": { "types": { "leather": "white", "metal": "silver" } } },
        { "type": "item", "code": "beltbag-{category}-{subtype}-{type}", "attributes": { "types": { "leather": "yellow", "metal": "silver" } } },
        { "type": "item", "code": "beltbag-{category}-{subtype}-{type}", "attributes": { "types": { "leather": "gray", "metal": "silver" } } },
        { "type": "item", "code": "beltbag-{category}-{subtype}-{type}", "attributes": { "types": { "leather": "green", "metal": "silver" } } },
        { "type": "item", "code": "beltbag-{category}-{subtype}-{type}", "attributes": { "types": { "leather": "plain", "metal": "iron" } } },
        { "type": "item", "code": "beltbag-{category}-{subtype}-{type}", "attributes": { "types": { "leather": "orange", "metal": "iron" } } },
        { "type": "item", "code": "beltbag-{category}-{subtype}-{type}", "attributes": { "types": { "leather": "black", "metal": "iron" } } },
        { "type": "item", "code": "beltbag-{category}-{subtype}-{type}", "attributes": { "types": { "leather": "red", "metal": "iron" } } },
        { "type": "item", "code": "beltbag-{category}-{subtype}-{type}", "attributes": { "types": { "leather": "blue", "metal": "iron" } } },
        { "type": "item", "code": "beltbag-{category}-{subtype}-{type}", "attributes": { "types": { "leather": "purple", "metal": "iron" } } },
        { "type": "item", "code": "beltbag-{category}-{subtype}-{type}", "attributes": { "types": { "leather": "pink", "metal": "iron" } } },
        { "type": "item", "code": "beltbag-{category}-{subtype}-{type}", "attributes": { "types": { "leather": "white", "metal": "iron" } } },
        { "type": "item", "code": "beltbag-{category}-{subtype}-{type}", "attributes": { "types": { "leather": "yellow", "metal": "iron" } } },
        { "type": "item", "code": "beltbag-{category}-{subtype}-{type}", "attributes": { "types": { "leather": "gray", "metal": "iron" } } },
        { "type": "item", "code": "beltbag-{category}-{subtype}-{type}", "attributes": { "types": { "leather": "green", "metal": "iron" } } },
        { "type": "item", "code": "beltbag-{category}-{subtype}-{type}", "attributes": { "types": { "leather": "plain", "metal": "meteoriciron" } } },
        { "type": "item", "code": "beltbag-{category}-{subtype}-{type}", "attributes": { "types": { "leather": "orange", "metal": "meteoriciron" } } },
        { "type": "item", "code": "beltbag-{category}-{subtype}-{type}", "attributes": { "types": { "leather": "black", "metal": "meteoriciron" } } },
        { "type": "item", "code": "beltbag-{category}-{subtype}-{type}", "attributes": { "types": { "leather": "red", "metal": "meteoriciron" } } },
        { "type": "item", "code": "beltbag-{category}-{subtype}-{type}", "attributes": { "types": { "leather": "blue", "metal": "meteoriciron" } } },
        { "type": "item", "code": "beltbag-{category}-{subtype}-{type}", "attributes": { "types": { "leather": "purple", "metal": "meteoriciron" } } },
        { "type": "item", "code": "beltbag-{category}-{subtype}-{type}", "attributes": { "types": { "leather": "pink", "metal": "meteoriciron" } } },
        { "type": "item", "code": "beltbag-{category}-{subtype}-{type}", "attributes": { "types": { "leather": "white", "metal": "meteoriciron" } } },
        { "type": "item", "code": "beltbag-{category}-{subtype}-{type}", "attributes": { "types": { "leather": "yellow", "metal": "meteoriciron" } } },
        { "type": "item", "code": "beltbag-{category}-{subtype}-{type}", "attributes": { "types": { "leather": "gray", "metal": "meteoriciron" } } },
        { "type": "item", "code": "beltbag-{category}-{subtype}-{type}", "attributes": { "types": { "leather": "green", "metal": "meteoriciron" } } },
        { "type": "item", "code": "beltbag-{category}-{subtype}-{type}", "attributes": { "types": { "leather": "plain", "metal": "steel" } } },
        { "type": "item", "code": "beltbag-{category}-{subtype}-{type}", "attributes": { "types": { "leather": "orange", "metal": "steel" } } },
        { "type": "item", "code": "beltbag-{category}-{subtype}-{type}", "attributes": { "types": { "leather": "black", "metal": "steel" } } },
        { "type": "item", "code": "beltbag-{category}-{subtype}-{type}", "attributes": { "types": { "leather": "red", "metal": "steel" } } },
        { "type": "item", "code": "beltbag-{category}-{subtype}-{type}", "attributes": { "types": { "leather": "blue", "metal": "steel" } } },
        { "type": "item", "code": "beltbag-{category}-{subtype}-{type}", "attributes": { "types": { "leather": "purple", "metal": "steel" } } },
        { "type": "item", "code": "beltbag-{category}-{subtype}-{type}", "attributes": { "types": { "leather": "pink", "metal": "steel" } } },
        { "type": "item", "code": "beltbag-{category}-{subtype}-{type}", "attributes": { "types": { "leather": "white", "metal": "steel" } } },
        { "type": "item", "code": "beltbag-{category}-{subtype}-{type}", "attributes": { "types": { "leather": "yellow", "metal": "steel" } } },
        { "type": "item", "code": "beltbag-{category}-{subtype}-{type}", "attributes": { "types": { "leather": "gray", "metal": "steel" } } },
        { "type": "item", "code": "beltbag-{category}-{subtype}-{type}", "attributes": { "types": { "leather": "green", "metal": "steel" } } }
      ]
    }
  ],
  "renderAlphaTest": "0.25",
  "tpHandTransform": { "translation": { "x": 0, "y": "-0.05", "z": 0 }, "rotation": { "x": 0, "y": 180, "z": 48 }, "origin": { "x": 0, "y": 0, "z": 0 }, "scale": 1 },
  "guiTransform": { "translation": { "x": 0, "y": 0, "z": 0 }, "rotation": { "x": 48, "y": 0, "z": 33 }, "origin": { "x": "-0.02", "y": "-0.05", "z": 0 }, "scaleXyz": { "x": "-3.32", "y": "3.32", "z": "3.32" } },
  "groundTransform": { "translation": { "x": 0, "y": 0, "z": 0 }, "rotation": { "x": 90, "y": 0, "z": 0 }, "origin": { "x": 0, "y": 0, "z": "0.1" }, "scale": 4 }
}
