﻿[
	{
		"op": "add",
		"path": "/attributes/salveProperties",
		"value": {
			"isSalveThickener": true,
			"langCode": "ancienttools:blockhelp-insert-thickener"
		},
		"file": "game:itemtypes/resource/beeswax",
		"side": "Server",
		"condition": { "when": "SalveEnabled", "isValue": "true" }
	},
	{
		"op": "add",
		"path": "/attributes/handbook",
		"value": {
			extraSections: [{
				title: "ancienttools:handbook-usedfor-handbookinfo",
				text: "ancienttools:handbook-salve-craftinfo-dot"
			}],
		},
		"file": "game:itemtypes/resource/beeswax",
		"side": "Server",
		"condition": { "when": "SalveEnabled", "isValue": "true" }
	},
	{
		"op": "add",
		"path": "/behaviors",
		"value": [
			{ 
				name: "ConvertBlockUsingIngredient", 
				properties: {
					convertFromBlockCode: "game:claypot-{color}-fired",
					convertToBlockCode: "ancienttools:salvepot-{color}-empty",
					"wildcard": "color",
					"quantityNeeded": 1
				}
			}
		],
		"file": "game:itemtypes/resource/beeswax",
		"side": "Server",
		"condition": { "when": "SalveEnabled", "isValue": "true" }
	},
	{
		"op": "add",
		"path": "/behaviors/-",
		"value": { 
			name: "ConvertBlockUsingIngredient", 
			properties: {
				convertFromBlockCode: "game:dirtyclaypot-{color}-empty",
				convertToBlockCode: "ancienttools:salvepot-{color}-residuecovered",
				"wildcard": "color",
				"quantityNeeded": 1
			}
		},
		"file": "game:itemtypes/resource/beeswax",
		"side": "Server",
		"condition": { "when": "SalveEnabled", "isValue": "true" }
	},
]