﻿[
	{
		"op": "add",
		"path": "/attributes/isPitchGrass",
		"value": true,
		"file": "game:itemtypes/resource/drygrass",
		"side": "Server",
	},
	{
		"op": "add",
		"path": "/attributes/handbook",
		"value": {
			extraSections: [{
				title: "ancienttools:handbook-usedfor-handbookinfo",
				text: "ancienttools:handbook-mixingpitch-craftinfo-dot"
			}],
		},
		"file": "game:itemtypes/resource/drygrass",
		"side": "Server",
	},
	{
		"op": "add",
		"path": "/behaviors",
		"value": [
			{ 
				name: "ConvertBlockUsingIngredient", 
				properties: {
					convertFromBlockCode: "game:claypot-{color}-fired",
					convertToBlockCode: "ancienttools:salvepot-{color}-empty",
					"wildcard": "color",
					"quantityNeeded": 1
				}
			}
		],
		"file": "game:itemtypes/resource/drygrass",
		"side": "Server",
	}
]