﻿[
	{
		"op": "add",
		"path": "/attributes/salveProperties",
		"value": {
			"isSalveOil": true,
			"langCode": "ancienttools:blockhelp-insert-oil"
		},
		"file": "game:itemtypes/resource/fat",
		"side": "Server",
		"condition": { "when": "SalveEnabled", "isValue": "true" }
	},
	{
		"op": "add",
		"path": "/attributes/handbook",
		"value": {
			extraSections: [{
				title: "ancienttools:handbook-usedfor-handbookinfo",
				text: "ancienttools:handbook-salve-craftinfo-dot"
			}],
		},
		"file": "game:itemtypes/resource/fat",
		"side": "Server",
		"condition": { "when": "SalveEnabled", "isValue": "true" }
	},
	{
		"op": "add",
		"path": "/attributes/canSealPrimitiveBarrel",
		"value": true,
		"file": "game:itemtypes/resource/fat",
		"side": "Server",
	},
	{
		"op": "add",
		"path": "/behaviors/-",
		"value": { 
			name: "ConvertBlockUsingIngredient", 
			properties: {
				convertFromBlockCode: "game:claypot-{color}-fired",
					convertToBlockCode: "ancienttools:salvepot-{color}-empty",
					"wildcard": "color",
					"quantityNeeded": 1
			} 
		},
		"file": "game:itemtypes/resource/fat",
		"side": "Server",
		"condition": { "when": "SalveEnabled", "isValue": "true" }
	},
	{
		"op": "add",
		"path": "/behaviors/-",
		"value": { 
			name: "ConvertBlockUsingIngredient", 
			properties: {
				convertFromBlockCode: "game:dirtyclaypot-{color}-empty",
				convertToBlockCode: "ancienttools:salvepot-{color}-residuecovered",
				"wildcard": "color",
				"quantityNeeded": 1
			}
		},
		"file": "game:itemtypes/resource/fat",
		"side": "Server",
		"condition": { "when": "SalveEnabled", "isValue": "true" }
	},
	{
		"op": "add",
		"path": "/behaviors/-",
		"value": { 
			name: "ConvertBlockUsingIngredient", 
			properties: {
				convertFromBlockCode: "ancienttools:logbarrel-{wood}-4",
				convertToBlockCode: "ancienttools:logbarrel-{wood}-sealed",
				"wildcard": "wood",
				"quantityNeeded": 1
			}
		},
		"file": "game:itemtypes/resource/fat",
		"side": "Server"
	}
]