﻿[
	{
		"op": "addmerge",
		"path": "/behaviorsByType",
		"value": {
			"@hide-raw-bear-(black|brown|panda|polar|sun)-(body|complete)": [
				{ "name": "ConvertHide" },
				{ name: "GroundStorable", properties: { layout: 'SingleCenter', collisionBox: { x1: 0, y1: 0, z1: 0, x2: 1, y2: 0.1, z2: 1 } } }
			],
			"@hide-salted-bear-(black|brown|panda|polar|sun)-(body|complete)": [
				{ "name": "ConvertHide" },
				{ name: "GroundStorable", properties: { layout: 'SingleCenter', collisionBox: { x1: 0, y1: 0, z1: 0, x2: 1, y2: 0.1, z2: 1 } } }
			]
		},
		"file": "game:itemtypes/resource/hide-species",
		"side": "Server"
	},
    {
		"op": "add",
		"path": "/attributes/stretchableShapeByType",
		"value": {
			"@hide-soaked-bear-(black|brown|panda|polar|sun)-(body|complete)": "ancienttools:shapes/block/stretchingframe/resourceshapes/meshhide/{species}bearhide{form}_meshhide"
		},
		"file": "game:itemtypes/resource/hide-species",
		"side": "Server"
	},
	{
		"op": "add",
		"path": "/liquidSelectable",
		"value": 1,
		"file": "game:itemtypes/resource/hide-species",
		"side": "Server"
	},
]