﻿[
	{
		"op": "addmerge",
		"path": "/behaviorsByType",
		"value": {
			"*-raw-*": [
				{ "name": "ConvertHide" },
				{ name: "GroundStorable", properties: { layout: 'SingleCenter', collisionBox: { x1: 0, y1: 0, z1: 0, x2: 1, y2: 0.1, z2: 1 } } }
			],
			"*-salted-*": [
				{ "name": "ConvertHide" },
				{ name: "GroundStorable", properties: { layout: 'SingleCenter', collisionBox: { x1: 0, y1: 0, z1: 0, x2: 1, y2: 0.1, z2: 1 } } }
			]
		},
		"file": "game:itemtypes/resource/hide",
		"side": "Server"
	},
	{
		"op": "addmerge",
		"path": "/behaviorsByType/*-raw-*/-",
		"value": {
			"name": "IC_UseOnLiquidContainer",
			"properties": {
			"outputStack": { "type": "block", "code": "ancienttools:hidewatersack-soaked-{size}", "quantity": 1 },
			"liquidStack": { "type": "item", "code": "waterportion" },
			"actionLangCode": "game:heldhelp-fill",
			"sound": "sounds/effect/water-fill",
			"consumeLiters": 10,
			"ingredientQuantity": 1,
			"spawnParticles": true
			}
		},
		"file": "game:itemtypes/resource/hide",
		"side": "Server",
		"dependsOn": [{"modid": "immersivecrafting"}]
	},
	{
		"op": "addmerge",
		"path": "/behaviorsByType/*-salted-*/-",
		"value": {
			"name": "IC_UseOnLiquidContainer",
			"properties": {
			"outputStack": { "type": "block", "code": "ancienttools:hidewatersack-soaked-{size}", "quantity": 1 },
			"liquidStack": { "type": "item", "code": "waterportion" },
			"actionLangCode": "game:heldhelp-fill",
			"sound": "sounds/effect/water-fill",
			"consumeLiters": 10,
			"ingredientQuantity": 1,
			"spawnParticles": true
			}
		},
		"file": "game:itemtypes/resource/hide",
		"side": "Server",
		"dependsOn": [{"modid": "immersivecrafting"}]
	},
	{
		"op": "add",
		"path": "/attributes/stretchableShapeByType",
		"value": {
			"@hide-(raw|salted|soaked|scraped|prepared|oiled|pelt)-(small|medium|large|huge)": "ancienttools:shapes/block/stretchingframe/resourceshapes/meshhide/{type}hide_meshhide"
		},
		"file": "game:itemtypes/resource/hide",
		"side": "Server"
	},
	{
		"op": "add",
		"path": "/liquidSelectable",
		"value": 1,
		"file": "game:itemtypes/resource/hide",
		"side": "Server"
	},
	{
		"op": "replace",
		"path": "/combustiblePropsByType/*-brained-*/meltingDuration",
		"value": 1200,
		"file": "ancienttools:itemtypes/resources/hide",
		"side": "Server",
		"condition": { "when": "BrainedHideSmokingSeconds", "useValue": true }
	},
	{
		"op": "addmerge",
		"path": "/attributes/handbook/createdByByType",
		"value": {
			"@hide-(soaked|scraped)-(small|medium|large|huge)": "ancienttools:handbook-nativetanning-craftinfo"
		},
		"file": "game:itemtypes/resource/hide",
		"side": "Server",
	}
]