﻿[
    {
		"op": "add",
		"path": "/attributes/isPitchCharcoalByType",
		"value": {
			"*-charcoal": true
		},
		"file": "game:itemtypes/resource/crushed/powder",
		"side": "Server",
	},
	{
		"op": "add",
		"path": "/attributes/handbookByType",
		"value": {
			"*-charcoal": {
				extraSections: [{
					title: "ancienttools:handbook-usedfor-handbookinfo",
					text: "ancienttools:handbook-mixingpitch-craftinfo-dot"
				}],
			}
		},
		"file": "game:itemtypes/resource/crushed/powder",
		"side": "Server",
	},
	{
		"op": "add",
		"path": "/behaviors/-",
		"value": {
			name: "ConvertBlockUsingIngredient",
			propertiesByType: {
				"*-charcoal": {
					convertFromBlockCode: "game:claypot-{color}-fired",
					convertToBlockCode: "ancienttools:pitchpot-{color}-empty",
					"wildcard": "color",
					"quantityNeeded": 1
				}
			}
		},
		"file": "game:itemtypes/resource/crushed/powder",
		"side": "Server"
	},
	{
		"op": "add",
		"path": "/behaviors/-",
		"value": {
			name: "ConvertBlockUsingIngredient",
			propertiesByType: {
				"*-charcoal": {
					convertFromBlockCode: "game:dirtyclaypot-{color}-empty",
					convertToBlockCode: "ancienttools:pitchpot-{color}-residuecovered",
					"wildcard": "color",
					"quantityNeeded": 1
				}
			}
		},
		"file": "game:itemtypes/resource/crushed/powder",
		"side": "Server"
	}
]