﻿[
	{
		"op": "add",
		"path": "/attributesByType/stone-chalk/mortarProperties",
		"value": {
			shapePath: "ancienttools:shapes/block/mortar/resourceshapes/resource_game_stone_{rock}",
			texturePaths: [{ code: "{rock}", path: "game:block/stone/rock/{rock}1" }],
			groundStack: { type: "item", code: "game:lime" },
			resultQuantity: 1
		},
		"file": "game:itemtypes/resource/stone",
		"side": "Server",
	},
	{
		"op": "add",
		"path": "/attributesByType/stone-limestone/mortarProperties",
		"value": {
			shapePath: "ancienttools:shapes/block/mortar/resourceshapes/resource_game_stone_{rock}",
			texturePaths: [{ code: "{rock}", path: "game:block/stone/rock/{rock}1" }],
			groundStack: { type: "item", code: "game:lime" },
			resultQuantity: 1
		},
		"file": "game:itemtypes/resource/stone",
		"side": "Server",
	},
	{
		"op": "addmerge",
		"path": "/attributesByType/*-whitemarble",
		"value": {
			"mortarProperties": {
				shapePath: "ancienttools:shapes/block/mortar/resourceshapes/resource_game_stone_{rock}",
				texturePaths: [{ code: "{rock}", path: "game:block/stone/rock/{rock}1" }],
				groundStack: { type: "item", code: "game:lime" },
				resultQuantity: 1
			}
		},
		"file": "game:itemtypes/resource/stone",
		"side": "Server",
	},
	{
		"op": "addmerge",
		"path": "/attributesByType/*-redmarble",
		"value": {
			"mortarProperties": {
				shapePath: "ancienttools:shapes/block/mortar/resourceshapes/resource_game_stone_{rock}",
				texturePaths: [{ code: "{rock}", path: "game:block/stone/rock/{rock}1" }],
				groundStack: { type: "item", code: "game:lime" },
				resultQuantity: 1
			}
		},
		"file": "game:itemtypes/resource/stone",
		"side": "Server",
	},
	{
		"op": "addmerge",
		"path": "/attributesByType/*-greenmarble",
		"value": {
			"mortarProperties": {
				shapePath: "ancienttools:shapes/block/mortar/resourceshapes/resource_game_stone_{rock}",
				texturePaths: [{ code: "{rock}", path: "game:block/stone/rock/{rock}1" }],
				groundStack: { type: "item", code: "game:lime" },
				resultQuantity: 1
			}
		},
		"file": "game:itemtypes/resource/stone",
		"side": "Server",
	},
	{
		"op": "addmerge",
		"path": "/attributesByType/*-halite",
		"value": {
			"mortarProperties": {
				shapePath: "ancienttools:shapes/block/mortar/resourceshapes/resource_game_stone_{rock}",
				texturePaths: [{ code: "{rock}", path: "game:block/stone/rock/{rock}1" }],
				groundStack: { type: "item", code: "game:salt" },
				resultQuantity: 2
			}
		},
		"file": "game:itemtypes/resource/stone",
		"side": "Server",
	}
]