[
	{
		"name": "Crude door",
		"ingredientPattern": "AS,PS,PS",
		"ingredients": {
			"A": { "type": "item", "code": "aa-axe-*", "isTool": true  },
			"P": { "type": "block", "code": "game:log-placed-*-ud" },
			"S": { "type": "item", "code": "game:stick" }
		},
		"width": 2,
		"height": 3,
		"output": { "type": "block", "code": "game:door-crude"  }
	},
	{
		"name": "Crude door",
		"ingredientPattern": "AS,PS,PS",
		"ingredients": {
			"A": { "type": "item", "code": "aa-axe-*", "isTool": true  },
			"P": { "type": "block", "code": "game:logsection-placed-*"},
			"S": { "type": "item", "code": "game:stick" }
		},
		"width": 2,
		"height": 3,
		"output": { "type": "block", "code": "game:door-crude"  }
	}
]
