[
	{
		"ingredientPattern": "A,L",
		"ingredients": {
			"A": { "type": "item", "code": "aa-axe-*", "isTool": true  },
			"L": { "type": "block", "code": "game:log-*", "allowedVariants": ["placed-birch-ud", "placed-oak-ud", "placed-maple-ud", "placed-pine-ud", "placed-acacia-ud", "placed-redwood-ud", "placed-larch-ud", "placed-baldcypress-ud", "placed-walnut-ud"] }
		},
		"width": 1,
		"height": 2,
		"output": { "type": "item", "code": "game:firewood", "quantity": 4  }
	},
	{
		"ingredientPattern": "A,L",
		"ingredients": {
			"A": { "type": "item", "code": "aa-axe-*", "isTool": true  },
			"L": { "type": "block", "code": "game:log-placed-aged-ud" }
		},
		"width": 1,
		"height": 2,
		"output": { "type": "item", "code": "game:agedfirewood", "quantity": 4  }
	},
	{
		"ingredientPattern": "A,L",
		"ingredients": {
			"A": { "type": "item", "code": "aa-axe-*", "isTool": true  },
			"L": { "type": "block", "code": "game:logsection-placed-*" }
		},
		"width": 1,
		"height": 2,
		"output": { "type": "item", "code": "game:firewood", "quantity": 4  }
	},
	{
		"ingredientPattern": "A,L",
		"ingredients": {
			"A": { "type": "item", "code": "aa-axe-*", "isTool": true  },
			"L": { "type": "block", "code": "game:log-*", "allowedVariants": ["placed-kapok-ud", "placed-purpleheart-ud", "placed-ebony-ud"] }
		},
		"recipeGroup": 1,
		"width": 1,
		"height": 2,
		"name": "Kapok Firewood",
		"output": { "type": "item", "code": "game:firewood", "quantity": 3  }
	},
	{
		"ingredientPattern": "A,L",
		"ingredients": {
			"A": { "type": "item", "code": "aa-axe-*", "isTool": true  },
			"L": { "type": "block", "code": "game:flotsam-driftwood-1" }
		},
		"recipeGroup": 2,
		"width": 1,
		"height": 2,
		"output": { "type": "item", "code": "game:firewood", "quantity": 1  }
	},
	{
		"ingredientPattern": "A,L",
		"ingredients": {
			"A": { "type": "item", "code": "aa-axe-*", "isTool": true  },
			"L": { "type": "block", "code": "game:flotsam-driftwood-2" }
		},
		"recipeGroup": 2,
		"width": 1,
		"height": 2,
		"output": { "type": "item", "code": "game:firewood", "quantity": 1  }
	},
	{
		"ingredientPattern": "A,L",
		"ingredients": {
			"A": { "type": "item", "code": "aa-axe-*", "isTool": true  },
			"L": { "type": "block", "code": "game:flotsam-driftwood-3" }
		},
		"recipeGroup": 2,
		"width": 1,
		"height": 2,
		"output": { "type": "item", "code": "game:firewood", "quantity": 3  }
	}
]