[
	{
		"ingredientPattern": "_A_,GGG,GGG",
		"ingredients": {
			"A": { "type": "item", "code": "aa-axe-*", "isTool": true  },
			"G": { "type": "block", "code": "game:log-placed-*-ud", "name": "wood" }
		},
		"width": 3,
		"height": 3,
		"output": { "type": "block", "code": "game:logquad-placed-{wood}-ud", "quantity": 6  }
	},
	{
		"ingredientPattern": "AG,GG",
		"ingredients": {
			"A": { "type": "item", "code": "aa-axe-*", "isTool": true  },
			"G": { "type": "block", "code": "game:logquad-placed-*-ud", "name": "wood" }
		},
		"width": 2,
		"height": 2,
		"output": { "type": "block", "code": "game:logquad-barkedcorner-{wood}-north", "quantity": 3  }
	},
	{
		"ingredientPattern": "__G,_AG,GGG",
		"ingredients": {
			"A": { "type": "item", "code": "aa-axe-*", "isTool": true  },
			"G": { "type": "block", "code": "game:logquad-placed-*-ud", "name": "wood" }
		},
		"width": 3,
		"height": 3,
		"recipeGroup": 1,
		"output": { "type": "block", "code": "game:logquad-barkedcorner-{wood}-north", "quantity": 5  }
	},

	{
		"ingredientPattern": "_A_,GGG,GGG",
		"ingredients": {
			"A": { "type": "item", "code": "aa-axe-*", "isTool": true  },
			"G": { "type": "block", "code": "game:debarkedlog-*-ud", "name": "wood", "skipVariants": ["veryaged", "veryagedrotten"] }
		},
		"width": 3,
		"height": 3,
		"output": { "type": "block", "code": "game:logquad-debarked-{wood}-ud", "quantity": 6  }
	},
	{
		"ingredientPattern": "AG,GG",
		"ingredients": {
			"A": { "type": "item", "code": "aa-axe-*", "isTool": true  },
			"G": { "type": "block", "code": "game:logquad-debarked-*-ud", "name": "wood" }
		},
		"width": 2,
		"height": 2,
		"output": { "type": "block", "code": "game:logquad-debarkedcorner-{wood}-north", "quantity": 3  }
	},
	{
		"ingredientPattern": "__G,_AG,GGG",
		"ingredients": {
			"A": { "type": "item", "code": "aa-axe-*", "isTool": true  },
			"G": { "type": "block", "code": "game:logquad-debarked-*-ud", "name": "wood" }
		},
		"width": 3,
		"height": 3,
		"recipeGroup": 1,
		"output": { "type": "block", "code": "game:logquad-debarkedcorner-{wood}-north", "quantity": 5  }
	}
]