[
	{
		"ingredientPattern": "KB",
		"ingredients": {
			"K": { "type": "item", "code": "aa-knife-*", "isTool": true },
			"B": { "type": "block", "code": "game:stationarybasket-east", "attributes": { "type": "reed" } }
		},
		"name": "basket",
		"width": 2,
		"height": 1,
		"shapeless": true,
		"output": { "type": "item", "code": "game:cattailtops", "quantity": 12  }
	},
	{
		"ingredientPattern": "KB",
		"ingredients": {
			"K": { "type": "item", "code": "aa-knife-*", "isTool": true },
			"B": { "type": "block", "code": "game:stationarybasket-east", "attributes": { "type": "papyrus" } }
		},
		"name": "basket",
		"width": 2,
		"height": 1,
		"shapeless": true,
		"output": { "type": "item", "code": "game:papyrustops", "quantity": 12  }
	}
]