[
  {
    "op": "add",
    "path": "/structures/-",
    "value":   {
      "code": "tradercavaran",
      "group": "trader",
      "minGroupDistance": 700,
      "name": "Trader Wagon",
      "chance": 0.030,
      "offsetY": 0,
      "schematics": [
        "bettertraders:overground/bricklayers/*"
      ],
      "buildProtected": true,
      "buildProtectionName": "Trader",
      "buildProtectionDesc": "Trader Perimenter",
      "replacewithblocklayers": [
        "game:packeddirt",
        "game:cob-none"
      ],
      "postPass": true,
      "suppressTrees": true,
      "minTemp": -12,
      "placement": "surface"
    },
    "file": "bettertraders:worldgen/structures.json",
    "side": "Server",
    "dependsOn": [
      {
        "modid": "bricklayers"
      }
    ]
  }
]