{
	"editor": {
		"allAngles": false,
		"entityTextureMode": false
	},
	"textureWidth": 16,
	"textureHeight": 16,
	"textureSizes": {
	},
	"textures": {
		"metalbolts": "H:/VintageStory 1.20.4/assets/survival/textures/block/metal/sheet-plain/metalbolts",
		"roughmetal": "H:/VintageStory 1.20.4/assets/survival/textures/block/metal/sheet-plain/roughmetal",
		"cleanmetal": "H:/VintageStory 1.20.4/assets/survival/textures/block/metal/sheet-plain/cleanmetal",
		"spoutshadow": "H:/VintageStory 1.20.4/assets/survival/textures/block/metal/sheet-plain/spoutshadow"
	},
	"elements": [
		{
			"name": "Origin",
			"from": [ 8.0, 0.0, 8.0 ],
			"to": [ 9.0, 1.0, 9.0 ],
			"rotationOrigin": [ 8.0, 0.0, 8.0 ],
			"faces": {
			},
			"children": [
				{
					"name": "Base",
					"from": [ -3.0, 0.0, -3.0 ],
					"to": [ 3.0, 1.0, 3.0 ],
					"rotationOrigin": [ -3.0, 0.0, -3.0 ],
					"faces": {
						"north": { "texture": "#cleanmetal", "uv": [ 1.0, 9.5, 7.0, 10.5 ] },
						"east": { "texture": "#cleanmetal", "uv": [ 9.5, 5.5, 15.5, 6.5 ] },
						"south": { "texture": "#cleanmetal", "uv": [ 8.5, 10.5, 14.5, 11.5 ] },
						"west": { "texture": "#cleanmetal", "uv": [ 0.0, 6.5, 6.0, 7.5 ] },
						"up": { "texture": "#cleanmetal", "uv": [ 0.0, 8.0, 6.0, 14.0 ] }
					},
					"children": [
						{
							"name": "BaseSupportN",
							"from": [ 1.5, 0.0, -2.0 ],
							"to": [ 4.5, 1.0, 0.0 ],
							"rotationOrigin": [ 3.0, 0.0, -1.0 ],
							"faces": {
								"north": { "texture": "#cleanmetal", "uv": [ 0.5, 14.0, 3.5, 15.0 ] },
								"east": { "texture": "#cleanmetal", "uv": [ 0.0, 7.5, 2.0, 8.5 ] },
								"west": { "texture": "#cleanmetal", "uv": [ 7.0, 11.0, 9.0, 12.0 ] },
								"up": { "texture": "#cleanmetal", "uv": [ 8.0, 11.5, 11.0, 13.5 ] }
							},
							"children": [
								{
									"name": "Cube10",
									"from": [ 1.25, -1.0, 0.5 ],
									"to": [ 1.75, 2.0, 1.0 ],
									"rotationOrigin": [ 1.5, -1.0, 0.75 ],
									"rotationY": 45.0,
									"faces": {
										"north": { "texture": "#metalbolts", "uv": [ 6.0, 2.0, 6.5, 5.0 ] },
										"east": { "texture": "#metalbolts", "uv": [ 2.5, 12.0, 3.0, 15.0 ] },
										"south": { "texture": "#metalbolts", "uv": [ 12.5, 0.0, 13.0, 3.0 ] },
										"west": { "texture": "#metalbolts", "uv": [ 2.5, 11.0, 3.0, 14.0 ] },
										"up": { "texture": "#metalbolts", "uv": [ 10.5, 0.5, 11.0, 1.0 ] }
									}
								}
							]
						},
						{
							"name": "BaseSupportS",
							"from": [ 1.5, 0.0, 6.0 ],
							"to": [ 4.5, 1.0, 8.0 ],
							"rotationOrigin": [ 3.0, 0.0, 7.0 ],
							"faces": {
								"east": { "texture": "#cleanmetal", "uv": [ 3.0, 5.5, 5.0, 6.5 ] },
								"south": { "texture": "#cleanmetal", "uv": [ 11.0, 2.5, 14.0, 3.5 ] },
								"west": { "texture": "#cleanmetal", "uv": [ 8.0, 2.0, 10.0, 3.0 ] },
								"up": { "texture": "#cleanmetal", "uv": [ 1.0, 1.5, 4.0, 3.5 ] }
							},
							"children": [
								{
									"name": "Cube11",
									"from": [ 1.25, -1.0, 1.0 ],
									"to": [ 1.75, 2.0, 1.5 ],
									"rotationOrigin": [ 1.5, -1.0, 1.25 ],
									"rotationY": 45.0,
									"faces": {
										"north": { "texture": "#metalbolts", "uv": [ 1.0, 10.0, 1.5, 13.0 ] },
										"east": { "texture": "#metalbolts", "uv": [ 4.0, 9.0, 4.5, 12.0 ] },
										"south": { "texture": "#metalbolts", "uv": [ 13.5, 10.0, 14.0, 13.0 ] },
										"west": { "texture": "#metalbolts", "uv": [ 6.5, 9.0, 7.0, 12.0 ] },
										"up": { "texture": "#metalbolts", "uv": [ 7.5, 0.0, 8.0, 0.5 ] }
									}
								}
							]
						},
						{
							"name": "CentralCylindarBottom",
							"from": [ 1.0, 1.0, 1.0 ],
							"to": [ 5.0, 7.0, 5.0 ],
							"rotationOrigin": [ 1.0, 1.0, 0.0 ],
							"faces": {
								"north": { "texture": "#roughmetal", "uv": [ 0.5, 1.0, 4.5, 7.0 ], "autoUv": false },
								"east": { "texture": "#roughmetal", "uv": [ 6.0, 10.0, 10.0, 16.0 ] },
								"south": { "texture": "#roughmetal", "uv": [ 1.5, 0.5, 5.5, 6.5 ] },
								"west": { "texture": "#roughmetal", "uv": [ 11.5, 6.0, 15.5, 12.0 ] }
							},
							"children": [
								{
									"name": "BottomW",
									"from": [ -1.0, 0.0, 1.0 ],
									"to": [ 0.0, 6.0, 3.0 ],
									"rotationOrigin": [ -1.0, 0.0, 2.0 ],
									"faces": {
										"north": { "texture": "#cleanmetal", "uv": [ 3.5, 8.0, 4.5, 14.0 ] },
										"south": { "texture": "#cleanmetal", "uv": [ 11.5, 4.0, 12.5, 10.0 ] },
										"west": { "texture": "#cleanmetal", "uv": [ 12.0, 3.5, 14.0, 9.5 ] }
									}
								},
								{
									"name": "BottomE",
									"from": [ 4.0, 0.0, 1.0 ],
									"to": [ 5.0, 6.0, 3.0 ],
									"rotationOrigin": [ 4.0, 0.0, 2.0 ],
									"faces": {
										"north": { "texture": "#cleanmetal", "uv": [ 10.5, 1.5, 11.5, 7.5 ] },
										"east": { "texture": "#cleanmetal", "uv": [ 10.0, 3.0, 12.0, 9.0 ] },
										"south": { "texture": "#cleanmetal", "uv": [ 9.5, 7.0, 10.5, 13.0 ] }
									}
								},
								{
									"name": "BottomN",
									"from": [ 1.0, 0.0, -1.0 ],
									"to": [ 3.0, 6.0, 0.0 ],
									"rotationOrigin": [ 1.0, 0.0, 0.0 ],
									"faces": {
										"north": { "texture": "#cleanmetal", "uv": [ 13.5, 7.0, 15.5, 13.0 ] },
										"east": { "texture": "#cleanmetal", "uv": [ 4.0, 5.0, 5.0, 11.0 ] },
										"west": { "texture": "#cleanmetal", "uv": [ 5.0, 7.0, 6.0, 13.0 ] }
									}
								},
								{
									"name": "BottomS",
									"from": [ 1.0, 0.0, 4.0 ],
									"to": [ 3.0, 6.0, 5.0 ],
									"rotationOrigin": [ 1.0, 0.0, 5.0 ],
									"faces": {
										"east": { "texture": "#cleanmetal", "uv": [ 7.0, 7.5, 8.0, 13.5 ] },
										"south": { "texture": "#cleanmetal", "uv": [ 2.0, 8.5, 4.0, 14.5 ] },
										"west": { "texture": "#cleanmetal", "uv": [ 13.5, 0.5, 14.5, 6.5 ] }
									}
								}
							]
						},
						{
							"name": "BaseSupportW",
							"from": [ -2.0, 0.0, 1.5 ],
							"to": [ 0.0, 1.0, 4.5 ],
							"rotationOrigin": [ 0.0, 0.0, -1.0 ],
							"faces": {
								"north": { "texture": "#cleanmetal", "uv": [ 0.5, 2.5, 2.5, 3.5 ] },
								"south": { "texture": "#cleanmetal", "uv": [ 2.5, 12.0, 4.5, 13.0 ] },
								"west": { "texture": "#cleanmetal", "uv": [ 5.0, 12.0, 8.0, 13.0 ] },
								"up": { "texture": "#cleanmetal", "uv": [ 7.0, 6.5, 9.0, 9.5 ] }
							},
							"children": [
								{
									"name": "Cube12",
									"from": [ 0.5, -1.0, 1.25 ],
									"to": [ 1.0, 2.0, 1.75 ],
									"rotationOrigin": [ 0.75, -1.0, 1.5 ],
									"rotationY": 45.0,
									"faces": {
										"north": { "texture": "#metalbolts", "uv": [ 10.5, 11.5, 11.0, 14.5 ] },
										"east": { "texture": "#metalbolts", "uv": [ 0.0, 4.5, 0.5, 7.5 ] },
										"south": { "texture": "#metalbolts", "uv": [ 8.0, 8.5, 8.5, 11.5 ] },
										"west": { "texture": "#metalbolts", "uv": [ 2.0, 10.0, 2.5, 13.0 ] },
										"up": { "texture": "#metalbolts", "uv": [ 7.0, 2.5, 7.5, 3.0 ] }
									}
								}
							]
						},
						{
							"name": "BaseSupportE",
							"from": [ 6.0, 0.0, 1.5 ],
							"to": [ 8.0, 1.0, 4.5 ],
							"rotationOrigin": [ 8.0, 0.0, -1.0 ],
							"faces": {
								"north": { "texture": "#cleanmetal", "uv": [ 12.0, 9.5, 14.0, 10.5 ] },
								"east": { "texture": "#cleanmetal", "uv": [ 4.5, 8.5, 7.5, 9.5 ] },
								"south": { "texture": "#cleanmetal", "uv": [ 3.5, 10.5, 5.5, 11.5 ] },
								"up": { "texture": "#cleanmetal", "uv": [ 11.0, 1.0, 13.0, 4.0 ] }
							},
							"children": [
								{
									"name": "Cube13",
									"from": [ 1.0, -1.0, 1.25 ],
									"to": [ 1.5, 2.0, 1.75 ],
									"rotationOrigin": [ 1.25, -1.0, 1.5 ],
									"rotationY": 45.0,
									"faces": {
										"north": { "texture": "#metalbolts", "uv": [ 4.0, 11.5, 4.5, 14.5 ] },
										"east": { "texture": "#metalbolts", "uv": [ 13.5, 0.5, 14.0, 3.5 ] },
										"south": { "texture": "#metalbolts", "uv": [ 12.5, 1.0, 13.0, 4.0 ] },
										"west": { "texture": "#metalbolts", "uv": [ 13.0, 6.0, 13.5, 9.0 ] },
										"up": { "texture": "#metalbolts", "uv": [ 15.0, 1.0, 15.5, 1.5 ] }
									}
								}
							]
						},
						{
							"name": "CentralCylindarTop",
							"from": [ 0.5, 7.0, 0.5 ],
							"to": [ 5.5, 12.0, 5.5 ],
							"rotationOrigin": [ 1.0, 7.0, 0.0 ],
							"faces": {
								"north": { "texture": "#roughmetal", "uv": [ 5.0, 10.5, 10.0, 15.5 ] },
								"east": { "texture": "#roughmetal", "uv": [ 0.5, 1.0, 5.5, 6.0 ] },
								"south": { "texture": "#roughmetal", "uv": [ 4.0, 9.5, 9.0, 14.5 ] },
								"west": { "texture": "#roughmetal", "uv": [ 9.5, 3.5, 14.5, 8.5 ] },
								"down": { "texture": "#roughmetal", "uv": [ 4.5, 9.0, 9.5, 14.0 ] }
							},
							"children": [
								{
									"name": "TopW",
									"from": [ -1.0, 0.0, 1.0 ],
									"to": [ 0.0, 5.0, 4.0 ],
									"rotationOrigin": [ -1.0, 0.0, 2.0 ],
									"faces": {
										"north": { "texture": "#cleanmetal", "uv": [ 7.5, 7.5, 8.5, 12.5 ] },
										"south": { "texture": "#cleanmetal", "uv": [ 7.5, 3.5, 8.5, 8.5 ] },
										"west": { "texture": "#cleanmetal", "uv": [ 0.5, 4.0, 3.5, 9.0 ] },
										"down": { "texture": "#cleanmetal", "uv": [ 4.0, 10.0, 5.0, 13.0 ] }
									}
								},
								{
									"name": "TopE",
									"from": [ 5.0, 0.0, 1.0 ],
									"to": [ 6.0, 5.0, 4.0 ],
									"rotationOrigin": [ 5.0, 0.0, 2.0 ],
									"faces": {
										"north": { "texture": "#cleanmetal", "uv": [ 0.5, 3.5, 1.5, 8.5 ] },
										"east": { "texture": "#cleanmetal", "uv": [ 6.0, 10.0, 9.0, 15.0 ] },
										"south": { "texture": "#cleanmetal", "uv": [ 2.0, 5.0, 3.0, 10.0 ] },
										"down": { "texture": "#cleanmetal", "uv": [ 13.0, 7.5, 14.0, 10.5 ] }
									}
								},
								{
									"name": "TopN",
									"from": [ 1.0, 0.0, -1.0 ],
									"to": [ 4.0, 5.0, 0.0 ],
									"rotationOrigin": [ 1.0, 0.0, 0.0 ],
									"faces": {
										"north": { "texture": "#cleanmetal", "uv": [ 12.0, 4.0, 15.0, 9.0 ] },
										"east": { "texture": "#cleanmetal", "uv": [ 11.0, 5.0, 12.0, 10.0 ] },
										"west": { "texture": "#cleanmetal", "uv": [ 10.5, 6.5, 11.5, 11.5 ] },
										"down": { "texture": "#cleanmetal", "uv": [ 1.5, 1.5, 4.5, 2.5 ] }
									}
								},
								{
									"name": "TopS",
									"from": [ 1.0, 0.0, 5.0 ],
									"to": [ 4.0, 5.0, 6.0 ],
									"rotationOrigin": [ 1.0, 0.0, 6.0 ],
									"faces": {
										"east": { "texture": "#roughmetal", "uv": [ 2.0, 1.5, 3.0, 6.5 ] },
										"south": { "texture": "#roughmetal", "uv": [ 4.0, 0.5, 7.0, 5.5 ] },
										"west": { "texture": "#roughmetal", "uv": [ 14.0, 5.0, 15.0, 10.0 ] },
										"down": { "texture": "#roughmetal", "uv": [ 9.5, 0.5, 12.5, 1.5 ] }
									}
								},
								{
									"name": "SpoutBaseRing",
									"from": [ 1.5, 2.0, 6.0 ],
									"to": [ 3.5, 4.0, 7.0 ],
									"rotationOrigin": [ 2.5, 3.0, 6.0 ],
									"rotationZ": 45.0,
									"faces": {
										"east": { "texture": "#roughmetal", "uv": [ 10.0, 12.5, 11.0, 14.5 ] },
										"south": { "texture": "#roughmetal", "uv": [ 5.0, 12.5, 7.0, 14.5 ] },
										"west": { "texture": "#roughmetal", "uv": [ 2.5, 0.5, 3.5, 2.5 ] },
										"up": { "texture": "#roughmetal", "uv": [ 12.5, 5.5, 14.5, 6.5 ] },
										"down": { "texture": "#roughmetal", "uv": [ 6.5, 10.5, 8.5, 11.5 ] }
									},
									"children": [
										{
											"name": "SpoutPipeLong",
											"from": [ 0.25, 0.25, 1.0 ],
											"to": [ 1.75, 1.75, 8.0 ],
											"rotationOrigin": [ 1.0, 1.0, 1.0 ],
											"faces": {
												"east": { "texture": "#cleanmetal", "uv": [ 7.5, 0.5, 14.5, 2.0 ] },
												"west": { "texture": "#cleanmetal", "uv": [ 5.5, 6.5, 12.5, 8.0 ] },
												"up": { "texture": "#cleanmetal", "uv": [ 10.5, 3.5, 12.0, 10.5 ] },
												"down": { "texture": "#cleanmetal", "uv": [ 9.5, 8.5, 11.0, 15.5 ] }
											},
											"children": [
												{
													"name": "SpoutCorner",
													"from": [ -0.25, -0.25, 6.0 ],
													"to": [ 1.75, 1.75, 8.2 ],
													"rotationOrigin": [ 0.75, 0.75, 6.0 ],
													"faces": {
														"north": { "texture": "#roughmetal", "uv": [ 13.5, 11.0, 15.5, 13.0 ] },
														"east": { "texture": "#roughmetal", "uv": [ 14.0, 10.5, 16.0, 12.5 ] },
														"south": { "texture": "#roughmetal", "uv": [ 6.0, 1.0, 8.0, 3.0 ] },
														"west": { "texture": "#roughmetal", "uv": [ 9.5, 12.0, 11.5, 14.0 ] },
														"up": { "texture": "#roughmetal", "uv": [ 12.0, 4.5, 14.0, 6.5 ] },
														"down": { "texture": "#roughmetal", "uv": [ 1.5, 9.5, 3.5, 11.5 ] }
													},
													"children": [
														{
															"name": "SpoutPipeS",
															"from": [ 0.25, 0.25, 1.1 ],
															"to": [ 1.75, 1.75, 3.6 ],
															"rotationOrigin": [ 1.0, 1.0, 1.1 ],
															"rotationX": 90.0,
															"rotationY": -45.0,
															"rotationZ": 45.0,
															"faces": {
																"east": { "texture": "#cleanmetal", "uv": [ 11.0, 8.5, 13.5, 10.0 ] },
																"south": { "texture": "#spoutshadow", "uv": [ 3.5, 14.0, 5.0, 15.5 ] },
																"west": { "texture": "#cleanmetal", "uv": [ 8.5, 3.0, 11.0, 4.5 ] },
																"up": { "texture": "#cleanmetal", "uv": [ 8.5, 4.0, 10.0, 6.5 ] },
																"down": { "texture": "#cleanmetal", "uv": [ 0.0, 3.5, 1.5, 6.0 ] }
															},
															"children": [
																{
																	"name": "SpoutLipNW",
																	"from": [ -0.25, -0.25, 2.0 ],
																	"to": [ 0.25, 1.75, 3.0 ],
																	"rotationOrigin": [ 0.0, 0.0, 1.0 ],
																	"faces": {
																		"north": { "texture": "#roughmetal", "uv": [ 4.5, 11.5, 5.0, 13.5 ] },
																		"east": { "texture": "#roughmetal", "uv": [ 14.5, 0.5, 15.5, 2.5 ] },
																		"south": { "texture": "#roughmetal", "uv": [ 14.5, 5.0, 15.0, 7.0 ] },
																		"west": { "texture": "#roughmetal", "uv": [ 7.0, 10.0, 8.0, 12.0 ] },
																		"up": { "texture": "#roughmetal", "uv": [ 8.0, 9.5, 8.5, 10.5 ] },
																		"down": { "texture": "#roughmetal", "uv": [ 0.0, 2.0, 0.5, 3.0 ] }
																	}
																},
																{
																	"name": "SpoutLipSE",
																	"from": [ 1.25, -0.25, 2.0 ],
																	"to": [ 1.75, 1.75, 3.0 ],
																	"rotationOrigin": [ 1.0, 0.0, 1.0 ],
																	"faces": {
																		"north": { "texture": "#roughmetal", "uv": [ 14.0, 3.5, 14.5, 5.5 ] },
																		"east": { "texture": "#roughmetal", "uv": [ 6.0, 0.5, 7.0, 2.5 ] },
																		"south": { "texture": "#roughmetal", "uv": [ 6.5, 12.5, 7.0, 14.5 ] },
																		"west": { "texture": "#roughmetal", "uv": [ 6.0, 10.0, 7.0, 12.0 ] },
																		"up": { "texture": "#roughmetal", "uv": [ 14.0, 5.0, 14.5, 6.0 ], "autoUv": false },
																		"down": { "texture": "#roughmetal", "uv": [ 13.5, 14.0, 14.0, 15.0 ] }
																	}
																},
																{
																	"name": "SpoutLipNE",
																	"from": [ 0.25, -0.25, 2.0 ],
																	"to": [ 1.25, 0.25, 3.0 ],
																	"rotationOrigin": [ 1.0, 0.0, 1.0 ],
																	"faces": {
																		"north": { "texture": "#roughmetal", "uv": [ 11.0, 7.0, 12.0, 7.5 ] },
																		"south": { "texture": "#roughmetal", "uv": [ 7.0, 1.0, 8.0, 1.5 ] },
																		"up": { "texture": "#roughmetal", "uv": [ 4.0, 12.5, 5.0, 13.5 ] },
																		"down": { "texture": "#roughmetal", "uv": [ 2.5, 9.5, 3.5, 10.5 ] }
																	}
																},
																{
																	"name": "SpoutLipSW",
																	"from": [ 0.25, 1.25, 2.0 ],
																	"to": [ 1.25, 1.75, 3.0 ],
																	"rotationOrigin": [ 1.0, 2.0, 1.0 ],
																	"faces": {
																		"north": { "texture": "#roughmetal", "uv": [ 9.5, 7.0, 10.5, 7.5 ] },
																		"south": { "texture": "#roughmetal", "uv": [ 3.0, 12.0, 4.0, 12.5 ] },
																		"up": { "texture": "#roughmetal", "uv": [ 13.5, 5.5, 14.5, 6.5 ] },
																		"down": { "texture": "#roughmetal", "uv": [ 14.0, 7.5, 15.0, 8.5 ] }
																	}
																}
															]
														}
													]
												},
												{
													"name": "SpoutNipple",
													"from": [ 0.25, 0.25, 8.0 ],
													"to": [ 1.25, 1.25, 8.5 ],
													"rotationOrigin": [ 1.0, 1.1, 8.0 ],
													"faces": {
														"east": { "texture": "#roughmetal", "uv": [ 12.5, 4.5, 13.0, 5.5 ] },
														"south": { "texture": "#roughmetal", "uv": [ 9.5, 13.0, 10.5, 14.0 ] },
														"west": { "texture": "#roughmetal", "uv": [ 2.5, 3.5, 3.0, 4.5 ] },
														"up": { "texture": "#roughmetal", "uv": [ 8.5, 13.0, 9.5, 13.5 ] },
														"down": { "texture": "#roughmetal", "uv": [ 7.5, 14.5, 8.5, 15.0 ] }
													}
												}
											]
										}
									]
								}
							]
						},
						{
							"name": "HatBottom",
							"from": [ 0.0, 12.0, 0.0 ],
							"to": [ 6.0, 13.0, 6.0 ],
							"rotationOrigin": [ 1.0, 12.0, 0.0 ],
							"faces": {
								"north": { "texture": "#roughmetal", "uv": [ 7.0, 10.5, 13.0, 11.5 ] },
								"east": { "texture": "#roughmetal", "uv": [ 3.0, 2.5, 9.0, 3.5 ] },
								"south": { "texture": "#roughmetal", "uv": [ 2.5, 7.0, 8.5, 8.0 ] },
								"west": { "texture": "#roughmetal", "uv": [ 7.0, 11.0, 13.0, 12.0 ] },
								"up": { "texture": "#roughmetal", "uv": [ 5.5, 2.5, 11.5, 8.5 ] },
								"down": { "texture": "#roughmetal", "uv": [ 4.5, 2.0, 10.5, 8.0 ] }
							},
							"children": [
								{
									"name": "HatBottomW",
									"from": [ -1.0, 0.0, 1.0 ],
									"to": [ 0.0, 1.0, 5.0 ],
									"rotationOrigin": [ -1.0, 0.0, 2.0 ],
									"faces": {
										"north": { "texture": "#cleanmetal", "uv": [ 12.0, 4.5, 13.0, 5.5 ] },
										"south": { "texture": "#cleanmetal", "uv": [ 6.0, 14.5, 7.0, 15.5 ] },
										"west": { "texture": "#cleanmetal", "uv": [ 5.5, 0.0, 9.5, 1.0 ] },
										"up": { "texture": "#cleanmetal", "uv": [ 0.5, 1.0, 1.5, 5.0 ] },
										"down": { "texture": "#cleanmetal", "uv": [ 4.0, 7.5, 5.0, 11.5 ] }
									}
								},
								{
									"name": "HatBottomE",
									"from": [ 6.0, 0.0, 1.0 ],
									"to": [ 7.0, 1.0, 5.0 ],
									"rotationOrigin": [ 6.0, 0.0, 2.0 ],
									"faces": {
										"north": { "texture": "#cleanmetal", "uv": [ 10.5, 12.5, 11.5, 13.5 ] },
										"east": { "texture": "#cleanmetal", "uv": [ 5.5, 14.0, 9.5, 15.0 ] },
										"south": { "texture": "#cleanmetal", "uv": [ 4.0, 6.5, 5.0, 7.5 ] },
										"up": { "texture": "#cleanmetal", "uv": [ 8.5, 0.5, 9.5, 4.5 ] },
										"down": { "texture": "#cleanmetal", "uv": [ 10.0, 4.0, 11.0, 8.0 ] }
									}
								},
								{
									"name": "HatBottomN",
									"from": [ 1.5, 0.0, -2.0 ],
									"to": [ 4.5, 1.0, 0.0 ],
									"rotationOrigin": [ 1.0, 0.0, -1.0 ],
									"faces": {
										"north": { "texture": "#cleanmetal", "uv": [ 0.5, 14.5, 3.5, 15.5 ] },
										"east": { "texture": "#cleanmetal", "uv": [ 11.0, 8.0, 13.0, 9.0 ] },
										"west": { "texture": "#cleanmetal", "uv": [ 12.0, 13.5, 14.0, 14.5 ] },
										"up": { "texture": "#cleanmetal", "uv": [ 8.5, 3.0, 11.5, 5.0 ] },
										"down": { "texture": "#cleanmetal", "uv": [ 3.0, 11.0, 6.0, 13.0 ] }
									},
									"children": [
										{
											"name": "LeverCore",
											"from": [ 1.0, 0.0, 0.0 ],
											"to": [ 2.0, 1.0, 1.0 ],
											"rotationOrigin": [ 1.5, 1.0, 1.0 ],
											"rotationX": 45.0,
											"faces": {
												"north": { "texture": "#cleanmetal", "uv": [ 4.5, 13.5, 5.5, 14.5 ] },
												"south": { "texture": "#cleanmetal", "uv": [ 4.5, 14.0, 5.5, 15.0 ] },
												"up": { "texture": "#cleanmetal", "uv": [ 9.0, 1.0, 10.0, 2.0 ] },
												"down": { "texture": "#cleanmetal", "uv": [ 14.5, 3.5, 15.5, 4.5 ] }
											},
											"children": [
												{
													"name": "LeverCoreE",
													"from": [ 1.0, 0.0, -2.0 ],
													"to": [ 1.5, 1.0, 1.0 ],
													"rotationOrigin": [ 0.5, 1.0, 1.0 ],
													"faces": {
														"north": { "texture": "#cleanmetal", "uv": [ 13.0, 3.0, 13.5, 4.0 ] },
														"east": { "texture": "#cleanmetal", "uv": [ 10.0, 6.0, 13.0, 7.0 ] },
														"west": { "texture": "#cleanmetal", "uv": [ 4.5, 3.0, 7.5, 4.0 ] },
														"up": { "texture": "#cleanmetal", "uv": [ 3.5, 0.0, 4.0, 3.0 ] },
														"down": { "texture": "#cleanmetal", "uv": [ 6.5, 11.0, 7.0, 14.0 ] }
													}
												},
												{
													"name": "LeverCoreW",
													"from": [ -0.5, 0.0, -2.0 ],
													"to": [ 0.0, 1.0, 1.0 ],
													"rotationOrigin": [ 0.5, 1.0, 1.0 ],
													"faces": {
														"north": { "texture": "#cleanmetal", "uv": [ 10.0, 0.0, 10.5, 1.0 ] },
														"east": { "texture": "#cleanmetal", "uv": [ 8.5, 5.0, 11.5, 6.0 ] },
														"west": { "texture": "#cleanmetal", "uv": [ 12.0, 12.0, 15.0, 13.0 ] },
														"up": { "texture": "#cleanmetal", "uv": [ 13.5, 0.5, 14.0, 3.5 ] },
														"down": { "texture": "#cleanmetal", "uv": [ 14.5, 3.0, 15.0, 6.0 ] }
													}
												},
												{
													"name": "LeverMidUpper",
													"from": [ 0.0, 0.5, -1.5 ],
													"to": [ 1.0, 5.5, -0.5 ],
													"rotationOrigin": [ 0.5, 0.5, -1.0 ],
													"faces": {
														"north": { "texture": "#cleanmetal", "uv": [ 2.0, 6.0, 3.0, 11.0 ] },
														"east": { "texture": "#cleanmetal", "uv": [ 8.5, 8.0, 9.5, 13.0 ] },
														"south": { "texture": "#cleanmetal", "uv": [ 1.0, 2.5, 2.0, 7.5 ] },
														"west": { "texture": "#cleanmetal", "uv": [ 12.5, 9.5, 13.5, 14.5 ] },
														"up": { "texture": "#cleanmetal", "uv": [ 4.0, 1.5, 5.0, 2.5 ] }
													},
													"children": [
														{
															"name": "LeverUpper",
															"from": [ 0.01, 5.0, 0.0 ],
															"to": [ 0.99, 10.0, 1.0 ],
															"rotationOrigin": [ 0.5, 5.0, 0.5 ],
															"rotationX": 67.5,
															"faces": {
																"north": { "texture": "#cleanmetal", "uv": [ 4.5, 2.5, 5.5, 7.5 ], "autoUv": false },
																"east": { "texture": "#cleanmetal", "uv": [ 1.0, 2.0, 2.0, 7.0 ] },
																"south": { "texture": "#cleanmetal", "uv": [ 8.5, 2.0, 9.5, 7.0 ], "autoUv": false },
																"west": { "texture": "#cleanmetal", "uv": [ 3.0, 3.5, 4.0, 8.5 ] },
																"up": { "texture": "#cleanmetal", "uv": [ 13.5, 7.0, 14.5, 8.0 ], "autoUv": false },
																"down": { "texture": "#cleanmetal", "uv": [ 12.5, 0.5, 13.5, 1.5 ], "autoUv": false }
															},
															"children": [
																{
																	"name": "LeverUpperNipple",
																	"from": [ 0.25, 5.0, 0.25 ],
																	"to": [ 0.75, 6.0, 0.75 ],
																	"rotationOrigin": [ 0.5, 5.0, -0.5 ],
																	"faces": {
																		"north": { "texture": "#cleanmetal", "uv": [ 11.0, 8.5, 11.5, 9.5 ] },
																		"east": { "texture": "#cleanmetal", "uv": [ 10.0, 10.0, 10.5, 11.0 ] },
																		"south": { "texture": "#cleanmetal", "uv": [ 6.5, 7.0, 7.0, 8.0 ] },
																		"west": { "texture": "#cleanmetal", "uv": [ 11.5, 11.5, 12.0, 12.5 ] },
																		"up": { "texture": "#cleanmetal", "uv": [ 5.0, 2.0, 5.5, 2.5 ] }
																	}
																}
															]
														}
													]
												},
												{
													"name": "LeverMidLower",
													"from": [ 0.0, -5.5, -1.5 ],
													"to": [ 1.0, 0.5, -0.5 ],
													"rotationOrigin": [ 0.5, 0.5, -1.0 ],
													"faces": {
														"north": { "texture": "#cleanmetal", "uv": [ 1.5, 1.5, 2.5, 7.5 ], "autoUv": false },
														"east": { "texture": "#cleanmetal", "uv": [ 4.5, 0.0, 5.5, 6.0 ] },
														"south": { "texture": "#cleanmetal", "uv": [ 4.5, 3.0, 5.5, 9.0 ], "autoUv": false },
														"west": { "texture": "#cleanmetal", "uv": [ 8.0, 5.5, 9.0, 11.5 ] },
														"down": { "texture": "#cleanmetal", "uv": [ 12.5, 9.0, 13.5, 10.0 ] }
													},
													"children": [
														{
															"name": "LeverLower",
															"from": [ 0.01, -4.0, -1.0 ],
															"to": [ 0.99, 1.0, 0.0 ],
															"rotationOrigin": [ 0.5, 0.0, -0.5 ],
															"rotationX": 67.5,
															"faces": {
																"north": { "texture": "#cleanmetal", "uv": [ 3.0, 5.5, 4.0, 10.5 ], "autoUv": false },
																"east": { "texture": "#cleanmetal", "uv": [ 9.0, 1.0, 10.0, 6.0 ] },
																"south": { "texture": "#cleanmetal", "uv": [ 9.0, 4.0, 10.0, 9.0 ], "autoUv": false },
																"west": { "texture": "#cleanmetal", "uv": [ 8.0, 0.5, 9.0, 5.5 ] },
																"up": { "texture": "#cleanmetal", "uv": [ 9.5, 10.5, 10.5, 11.5 ], "autoUv": false },
																"down": { "texture": "#cleanmetal", "uv": [ 9.5, 13.5, 10.5, 14.5 ], "autoUv": false }
															},
															"children": [
																{
																	"name": "LeverLowerNipple",
																	"from": [ 0.25, -1.0, 0.25 ],
																	"to": [ 0.75, 0.0, 0.75 ],
																	"rotationOrigin": [ 0.5, -0.5, 1.5 ],
																	"faces": {
																		"north": { "texture": "#cleanmetal", "uv": [ 12.5, 5.5, 13.0, 6.5 ] },
																		"east": { "texture": "#cleanmetal", "uv": [ 4.5, 7.0, 5.0, 8.0 ] },
																		"south": { "texture": "#cleanmetal", "uv": [ 4.5, 9.5, 5.0, 10.5 ] },
																		"west": { "texture": "#cleanmetal", "uv": [ 9.0, 10.0, 9.5, 11.0 ] },
																		"down": { "texture": "#cleanmetal", "uv": [ 15.0, 10.5, 15.5, 11.0 ] }
																	}
																}
															]
														}
													]
												}
											]
										},
										{
											"name": "LeverRotationBar",
											"from": [ 0.0, 1.75, -1.0 ],
											"to": [ 3.0, 2.25, -0.5 ],
											"rotationOrigin": [ 1.5, 2.0, -0.75 ],
											"rotationX": 45.0,
											"faces": {
												"north": { "texture": "#metalbolts", "uv": [ 11.5, 3.5, 14.5, 4.0 ] },
												"east": { "texture": "#metalbolts", "uv": [ 1.5, 8.0, 2.0, 8.5 ] },
												"south": { "texture": "#metalbolts", "uv": [ 9.5, 15.0, 12.5, 15.5 ] },
												"west": { "texture": "#metalbolts", "uv": [ 15.0, 6.0, 15.5, 6.5 ] },
												"up": { "texture": "#metalbolts", "uv": [ 9.0, 5.5, 12.0, 6.0 ] },
												"down": { "texture": "#metalbolts", "uv": [ 0.5, 7.0, 3.5, 7.5 ] }
											}
										}
									]
								},
								{
									"name": "HatBottomS",
									"from": [ 1.0, 0.0, 6.0 ],
									"to": [ 5.0, 1.0, 7.0 ],
									"rotationOrigin": [ 1.0, 0.0, 7.0 ],
									"faces": {
										"east": { "texture": "#cleanmetal", "uv": [ 6.5, 11.5, 7.5, 12.5 ] },
										"south": { "texture": "#cleanmetal", "uv": [ 7.5, 13.0, 11.5, 14.0 ] },
										"west": { "texture": "#cleanmetal", "uv": [ 0.5, 0.5, 1.5, 1.5 ] },
										"up": { "texture": "#cleanmetal", "uv": [ 3.5, 6.5, 7.5, 7.5 ] },
										"down": { "texture": "#cleanmetal", "uv": [ 6.5, 11.5, 10.5, 12.5 ] }
									}
								}
							]
						},
						{
							"name": "HatTop",
							"from": [ 1.0, 13.0, 1.0 ],
							"to": [ 5.0, 14.0, 5.0 ],
							"rotationOrigin": [ 2.0, 13.0, 1.0 ],
							"faces": {
								"north": { "texture": "#roughmetal", "uv": [ 3.5, 0.0, 7.5, 1.0 ] },
								"east": { "texture": "#roughmetal", "uv": [ 8.0, 14.5, 12.0, 15.5 ] },
								"south": { "texture": "#roughmetal", "uv": [ 7.5, 6.5, 11.5, 7.5 ] },
								"west": { "texture": "#roughmetal", "uv": [ 3.0, 10.5, 7.0, 11.5 ] },
								"up": { "texture": "#roughmetal", "uv": [ 6.0, 5.0, 10.0, 9.0 ] }
							},
							"children": [
								{
									"name": "HatTopW",
									"from": [ -1.0, 0.0, 1.0 ],
									"to": [ 0.0, 1.0, 3.0 ],
									"rotationOrigin": [ -1.0, 0.0, 2.0 ],
									"faces": {
										"north": { "texture": "#cleanmetal", "uv": [ 5.5, 6.0, 6.5, 7.0 ] },
										"south": { "texture": "#cleanmetal", "uv": [ 8.5, 7.5, 9.5, 8.5 ] },
										"west": { "texture": "#cleanmetal", "uv": [ 7.5, 3.5, 9.5, 4.5 ] },
										"up": { "texture": "#cleanmetal", "uv": [ 3.5, 8.5, 4.5, 10.5 ] }
									}
								},
								{
									"name": "HatTopE",
									"from": [ 4.0, 0.0, 1.0 ],
									"to": [ 5.0, 1.0, 3.0 ],
									"rotationOrigin": [ 4.0, 0.0, 2.0 ],
									"faces": {
										"north": { "texture": "#cleanmetal", "uv": [ 6.0, 10.5, 7.0, 11.5 ] },
										"east": { "texture": "#cleanmetal", "uv": [ 13.5, 2.5, 15.5, 3.5 ] },
										"south": { "texture": "#cleanmetal", "uv": [ 10.0, 12.0, 11.0, 13.0 ] },
										"up": { "texture": "#cleanmetal", "uv": [ 14.5, 8.5, 15.5, 10.5 ] }
									}
								},
								{
									"name": "HatTopN",
									"from": [ 1.0, 0.0, -1.0 ],
									"to": [ 3.0, 1.0, 0.0 ],
									"rotationOrigin": [ 1.0, 0.0, 0.0 ],
									"faces": {
										"north": { "texture": "#cleanmetal", "uv": [ 3.0, 3.0, 5.0, 4.0 ] },
										"east": { "texture": "#cleanmetal", "uv": [ 8.5, 7.5, 9.5, 8.5 ] },
										"west": { "texture": "#cleanmetal", "uv": [ 6.0, 4.0, 7.0, 5.0 ] },
										"up": { "texture": "#cleanmetal", "uv": [ 12.0, 0.5, 14.0, 1.5 ] }
									}
								},
								{
									"name": "HatTopS",
									"from": [ 1.0, 0.0, 4.0 ],
									"to": [ 3.0, 1.0, 5.0 ],
									"rotationOrigin": [ 1.0, 0.0, 5.0 ],
									"faces": {
										"east": { "texture": "#cleanmetal", "uv": [ 8.5, 0.5, 9.5, 1.5 ] },
										"south": { "texture": "#cleanmetal", "uv": [ 9.5, 13.5, 11.5, 14.5 ] },
										"west": { "texture": "#cleanmetal", "uv": [ 8.5, 4.5, 9.5, 5.5 ] },
										"up": { "texture": "#cleanmetal", "uv": [ 8.0, 13.0, 10.0, 14.0 ] }
									}
								}
							]
						},
						{
							"name": "PumpBar",
							"from": [ 2.75, 14.0, 2.75 ],
							"to": [ 3.25, 17.0, 3.25 ],
							"rotationOrigin": [ 3.0, 14.0, 3.0 ],
							"rotationY": 45.0,
							"faces": {
								"north": { "texture": "#metalbolts", "uv": [ 15.0, 11.0, 15.5, 14.0 ] },
								"east": { "texture": "#metalbolts", "uv": [ 3.0, 9.5, 3.5, 12.5 ] },
								"south": { "texture": "#metalbolts", "uv": [ 2.0, 0.0, 2.5, 3.0 ] },
								"west": { "texture": "#metalbolts", "uv": [ 1.0, 7.5, 1.5, 10.5 ] }
							}
						}
					]
				}
			]
		}
	]}