[
	{
		"ingredientPattern": "B,K",
		"ingredients": {
			"B": { "type": "item", "code": "game:bamboostakes", "quantity": 1 },
			"K": { "type": "item", "code": "aa-knife-*", "quantity": 1, "isTool": true }
		},
		"width": 1,
		"height": 2,
		"output": { "type": "item", "code": "game:clothes-head-bamboo-conehat"  }
	},
	{
		"ingredientPattern": "BBB,K__",
		"ingredients": {
			"B": { "type": "item", "code": "game:bamboostakes", "quantity": 1 },
			"K": { "type": "item", "code": "aa-knife-*", "quantity": 1, "isTool": true }
		},
		"width": 3,
		"height": 2,
		"output": { "type": "item", "code": "game:clothes-head-bamboo-conehat-large"  }
	}
]