﻿{
    code: "moccassins",
	class: "ItemWearable",
	"attributes": {
		clothescategory: "foot",
		wearableAttachment: true,
		"warmth": 1
	},
    behaviors: [{ name: "GroundStorable", properties: { layout: 'Quadrants', collisionBox: { x1: 0, y1: 0, z1: 0, x2: 1, y2: 0.25, z2: 1 } } }],
	creativeinventory: { "general": ["*"], "items": ["*"], "clothing": ["*"], "ancienttools": ["*"] },
	renderAlphaTest: 0.25,
	shape: { base: "ancienttools:item/clothes/native/moccassins" },
	storageFlags: 128,
	textures: {
		"seraph": { base: "game:block/transparent" },
		"moccassins": { "base": "ancienttools:item/clothes/native/moccassins"}
	},
	guiTransform: {
		rotation: { x: 170, y: 138, z: -26 },
		origin: { x: 0.6, y: 0.15, z: 0.625 },
		scale: 2.65
	},
	tpHandTransform: {
		rotation: { x: 4, y: 1, z: -61 },
		origin: { x: 0.3, y: 1.1, z: 0.675 },
		scale: 0.52
	},
	groundTransform: {
		translation: { x: 0, y: 0, z: 0 },
		rotation: { x: 0, y: 0, z: 0 },
		origin: { x: 0.5, y: -0.1, z: 0.5299 },
		scale: 3
	}
}