﻿{
    code: "warshirt",
	class: "ItemWearable",
	"attributes": {
		clothescategory: "upperbody",
		wearableAttachment: true,
		"warmth": 1
	},
	creativeinventory: { "general": ["*"], "items": ["*"], "clothing": ["*"], "ancienttools": ["*"] },
	renderAlphaTest: 0.25,
	shape: { base: "ancienttools:item/clothes/native/warshirt" },
	storageFlags: 128,
	textures: {
		"seraph": { base: "game:block/transparent" },
		"warshirt": { "base": "ancienttools:item/clothes/native/warshirt"}
	},
	guiTransform: {
		rotation: { x: 180, y: -51, z: 12 },
		origin: { x: 0.6, y: 1.3, z: 0.55 },
		scale: 2.24
	},
	tpHandTransform: {
		translation: { x: -1, y: -2, z: -0.95 },
		rotation: { x: -8, y: -87, z: 7 },
		scale: 0.51
	},
	groundTransform: {
		translation: { x: 0, y: 0, z: 0 },
		rotation: { x: 0, y: 0, z: 0 },
		origin: { x: 0.5, y: 1.2, z: 0.5299 },
		scale: 2.8
	}
}