{
	"editor": {
		"allAngles": false,
		"entityTextureMode": false
	},
	"textureWidth": 16,
	"textureHeight": 16,
	"textureSizes": {
	},
	"textures": {
		"furside": "ancienttools:item/resource/hide/sunbearhide",
		"flesh": "game:item/resource/hide/flesh",
		"string": "game:item/tool/material/string",
	},
	"elements": [
		{
			"name": "Origin",
			"from": [ 8.0, 0.0, 8.0 ],
			"to": [ 9.0, 1.0, 9.0 ],
			"rotationOrigin": [ 8.0, 0.0, 8.0 ],
			"faces": {
			},
			"children": [
				{
					"name": "XLHidePlane",
					"from": [ -3.5, 5.0, 6.0 ],
					"to": [ 3.5, 12.0, 6.05 ],
					"rotationOrigin": [ -1.0, 2.0, 5.9 ],
					"rotationX": -43.0,
					"faces": {
					},
					"children": [
						{
							"name": "stringloop54",
							"from": [ -0.5, -3.07, -0.13 ],
							"to": [ 0.0, -1.07, 0.37 ],
							"rotationOrigin": [ 1.75, -0.2387, 0.156 ],
							"rotationX": -5.0,
							"faces": {
								"north": { "texture": "#string", "uv": [ 10.5, 6.0, 11.0, 8.0 ] },
								"east": { "texture": "#string", "uv": [ 2.5, 0.5, 3.0, 2.5 ] },
								"south": { "texture": "#string", "uv": [ 9.5, 10.5, 10.0, 12.5 ] },
								"west": { "texture": "#string", "uv": [ 13.5, 10.0, 14.0, 12.0 ] },
								"up": { "texture": "#string", "uv": [ 7.0, 11.0, 7.5, 11.5 ] },
								"down": { "texture": "#string", "uv": [ 4.0, 14.0, 4.5, 14.5 ] }
							},
							"children": [
								{
									"name": "Cube57",
									"from": [ 0.02, 2.0, 0.0 ],
									"to": [ 0.47, 3.0, 0.25 ],
									"rotationOrigin": [ 0.25, 2.0, 0.25 ],
									"rotationX": -22.5,
									"faces": {
										"north": { "texture": "#string", "uv": [ 2.0, 0.0, 2.5, 1.0 ] },
										"east": { "texture": "#string", "uv": [ 0.5, 14.5, 1.0, 15.5 ] },
										"south": { "texture": "#string", "uv": [ 14.0, 6.0, 14.5, 7.0 ] },
										"west": { "texture": "#string", "uv": [ 1.0, 1.0, 1.5, 2.0 ] },
										"up": { "texture": "#string", "uv": [ 8.0, 15.0, 8.5, 15.5 ] },
										"down": { "texture": "#string", "uv": [ 7.5, 3.0, 8.0, 3.5 ] }
									}
								},
								{
									"name": "Cube57",
									"from": [ 0.02, 2.0, 0.25 ],
									"to": [ 0.47, 3.0, 0.5 ],
									"rotationOrigin": [ 0.25, 2.0, 0.25 ],
									"rotationX": 22.5,
									"faces": {
										"north": { "texture": "#string", "uv": [ 5.5, 7.0, 6.0, 8.0 ] },
										"east": { "texture": "#string", "uv": [ 13.5, 11.5, 14.0, 12.5 ] },
										"south": { "texture": "#string", "uv": [ 13.5, 10.5, 14.0, 11.5 ] },
										"west": { "texture": "#string", "uv": [ 9.5, 5.5, 10.0, 6.5 ] },
										"up": { "texture": "#string", "uv": [ 3.0, 8.5, 3.5, 9.0 ] },
										"down": { "texture": "#string", "uv": [ 1.5, 4.0, 2.0, 4.5 ] }
									}
								},
								{
									"name": "Cube57",
									"from": [ 0.03, 2.7, -0.4 ],
									"to": [ 0.46, 3.2, -0.15 ],
									"rotationOrigin": [ 0.25, 2.7, -0.15 ],
									"rotationX": 45.0,
									"faces": {
										"north": { "texture": "#string", "uv": [ 1.0, 0.0, 1.5, 0.5 ] },
										"east": { "texture": "#string", "uv": [ 4.5, 15.0, 5.0, 15.5 ] },
										"south": { "texture": "#string", "uv": [ 5.0, 1.0, 5.5, 1.5 ] },
										"west": { "texture": "#string", "uv": [ 11.0, 10.5, 11.5, 11.0 ] },
										"up": { "texture": "#string", "uv": [ 13.0, 8.0, 13.5, 8.5 ] },
										"down": { "texture": "#string", "uv": [ 9.5, 4.0, 10.0, 4.5 ] }
									}
								},
								{
									"name": "Cube58",
									"from": [ 0.03, 2.7, 0.65 ],
									"to": [ 0.46, 3.2, 0.9 ],
									"rotationOrigin": [ 0.25, 2.7, 0.65 ],
									"rotationX": -45.0,
									"faces": {
										"north": { "texture": "#string", "uv": [ 7.0, 13.5, 7.5, 14.0 ] },
										"east": { "texture": "#string", "uv": [ 11.0, 5.0, 11.5, 5.5 ] },
										"south": { "texture": "#string", "uv": [ 9.0, 9.5, 9.5, 10.0 ] },
										"west": { "texture": "#string", "uv": [ 6.0, 12.5, 6.5, 13.0 ] },
										"up": { "texture": "#string", "uv": [ 1.5, 13.0, 2.0, 13.5 ] },
										"down": { "texture": "#string", "uv": [ 0.5, 11.0, 1.0, 11.5 ] }
									}
								},
								{
									"name": "Cube59",
									"from": [ 0.05, 3.0, 0.45 ],
									"to": [ 0.45, 3.4, 0.7 ],
									"rotationOrigin": [ 0.25, 3.0, 0.45 ],
									"rotationX": -90.0,
									"faces": {
										"north": { "texture": "#string", "uv": [ 2.5, 2.5, 3.0, 3.0 ] },
										"east": { "texture": "#string", "uv": [ 7.0, 6.0, 7.5, 6.5 ] },
										"south": { "texture": "#string", "uv": [ 0.5, 5.0, 1.0, 5.5 ] },
										"west": { "texture": "#string", "uv": [ 5.0, 10.5, 5.5, 11.0 ] },
										"up": { "texture": "#string", "uv": [ 3.5, 6.0, 4.0, 6.5 ] },
										"down": { "texture": "#string", "uv": [ 7.0, 14.5, 7.5, 15.0 ] }
									}
								}
							]
						},
						{
							"name": "stringloop60",
							"from": [ 7.0, -3.07, -0.13 ],
							"to": [ 7.5, -1.07, 0.37 ],
							"rotationOrigin": [ 11.75, -0.2387, 0.156 ],
							"rotationX": -5.0,
							"faces": {
								"north": { "texture": "#string", "uv": [ 5.0, 1.0, 5.5, 3.0 ] },
								"east": { "texture": "#string", "uv": [ 11.0, 11.5, 11.5, 13.5 ] },
								"south": { "texture": "#string", "uv": [ 14.0, 7.0, 14.5, 9.0 ] },
								"west": { "texture": "#string", "uv": [ 1.5, 6.0, 2.0, 8.0 ] },
								"up": { "texture": "#string", "uv": [ 14.0, 4.0, 14.5, 4.5 ] },
								"down": { "texture": "#string", "uv": [ 10.0, 2.0, 10.5, 2.5 ] }
							},
							"children": [
								{
									"name": "Cube61",
									"from": [ 0.02, 2.0, 0.0 ],
									"to": [ 0.47, 3.0, 0.25 ],
									"rotationOrigin": [ 0.25, 2.0, 0.25 ],
									"rotationX": -22.5,
									"faces": {
										"north": { "texture": "#string", "uv": [ 2.0, 9.5, 2.5, 10.5 ] },
										"east": { "texture": "#string", "uv": [ 13.5, 13.5, 14.0, 14.5 ] },
										"south": { "texture": "#string", "uv": [ 14.5, 7.5, 15.0, 8.5 ] },
										"west": { "texture": "#string", "uv": [ 5.0, 11.0, 5.5, 12.0 ] },
										"up": { "texture": "#string", "uv": [ 4.0, 2.5, 4.5, 3.0 ] },
										"down": { "texture": "#string", "uv": [ 8.0, 11.0, 8.5, 11.5 ] }
									}
								},
								{
									"name": "Cube62",
									"from": [ 0.02, 2.0, 0.25 ],
									"to": [ 0.47, 3.0, 0.5 ],
									"rotationOrigin": [ 0.25, 2.0, 0.25 ],
									"rotationX": 22.5,
									"faces": {
										"north": { "texture": "#string", "uv": [ 2.0, 9.0, 2.5, 10.0 ] },
										"east": { "texture": "#string", "uv": [ 9.5, 5.0, 10.0, 6.0 ] },
										"south": { "texture": "#string", "uv": [ 9.0, 12.5, 9.5, 13.5 ] },
										"west": { "texture": "#string", "uv": [ 4.0, 2.5, 4.5, 3.5 ] },
										"up": { "texture": "#string", "uv": [ 15.0, 8.5, 15.5, 9.0 ] },
										"down": { "texture": "#string", "uv": [ 4.5, 4.0, 5.0, 4.5 ] }
									}
								},
								{
									"name": "Cube63",
									"from": [ 0.03, 2.7, -0.4 ],
									"to": [ 0.46, 3.2, -0.15 ],
									"rotationOrigin": [ 0.25, 2.7, -0.15 ],
									"rotationX": 45.0,
									"faces": {
										"north": { "texture": "#string", "uv": [ 10.5, 11.0, 11.0, 11.5 ] },
										"east": { "texture": "#string", "uv": [ 4.5, 3.5, 5.0, 4.0 ] },
										"south": { "texture": "#string", "uv": [ 11.5, 10.5, 12.0, 11.0 ] },
										"west": { "texture": "#string", "uv": [ 10.5, 2.0, 11.0, 2.5 ] },
										"up": { "texture": "#string", "uv": [ 6.0, 2.5, 6.5, 3.0 ] },
										"down": { "texture": "#string", "uv": [ 6.5, 4.0, 7.0, 4.5 ] }
									}
								},
								{
									"name": "Cube64",
									"from": [ 0.03, 2.7, 0.65 ],
									"to": [ 0.46, 3.2, 0.9 ],
									"rotationOrigin": [ 0.25, 2.7, 0.65 ],
									"rotationX": -45.0,
									"faces": {
										"north": { "texture": "#string", "uv": [ 2.0, 12.5, 2.5, 13.0 ] },
										"east": { "texture": "#string", "uv": [ 3.0, 3.5, 3.5, 4.0 ] },
										"south": { "texture": "#string", "uv": [ 7.0, 0.5, 7.5, 1.0 ] },
										"west": { "texture": "#string", "uv": [ 3.5, 6.5, 4.0, 7.0 ] },
										"up": { "texture": "#string", "uv": [ 2.0, 8.0, 2.5, 8.5 ] },
										"down": { "texture": "#string", "uv": [ 9.5, 1.5, 10.0, 2.0 ] }
									}
								},
								{
									"name": "Cube65",
									"from": [ 0.05, 3.0, 0.45 ],
									"to": [ 0.45, 3.4, 0.7 ],
									"rotationOrigin": [ 0.25, 3.0, 0.45 ],
									"rotationX": -90.0,
									"faces": {
										"north": { "texture": "#string", "uv": [ 5.5, 12.0, 6.0, 12.5 ] },
										"east": { "texture": "#string", "uv": [ 5.0, 3.5, 5.5, 4.0 ] },
										"south": { "texture": "#string", "uv": [ 2.0, 8.5, 2.5, 9.0 ] },
										"west": { "texture": "#string", "uv": [ 12.5, 11.0, 13.0, 11.5 ] },
										"up": { "texture": "#string", "uv": [ 7.5, 6.0, 8.0, 6.5 ] },
										"down": { "texture": "#string", "uv": [ 15.0, 6.0, 15.5, 6.5 ] }
									}
								}
							]
						},
						{
							"name": "stringloop66",
							"from": [ 16.0, 15.93, -0.7 ],
							"to": [ 16.5, 17.43, -0.2 ],
							"rotationOrigin": [ 11.75, 12.7613, 0.156 ],
							"rotationX": -4.0,
							"rotationZ": -180.0,
							"faces": {
								"north": { "texture": "#string", "uv": [ 3.5, 2.5, 4.0, 4.0 ] },
								"east": { "texture": "#string", "uv": [ 5.0, 7.5, 5.5, 9.0 ] },
								"south": { "texture": "#string", "uv": [ 0.0, 12.5, 0.5, 14.0 ] },
								"west": { "texture": "#string", "uv": [ 11.5, 8.5, 12.0, 10.0 ] },
								"up": { "texture": "#string", "uv": [ 11.0, 12.0, 11.5, 12.5 ] },
								"down": { "texture": "#string", "uv": [ 2.5, 11.0, 3.0, 11.5 ] }
							},
							"children": [
								{
									"name": "Cube67",
									"from": [ 0.02, 1.5, 0.0 ],
									"to": [ 0.47, 2.5, 0.25 ],
									"rotationOrigin": [ 0.25, 1.5, 0.25 ],
									"rotationX": -22.5,
									"faces": {
										"north": { "texture": "#string", "uv": [ 12.0, 13.5, 12.5, 14.5 ] },
										"east": { "texture": "#string", "uv": [ 2.0, 1.5, 2.5, 2.5 ] },
										"south": { "texture": "#string", "uv": [ 12.0, 11.5, 12.5, 12.5 ] },
										"west": { "texture": "#string", "uv": [ 13.5, 1.5, 14.0, 2.5 ] },
										"up": { "texture": "#string", "uv": [ 9.5, 2.0, 10.0, 2.5 ] },
										"down": { "texture": "#string", "uv": [ 7.5, 6.5, 8.0, 7.0 ] }
									}
								},
								{
									"name": "Cube68",
									"from": [ 0.02, 1.5, 0.25 ],
									"to": [ 0.47, 2.5, 0.5 ],
									"rotationOrigin": [ 0.25, 1.5, 0.25 ],
									"rotationX": 22.5,
									"faces": {
										"north": { "texture": "#string", "uv": [ 4.0, 8.5, 4.5, 9.5 ] },
										"east": { "texture": "#string", "uv": [ 8.5, 11.5, 9.0, 12.5 ] },
										"south": { "texture": "#string", "uv": [ 10.5, 5.0, 11.0, 6.0 ] },
										"west": { "texture": "#string", "uv": [ 13.5, 12.0, 14.0, 13.0 ] },
										"up": { "texture": "#string", "uv": [ 12.0, 12.5, 12.5, 13.0 ] },
										"down": { "texture": "#string", "uv": [ 7.5, 4.0, 8.0, 4.5 ] }
									}
								},
								{
									"name": "Cube69",
									"from": [ 0.03, 2.2, -0.4 ],
									"to": [ 0.46, 2.7, -0.15 ],
									"rotationOrigin": [ 0.25, 2.2, -0.15 ],
									"rotationX": 45.0,
									"faces": {
										"north": { "texture": "#string", "uv": [ 6.0, 10.5, 6.5, 11.0 ] },
										"east": { "texture": "#string", "uv": [ 5.5, 1.0, 6.0, 1.5 ] },
										"south": { "texture": "#string", "uv": [ 9.0, 3.5, 9.5, 4.0 ] },
										"west": { "texture": "#string", "uv": [ 12.0, 11.5, 12.5, 12.0 ] },
										"up": { "texture": "#string", "uv": [ 14.0, 0.0, 14.5, 0.5 ] },
										"down": { "texture": "#string", "uv": [ 14.0, 3.5, 14.5, 4.0 ] }
									}
								},
								{
									"name": "Cube70",
									"from": [ 0.03, 2.2, 0.65 ],
									"to": [ 0.46, 2.7, 0.9 ],
									"rotationOrigin": [ 0.25, 2.2, 0.65 ],
									"rotationX": -45.0,
									"faces": {
										"north": { "texture": "#string", "uv": [ 8.5, 0.0, 9.0, 0.5 ] },
										"east": { "texture": "#string", "uv": [ 5.0, 0.5, 5.5, 1.0 ] },
										"south": { "texture": "#string", "uv": [ 3.0, 13.0, 3.5, 13.5 ] },
										"west": { "texture": "#string", "uv": [ 9.0, 7.0, 9.5, 7.5 ] },
										"up": { "texture": "#string", "uv": [ 14.0, 4.5, 14.5, 5.0 ] },
										"down": { "texture": "#string", "uv": [ 7.5, 12.0, 8.0, 12.5 ] }
									}
								},
								{
									"name": "Cube71",
									"from": [ 0.05, 2.5, 0.45 ],
									"to": [ 0.45, 2.9, 0.7 ],
									"rotationOrigin": [ 0.25, 2.5, 0.45 ],
									"rotationX": -90.0,
									"faces": {
										"north": { "texture": "#string", "uv": [ 12.5, 5.5, 13.0, 6.0 ] },
										"east": { "texture": "#string", "uv": [ 10.0, 6.0, 10.5, 6.5 ] },
										"south": { "texture": "#string", "uv": [ 6.0, 6.0, 6.5, 6.5 ] },
										"west": { "texture": "#string", "uv": [ 1.5, 8.0, 2.0, 8.5 ] },
										"up": { "texture": "#string", "uv": [ 4.0, 11.5, 4.5, 12.0 ] },
										"down": { "texture": "#string", "uv": [ 11.0, 8.0, 11.5, 8.5 ] }
									}
								}
							]
						},
						{
							"name": "stringloop72",
							"from": [ 5.5, 15.93, -0.7 ],
							"to": [ 6.0, 17.43, -0.2 ],
							"rotationOrigin": [ 2.75, 12.7613, 0.056 ],
							"rotationX": -4.0,
							"rotationZ": -180.0,
							"faces": {
								"north": { "texture": "#string", "uv": [ 0.5, 2.0, 1.0, 3.5 ] },
								"east": { "texture": "#string", "uv": [ 13.5, 10.0, 14.0, 11.5 ] },
								"south": { "texture": "#string", "uv": [ 8.0, 6.5, 8.5, 8.0 ] },
								"west": { "texture": "#string", "uv": [ 13.5, 10.5, 14.0, 12.0 ] },
								"up": { "texture": "#string", "uv": [ 14.5, 4.0, 15.0, 4.5 ] },
								"down": { "texture": "#string", "uv": [ 1.5, 6.0, 2.0, 6.5 ] }
							},
							"children": [
								{
									"name": "Cube73",
									"from": [ 0.02, 1.5, 0.0 ],
									"to": [ 0.47, 2.5, 0.25 ],
									"rotationOrigin": [ 0.25, 1.5, 0.25 ],
									"rotationX": -22.5,
									"faces": {
										"north": { "texture": "#string", "uv": [ 13.0, 8.0, 13.5, 9.0 ] },
										"east": { "texture": "#string", "uv": [ 14.0, 8.0, 14.5, 9.0 ] },
										"south": { "texture": "#string", "uv": [ 1.0, 3.0, 1.5, 4.0 ] },
										"west": { "texture": "#string", "uv": [ 15.0, 4.5, 15.5, 5.5 ] },
										"up": { "texture": "#string", "uv": [ 15.0, 12.0, 15.5, 12.5 ] },
										"down": { "texture": "#string", "uv": [ 13.5, 2.0, 14.0, 2.5 ] }
									}
								},
								{
									"name": "Cube74",
									"from": [ 0.02, 1.5, 0.25 ],
									"to": [ 0.47, 2.5, 0.5 ],
									"rotationOrigin": [ 0.25, 1.5, 0.25 ],
									"rotationX": 22.5,
									"faces": {
										"north": { "texture": "#string", "uv": [ 6.5, 0.5, 7.0, 1.5 ] },
										"east": { "texture": "#string", "uv": [ 15.0, 0.0, 15.5, 1.0 ] },
										"south": { "texture": "#string", "uv": [ 9.5, 0.0, 10.0, 1.0 ] },
										"west": { "texture": "#string", "uv": [ 13.5, 11.0, 14.0, 12.0 ] },
										"up": { "texture": "#string", "uv": [ 6.5, 13.0, 7.0, 13.5 ] },
										"down": { "texture": "#string", "uv": [ 13.5, 0.0, 14.0, 0.5 ] }
									}
								},
								{
									"name": "Cube75",
									"from": [ 0.03, 2.2, -0.4 ],
									"to": [ 0.46, 2.7, -0.15 ],
									"rotationOrigin": [ 0.25, 2.2, -0.15 ],
									"rotationX": 45.0,
									"faces": {
										"north": { "texture": "#string", "uv": [ 14.0, 1.5, 14.5, 2.0 ] },
										"east": { "texture": "#string", "uv": [ 4.0, 4.0, 4.5, 4.5 ] },
										"south": { "texture": "#string", "uv": [ 1.0, 9.0, 1.5, 9.5 ] },
										"west": { "texture": "#string", "uv": [ 9.5, 8.0, 10.0, 8.5 ] },
										"up": { "texture": "#string", "uv": [ 3.5, 15.0, 4.0, 15.5 ] },
										"down": { "texture": "#string", "uv": [ 10.0, 13.0, 10.5, 13.5 ] }
									}
								},
								{
									"name": "Cube76",
									"from": [ 0.03, 2.2, 0.65 ],
									"to": [ 0.46, 2.7, 0.9 ],
									"rotationOrigin": [ 0.25, 2.2, 0.65 ],
									"rotationX": -45.0,
									"faces": {
										"north": { "texture": "#string", "uv": [ 10.0, 2.0, 10.5, 2.5 ] },
										"east": { "texture": "#string", "uv": [ 3.5, 14.5, 4.0, 15.0 ] },
										"south": { "texture": "#string", "uv": [ 1.5, 10.5, 2.0, 11.0 ] },
										"west": { "texture": "#string", "uv": [ 3.0, 7.5, 3.5, 8.0 ] },
										"up": { "texture": "#string", "uv": [ 8.0, 11.5, 8.5, 12.0 ] },
										"down": { "texture": "#string", "uv": [ 9.0, 9.5, 9.5, 10.0 ] }
									}
								},
								{
									"name": "Cube77",
									"from": [ 0.05, 2.5, 0.45 ],
									"to": [ 0.45, 2.9, 0.7 ],
									"rotationOrigin": [ 0.25, 2.5, 0.45 ],
									"rotationX": -90.0,
									"faces": {
										"north": { "texture": "#string", "uv": [ 9.5, 0.5, 10.0, 1.0 ] },
										"east": { "texture": "#string", "uv": [ 2.5, 7.5, 3.0, 8.0 ] },
										"south": { "texture": "#string", "uv": [ 6.0, 8.5, 6.5, 9.0 ] },
										"west": { "texture": "#string", "uv": [ 12.5, 10.5, 13.0, 11.0 ] },
										"up": { "texture": "#string", "uv": [ 15.0, 1.0, 15.5, 1.5 ] },
										"down": { "texture": "#string", "uv": [ 8.0, 3.5, 8.5, 4.0 ] }
									}
								}
							]
						},
						{
							"name": "main",
							"from": [ 0.0, 1.22, -6.21 ],
							"to": [ 7.0, 1.72, 0.79 ],
							"rotationOrigin": [ 3.0, 1.2201, -0.2133 ],
							"rotationX": 88.0,
							"faces": {
								"north": { "texture": "#furside", "uv": [ 6.0, 6.0, 13.0, 6.5 ] },
								"east": { "texture": "#furside", "uv": [ 11.5, 4.5, 12.0, 11.5 ], "rotation": 90 },
								"south": { "texture": "#furside", "uv": [ 5.5, 5.5, 12.5, 6.0 ] },
								"west": { "texture": "#furside", "uv": [ 4.0, 4.5, 4.5, 11.5 ], "rotation": 90 },
								"up": { "texture": "#furside", "uv": [ 6.0, 5.5, 13.0, 12.5 ] },
								"down": { "texture": "#flesh", "uv": [ 6.0, 4.5, 13.0, 11.5 ], "windMode": [-1,-1,-1,-1] }
							},
							"children": [
								{
									"name": "limbR1",
									"from": [ 6.3, 0.01, 0.3 ],
									"to": [ 8.3, 0.49, 1.8 ],
									"rotationOrigin": [ 6.3, 0.0, 0.8 ],
									"rotationY": 45.0,
									"faces": {
										"north": { "texture": "#furside", "uv": [ 10.0, 11.0, 12.0, 11.5 ] },
										"east": { "texture": "#furside", "uv": [ 11.5, 8.0, 12.0, 9.5 ], "rotation": 90 },
										"south": { "texture": "#furside", "uv": [ 9.0, 11.5, 11.0, 12.0 ] },
										"up": { "texture": "#furside", "uv": [ 10.0, 4.5, 12.0, 6.0 ] },
										"down": { "texture": "#flesh", "uv": [ 11.0, 3.5, 12.5, 5.5 ], "rotation": 90, "windMode": [-1,-1,-1,-1] }
									},
									"children": [
										{
											"name": "limbR10",
											"from": [ 2.0, 0.0, 0.5 ],
											"to": [ 2.5, 0.48, 1.5 ],
											"rotationOrigin": [ 2.0, -0.01, 1.0 ],
											"faces": {
												"north": { "texture": "#furside", "uv": [ 11.0, 10.0, 11.5, 10.5 ] },
												"east": { "texture": "#furside", "uv": [ 11.5, 8.0, 12.0, 9.0 ], "rotation": 90 },
												"south": { "texture": "#furside", "uv": [ 8.0, 12.5, 8.5, 13.0 ] },
												"up": { "texture": "#furside", "uv": [ 12.0, 4.0, 12.5, 5.0 ] },
												"down": { "texture": "#flesh", "uv": [ 10.5, 3.5, 11.5, 4.0 ], "rotation": 90 }
											}
										}
									]
								},
								{
									"name": "limbR2",
									"from": [ 7.0, 0.01, 2.0 ],
									"to": [ 7.5, 0.49, 4.0 ],
									"rotationOrigin": [ 8.5, 0.0, 3.5 ],
									"faces": {
										"north": { "texture": "#furside", "uv": [ 5.5, 5.5, 6.0, 6.0 ], "windMode": [-1,-1,-1,-1] },
										"east": { "texture": "#furside", "uv": [ 10.5, 6.0, 11.0, 8.0 ], "rotation": 90 },
										"south": { "texture": "#furside", "uv": [ 11.5, 7.5, 12.0, 8.0 ] },
										"up": { "texture": "#furside", "uv": [ 10.0, 8.5, 10.5, 10.5 ] },
										"down": { "texture": "#flesh", "uv": [ 11.0, 4.5, 11.5, 6.5 ] }
									}
								},
								{
									"name": "limbR4",
									"from": [ -0.5, 0.01, 1.5 ],
									"to": [ 0.0, 0.49, 4.5 ],
									"rotationOrigin": [ -0.5, 0.0, 3.0 ],
									"faces": {
										"north": { "texture": "#furside", "uv": [ 4.0, 4.5, 4.5, 5.0 ], "windMode": [-1,-1,-1,-1] },
										"south": { "texture": "#furside", "uv": [ 9.5, 4.5, 10.0, 5.0 ] },
										"west": { "texture": "#furside", "uv": [ 6.0, 4.5, 9.0, 5.0 ], "windMode": [-1,-1,-1,-1] },
										"up": { "texture": "#furside", "uv": [ 5.0, 6.0, 5.5, 9.0 ] },
										"down": { "texture": "#flesh", "uv": [ 8.0, 5.5, 8.5, 8.5 ] }
									}
								},
								{
									"name": "limbR6",
									"from": [ 0.6, 0.01, -0.3 ],
									"to": [ 2.6, 0.49, 1.2 ],
									"rotationOrigin": [ 0.7, 0.0, 0.7 ],
									"rotationY": 130.0,
									"faces": {
										"north": { "texture": "#furside", "uv": [ 4.0, 12.0, 6.0, 12.5 ] },
										"east": { "texture": "#furside", "uv": [ 4.0, 6.0, 4.5, 7.5 ], "rotation": 90 },
										"south": { "texture": "#furside", "uv": [ 6.0, 12.0, 8.0, 12.5 ] },
										"up": { "texture": "#furside", "uv": [ 3.5, 3.5, 5.5, 5.0 ] },
										"down": { "texture": "#flesh", "uv": [ 11.0, 4.0, 12.5, 6.0 ], "rotation": 90, "windMode": [-1,-1,-1,-1] }
									},
									"children": [
										{
											"name": "limbR11",
											"from": [ 2.0, 0.0, 0.5 ],
											"to": [ 2.5, 0.48, 1.0 ],
											"rotationOrigin": [ 2.1, -0.01, 0.5 ],
											"faces": {
												"north": { "texture": "#furside", "uv": [ 3.5, 13.5, 4.0, 14.0 ] },
												"east": { "texture": "#furside", "uv": [ 4.0, 6.0, 4.5, 6.5 ], "rotation": 90 },
												"south": { "texture": "#furside", "uv": [ 6.0, 11.5, 6.5, 12.0 ] },
												"up": { "texture": "#furside", "uv": [ 4.0, 4.5, 4.5, 5.0 ] },
												"down": { "texture": "#flesh", "uv": [ 11.0, 5.0, 11.5, 5.5 ], "rotation": 90 }
											}
										}
									]
								},
								{
									"name": "limbR7",
									"from": [ 3.0, 0.01, 7.5 ],
									"to": [ 4.0, 0.49, 8.0 ],
									"rotationOrigin": [ 4.5, 0.0, 9.0 ],
									"faces": {
										"north": { "texture": "#furside", "uv": [ 5.0, 3.5, 6.0, 4.0 ], "windMode": [-1,-1,-1,-1] },
										"east": { "texture": "#furside", "uv": [ 5.5, 10.0, 6.0, 10.5 ], "rotation": 90, "windMode": [-1,-1,-1,-1] },
										"west": { "texture": "#furside", "uv": [ 10.0, 3.5, 10.5, 4.0 ], "windMode": [-1,-1,-1,-1] },
										"up": { "texture": "#furside", "uv": [ 7.5, 3.0, 8.5, 3.5 ], "windMode": [-1,-1,-1,-1] },
										"down": { "texture": "#flesh", "uv": [ 4.5, 4.0, 5.5, 4.5 ] }
									}
								},
								{
									"name": "limbR16",
									"from": [ 1.0, 0.01, 7.0 ],
									"to": [ 2.0, 0.49, 7.5 ],
									"rotationOrigin": [ 1.5, 0.0, 7.5 ],
									"faces": {
										"east": { "texture": "#furside", "uv": [ 11.5, 11.5, 12.0, 12.0 ], "rotation": 90 },
										"south": { "texture": "#furside", "uv": [ 5.5, 9.5, 6.5, 10.0 ] },
										"west": { "texture": "#furside", "uv": [ 4.5, 4.5, 5.0, 5.0 ], "windMode": [-1,-1,-1,-1] },
										"up": { "texture": "#furside", "uv": [ 7.5, 10.5, 8.5, 11.0 ], "windMode": [-1,-1,-1,-1] },
										"down": { "texture": "#flesh", "uv": [ 10.0, 10.0, 11.0, 10.5 ] }
									}
								},
								{
									"name": "limbR5",
									"from": [ -1.0, 0.01, 3.0 ],
									"to": [ -0.5, 0.49, 4.0 ],
									"rotationOrigin": [ -1.0, 0.0, 4.0 ],
									"faces": {
										"north": { "texture": "#furside", "uv": [ 3.0, 4.0, 3.5, 4.5 ] },
										"south": { "texture": "#furside", "uv": [ 10.0, 3.0, 10.5, 3.5 ] },
										"west": { "texture": "#furside", "uv": [ 4.5, 5.0, 5.5, 5.5 ] },
										"up": { "texture": "#furside", "uv": [ 5.0, 7.0, 5.5, 8.0 ] },
										"down": { "texture": "#flesh", "uv": [ 10.5, 8.0, 11.0, 9.0 ] }
									}
								},
								{
									"name": "limbR8",
									"from": [ 2.5, 0.01, 7.0 ],
									"to": [ 4.5, 0.49, 7.5 ],
									"rotationOrigin": [ 4.0, 0.0, 8.5 ],
									"faces": {
										"north": { "texture": "#furside", "uv": [ 7.5, 11.5, 9.5, 12.0 ] },
										"east": { "texture": "#furside", "uv": [ 4.0, 12.5, 4.5, 13.0 ], "rotation": 90 },
										"west": { "texture": "#furside", "uv": [ 4.5, 3.5, 5.0, 4.0 ] },
										"up": { "texture": "#furside", "uv": [ 8.5, 7.0, 10.5, 7.5 ] },
										"down": { "texture": "#flesh", "uv": [ 4.5, 3.5, 6.5, 4.0 ] }
									}
								},
								{
									"name": "limbR3",
									"from": [ 6.6, 0.01, 5.4 ],
									"to": [ 8.6, 0.49, 6.9 ],
									"rotationOrigin": [ 6.6, 0.0, 5.9 ],
									"rotationY": -45.0,
									"faces": {
										"north": { "texture": "#furside", "uv": [ 10.0, 10.5, 12.0, 11.0 ] },
										"east": { "texture": "#furside", "uv": [ 11.5, 8.0, 12.0, 9.5 ], "rotation": 90 },
										"south": { "texture": "#furside", "uv": [ 7.0, 12.0, 9.0, 12.5 ] },
										"up": { "texture": "#furside", "uv": [ 11.5, 12.0, 13.5, 13.5 ] },
										"down": { "texture": "#flesh", "uv": [ 10.0, 10.0, 11.5, 12.0 ], "rotation": 90 }
									},
									"children": [
										{
											"name": "limbR12",
											"from": [ 2.0, 0.0, 0.0 ],
											"to": [ 2.5, 0.48, 1.0 ],
											"rotationOrigin": [ 2.0, -0.01, 0.5 ],
											"faces": {
												"north": { "texture": "#furside", "uv": [ 11.0, 10.0, 11.5, 10.5 ] },
												"east": { "texture": "#furside", "uv": [ 11.5, 8.0, 12.0, 9.0 ], "rotation": 90 },
												"south": { "texture": "#furside", "uv": [ 8.0, 13.0, 8.5, 13.5 ] },
												"up": { "texture": "#furside", "uv": [ 12.0, 11.5, 12.5, 12.5 ] },
												"down": { "texture": "#flesh", "uv": [ 11.0, 6.0, 12.0, 6.5 ], "rotation": 90 }
											}
										}
									]
								},
								{
									"name": "limbR9",
									"from": [ 0.3, 0.01, 5.0 ],
									"to": [ 2.3, 0.49, 6.5 ],
									"rotationOrigin": [ 0.4, 0.0, 6.0 ],
									"rotationY": -120.0,
									"faces": {
										"north": { "texture": "#furside", "uv": [ 5.0, 12.0, 7.0, 12.5 ] },
										"east": { "texture": "#furside", "uv": [ 4.0, 6.0, 4.5, 7.5 ], "rotation": 90 },
										"south": { "texture": "#furside", "uv": [ 7.0, 11.0, 9.0, 11.5 ] },
										"up": { "texture": "#furside", "uv": [ 2.0, 12.5, 4.0, 14.0 ] },
										"down": { "texture": "#flesh", "uv": [ 7.0, 9.0, 8.5, 11.0 ], "rotation": 90 }
									},
									"children": [
										{
											"name": "limbR13",
											"from": [ 2.0, 0.0, 0.5 ],
											"to": [ 2.5, 0.48, 1.5 ],
											"rotationOrigin": [ 2.1, -0.01, 1.5 ],
											"faces": {
												"north": { "texture": "#furside", "uv": [ 3.0, 13.0, 3.5, 13.5 ] },
												"east": { "texture": "#furside", "uv": [ 4.0, 6.0, 4.5, 7.0 ], "rotation": 90 },
												"south": { "texture": "#furside", "uv": [ 5.5, 12.0, 6.0, 12.5 ] },
												"up": { "texture": "#furside", "uv": [ 3.5, 12.0, 4.0, 13.0 ] },
												"down": { "texture": "#flesh", "uv": [ 4.5, 10.5, 5.5, 11.0 ], "rotation": 90 }
											}
										}
									]
								}
							]
						}
					]
				}
			]
		},
		{
			"name": "origin",
			"from": [ 8.0, 0.0, 8.0 ],
			"to": [ 8.0, 0.0, 8.0 ],
			"rotationOrigin": [ 8.0, 0.0, 8.0 ],
			"faces": {
			}
		}
	]}