{
    "code": "aa-club",
    "tool": "sword",
    "tags": ["weapon", "weapon-melee", "mace", "twohanded", "onehanded"],
    "damagedby": ["blockbreaking", "attacking"],
    "creativeinventory": { "general": ["*"], "items": ["*"], "tools": ["*"], "ancientarmory": ["*"] },
    "variantgroups": [
        { "code": "type", "states": ["flanged", "morningstar", "spiked", "warhammer"] },
        { "code": "metal", "states": ["tinbronze", "bismuthbronze", "blackbronze", "gold", "silver", "iron", "meteoriciron", "steel"] }
    ],
    "attributes": {
        "handbook": { "groupBy": ["aa-club-{type}-*"] },
        "rackable": true,
        "toolrackTransformByType": {
            "*-flanged-*": {
                "translation": { "x": -0.7, "y": 0.64, "z": 0 },
                "rotation": { "x": 180, "y": 0, "z": 0 },
                "origin": { "x": 0.5, "y": 0, "z": 0.5 },
                "scale": 1.3
            },
            "*-morningstar-*": {
                "translation": { "x": -0.5, "y": 0.6, "z": 0 },
                "origin": { "x": 0.5, "y": 0, "z": 0.5 },
                "scale": 1.3
            },
            "*-spiked-*": {
                "translation": { "x": -0.53, "y": 0.55, "z": 0 },
                "origin": { "x": 0.5, "y": 0, "z": 0.5 },
                "scale": 1.3
            },
            "*-warhammer-*": {
                "translation": { "x": -0.9, "y": 0.57, "z": 0 },
                "rotation": { "x": 10, "y": 0, "z": 0 },
                "origin": { "x": 0.5, "y": 0, "z": 0.5 },
                "scale": 1.3
            }
        },
        "groundStorageTransformByType": {
            "*-morningstar-*": {
                "translation": { "x": 0, "y": 0.17, "z": 0 },
                "rotation": { "x": 26, "y": 88, "z": -87 },
                "scale": 0.7
            },
            "*-spiked-*": {
                "translation": { "x": 0, "y": 0.29, "z": 0 },
                "rotation": { "x": 26, "y": 88, "z": -90 },
                "scale": 0.7
            },
            "*-warhammer-*": {
                "translation": { "x": 0, "y": 0.27, "z": 0 },
                "rotation": { "x": 26, "y": 82, "z": -87 },
                "scale": 0.7
            },
            "*-flanged-*": {
                "translation": { "x": 0, "y": 0.24, "z": 0 },
                "rotation": { "x": 26, "y": 88, "z": -87 },
                "scale": 0.7
            }
        },
        "antlerMountable": true,
			"onAntlerMountTransformByType": {
				"aa-club-flanged-*": {
					"translation": { "x": -0.36, "y": 0.03, "z": 0 },
					"rotation": { "x": 0, "y": 0, "z": 90 },
      				"origin": { "x": 0.5, "y": 0, "z": 0.5 },
      				"scale": 0.8
				},
				"aa-club-morningstar-*": {
					"translation": { "x": -0.34, "y": 0.2, "z": 0 },
      				"rotation": { "x": 0, "y": 0, "z": 90 },
      				"origin": { "x": 0.5, "y": 0, "z": 0.5 },
      				"scale": 0.8
				},
				"aa-club-spiked-*": {
					"translation": { "x": -0.34, "y": 0, "z": 0 },
      				"rotation": { "x": 0, "y": 0, "z": 90 },
      				"origin": { "x": 0.5, "y": 0, "z": 0.5 },
      				"scale": 0.8
				},
				"aa-club-warhammer-*": {
					"translation": { "x": -0.37, "y": 0, "z": 0 },
      				"rotation": { "x": 0, "y": 0, "z": 90 },
      				"origin": { "x": 0.5, "y": 0, "z": 0.5 },
      				"scale": 0.8
				}
			},
			"scrollrackable": true,
			"onscrollrackTransformByType": {
				"aa-club-flanged-*": {
					"translation": { "x": -0.58, "y": -0.13, "z": 0.5 },
					"rotation": { "x": -135, "y": -180, "z": -180 },
					"origin": { "x": 0.5, "y": 0, "z": 0.5 },
					"scale": 0.7
				},
				"aa-club-morningstar-*": {
					"translation": { "x": -0.55, "y": -0.14, "z": 0.5 },
					"rotation": { "x": -130, "y": -180, "z": -180 },
					"origin": { "x": 0.5, "y": 0, "z": 0.5 },
					"scale": 0.7
				},
				"aa-club-spiked-*": {
					"translation": { "x": -0.58, "y": -0.15, "z": 0.502 },
					"rotation": { "x": -135, "y": -180, "z": -180 },
					"origin": { "x": 0.5, "y": 0, "z": 0.5 },
					"scale": 0.7
				},
				"aa-club-warhammer-*": {
					"translation": { "x": -0.62, "y": -0.16, "z": 0.5 },
					"rotation": { "x": -130, "y": -180, "z": -180 },
					"origin": { "x": 0.5, "y": 0, "z": 0.5 },
					"scale": 0.7
				}
			}
    },
    "attributesByType": {
		"*-flanged-*": {
			"attachableToEntity": {
				"categoryCode": "utilities",
				"attachedShapeBySlotCode": {
					"frontrightside": { "base": "elk/weaponr-flanged" },
					"frontleftside": { "base": "elk/weaponl-flanged" }
				}
			}				
		},
        "*-morningstar-*": {
			"attachableToEntity": {
				"categoryCode": "utilities",
				"attachedShapeBySlotCode": {
					"frontrightside": { "base": "elk/weaponr-morningstar" },
					"frontleftside": { "base": "elk/weaponl-morningstar" }
				}
			}				
		},
        "*-spiked-*": {
			"ripHarvest": true,
			"attachableToEntity": {
				"categoryCode": "utilities",
				"attachedShapeBySlotCode": {
					"frontrightside": { "base": "elk/weaponr-spiked" },
					"frontleftside": { "base": "elk/weaponl-spiked" }
				}
			}				
		},
        "*-warhammer-*": {
			"attachableToEntity": {
				"categoryCode": "utilities",
				"attachedShapeBySlotCode": {
					"frontrightside": { "base": "elk/weaponr-warhammer" },
					"frontleftside": { "base": "elk/weaponl-warhammer" }
				}
			}				
		}
	},
    "behaviors": [
        {
            "name": "GroundStorable",
            "properties": {
                "layout": "WallHalves",
                "wallOffYByType": {
                    "*-spiked-*": 2,
                    "*-warhammer-*": 2,
                    "*": 1
                },
                "sprintKey": true,
                "selectionBox": { "x1": 0, "y1": 0, "z1": 0, "x2": 1, "y2": 0.1, "z2": 1 },
                "collisionBox": { "x1": 0, "y1": 0, "z1": 0, "x2": 0, "y2": 0, "z2": 0 }
            }
        }, { "name": "AnimationAuthoritative" }
    ],
    "shape": { "base": "game:item/tool/club/{type}" },
    "textures": {
        "blackbronze": { "base": "game:block/metal/ingot/{metal}" }
    },
    "heldTpHitAnimationByType": {
        "*-morningstar-*": "falx",
        "*": "falxslow"
    },
    "attackRangeByType": {
        "*-flanged-*": 2.5,
        "*-morningstar-*": 2.2,
        "*-spiked-*": 2.5,
        "*-warhammer-*": 2.5
    },
    "toolTierByType": {
        "*-gold": 4,
        "*-silver": 4,
        "*-bismuthbronze": 3,
        "*-tinbronze": 3,
        "*-blackbronze": 3,
        "*-iron": 4,
        "*-meteoriciron": 4,
        "*-steel": 5
    },
    "durabilityByType": {
        "*-gold": 400,
        "*-silver": 400,
        "*-bismuthbronze": 530,
        "*-tinbronze": 450,
        "*-blackbronze": 600,
        "*-iron": 850,
        "*-meteoriciron": 1100,
        "*-steel": 2125
    },
    "attackPowerByType": {
        "*-morningstar-gold": 4.3,
        "*-morningstar-silver": 4.3,
        "*-morningstar-bismuthbronze": 4.4,
        "*-morningstar-tinbronze": 4.6,
        "*-morningstar-blackbronze": 4.9,
        "*-morningstar-iron": 5.1,
        "*-morningstar-meteoriciron": 5.4,
        "*-morningstar-steel": 5.5,

        "*-gold": 4.4,
        "*-silver": 4.4,
        "*-bismuthbronze": 4.5,
        "*-tinbronze": 4.7,
        "*-blackbronze": 5,
        "*-iron": 5.4,
        "*-meteoriciron": 5.6,
        "*-steel": 5.9
    },
    "fpHandTransform": {
        "translation": { "x": -0.2, "y": -0.2, "z": 0 },
        "rotation": { "x": -12, "y": 15, "z": 90 },
        "scale": 2.2
    },
    "guiTransformByType": {
        "*-morningstar-*": {
            "translation": { "x": 0, "y": 0, "z": 0 },
            "rotation": { "x": -66, "y": -128, "z": 164 },
            "origin": { "x": 1.15, "y": -0.19, "z": 0.7 },
            "scale": 2.39
        },
        "*-warhammer-*": {
            "translation": { "x": -5, "y": -1, "z": 0 },
            "rotation": { "x": -66, "y": -128, "z": 164 },
            "origin": { "x": 1.15, "y": 0.11, "z": 0.6 },
            "scale": 2.39
        },
        "*": {
            "translation": { "x": 0, "y": 0, "z": 0 },
            "rotation": { "x": -66, "y": -128, "z": 164 },
            "origin": { "x": 1.15, "y": 0.11, "z": 0.6 },
            "scale": 2.39
        }
    },
    "groundTransform": {
        "translation": { "x": 0, "y": 0.36, "z": 0 },
        "rotation": { "x": 0, "y": 0, "z": 0 },
        "origin": { "x": 0.5, "y": 0.45, "z": 0.5 },
        "scale": 3.4
    },
    "tpHandTransformByType": {
        "*-flanged-*": {
        "translation": { "x": -0.89, "y": -0.65, "z": -0.15 },
        "rotation": { "x": 90, "y": 1, "z": 0 },
        "scale": 0.75
        },
        "*-morningstar-*": {
        "translation": { "x": -0.97, "y": -0.65, "z": -0.15 },
        "rotation": { "x": 90, "y": 1, "z": 0 },
        "scale": 0.75
        },
        "*-spiked-*": {
        "translation": { "x": -0.85, "y": -0.65, "z": -0.15 },
        "rotation": { "x": 90, "y": 1, "z": 0 },
        "scale": 0.75
        },
        "*-warhammer-*": {
        "translation": { "x": -0.8, "y": -0.60, "z": -0.11 },
        "rotation": { "x": 90, "y": 1, "z": 0 },
        "scale": 0.8
        }
    }
}