{
    "code": "aa-blade",
    "tool": "sword",
    "tags": ["weapon", "weapon-melee", "sword", "twohanded", "onehanded"],
    "damagedby": ["blockbreaking", "attacking"],
    "creativeinventory": { "general": ["*"], "items": ["*"], "tools": ["*"], "ancientarmory": ["*"] },
    "variantgroups": [
        { "code": "type", "states": ["longsword", "falchion"] },
        { "code": "metal", "states": ["iron", "meteoriciron", "steel"] }
    ],
    "allowedVariants": [
        "*-longsword-iron",
        "*-longsword-meteoriciron",
        "*-longsword-steel",
        "*-falchion-iron",
        "*-falchion-meteoriciron",
        "*-falchion-steel"
        ],
    "attributes": {
        "handbook": { "groupBy": ["aa-blade-{type}-*"] },
		"toolrackTransformByType": {
            "*-longsword-*": { "translation": { "x": 0.42, "y": 0.4, "z": -0.2 }, "rotation": { "x": -16, "y": 180, "z": 1 }, "scale": 0.85 },
            "*-falchion-*": { "translation": { "x": 0.42, "y": 0.4, "z": -0.2 }, "rotation": { "x": -16, "y": 180, "z": 1 }, "scale": 0.85 }
        },
        "groundStorageTransformByType": {
            "*-longsword-*": { "translation": { "x": 0, "y": 0.87, "z": 0.08 }, "rotation": { "x": 24, "y": 90, "z": -87 }, "scale": 0.59 },
            "*-falchion-*": { "translation": { "x": 0, "y": 0.70, "z": 0.12 }, "rotation": { "x": 24, "y": 90, "z": -87 }, "scale": 0.59 }
        },
        "antlerMountable": true,
			"onAntlerMountTransformByType": {
				"aa-blade-longsword-*": {
					"translation": { "x": -0.378, "y": 0.87, "z": 0 },
					"rotation": { "x": 0, "y": 0, "z": -90 },
					"origin": { "x": 0.5, "y": 0, "z": 0.5 },
					"scale": 0.59
				},
				"aa-blade-falchion-*": {
					"translation": { "x": -0.378, "y": 0.85, "z": 0 },
					"rotation": { "x": 0, "y": 0, "z": -90 },
					"origin": { "x": 0.5, "y": 0, "z": 0.5 },
					"scale": 0.59
				}
		}
    },
    "attributesByType": {
		"*-longsword-*": {
			"attachableToEntity": {
				"categoryCode": "utilities",
				"attachedShapeBySlotCode": {
					"frontrightside": { "base": "elk/weaponr-longsword" },
					"frontleftside": { "base": "elk/weaponl-longsword" }
				}
			}				
		},
		"*-falchion-*": {
			"attachableToEntity": {
				"categoryCode": "utilities",
				"attachedShapeBySlotCode": {
					"frontrightside": { "base": "elk/weaponr-falchion" },
					"frontleftside": { "base": "elk/weaponl-falchion" }
				}
			}				
		}
	},
    "behaviors": [
        {
            "name": "GroundStorable",
            "properties": {
                "layout": "WallHalves",
                "wallOffYByType": {
                    "*-longsword-*": 2,
                    "*-falchion-*": 2
                },
                "sprintKey": true,
                "selectionBox": { "x1": 0, "y1": 0, "z1": 0, "x2": 1, "y2": 0.1, "z2": 1 },
                "collisionBox": { "x1": 0, "y1": 0, "z1": 0, "x2": 0, "y2": 0, "z2": 0 }
            }
        },
        { "name": "AnimationAuthoritative" }
    ],
    "shape": { "base": "{type}" },
    "texturesByType": {
        "*-steel*": {
            "metal": { "base": "game:block/metal/ingot/{metal}" },
            "pommel": { "base": "game:block/metal/ingot/iron" }
        },
        "*": {
            "metal": { "base": "game:block/metal/ingot/{metal}" },
            "pommel": { "base": "game:block/metal/ingot/{metal}" }
        }
    },
    "heldTpHitAnimationByType": {
        "*-longsword-*": "longswordswing",
        "*-falchion-*": "falxslow"
    },
    "heldRightReadyAnimationByType": {
        "*-longsword-*": "twohandready"
    },
    "heldTpIdleAnimationByType": {
        "*-longsword-*": "readyidle"
    },
    "attackRangeByType": {
        "*-longsword-*": 2.7,
        "*-falchion-*": 2.6
    },
    "toolTierByType": {
        "*-iron": 4,
        "*-meteoriciron": 4,
        "*-steel": 5
    },
    "attackPowerByType": {
        "*-longsword-iron": 5.4,
        "*-longsword-meteoriciron": 5.6,
        "*-longsword-steel": 5.9,
        "*-falchion-iron": 5.4,
        "*-falchion-meteoriciron": 5.6,
        "*-falchion-steel": 5.9
    },
    "durabilityByType": {
        "*-iron": 850,
        "*-meteoriciron": 1100,
        "*-steel": 2125
    },
    "guiTransformByType": {
        "*-longsword-*": {
            "translation": { "x": -2, "y": -7, "z": 0 },
            "rotation": { "x": -87, "y": 119, "z": 30 },
            "origin": { "x": 1.15, "y": -0.1, "z": 0.57 },
            "scale": 1.95
        },
        "*-falchion-*": {
            "translation": { "x": -2, "y": -7, "z": 0 },
            "rotation": { "x": -87, "y": 119, "z": 30 },
            "origin": { "x": 1.15, "y": -0.1, "z": 0.57 },
            "scale": 1.95
        }
    },
    "fpHandTransformByType": {
        "*-longsword-*": {
            "translation": { "x": -0.2, "y": -0.4, "z": 0 },
            "rotation": { "x": -25, "y": 5, "z": 85 },
            "scale": 1.95
        },
        "*-falchion-*": {
            "translation": { "x": -0.2, "y": -0.4, "z": 0 },
            "rotation": { "x": -25, "y": 5, "z": 85 },
            "scale": 1.95
        }
    },
    "groundTransformByType": {
        "*-longsword-*": {
            "translation": { "x": 0, "y": 0.05, "z": 0 },
            "rotation": { "x": 14, "y": 0, "z": 0 },
            "origin": { "x": 0.5, "y": 0, "z": 0.5 },
            "scale": 2.8
        },
        "*-falchion-*": {
            "translation": { "x": 0, "y": 0.05, "z": 0 },
            "rotation": { "x": 14, "y": 0, "z": 0 },
            "origin": { "x": 0.5, "y": 0, "z": 0.5 },
            "scale": 2.8
        }

    },
    "tpHandTransformByType": {
        "*-longsword-*": {
            "translation": { "x": -0.72, "y": 0.16, "z": -0.82 },
            "rotation": { "x": 85, "y": 0, "z": 2 },
            "origin": { "x": 0.46, "y": -0.11, "z": 0.43 },
            "scale": 0.57
        },
        "*-falchion-*": {
            "translation": { "x": -0.65, "y": 0.07, "z": -0.78 },
            "rotation": { "x": 85, "y": 0, "z": 2 },
            "origin": { "x": 0.43, "y": -0.1, "z": 0.39 },
            "scale": 0.57
        }
    }
}