{
    "code": "aa-spear",
    "class": "ItemSpear",
    "tool": "spear",
    "tags": ["weapon", "weapon-melee", "halberd", "polearm", "twohanded"],
    "damagedby": ["attacking"],
    "creativeinventory": { "general": ["*"], "items": ["*"], "tools": ["*"], "ancientarmory": ["*"] },
    "variantgroups": [
        { "code": "type", "states": ["boar", "voulge", "fork", "ranseur"] },
        { "code": "metal", "states": ["tinbronze", "bismuthbronze", "blackbronze", "gold", "silver", "iron", "meteoriciron", "steel"] }
    ],
    "attributes": {
        "handbook": { "groupBy": ["aa-spear-{type}-*"] },
        "toolrackTransformByType": {
            "*-voulge-*": { "translation": { "x": -0.37, "y": 0.25, "z": 0.5 }, "rotation": { "x": 65, "y": 1, "z": -1 } },
            "*-fork-*": { "translation": { "x": -0.35, "y": 0.05, "z": 0.5 }, "rotation": { "x": 89, "y": 1, "z": -1 } },
            "*-ranseur-*": { "translation": { "x": -0.14, "y": 0.05, "z": 0.5 }, "rotation": { "x": 89, "y": 1, "z": -1 } },
            "*-boar-*": { "translation": { "x": -0.35, "y": 0.05, "z": 0.5 }, "rotation": { "x": 89, "y": 1, "z": -1 } }
        },
        "groundStorageTransformByType": {
            "*-boar-*": { "translation": { "x": -0.35, "y": 0.94, "z": 0.22 }, "rotation": { "x": 16, "y": 0, "z": 90 }, "scale": 0.75 },
            "*-voulge-*": { "translation": { "x": -0.39, "y": 0.6, "z": 0.15 }, "rotation": { "x": 16, "y": -10, "z": 90 }, "scale": 0.75 },
            "*-fork-*": { "translation": { "x": -0.35, "y": 0.85, "z": 0.22 }, "rotation": { "x": 16, "y": 0, "z": 90 }, "scale": 0.7 },
            "*-ranseur-*": { "translation": { "x": -0.35, "y": 1.08, "z": 0.24 }, "rotation": { "x": 16, "y": 0, "z": 90 }, "scale": 0.75 }
        },
        "damageByType": {
            "*-voulge-gold": 2.5,
            "*-voulge-silver": 2.5,
            "*-voulge-bismuthbronze": 3.5,
            "*-voulge-tinbronze": 4.5,
            "*-voulge-blackbronze": 5,
            "*-voulge-iron": 5.2,
            "*-voulge-meteoriciron": 5.3,
            "*-voulge-steel": 5.5,

			"*-fork-gold": 4.5,
            "*-fork-silver": 4.5,
            "*-fork-bismuthbronze": 5.5,
            "*-fork-tinbronze": 6.5,
            "*-fork-blackbronze": 7,
            "*-fork-iron": 7.2,
            "*-fork-meteoriciron": 7.3,
            "*-fork-steel": 7.5,

            "*-gold": 5.5,
            "*-silver": 5.5,
            "*-bismuthbronze": 6.5,
            "*-tinbronze": 7.5,
            "*-blackbronze": 8,
            "*-iron": 8.2,
            "*-meteoriciron": 8.3,
            "*-steel": 8.5
        },
        "spearEntityCode": "ancientarmory:spear-{type}-{metal}"
    },
    "behaviors": [
        {
            "name": "GroundStorable",
            "properties": {
                "layout": "WallHalves",
                "wallOffY": 2,
                "sprintKey": true,
                "selectionBox": { "x1": 0, "y1": 0, "z1": 0, "x2": 1, "y2": 0.1, "z2": 1 },
                "collisionBox": { "x1": 0, "y1": 0, "z1": 0, "x2": 0, "y2": 0, "z2": 0 }
            }
        },
        { "name": "AnimationAuthoritative" }
    ],
    "shape": { "base": "game:item/tool/spear/{type}" },
    "textures": {
        "blackbronze": { "base": "game:block/metal/ingot/{metal}" },
        "metal": { "base": "game:block/metal/ingot/{metal}" }
    },
    "heldTpHitAnimationByType": {
       "*-voulge-*": "greatswing",
       "*": "spearhit"
    },
    "heldRightReadyAnimation": "twohandready",
    "heldTpIdleAnimation": "readyidle",
    "attackRangeByType": {
		"*-boar-*": 3.5,
        "*-voulge-*": 3.2,
		"*-fork-*": 3.6,
		"*-ranseur-*": 3.5
    },
    "attackPowerByType": {
        "*-voulge-gold": 3.9,
        "*-voulge-silver": 3.9,
        "*-voulge-bismuthbronze": 3.9,
        "*-voulge-tinbronze": 4.4,
        "*-voulge-blackbronze": 4.6,
        "*-voulge-iron": 5.4,
        "*-voulge-meteoriciron": 5.6,
        "*-voulge-steel": 5.9,

        "*-gold": 3.3,
        "*-silver": 3.3,
        "*-bismuthbronze": 3.3,
        "*-tinbronze": 3.8,
        "*-blackbronze": 4,
        "*-iron": 4.8,
        "*-meteoriciron": 5,
        "*-steel": 5.3
    },
    "durabilityByType": {
        "*-gold": 310,
        "*-silver": 310,
        "*-tinbronze": 320,
        "*-bismuthbronze": 360,
        "*-blackbronze": 400,
        "*-iron": 750,
        "*-meteoriciron": 950,
        "*-steel": 1975
    },
    "toolTierByType": {
        "*-gold": 4,
        "*-silver": 4,
        "*-bismuthbronze": 3,
        "*-tinbronze": 3,
        "*-blackbronze": 3,
        "*-iron": 4,
        "*-meteoriciron": 4,
        "*-steel": 5
    },
    "guiTransformByType": {
        "*-voulge-*": {
            "translation": { "x": 0, "y": 0, "z": 0 },
            "rotation": { "x": -180, "y": 128, "z": 38 },
            "origin": { "x": 1.29, "y": 0, "z": 0.5 },
            "scale": 2.26
        },
        "*-ranseur-*": {
            "translation": { "x": 0, "y": 0, "z": 0 },
            "rotation": { "x": -175, "y": 140, "z": 38 },
            "origin": { "x": 1.19, "y": 0, "z": 0.6 },
            "scale": 2.26
        },
        "*-fork-*": {
            "translation": { "x": 9, "y": 12, "z": 0 },
            "rotation": { "x": -30, "y": 140, "z": -33 },
            "origin": { "x": 1.19, "y": 0, "z": 0.5 },
            "scale": 1.9
        },
        "*-boar-*": {
            "translation": { "x": 7, "y": 8, "z": 0 },
            "rotation": { "x": -18, "y": 145, "z": -40 },
            "origin": { "x": 1.19, "y": 0, "z": 0.5 },
            "scale": 2
        }
    },
    "fpHandTransformByType": {
        "*-voulge-*": {
            "translation": { "x": 0.1, "y": 0.4, "z": 0.15 },
            "rotation": { "x": -82, "y": 90, "z": 96 },
            "origin": { "x": 0.5, "y": 0, "z": 0.5 },
            "scale": 2.45
        },
        "*-ranseur-*": {
            "translation": { "x": 0.1, "y": 0.4, "z": 0 },
            "rotation": { "x": -82, "y": 180, "z": 96 },
            "origin": { "x": 0.5, "y": 0, "z": 0.5 },
            "scale": 2.45
        },
        "*": {
            "translation": { "x": 0.1, "y": 0.4, "z": 0.15 },
            "rotation": { "x": -82, "y": 180, "z": 96 },
            "origin": { "x": 0.5, "y": 0, "z": 0.5 },
            "scale": 2.45
        }
    },
    "groundTransformByType": {
        "*-voulge-*": {
            "translation": { "x": 0, "y": 0.05, "z": 0 },
            "rotation": { "x": 68, "y": 0, "z": 0 },
            "origin": { "x": 0.5, "y": 0, "z": 0.5 },
            "scale": 3.4
        },
        "*-fork-*": {
            "translation": { "x": 0, "y": 0.05, "z": 0 },
            "rotation": { "x": -90, "y": 0, "z": 0 },
            "origin": { "x": 0.5, "y": 0, "z": 0.5 },
            "scale": 3.4
        },
        "*": {
            "translation": { "x": 0, "y": 0.05, "z": 0 },
            "rotation": { "x": 90, "y": 0, "z": 0 },
            "origin": { "x": 0.5, "y": 0, "z": 0.5 },
            "scale": 3.4
        }
    },
    "tpHandTransformByType": {
        "*-voulge-*": {
            "translation": { "x": -1.35, "y": 0.03, "z": -0.61 },
            "rotation": { "x": 8, "y": 0, "z": 0 },
            "origin": { "x": 0.5, "y": 0, "z": 0.5 },
            "scale": 0.8
        },
        "*-ranseur-*": {
            "translation": { "x": -1.99, "y": 0.03, "z": -0.61 },
            "rotation": { "x": -90, "y": 0, "z": 0 },
            "origin": { "x": 0.5, "y": 0, "z": 0.5 },
            "scale": 0.8
        },
        "*": {
            "translation": { "x": -1.8, "y": 0.03, "z": -0.61 },
            "rotation": { "x": -90, "y": 0, "z": 0 },
            "origin": { "x": 0.5, "y": 0, "z": 0.5 },
            "scale": 0.8
        }
    }
}
