{
	"editor": {
		"backDropShape": "E:/Programs/VSModelCreator/thin",
		"collapsedPaths": "Root/Bow,Root/Waist-Quiver/Quiver,Root/Waist-Belt/Quiver/quiver_1,Root/Sowrd/Handle,Root/Waist/buckle-bottom,Root/Waist-Quiver/Pouch_1,Root/Waist-Quiver/Pouch_0,Root/Waist-Belt/Saydak/saydak_0/Bow,Root/Sowrd/Metal,Root/Waist-Belt/Sheath,Root/Waist-Belt/Pouch_1,Root/Waist-Quiver/Sheath_0,Root/Waist-Quiver/Belt,Root/Waist-Belt/Saydak/Bow,Root/Waist-Quiver/Saydak,Root/Waist-Quiver/Sheath/sheath_0,Root/Waist-Quiver/Sheath/sheath_0/Sowrd/Handle2,Root/Waist-Belt/Quiver/arrow_7,Root/Waist-Belt/Saydak/saydak_0/quiver_1,Root/Waist-Belt/Quiver/arrow_6,Root/Waist-Belt/Quiver/arrow_5,Root/Waist-Quiver/Quiver/arrow_3,Root/Waist-Quiver/Quiver/arrow_2,Root/Waist-Quiver/Quiver/arrow_1,Root/Waist-Quiver/Bow,Root/Waist-Quiver/Quiver/arrow_0,Root/Waist-Belt/Quiver/arrow_0,Root/Waist-Quiver/Sheath/sheath_0/Handle2/Guard_2,Root/Waist-Belt/Quiver/arrow_4,Root/Waist-Belt/Quiver/arrow_3,Root/Waist-Belt/Quiver/arrow_2,Root/Waist-Belt/Quiver/arrow_1",
		"allAngles": true,
		"entityTextureMode": false
	},
	"textureWidth": 16,
	"textureHeight": 16,
	"textureSizes": {
	},
	"textures": {
		"quiverarrows-black": "game:block/leather/black",
		"belt-waist-plain-material": "game:block/leather/plain",
		"belt-waist-plain-metal": "game:block/metal/plate/brass"
	},
	"elements": [
		{
			"name": "Waist-Belt",
			"stepParentName": "LowerTorso",
			"from": [ -0.1, 1.9, -0.2 ],
			"to": [ 5.1, 3.0, 6.2 ],
			"rotationOrigin": [ 2.9, 1.9, 3.0 ],
			"faces": {
			},
			"children": [
				{
					"name": "Saydak",
					"from": [ 2.6, -0.9, -0.1 ],
					"to": [ 2.6, -0.9, -0.1 ],
					"rotationOrigin": [ 2.6, -0.9, -0.1 ],
					"faces": {
						"north": { "texture": "#belt-waist-plain-material", "uv": [ 0.0, 0.0, 0.5, 0.5 ] },
						"east": { "texture": "#belt-waist-plain-material", "uv": [ 0.0, 0.0, 0.5, 0.5 ] },
						"south": { "texture": "#belt-waist-plain-material", "uv": [ 0.0, 0.0, 0.5, 0.5 ] },
						"west": { "texture": "#belt-waist-plain-material", "uv": [ 0.0, 0.0, 0.5, 0.5 ] },
						"up": { "texture": "#belt-waist-plain-material", "uv": [ 0.0, 0.0, 0.5, 0.5 ] },
						"down": { "texture": "#belt-waist-plain-material", "uv": [ 0.0, 0.0, 0.5, 0.5 ] }
					},
					"children": [
						{
							"name": "saydak_0",
							"from": [ -2.6, -1.8, -1.8 ],
							"to": [ -2.6, -1.8, -1.8 ],
							"rotationOrigin": [ -2.6, -1.8, -1.8 ],
							"rotationX": -3.0,
							"rotationY": 31.0,
							"rotationZ": -49.0,
							"faces": {
								"north": { "texture": "#belt-waist-plain-material", "uv": [ 0.0, 0.0, 0.5, 0.5 ] },
								"east": { "texture": "#belt-waist-plain-material", "uv": [ 0.0, 0.0, 0.5, 0.5 ] },
								"south": { "texture": "#belt-waist-plain-material", "uv": [ 0.0, 0.0, 0.5, 0.5 ] },
								"west": { "texture": "#belt-waist-plain-material", "uv": [ 0.0, 0.0, 0.5, 0.5 ] },
								"up": { "texture": "#belt-waist-plain-material", "uv": [ 0.0, 0.0, 0.5, 0.5 ] },
								"down": { "texture": "#belt-waist-plain-material", "uv": [ 0.0, 0.0, 0.5, 0.5 ] }
							},
							"children": [
								{
									"name": "saydak_1",
									"from": [ -0.3, -3.0, -0.5 ],
									"to": [ 3.2, 0.0, 0.7 ],
									"rotationOrigin": [ -0.3, -3.0, -0.5 ],
									"faces": {
										"north": { "texture": "#belt-waist-plain-material", "uv": [ 0.0, 0.0, 3.5, 3.0 ] },
										"east": { "texture": "#belt-waist-plain-material", "uv": [ 0.0, 0.0, 1.0, 3.0 ] },
										"south": { "texture": "#belt-waist-plain-material", "uv": [ 0.0, 0.0, 3.5, 3.0 ] },
										"west": { "texture": "#belt-waist-plain-material", "uv": [ 0.0, 0.0, 1.0, 3.0 ] },
										"up": { "texture": "#belt-waist-plain-material", "uv": [ 0.0, 0.0, 3.5, 1.0 ] },
										"down": { "texture": "#belt-waist-plain-material", "uv": [ 0.0, 0.0, 3.5, 1.0 ] }
									}
								},
								{
									"name": "saydak_2",
									"from": [ 3.2, -1.0, -0.5 ],
									"to": [ 10.9, 0.0, 0.7 ],
									"rotationOrigin": [ 3.2, -1.0, -0.5 ],
									"faces": {
										"north": { "texture": "#belt-waist-plain-material", "uv": [ 0.0, 0.0, 7.5, 1.0 ] },
										"east": { "texture": "#belt-waist-plain-material", "uv": [ 0.0, 0.0, 1.0, 1.0 ] },
										"south": { "texture": "#belt-waist-plain-material", "uv": [ 0.0, 0.0, 7.5, 1.0 ] },
										"west": { "texture": "#belt-waist-plain-material", "uv": [ 0.0, 0.0, 1.0, 1.0 ] },
										"up": { "texture": "#belt-waist-plain-material", "uv": [ 0.0, 0.0, 7.5, 1.0 ] },
										"down": { "texture": "#belt-waist-plain-material", "uv": [ 0.0, 0.0, 7.5, 1.0 ] }
									}
								},
								{
									"name": "saydak_3",
									"from": [ 3.2, -3.0, -0.49 ],
									"to": [ 11.2, -2.0, 0.69 ],
									"rotationOrigin": [ 3.2, -3.0, -0.5 ],
									"rotationZ": 12.0,
									"faces": {
										"north": { "texture": "#belt-waist-plain-material", "uv": [ 0.0, 0.0, 8.0, 1.0 ] },
										"east": { "texture": "#belt-waist-plain-material", "uv": [ 0.0, 0.0, 1.0, 1.0 ] },
										"south": { "texture": "#belt-waist-plain-material", "uv": [ 0.0, 0.0, 8.0, 1.0 ] },
										"west": { "texture": "#belt-waist-plain-material", "uv": [ 0.0, 0.0, 1.0, 1.0 ] },
										"up": { "texture": "#belt-waist-plain-material", "uv": [ 0.0, 0.0, 8.0, 1.0 ] },
										"down": { "texture": "#belt-waist-plain-material", "uv": [ 0.0, 0.0, 8.0, 1.0 ] }
									},
									"children": [
										{
											"name": "saydak_4",
											"from": [ 0.0, 1.0, 0.0 ],
											"to": [ 4.9, 1.5, 1.18 ],
											"rotationOrigin": [ 0.0, 1.0, 0.0 ],
											"faces": {
												"north": { "texture": "#belt-waist-plain-material", "uv": [ 2.5, 4.0, 7.0, 4.5 ] },
												"east": { "texture": "#belt-waist-plain-material", "uv": [ 2.5, 1.5, 3.5, 2.0 ] },
												"south": { "texture": "#belt-waist-plain-material", "uv": [ 2.0, 2.5, 6.5, 3.0 ] },
												"west": { "texture": "#belt-waist-plain-material", "uv": [ 4.5, 2.5, 5.5, 3.0 ] },
												"up": { "texture": "#belt-waist-plain-material", "uv": [ 3.5, 3.0, 8.0, 4.0 ] },
												"down": { "texture": "#belt-waist-plain-material", "uv": [ 1.0, 1.0, 5.5, 2.0 ] }
											}
										},
										{
											"name": "saydak_8",
											"from": [ 0.0, 1.5, 0.0 ],
											"to": [ 2.9, 2.0, 1.18 ],
											"rotationOrigin": [ 0.0, 1.5, 0.0 ],
											"faces": {
												"north": { "texture": "#belt-waist-plain-material", "uv": [ 5.5, 5.5, 8.0, 6.0 ] },
												"east": { "texture": "#belt-waist-plain-material", "uv": [ 9.5, 6.5, 10.5, 7.0 ] },
												"south": { "texture": "#belt-waist-plain-material", "uv": [ 5.0, 6.0, 7.5, 6.5 ] },
												"west": { "texture": "#belt-waist-plain-material", "uv": [ 4.0, 3.5, 5.0, 4.0 ] },
												"up": { "texture": "#belt-waist-plain-material", "uv": [ 6.5, 7.0, 9.0, 8.0 ] },
												"down": { "texture": "#belt-waist-plain-material", "uv": [ 8.0, 6.5, 10.5, 7.5 ] }
											}
										}
									]
								},
								{
									"name": "saydak_5",
									"from": [ 9.8, -1.7, -0.6 ],
									"to": [ 10.3, 0.1, 0.8 ],
									"rotationOrigin": [ 9.8, -1.7, -0.6 ],
									"faces": {
										"north": { "texture": "#belt-waist-plain-metal", "uv": [ 0.0, 0.0, 0.5, 1.5 ] },
										"east": { "texture": "#belt-waist-plain-metal", "uv": [ 0.0, 0.0, 1.0, 1.5 ] },
										"south": { "texture": "#belt-waist-plain-metal", "uv": [ 0.0, 0.0, 0.5, 1.5 ] },
										"west": { "texture": "#belt-waist-plain-metal", "uv": [ 0.0, 0.0, 1.0, 1.5 ] },
										"up": { "texture": "#belt-waist-plain-metal", "uv": [ 0.0, 0.0, 0.5, 1.0 ] },
										"down": { "texture": "#belt-waist-plain-metal", "uv": [ 0.0, 0.0, 0.5, 1.0 ] }
									}
								},
								{
									"name": "saydak_6",
									"from": [ 0.2, -0.3, 0.5 ],
									"to": [ 0.8, 4.6, 0.7 ],
									"rotationOrigin": [ 0.8, -0.3, 0.5 ],
									"rotationX": 38.0,
									"rotationZ": 35.0,
									"faces": {
										"north": { "texture": "#belt-waist-plain-material", "uv": [ 0.0, 0.0, 0.5, 4.5 ] },
										"east": { "texture": "#belt-waist-plain-material", "uv": [ 0.0, 0.0, 0.5, 4.5 ] },
										"south": { "texture": "#belt-waist-plain-material", "uv": [ 0.0, 0.0, 0.5, 4.5 ] },
										"west": { "texture": "#belt-waist-plain-material", "uv": [ 0.0, 0.0, 0.5, 4.5 ] },
										"up": { "texture": "#belt-waist-plain-material", "uv": [ 0.0, 0.0, 0.5, 0.5 ] },
										"down": { "texture": "#belt-waist-plain-material", "uv": [ 0.0, 0.0, 0.5, 0.5 ] }
									}
								},
								{
									"name": "saydak_7",
									"from": [ 7.2, 0.0, 0.5 ],
									"to": [ 7.8, 10.5, 0.7 ],
									"rotationOrigin": [ 7.8, 0.0, 0.5 ],
									"rotationX": 53.0,
									"rotationY": -7.0,
									"rotationZ": 59.0,
									"faces": {
										"north": { "texture": "#belt-waist-plain-material", "uv": [ 0.0, 0.0, 0.5, 10.5 ] },
										"east": { "texture": "#belt-waist-plain-material", "uv": [ 0.0, 0.0, 0.5, 10.5 ] },
										"south": { "texture": "#belt-waist-plain-material", "uv": [ 0.0, 0.0, 0.5, 10.5 ] },
										"west": { "texture": "#belt-waist-plain-material", "uv": [ 0.0, 0.0, 0.5, 10.5 ] },
										"up": { "texture": "#belt-waist-plain-material", "uv": [ 0.0, 0.0, 0.5, 0.5 ] },
										"down": { "texture": "#belt-waist-plain-material", "uv": [ 0.0, 0.0, 0.5, 0.5 ] }
									}
								},
								{
									"name": "quiver_1",
									"from": [ -0.3, -3.1, -0.5 ],
									"to": [ 2.9, -2.6, 0.7 ],
									"rotationOrigin": [ -0.3, -3.1, -0.5 ],
									"rotationZ": 90.0,
									"faces": {
										"north": { "texture": "#belt-waist-plain-metal", "uv": [ 0.0, 0.0, 3.0, 0.5 ] },
										"east": { "texture": "#belt-waist-plain-metal", "uv": [ 0.0, 0.0, 1.0, 0.5 ] },
										"south": { "texture": "#belt-waist-plain-metal", "uv": [ 0.0, 0.0, 3.0, 0.5 ] },
										"west": { "texture": "#belt-waist-plain-metal", "uv": [ 0.0, 0.0, 1.0, 0.5 ] },
										"up": { "texture": "#belt-waist-plain-metal", "uv": [ 0.0, 0.0, 3.0, 1.0 ] },
										"down": { "texture": "#belt-waist-plain-metal", "uv": [ 0.0, 0.0, 3.0, 1.0 ] }
									},
									"children": [
										{
											"name": "quiver_5",
											"from": [ 0.1, 0.5, 0.9 ],
											"to": [ 3.1, 1.0, 1.2 ],
											"rotationOrigin": [ 0.1, 0.5, 0.9 ],
											"rotationX": 30.0,
											"faces": {
												"north": { "texture": "#belt-waist-plain-material", "uv": [ 0.0, 0.0, 3.0, 0.5 ] },
												"east": { "texture": "#belt-waist-plain-material", "uv": [ 0.0, 0.0, 0.5, 0.5 ] },
												"south": { "texture": "#belt-waist-plain-material", "uv": [ 0.0, 0.0, 3.0, 0.5 ] },
												"west": { "texture": "#belt-waist-plain-material", "uv": [ 0.0, 0.0, 0.5, 0.5 ] },
												"up": { "texture": "#belt-waist-plain-material", "uv": [ 0.0, 0.0, 3.0, 0.5 ] },
												"down": { "texture": "#belt-waist-plain-material", "uv": [ 0.0, 0.0, 3.0, 0.5 ] }
											}
										},
										{
											"name": "quiver_6",
											"from": [ 0.1, 0.5, 0.1 ],
											"to": [ 0.4, 1.0, 1.2 ],
											"rotationOrigin": [ 0.4, 0.5, 0.1 ],
											"rotationZ": 30.0,
											"faces": {
												"north": { "texture": "#belt-waist-plain-material", "uv": [ 0.0, 0.0, 0.5, 0.5 ] },
												"east": { "texture": "#belt-waist-plain-material", "uv": [ 0.0, 0.0, 1.0, 0.5 ] },
												"south": { "texture": "#belt-waist-plain-material", "uv": [ 0.0, 0.0, 0.5, 0.5 ] },
												"west": { "texture": "#belt-waist-plain-material", "uv": [ 12.5, 3.0, 13.5, 3.5 ] },
												"up": { "texture": "#belt-waist-plain-material", "uv": [ 0.0, 0.0, 0.5, 1.0 ] },
												"down": { "texture": "#belt-waist-plain-material", "uv": [ 0.0, 0.0, 0.5, 1.0 ] }
											}
										},
										{
											"name": "quiver_4",
											"from": [ 0.1, 0.5, 0.1 ],
											"to": [ 3.1, 1.0, 0.4 ],
											"rotationOrigin": [ 0.1, 0.5, 0.4 ],
											"rotationX": -30.0,
											"faces": {
												"north": { "texture": "#belt-waist-plain-material", "uv": [ 0.0, 0.0, 3.0, 0.5 ] },
												"east": { "texture": "#belt-waist-plain-material", "uv": [ 0.0, 0.0, 0.5, 0.5 ] },
												"south": { "texture": "#belt-waist-plain-material", "uv": [ 0.0, 0.0, 3.0, 0.5 ] },
												"west": { "texture": "#belt-waist-plain-material", "uv": [ 0.0, 0.0, 0.5, 0.5 ] },
												"up": { "texture": "#belt-waist-plain-material", "uv": [ 0.0, 0.0, 3.0, 0.5 ] },
												"down": { "texture": "#belt-waist-plain-material", "uv": [ 0.0, 0.0, 3.0, 0.5 ] }
											}
										},
										{
											"name": "quiver_7",
											"from": [ 2.8, 0.5, 0.1 ],
											"to": [ 3.1, 1.0, 1.2 ],
											"rotationOrigin": [ 2.8, 0.5, 0.1 ],
											"rotationZ": -30.0,
											"faces": {
												"north": { "texture": "#belt-waist-plain-material", "uv": [ 0.0, 0.0, 0.5, 0.5 ] },
												"east": { "texture": "#belt-waist-plain-material", "uv": [ 12.0, 6.0, 13.0, 6.5 ] },
												"south": { "texture": "#belt-waist-plain-material", "uv": [ 0.0, 0.0, 0.5, 0.5 ] },
												"west": { "texture": "#belt-waist-plain-material", "uv": [ 7.5, 3.0, 8.5, 3.5 ] },
												"up": { "texture": "#belt-waist-plain-material", "uv": [ 0.0, 0.0, 0.5, 1.0 ] },
												"down": { "texture": "#belt-waist-plain-material", "uv": [ 0.0, 0.0, 0.5, 1.0 ] }
											}
										},
										{
											"name": "quiver_8",
											"from": [ 0.3, 0.51, 0.3 ],
											"to": [ 2.9, 0.51, 1.0 ],
											"rotationOrigin": [ 0.3, 0.5, 0.3 ],
											"faces": {
												"up": { "texture": "#quiverarrows-black", "uv": [ 7.0, 9.5, 9.5, 10.0 ] }
											}
										}
									]
								}
							]
						}
					]
				}
			]
		}
	],
	"animations": [
	]
}