{
	"editor": {
		"backDropShape": "E:/Programs/VSModelCreator/thin",
		"collapsedPaths": "Root/Waist-Belt/Pouch_1,Root/Waist-Quiver/Sheath_0,Root/Waist-Quiver/Belt,Root/Goatfoot,Root/Bow,Root/Waist-Quiver/Quiver,Root/Sowrd/Handle,Root/Waist-Quiver/Saydak,Root/Waist-Quiver/Sheath/sheath_0,Root/Waist-Quiver/Sheath/sheath_0/Sowrd/Handle2,Root/Waist-Quiver/Quiver/arrow_3,Root/Waist-Quiver/Quiver/arrow_2,Root/Goatleg,Root/Waist-Quiver/Quiver/arrow_1,Root/Waist-Quiver/Bow,Root/Waist/buckle-bottom,Root/Waist-Quiver/Quiver/arrow_0,Root/Waist-Quiver/Pouch_1,Root/Waist-Quiver/Sheath/sheath_0/Handle2/Guard_2,Root/Waist-Quiver/Pouch_0,Root/Sowrd/Metal,Root/Waist-Belt/Sheath",
		"allAngles": true,
		"entityTextureMode": false
	},
	"textureWidth": 16,
	"textureHeight": 16,
	"textureSizes": {
	},
	"textures": {
		"belt-waist-plain-material": "game:block/leather/plain",
		"belt-waist-plain-metal": "game:block/metal/plate/brass"
	},
	"elements": [
		{
			"name": "Waist-Belt",
			"stepParentName": "LowerTorso",
			"from": [ -0.1, 1.9, -0.2 ],
			"to": [ 5.1, 3.0, 6.2 ],
			"rotationOrigin": [ 2.9, 1.9, 3.0 ],
			"faces": {
			},
			"children": [
				{
					"name": "quiver_0",
					"from": [ 5.2, 0.0, 5.0 ],
					"to": [ 5.2, 0.0, 5.0 ],
					"rotationOrigin": [ 5.2, 0.0, 5.0 ],
					"faces": {
						"north": { "texture": "#belt-waist-plain-metal", "uv": [ 0.0, 0.0, 0.5, 0.5 ] },
						"east": { "texture": "#belt-waist-plain-metal", "uv": [ 0.0, 0.0, 0.5, 0.5 ] },
						"south": { "texture": "#belt-waist-plain-metal", "uv": [ 0.0, 0.0, 0.5, 0.5 ] },
						"west": { "texture": "#belt-waist-plain-metal", "uv": [ 0.0, 0.0, 0.5, 0.5 ] },
						"up": { "texture": "#belt-waist-plain-metal", "uv": [ 0.0, 0.0, 0.5, 0.5 ] },
						"down": { "texture": "#belt-waist-plain-metal", "uv": [ 0.0, 0.0, 0.5, 0.5 ] }
					},
					"children": [
						{
							"name": "quiver_1",
							"from": [ -0.5, -0.4, -0.7 ],
							"to": [ 0.8, 1.4, -0.3 ],
							"rotationOrigin": [ -0.5, -0.4, -0.7 ],
							"faces": {
								"north": { "texture": "#belt-waist-plain-metal", "uv": [ 0.0, 0.0, 1.0, 1.5 ] },
								"east": { "texture": "#belt-waist-plain-metal", "uv": [ 0.0, 0.0, 0.5, 1.5 ] },
								"south": { "texture": "#belt-waist-plain-metal", "uv": [ 0.0, 0.0, 1.0, 1.5 ] },
								"west": { "texture": "#belt-waist-plain-metal", "uv": [ 0.0, 0.0, 0.5, 1.5 ] },
								"up": { "texture": "#belt-waist-plain-metal", "uv": [ 0.0, 0.0, 1.0, 0.5 ] },
								"down": { "texture": "#belt-waist-plain-metal", "uv": [ 0.0, 0.0, 1.0, 0.5 ] }
							}
						},
						{
							"name": "quiver_2",
							"from": [ 0.7, -0.4, -0.71 ],
							"to": [ 1.2, 0.0, -0.31 ],
							"rotationOrigin": [ 0.7, 0.1, -0.7 ],
							"rotationZ": -19.0,
							"faces": {
								"north": { "texture": "#belt-waist-plain-metal", "uv": [ 0.0, 0.0, 0.5, 0.5 ] },
								"east": { "texture": "#belt-waist-plain-metal", "uv": [ 0.0, 0.0, 0.5, 0.5 ] },
								"south": { "texture": "#belt-waist-plain-metal", "uv": [ 0.0, 0.0, 0.5, 0.5 ] },
								"west": { "texture": "#belt-waist-plain-metal", "uv": [ 0.0, 0.0, 0.5, 0.5 ] },
								"up": { "texture": "#belt-waist-plain-metal", "uv": [ 0.0, 0.0, 0.5, 0.5 ] },
								"down": { "texture": "#belt-waist-plain-metal", "uv": [ 0.0, 0.0, 0.5, 0.5 ] }
							},
							"children": [
								{
									"name": "quiver_3",
									"from": [ 0.5, 0.0, 0.0 ],
									"to": [ 0.9, 1.5, 0.4 ],
									"rotationOrigin": [ 0.5, 0.0, 0.0 ],
									"faces": {
										"north": { "texture": "#belt-waist-plain-metal", "uv": [ 0.0, 0.0, 0.5, 1.5 ] },
										"east": { "texture": "#belt-waist-plain-metal", "uv": [ 0.0, 0.0, 0.5, 1.5 ] },
										"south": { "texture": "#belt-waist-plain-metal", "uv": [ 0.0, 0.0, 0.5, 1.5 ] },
										"west": { "texture": "#belt-waist-plain-metal", "uv": [ 0.0, 0.0, 0.5, 1.5 ] },
										"up": { "texture": "#belt-waist-plain-metal", "uv": [ 0.0, 0.0, 0.5, 0.5 ] },
										"down": { "texture": "#belt-waist-plain-metal", "uv": [ 0.0, 0.0, 0.5, 0.5 ] }
									}
								}
							]
						},
						{
							"name": "quiver_4",
							"from": [ -0.3, 0.2, -1.8 ],
							"to": [ 0.0, 0.9, -0.4 ],
							"rotationOrigin": [ 0.0, 0.2, -1.8 ],
							"rotationY": 32.0,
							"faces": {
								"north": { "texture": "#belt-waist-plain-material", "uv": [ 0.0, 0.0, 0.5, 0.5 ] },
								"east": { "texture": "#belt-waist-plain-material", "uv": [ 11.5, 4.0, 12.5, 4.5 ] },
								"south": { "texture": "#belt-waist-plain-material", "uv": [ 3.0, 1.5, 3.5, 2.0 ] },
								"west": { "texture": "#belt-waist-plain-material", "uv": [ 11.5, 4.5, 12.5, 5.0 ] },
								"up": { "texture": "#belt-waist-plain-material", "uv": [ 0.0, 0.0, 0.5, 1.0 ] },
								"down": { "texture": "#belt-waist-plain-material", "uv": [ 0.0, 0.0, 0.5, 1.0 ] }
							}
						},
						{
							"name": "quiver_5",
							"from": [ 0.0, 0.2, 0.9 ],
							"to": [ 0.3, 0.9, 2.3 ],
							"rotationOrigin": [ 0.0, 0.2, 0.9 ],
							"rotationY": 151.0,
							"faces": {
								"north": { "texture": "#belt-waist-plain-material", "uv": [ 0.0, 0.0, 0.5, 0.5 ] },
								"east": { "texture": "#belt-waist-plain-material", "uv": [ 6.0, 4.5, 7.0, 5.0 ] },
								"south": { "texture": "#belt-waist-plain-material", "uv": [ 0.0, 0.0, 0.5, 0.5 ] },
								"west": { "texture": "#belt-waist-plain-material", "uv": [ 8.5, 5.5, 9.5, 6.0 ] },
								"up": { "texture": "#belt-waist-plain-material", "uv": [ 0.0, 0.0, 0.5, 1.0 ] },
								"down": { "texture": "#belt-waist-plain-material", "uv": [ 0.0, 0.0, 0.5, 1.0 ] }
							}
						}
					]
				}
			]
		}
	]}