{
	"editor": {
		"backDropShape": "E:/Programs/VSModelCreator/seraph-faceless",
		"collapsedPaths": "Root/Band_second,Root/Musket/Band_first,Root/Carbine/Band_third,Root/Band_first,Root/Stock,Root/Flintlock,Root/Carbine/Trigger_assembly/Trigger_assemly_base,Root/Barrel,Root/Arquebus_origin/Matchlock,Root/Band_third,Root/Carbine/Flintlock,Root/Arquebus_origin/Stock,Root/Musket/Band_second,Root/Musket/Trigger_assembly,Root/Arquebus_origin/Barrel,Root/Carbine/Trigger_assembly/Guard,Root/Carbine,Root/FluteCase/flute_case_0/flute,Root/Musket/Flintlock/Plate,Root/Carbine/Ramrod_origin/Ramrod,Root/FluteCase/flute,Root/Shoulder-Sling/Weapon_origin,Root/Musket,Root/Musket/Flintlock,Root/Carbine/Flask_origin/Flask_origin_inner,Root/Arquebus_origin/Patch,Root/base,Root/Musket/Stock,Root/origin/Bottom_plate,Root/Carbine/Flintlock/Hammer,Root/Musket/Stock/Buttstock/Buttstock_bottom/Buttstock_butt/Buttstock_butt_plate,Root/Carbine/Flintlock/Pan,Root/Musket/Band_third,Root/Carbine/Flintlock/Hammer/Hammer_arm,Root/Arquebus_origin/Lever,Root/Arquebus_origin/Ramdrod_origin,Root/Carbine/Ramrod_origin,Root/Carbine/Barrel,Root/Carbine/Stock,Root/Trigger_assembly,Root/Carbine/Flintlock/Frizzen,Root/flute,Root/Musket/Stock/Buttstock/Buttstock_butt,Root/Ramrod,Root/Carbine/Band_second,Root/Carbine/Trigger_assembly,Root/Musket/Barrel",
		"allAngles": false,
		"entityTextureMode": false
	},
	"textureWidth": 16,
	"textureHeight": 16,
	"textureSizes": {
	},
	"textures": {
		"flutecase-cloth": "game:block/cloth/linen/plain",
		"flutecase-metal": "game:block/metal/plate/brass"
	},
	"elements": [
		{
			"name": "FluteCase",
			"stepParentName": "UpperTorso",
			"from": [ 0.7, 0.0, 2.7 ],
			"to": [ 0.7, 0.0, 2.7 ],
			"rotationOrigin": [ 0.7, 0.0, 2.7 ],
			"faces": {
			},
			"children": [
				{
					"name": "flute_case_0",
					"from": [ -2.2, 3.1, -0.1 ],
					"to": [ -1.0, 3.6, 1.1 ],
					"rotationOrigin": [ -2.2, 3.1, -0.1 ],
					"faces": {
						"north": { "texture": "#flutecase-metal", "uv": [ 0.0, 0.0, 1.0, 0.5 ] },
						"east": { "texture": "#flutecase-metal", "uv": [ 0.0, 0.0, 1.0, 0.5 ] },
						"south": { "texture": "#flutecase-metal", "uv": [ 0.0, 0.0, 1.0, 0.5 ] },
						"west": { "texture": "#flutecase-metal", "uv": [ 0.0, 0.0, 1.0, 0.5 ] },
						"up": { "texture": "#flutecase-metal", "uv": [ 0.0, 0.0, 1.0, 1.0 ] },
						"down": { "texture": "#flutecase-metal", "uv": [ 0.0, 0.0, 1.0, 1.0 ] }
					},
					"children": [
						{
							"name": "flute_case_1",
							"from": [ 0.1, 0.0, -0.9 ],
							"to": [ 1.1, 3.5, 0.1 ],
							"rotationOrigin": [ 0.1, 0.0, 0.1 ],
							"rotationX": 175.0,
							"faces": {
								"north": { "texture": "#flutecase-cloth", "uv": [ 0.0, 0.0, 1.0, 3.5 ] },
								"east": { "texture": "#flutecase-cloth", "uv": [ 0.0, 0.0, 1.0, 3.5 ] },
								"south": { "texture": "#flutecase-cloth", "uv": [ 0.0, 0.0, 1.0, 3.5 ] },
								"west": { "texture": "#flutecase-cloth", "uv": [ 0.0, 0.0, 1.0, 3.5 ] },
								"up": { "texture": "#flutecase-cloth", "uv": [ 0.0, 0.0, 1.0, 1.0 ] },
								"down": { "texture": "#flutecase-cloth", "uv": [ 0.0, 0.0, 1.0, 1.0 ] }
							}
						},
						{
							"name": "flute_case_2",
							"from": [ 0.1, 0.0, 1.1 ],
							"to": [ 1.1, 3.5, 2.1 ],
							"rotationOrigin": [ 0.1, 0.0, 1.1 ],
							"rotationX": -175.0,
							"rotationZ": -1.0,
							"faces": {
								"north": { "texture": "#flutecase-cloth", "uv": [ 0.0, 0.0, 1.0, 3.5 ] },
								"east": { "texture": "#flutecase-cloth", "uv": [ 0.0, 0.0, 1.0, 3.5 ] },
								"south": { "texture": "#flutecase-cloth", "uv": [ 0.0, 0.0, 1.0, 3.5 ] },
								"west": { "texture": "#flutecase-cloth", "uv": [ 0.0, 0.0, 1.0, 3.5 ] },
								"up": { "texture": "#flutecase-cloth", "uv": [ 0.0, 0.0, 1.0, 1.0 ] },
								"down": { "texture": "#flutecase-cloth", "uv": [ 0.0, 0.0, 1.0, 1.0 ] }
							}
						},
						{
							"name": "string_0",
							"from": [ 1.0, 0.0, 0.3 ],
							"to": [ 1.4, 2.8, 0.7 ],
							"rotationOrigin": [ 1.4, 0.0, 0.3 ],
							"rotationX": -45.0,
							"rotationZ": -4.0,
							"faces": {
								"north": { "texture": "#flutecase-cloth", "uv": [ 0.0, 0.0, 0.5, 2.5 ] },
								"east": { "texture": "#flutecase-cloth", "uv": [ 0.0, 0.0, 0.5, 2.5 ] },
								"south": { "texture": "#flutecase-cloth", "uv": [ 0.0, 0.0, 0.5, 2.5 ] },
								"west": { "texture": "#flutecase-cloth", "uv": [ 0.0, 0.0, 0.5, 2.5 ] },
								"up": { "texture": "#flutecase-cloth", "uv": [ 0.0, 0.0, 0.5, 0.5 ] },
								"down": { "texture": "#flutecase-cloth", "uv": [ 0.0, 0.0, 0.5, 0.5 ] }
							},
							"children": [
								{
									"name": "string_1",
									"from": [ 0.0, 2.8, 0.0 ],
									"to": [ 0.4, 3.2, 0.4 ],
									"rotationOrigin": [ 0.4, 2.8, 0.0 ],
									"rotationX": 50.0,
									"rotationZ": -1.0,
									"faces": {
										"north": { "texture": "#flutecase-cloth", "uv": [ 0.0, 0.0, 0.5, 0.5 ] },
										"east": { "texture": "#flutecase-cloth", "uv": [ 0.0, 0.0, 0.5, 0.5 ] },
										"south": { "texture": "#flutecase-cloth", "uv": [ 0.0, 0.0, 0.5, 0.5 ] },
										"west": { "texture": "#flutecase-cloth", "uv": [ 0.0, 0.0, 0.5, 0.5 ] },
										"up": { "texture": "#flutecase-cloth", "uv": [ 0.0, 0.0, 0.5, 0.5 ] },
										"down": { "texture": "#flutecase-cloth", "uv": [ 0.0, 0.0, 0.5, 0.5 ] }
									},
									"children": [
										{
											"name": "string_2",
											"from": [ 0.0, 0.0, 0.0 ],
											"to": [ 0.4, 5.0, 0.4 ],
											"rotationOrigin": [ 0.4, 0.0, 0.0 ],
											"rotationZ": -86.0,
											"faces": {
												"north": { "texture": "#flutecase-cloth", "uv": [ 0.0, 0.0, 0.5, 5.0 ] },
												"east": { "texture": "#flutecase-cloth", "uv": [ 0.0, 0.0, 0.5, 5.0 ] },
												"south": { "texture": "#flutecase-cloth", "uv": [ 0.0, 0.0, 0.5, 5.0 ] },
												"west": { "texture": "#flutecase-cloth", "uv": [ 0.0, 0.0, 0.5, 5.0 ] },
												"up": { "texture": "#flutecase-cloth", "uv": [ 0.0, 0.0, 0.5, 0.5 ] },
												"down": { "texture": "#flutecase-cloth", "uv": [ 0.0, 0.0, 0.5, 0.5 ] }
											},
											"children": [
												{
													"name": "string_6",
													"from": [ 0.0, 5.0, 0.4 ],
													"to": [ 0.4, 8.4, 0.8 ],
													"rotationOrigin": [ 0.4, 5.0, 0.4 ],
													"rotationX": 87.0,
													"rotationZ": 6.0,
													"faces": {
														"north": { "texture": "#flutecase-cloth", "uv": [ 0.0, 0.0, 0.5, 3.0 ] },
														"east": { "texture": "#flutecase-cloth", "uv": [ 0.0, 0.0, 0.5, 3.0 ] },
														"south": { "texture": "#flutecase-cloth", "uv": [ 0.0, 0.0, 0.5, 3.0 ] },
														"west": { "texture": "#flutecase-cloth", "uv": [ 0.0, 0.0, 0.5, 3.0 ] },
														"up": { "texture": "#flutecase-cloth", "uv": [ 0.0, 0.0, 0.5, 0.5 ] },
														"down": { "texture": "#flutecase-cloth", "uv": [ 0.0, 0.0, 0.5, 0.5 ] }
													}
												}
											]
										}
									]
								}
							]
						},
						{
							"name": "string_3",
							"from": [ 1.0, 0.0, 0.4 ],
							"to": [ 1.4, 2.8, 0.8 ],
							"rotationOrigin": [ 1.4, 0.0, 0.8 ],
							"rotationX": 45.0,
							"rotationZ": -4.0,
							"faces": {
								"north": { "texture": "#flutecase-cloth", "uv": [ 0.0, 0.0, 0.5, 2.5 ] },
								"east": { "texture": "#flutecase-cloth", "uv": [ 0.0, 0.0, 0.5, 2.5 ] },
								"south": { "texture": "#flutecase-cloth", "uv": [ 0.0, 0.0, 0.5, 2.5 ] },
								"west": { "texture": "#flutecase-cloth", "uv": [ 0.0, 0.0, 0.5, 2.5 ] },
								"up": { "texture": "#flutecase-cloth", "uv": [ 0.0, 0.0, 0.5, 0.5 ] },
								"down": { "texture": "#flutecase-cloth", "uv": [ 0.0, 0.0, 0.5, 0.5 ] }
							},
							"children": [
								{
									"name": "string_4",
									"from": [ 0.0, 2.7, 0.0 ],
									"to": [ 0.4, 3.1, 0.4 ],
									"rotationOrigin": [ 0.4, 2.7, 0.4 ],
									"rotationX": -50.0,
									"rotationZ": -1.0,
									"faces": {
										"north": { "texture": "#flutecase-cloth", "uv": [ 0.0, 0.0, 0.5, 0.5 ] },
										"east": { "texture": "#flutecase-cloth", "uv": [ 0.0, 0.0, 0.5, 0.5 ] },
										"south": { "texture": "#flutecase-cloth", "uv": [ 0.0, 0.0, 0.5, 0.5 ] },
										"west": { "texture": "#flutecase-cloth", "uv": [ 0.0, 0.0, 0.5, 0.5 ] },
										"up": { "texture": "#flutecase-cloth", "uv": [ 0.0, 0.0, 0.5, 0.5 ] },
										"down": { "texture": "#flutecase-cloth", "uv": [ 0.0, 0.0, 0.5, 0.5 ] }
									},
									"children": [
										{
											"name": "string_5",
											"from": [ 0.0, 0.0, 0.0 ],
											"to": [ 0.4, 5.0, 0.4 ],
											"rotationOrigin": [ 0.4, 0.0, 0.0 ],
											"rotationZ": -85.0,
											"faces": {
												"north": { "texture": "#flutecase-cloth", "uv": [ 0.0, 0.0, 0.5, 5.0 ] },
												"east": { "texture": "#flutecase-cloth", "uv": [ 0.0, 0.0, 0.5, 5.0 ] },
												"south": { "texture": "#flutecase-cloth", "uv": [ 0.0, 0.0, 0.5, 5.0 ] },
												"west": { "texture": "#flutecase-cloth", "uv": [ 0.0, 0.0, 0.5, 5.0 ] },
												"up": { "texture": "#flutecase-cloth", "uv": [ 0.0, 0.0, 0.5, 0.5 ] },
												"down": { "texture": "#flutecase-cloth", "uv": [ 0.0, 0.0, 0.5, 0.5 ] }
											}
										}
									]
								}
							]
						}
					]
				}
			]
		}
	]}