<?xml version="1.0"?>
<doc>
    <assembly>
        <name>AttributeRenderingLibrary</name>
    </assembly>
    <members>
        <member name="T:AttributeRenderingLibrary.BlockBehaviorHorizontalAttachable">
            <summary>
            Version of <see cref="T:Vintagestory.GameContent.BlockBehaviorHorizontalAttachable"/> that works with <see cref="T:AttributeRenderingLibrary.Variants"/>
            </summary>
            <param name="block"></param>
        </member>
        <member name="M:AttributeRenderingLibrary.BlockBehaviorHorizontalAttachable.#ctor(Vintagestory.API.Common.Block)">
            <summary>
            Version of <see cref="T:Vintagestory.GameContent.BlockBehaviorHorizontalAttachable"/> that works with <see cref="T:AttributeRenderingLibrary.Variants"/>
            </summary>
            <param name="block"></param>
        </member>
        <member name="T:AttributeRenderingLibrary.BlockBehaviorHorizontalOrientable">
            <summary>
            Version of <see cref="T:Vintagestory.GameContent.BlockBehaviorHorizontalOrientable"/> that works with <see cref="T:AttributeRenderingLibrary.Variants"/>
            </summary>
            <param name="block"></param>
        </member>
        <member name="T:AttributeRenderingLibrary.BlockBehaviorNWOrientable">
            <summary>
            Version of <see cref="T:Vintagestory.GameContent.BlockBehaviorNWOrientable"/> that works with <see cref="T:AttributeRenderingLibrary.Variants"/>
            </summary>
            <param name="block"></param>
        </member>
        <member name="M:AttributeRenderingLibrary.BlockBehaviorShapeTexturesFromAttributes.GetRotation(Vintagestory.API.Common.IWorldAccessor,Vintagestory.API.MathTools.BlockPos)">
            <summary>
            Rotation (in radians) for the block at the given position
            </summary>
            <param name="world"></param>
            <param name="pos"></param>
            <returns></returns>
        </member>
        <member name="T:AttributeRenderingLibrary.CollectibleBehaviorContainedTransform">
            <summary>
            Provides custom transformation for OnBeforeRender and collectibles stored inside a BlockEntityDisplay, 
            specifically for collectibles with Variants.
            </summary>
        </member>
        <member name="M:AttributeRenderingLibrary.CollectibleBehaviorContainedTransform.#ctor(Vintagestory.API.Common.CollectibleObject)">
            <summary>
            Provides custom transformation for OnBeforeRender and collectibles stored inside a BlockEntityDisplay, 
            specifically for collectibles with Variants.
            </summary>
        </member>
        <member name="T:AttributeRenderingLibrary.ShapeOverlayHelper">
            <summary>
            Helper methods for working with shape overlays
            </summary>
        </member>
        <member name="M:AttributeRenderingLibrary.ShapeOverlayHelper.AddOverlays(Vintagestory.API.Client.ICoreClientAPI,System.String,AttributeRenderingLibrary.Variants,AttributeRenderingLibrary.UniversalShapeTextureSource,Vintagestory.API.Common.Shape,Vintagestory.API.Common.CompositeShape)">
            <summary>
            Adds overlays from an origin shape, to another shape.<br/>
            Uses variants to resolve the overlay paths.
            </summary>
            <param name="clientApi"></param>
            <param name="overlayPrefix">The prefix to use for parenting the overlays</param>
            <param name="variants">The variants used to resolve the paths</param>
            <param name="textureSource">The texture source that will be used to tesselate</param>
            <param name="shape">The shape to add the overlays to</param>
            <param name="originShape">The origin shape holding the overlays</param>
            <returns>A dictionary containing the original textures and asset locations that have been prefixed</returns>
        </member>
        <member name="M:AttributeRenderingLibrary.ShapeOverlayHelper.BakeVariantTextures(Vintagestory.API.Client.ICoreClientAPI,AttributeRenderingLibrary.UniversalShapeTextureSource,AttributeRenderingLibrary.Variants,System.Collections.Generic.Dictionary{System.String,System.Collections.Generic.Dictionary{System.String,Vintagestory.API.Client.CompositeTexture}},System.Collections.Generic.Dictionary{System.String,Vintagestory.API.Common.AssetLocation},System.String)">
            <summary>
            Bakes textures based on variants and optional prefix, and adds them to the texture source
            </summary>
            <param name="clientApi"></param>
            <param name="textureSource">The texture source to use</param>
            <param name="variants">The variants used to resolve the textures</param>
            <param name="texturesByType">The textures grouped by variant</param>
            <param name="prefixedTextureCodes">The texture codes that have been prefixed</param>
            <param name="overlayPrefix">The texture prefix to use for prefixed codes</param>
        </member>
        <member name="T:AttributeRenderingLibrary.UniversalShapeTextureSource">
            <summary>
            Better version of Vintagestory.GameContent.ShapeTextureSource that supports both items and blocks
            </summary>
        </member>
        <member name="M:AttributeRenderingLibrary.VariantExtensions.FindByVariant``1(AttributeRenderingLibrary.Variants,System.Collections.Generic.Dictionary{System.String,``0},``0@)">
            <summary>
            Similar to ByType, tries to match key (or multiple keys, if there is '::' separator used as AND operator) and give value behind it
            </summary>
            <typeparam name="T"></typeparam>
            <param name="variants"></param>
            <param name="inDictionary">List of keys, including keys with '::' separator used as AND operator </param>
            <param name="result"></param>
            <returns>True, if value by key is found, otherwise false</returns>
        </member>
        <member name="M:AttributeRenderingLibrary.VariantExtensions.OverwriteVariants(Vintagestory.API.Common.ItemStack,Vintagestory.API.Common.ItemStack@,System.Collections.Generic.Dictionary{System.String,System.String},System.Collections.Generic.List{System.String},AttributeRenderingLibrary.Variants)">
            <summary>
            Overwrites the variants of the input <see cref="T:Vintagestory.API.Common.ItemStack"/> based on the specified parameters.
            If the <paramref name="variants"/> argument is null, the variants from the <paramref name="oldStack"/> are cloned and used.
            </summary>
            <param name="oldStack">
            The original <see cref="T:Vintagestory.API.Common.ItemStack"/> whose variants are used as the base if <paramref name="variants"/> is null.
            </param>
            <param name="newStack">
            An output parameter that returns the modified <see cref="T:Vintagestory.API.Common.ItemStack"/> with updated variants.
            </param>
            <param name="setVariants">
            A dictionary of attribute key-value pairs to add or update in the variants.
            If null, no attributes are added.
            </param>
            <param name="removeVariants">
            A list of attribute keys to remove from the variants.
            If null, no attributes are removed.
            </param>
            <param name="variants">
            (Optional) A <see cref="T:AttributeRenderingLibrary.Variants"/> object to use for the new stack. 
            If null, the variants from <paramref name="oldStack"/> are cloned and used.
            </param>
            <remarks>
            The method ensures that the original variants and stack remain unmodified by cloning them before applying changes.
            </remarks>
        </member>
        <member name="T:AttributeRenderingLibrary.Variants">
            <summary>
            Collection of attributes very similar to VariantGroups, that are stored in local ItemStack / BlockEntity, instead of global CollectibleObject (Block, Item)
            </summary>
        </member>
        <member name="M:AttributeRenderingLibrary.Variants.ToTreeAttribute(Vintagestory.API.Datastructures.ITreeAttribute)">
            <summary> Overwrites tree </summary>
        </member>
        <member name="M:AttributeRenderingLibrary.Variants.ToStack(Vintagestory.API.Common.ItemStack)">
            <summary> Overwrites tree </summary>
        </member>
        <member name="M:HarmonyReflectionExtensions.GetField``1(System.Object,System.String)">
            <summary>
                Gets a field within the calling instanced object. This can be an internal or private field within another assembly.
            </summary>
            <typeparam name="T">The type of field to return.</typeparam>
            <param name="instance">The instance in which the field resides.</param>
            <param name="fieldName">The name of the field to return.</param>
            <returns>An object containing the value of the field, reflected by this instance.</returns>
        </member>
        <member name="M:HarmonyReflectionExtensions.GetFields``1(System.Object)">
            <summary>
                Gets an array of fields within the calling instanced object, of a specified Type. These can be an internal or private fields within another assembly.
            </summary>
            <typeparam name="T">The type of field to return.</typeparam>
            <param name="instance">The instance in which the field resides.</param>
            <returns>An array containing the values of the fields of a specified Type, reflected by this instance.</returns>
        </member>
        <member name="M:HarmonyReflectionExtensions.SetField(System.Object,System.String,System.Object)">
            <summary>
                Sets a field within the calling instanced object. This can be an internal or private field within another assembly.
            </summary>
            <param name="instance">The instance in which the field resides.</param>
            <param name="fieldName">The name of the field to set.</param>
            <param name="setVal">The value to set the field to.</param>
        </member>
        <member name="M:HarmonyReflectionExtensions.GetProperty``1(System.Object,System.String)">
            <summary>
                Gets a property within the calling instanced object. This can be an internal or private property within another assembly.
            </summary>
            <typeparam name="T">The type of property to return.</typeparam>
            <param name="instance">The instance in which the property resides.</param>
            <param name="propertyName">The name of the property to return.</param>
            <returns>An object containing the value of the property, reflected by this instance.</returns>
        </member>
        <member name="M:HarmonyReflectionExtensions.SetProperty(System.Object,System.String,System.Object)">
            <summary>
                Sets a property within the calling instanced object. This can be an internal or private property within another assembly.
            </summary>
            <param name="instance">The instance in which the property resides.</param>
            <param name="propertyName">The name of the property to set.</param>
            <param name="setVal">The value to set the property to.</param>
        </member>
        <member name="M:HarmonyReflectionExtensions.GetStaticProperty``1(System.Type,System.String)">
            <summary>
                Gets a static property within the calling type. This can be an internal or private property within another assembly.
            </summary>
            <typeparam name="T">The type of property to return.</typeparam>
            <param name="type">The type in which the property resides.</param>
            <param name="propertyName">The name of the property to return.</param>
            <returns>An object containing the value of the property, reflected by this instance.</returns>
        </member>
        <member name="M:HarmonyReflectionExtensions.SetStaticProperty(System.Type,System.String,System.Object)">
            <summary>
                Sets a static property within the calling type. This can be an internal or private property within another assembly.
            </summary>
            <param name="type">The type in which the property resides.</param>
            <param name="propertyName">The name of the property to set.</param>
            <param name="setVal">The value to set the property to.</param>
        </member>
        <member name="M:HarmonyReflectionExtensions.CallMethod``1(System.Object,System.String,System.Object[])">
            <summary>
                Calls a method within an instance of an object, via reflection. This can be an internal or private method within another assembly.
            </summary>
            <typeparam name="T">The return type, expected back from the method.</typeparam>
            <param name="instance">The instance to call the method from.</param>
            <param name="method">The name of the method to call.</param>
            <param name="args">The arguments to pass to the method.</param>
            <returns>The return value of the reflected method call.</returns>
        </member>
        <member name="M:HarmonyReflectionExtensions.CallMethod(System.Object,System.String,System.Object[])">
            <summary>
                Calls a method within an instance of an object, via reflection. This can be an internal or private method within another assembly.
            </summary>
            <param name="instance">The instance to call the method from.</param>
            <param name="method">The name of the method to call.</param>
            <param name="args">The arguments to pass to the method.</param>
        </member>
        <member name="M:HarmonyReflectionExtensions.CallMethod(System.Object,System.String)">
            <summary>
                Calls a method within an instance of an object, via reflection. This can be an internal or private method within another assembly.
            </summary>
            <param name="instance">The instance to call the method from.</param>
            <param name="method">The name of the method to call.</param>
        </member>
        <member name="M:HarmonyReflectionExtensions.CallMethodWithTypeArgs``1(System.Object,System.String,System.Type[],System.Object[])">
            <summary>
                Calls a method within an instance of an object, via reflection. This can be an internal or private method within another assembly.
            </summary>
            <typeparam name="T">The return type, expected back from the method.</typeparam>
            <param name="instance">The instance to call the method from.</param>
            <param name="method">The name of the method to call.</param>
            <param name="args">The arguments to pass to the method.</param>
            <returns>The return value of the reflected method call.</returns>
        </member>
        <member name="M:HarmonyReflectionExtensions.CallMethodWithTypeArgs(System.Object,System.String,System.Type[],System.Object[])">
            <summary>
                Calls a method within an instance of an object, via reflection. This can be an internal or private method within another assembly.
            </summary>
            <param name="instance">The instance to call the method from.</param>
            <param name="typeArgs">The types of arguments.</param>
            <param name="method">The name of the method to call.</param>
            <param name="args">The arguments to pass to the method.</param>
        </member>
        <member name="M:HarmonyReflectionExtensions.CallStaticMethod(System.Object,System.String)">
            <summary>
                Calls a static method within an object, via reflection. This can be an internal or private method within another assembly.
            </summary>
            <param name="instance">The instance to call the method from.</param>
            <param name="method">The name of the method to call.</param>
        </member>
        <member name="M:HarmonyReflectionExtensions.CallStaticMethod(System.Type,System.String)">
            <summary>
                Calls a static method within a type, via reflection. This can be an internal or private method within another assembly.
            </summary>
            <param name="type">The type to call the method from.</param>
            <param name="method">The name of the method to call.</param>
        </member>
        <member name="M:HarmonyReflectionExtensions.GetMethod(System.Object,System.String,System.Type[],System.Type[])">
            <summary>
                Gets the <see cref="T:System.Reflection.MethodInfo"/> for a method within an instance of a class, via reflection. This can be an internal or private method within another assembly.
            </summary>
            <param name="instance">The instance to get the method from.</param>
            <param name="method">The method to gather info about.</param>
            <param name="parameters">An itemised method signature, used to distinguish between overloads.</param>
            <param name="generics">An itemised array of generic parameters, used to distinguish between overloads.</param>
            <returns>Returns a <see cref="T:System.Reflection.MethodInfo"/> for the specified method.</returns>
        </member>
        <member name="M:HarmonyReflectionExtensions.CreateInstance(System.Type)">
            <summary>
                Creates the instance of a specified Type. Be aware that this will ignore all Service Providers, and attempt to directly instantiate a class.
            </summary>
            <param name="type">The type to create an instance of.</param>
            <returns>A new instance of the specified type.</returns>
        </member>
        <member name="M:HarmonyReflectionExtensions.GetClassType(System.Reflection.Assembly,System.String)">
            <summary>
                Gets the type of the class within an assembly, via reflection.
            </summary>
            <param name="assembly">The assembly the class resides in.</param>
            <param name="className">The name of the class.</param>
            <returns>The <see cref="T:System.Type"/> of the class, if found within the assembly, otherwise, returns <c>null</c>.</returns>
        </member>
        <member name="M:HarmonyReflectionExtensions.DeepClone``1(``0)">
            <summary>
                Makes a deep copy of any object.
            </summary>
            <typeparam name="T">The type of the instance that should be created; for legacy reasons, this must be a class or interface.</typeparam>
            <param name="source">The original object.</param>
            <returns>A copy of the original object but of type <typeparamref name="T" /></returns>
        </member>
    </members>
</doc>
