{
	"editor": {
		"backDropShape": "E:/Programs/VSModelCreator/seraph-faceless",
		"collapsedPaths": "Root/Blunderbuss/Stock/Underbarrel,Root/Band_second,Root/Carbine/Band_third,Root/Stock,Root/Blunderbuss/Ramdrod_origin,Root/Blunderbuss/Stock/Receiver,Root/Carbine/Flintlock,Root/Arquebus_origin/Stock,Root/Musket/Band_second,Root/Carbine/Trigger_assembly/Guard,Root/Carbine,Root/Arquebus_origin/Matchlock/Lock_lever/Match_origin,Root/Arquebus_origin/Flask_origin,Root/Blunderbuss/Stock/Buttstock,Root/Shoulder-Sling/Weapon_origin,Root/Musket/Flintlock,Root/Musket/Stock,Root/origin/Bottom_plate,Root/Shoulder-Sling/Blunderbuss,Root/Musket/Stock/Buttstock/Buttstock_bottom/Buttstock_butt/Buttstock_butt_plate,Root/Musket/Band_third,Root/Carbine/Flintlock/Hammer/Hammer_arm,Root/Carbine/Ramrod_origin,Root/Carbine/Barrel,Root/Carbine/Stock,Root/Trigger_assembly,Root/Carbine/Flintlock/Frizzen,Root/Musket/Stock/Buttstock/Buttstock_butt,Root/Ramrod,Root/Blunderbuss/Matchlock/Lock_lever/Lever_arm,Root/Carbine/Trigger_assembly,Root/Musket/Band_first,Root/Band_first,Root/Blunderbuss/Barrel,Root/Flintlock,Root/Carbine/Trigger_assembly/Trigger_assemly_base,Root/Barrel,Root/Blunderbuss/Lever,Root/Band_third,Root/Musket/Trigger_assembly,Root/Arquebus_origin/Barrel,Root/Arquebus_origin,Root/Musket/Flintlock/Plate,Root/Carbine/Ramrod_origin/Ramrod,Root/Musket,Root/Carbine/Flask_origin/Flask_origin_inner,Root/Arquebus_origin/Patch,Root/Arquebus_origin/Matchlock/Lock_lever/Lever_arm,Root/Carbine/Flintlock/Hammer,Root/Carbine/Flintlock/Pan,Root/Arquebus_origin/Lever,Root/Arquebus_origin/Ramdrod_origin,Root/Carbine/Band_second,Root/Musket/Barrel",
		"allAngles": false,
		"entityTextureMode": false
	},
	"textureWidth": 16,
	"textureHeight": 16,
	"textureSizes": {
	},
	"textures": {
		"shoulder-sling-plain-plain": "game:block/cloth/linen/plain",
		"shoulder-sling-plain-ember": "game:block/coal/ember",
		"shoulder-sling-plain-material": "game:block/leather/plain",
		"shoulder-sling-plain-brass": "game:block/metal/plate/brass",
		"shoulder-sling-plain-metal": "game:block/metal/plate/brass",
		"shoulder-sling-plain-weapon-metal": "game:block/metal/plate/iron",
		"shoulder-sling-plain-lead": "game:block/metal/plate/lead",
		"shoulder-sling-plain-weapon-wood": "game:block/wood/debarked/oak"
	},
	"elements": [
		{
			"name": "Shoulder-Sling",
			"stepParentName": "UpperTorso",
			"from": [ 0.0, 0.0, 5.7 ],
			"to": [ 0.0, 0.0, 5.7 ],
			"rotationOrigin": [ 0.0, 0.0, 5.7 ],
			"faces": {
			},
			"children": [
				{
					"name": "Weapon_origin",
					"from": [ 5.84, -5.0, 0.84 ],
					"to": [ 5.84, -5.0, 0.84 ],
					"rotationOrigin": [ 5.84, -5.0, 0.84 ],
					"rotationX": 86.0,
					"rotationY": 6.0,
					"rotationZ": -90.0,
					"faces": {
					},
					"children": [
						{
							"name": "Stock",
							"from": [ 0.0, 1.6, 0.0 ],
							"to": [ 0.0, 1.6, 0.0 ],
							"rotationOrigin": [ 0.0, 1.6, 0.0 ],
							"faces": {
								"north": { "texture": "#null", "uv": [ 0.0, 0.0, 0.5, 0.5 ], "autoUv": false },
								"east": { "texture": "#null", "uv": [ 0.0, 0.0, 0.5, 0.5 ], "autoUv": false },
								"south": { "texture": "#null", "uv": [ 0.0, 0.0, 0.5, 0.5 ], "autoUv": false },
								"west": { "texture": "#null", "uv": [ 0.0, 0.0, 0.5, 0.5 ], "autoUv": false },
								"up": { "texture": "#null", "uv": [ 0.0, 0.0, 0.5, 0.5 ], "autoUv": false },
								"down": { "texture": "#null", "uv": [ 0.0, 0.0, 0.5, 0.5 ], "autoUv": false }
							},
							"children": [
								{
									"name": "Underbarrel",
									"from": [ -0.24, -0.96, -19.2 ],
									"to": [ -0.24, -0.96, -19.2 ],
									"faces": {
										"north": { "texture": "#null", "uv": [ 0.0, 0.0, 0.5, 0.5 ], "autoUv": false },
										"east": { "texture": "#null", "uv": [ 0.0, 0.0, 0.5, 0.5 ], "autoUv": false },
										"south": { "texture": "#null", "uv": [ 0.0, 0.0, 0.5, 0.5 ], "autoUv": false },
										"west": { "texture": "#null", "uv": [ 0.0, 0.0, 0.5, 0.5 ], "autoUv": false },
										"up": { "texture": "#null", "uv": [ 0.0, 0.0, 0.5, 0.5 ], "autoUv": false },
										"down": { "texture": "#null", "uv": [ 0.0, 0.0, 0.5, 0.5 ], "autoUv": false }
									},
									"children": [
										{
											"name": "Underbarrel_bottom",
											"from": [ -0.16, 0.16, 8.0 ],
											"to": [ -0.16, 0.16, 8.0 ],
											"rotationOrigin": [ 0.0, -0.08, 18.88 ],
											"rotationX": 1.5,
											"faces": {
												"north": { "texture": "#shoulder-sling-plain-weapon-wood", "uv": [ 0.0, 0.0, 0.5, 0.5 ], "autoUv": false },
												"east": { "texture": "#shoulder-sling-plain-weapon-wood", "uv": [ 0.0, 0.0, 0.5, 0.5 ], "autoUv": false },
												"south": { "texture": "#shoulder-sling-plain-weapon-wood", "uv": [ 0.0, 0.0, 0.5, 0.5 ], "autoUv": false },
												"west": { "texture": "#shoulder-sling-plain-weapon-wood", "uv": [ 0.0, 0.0, 0.5, 0.5 ], "autoUv": false },
												"up": { "texture": "#shoulder-sling-plain-weapon-wood", "uv": [ 3.5, 1.0, 4.0, 1.5 ], "autoUv": false },
												"down": { "texture": "#shoulder-sling-plain-weapon-wood", "uv": [ 10.5, 1.0, 11.0, 1.5 ], "autoUv": false }
											},
											"children": [
												{
													"name": "Underbarrel_bottom2",
													"from": [ -0.08, -0.24, 0.0 ],
													"to": [ 0.16, 0.32, 10.88 ],
													"rotationOrigin": [ 0.08, -0.24, 10.88 ],
													"faces": {
														"north": { "texture": "#shoulder-sling-plain-weapon-wood", "uv": [ 0.0, 0.0, 0.5, 0.5 ], "autoUv": false },
														"east": { "texture": "#shoulder-sling-plain-weapon-wood", "uv": [ 0.0, 0.0, 13.5, 0.5 ], "autoUv": false },
														"south": { "texture": "#shoulder-sling-plain-weapon-wood", "uv": [ 0.0, 0.0, 0.5, 0.5 ], "autoUv": false },
														"west": { "texture": "#shoulder-sling-plain-weapon-wood", "uv": [ 0.0, 6.5, 11.0, 7.0 ], "autoUv": false },
														"up": { "texture": "#shoulder-sling-plain-weapon-wood", "uv": [ 3.5, 1.0, 4.0, 14.5 ], "autoUv": false },
														"down": { "texture": "#shoulder-sling-plain-weapon-wood", "uv": [ 0.0, 6.5, 11.0, 7.0 ], "rotation": 90, "autoUv": false }
													}
												},
												{
													"name": "Underbarrel_bottom3",
													"from": [ 0.48, -0.24, 0.0 ],
													"to": [ 0.72, 0.32, 10.88 ],
													"rotationOrigin": [ 0.64, -0.24, 10.88 ],
													"faces": {
														"north": { "texture": "#shoulder-sling-plain-weapon-wood", "uv": [ 0.0, 0.0, 0.5, 0.5 ], "autoUv": false },
														"east": { "texture": "#shoulder-sling-plain-weapon-wood", "uv": [ 2.5, 8.0, 13.5, 8.5 ], "autoUv": false },
														"south": { "texture": "#shoulder-sling-plain-weapon-wood", "uv": [ 0.0, 0.0, 0.5, 0.5 ], "autoUv": false },
														"west": { "texture": "#shoulder-sling-plain-weapon-wood", "uv": [ 0.0, 0.0, 13.5, 0.5 ], "autoUv": false },
														"up": { "texture": "#shoulder-sling-plain-weapon-wood", "uv": [ 3.5, 1.0, 4.0, 14.5 ], "autoUv": false },
														"down": { "texture": "#shoulder-sling-plain-weapon-wood", "uv": [ 2.5, 8.0, 13.5, 8.5 ], "rotation": 90, "autoUv": false }
													}
												},
												{
													"name": "Underbarrel_bottom4",
													"from": [ 0.16, -0.24, 6.08 ],
													"to": [ 0.48, 0.0, 10.88 ],
													"rotationOrigin": [ 0.32, -0.24, 10.88 ],
													"faces": {
														"north": { "texture": "#shoulder-sling-plain-weapon-wood", "uv": [ 0.0, 0.0, 0.5, 0.5 ], "autoUv": false },
														"east": { "texture": "#shoulder-sling-plain-weapon-wood", "uv": [ 0.0, 0.0, 6.0, 0.5 ], "autoUv": false },
														"south": { "texture": "#shoulder-sling-plain-weapon-wood", "uv": [ 0.0, 0.0, 0.5, 0.5 ], "autoUv": false },
														"west": { "texture": "#shoulder-sling-plain-weapon-wood", "uv": [ 0.0, 0.0, 6.0, 0.5 ], "autoUv": false },
														"up": { "texture": "#shoulder-sling-plain-weapon-wood", "uv": [ 3.5, 1.0, 4.0, 7.0 ], "autoUv": false },
														"down": { "texture": "#shoulder-sling-plain-weapon-wood", "uv": [ 6.0, 4.6, 6.5, 9.5 ], "autoUv": false }
													}
												}
											]
										},
										{
											"name": "Underbarrel_top",
											"from": [ 0.16, 0.4, 8.0 ],
											"to": [ 0.64, 0.64, 16.88 ],
											"rotationOrigin": [ 0.4, 0.72, 24.0 ],
											"rotationZ": 90.0,
											"faces": {
												"north": { "texture": "#shoulder-sling-plain-weapon-wood", "uv": [ 0.0, 0.0, 0.5, 0.5 ], "autoUv": false },
												"east": { "texture": "#shoulder-sling-plain-weapon-wood", "uv": [ 0.0, 0.0, 16.0, 0.5 ], "autoUv": false },
												"south": { "texture": "#shoulder-sling-plain-weapon-wood", "uv": [ 0.0, 0.0, 0.5, 0.5 ], "autoUv": false },
												"west": { "texture": "#shoulder-sling-plain-weapon-wood", "uv": [ 0.0, 5.5, 11.0, 6.0 ], "autoUv": false },
												"up": { "texture": "#shoulder-sling-plain-weapon-wood", "uv": [ 5.0, 5.0, 16.0, 5.5 ], "rotation": 90, "autoUv": false },
												"down": { "texture": "#shoulder-sling-plain-weapon-wood", "uv": [ 5.0, 5.0, 16.0, 5.5 ], "rotation": 90, "autoUv": false }
											}
										},
										{
											"name": "Underbarrel_top2",
											"from": [ -0.64, 0.48, 8.0 ],
											"to": [ -0.16, 0.72, 16.88 ],
											"rotationOrigin": [ -0.4, 0.72, 24.0 ],
											"rotationZ": 90.0,
											"faces": {
												"north": { "texture": "#shoulder-sling-plain-weapon-wood", "uv": [ 0.0, 0.0, 0.5, 0.5 ], "autoUv": false },
												"east": { "texture": "#shoulder-sling-plain-weapon-wood", "uv": [ 0.0, 0.0, 16.0, 0.5 ], "autoUv": false },
												"south": { "texture": "#shoulder-sling-plain-weapon-wood", "uv": [ 0.0, 0.0, 0.5, 0.5 ], "autoUv": false },
												"west": { "texture": "#shoulder-sling-plain-weapon-wood", "uv": [ 0.0, 5.5, 11.0, 6.0 ], "autoUv": false },
												"up": { "texture": "#shoulder-sling-plain-weapon-wood", "uv": [ 5.0, 5.0, 16.0, 5.5 ], "rotation": 90, "autoUv": false },
												"down": { "texture": "#shoulder-sling-plain-weapon-wood", "uv": [ 5.0, 5.0, 16.0, 5.5 ], "rotation": 90, "autoUv": false }
											}
										}
									]
								},
								{
									"name": "Receiver",
									"from": [ 0.0, 0.0, 0.0 ],
									"to": [ 0.0, 0.0, 0.0 ],
									"faces": {
										"north": { "texture": "#null", "uv": [ 0.0, 0.0, 0.5, 0.5 ], "autoUv": false },
										"east": { "texture": "#null", "uv": [ 0.0, 0.0, 0.5, 0.5 ], "autoUv": false },
										"south": { "texture": "#null", "uv": [ 0.0, 0.0, 0.5, 0.5 ], "autoUv": false },
										"west": { "texture": "#null", "uv": [ 0.0, 0.0, 0.5, 0.5 ], "autoUv": false },
										"up": { "texture": "#null", "uv": [ 0.0, 0.0, 0.5, 0.5 ], "autoUv": false },
										"down": { "texture": "#null", "uv": [ 0.0, 0.0, 0.5, 0.5 ], "autoUv": false }
									},
									"children": [
										{
											"name": "Middle_receiver",
											"from": [ -0.64, -1.04, -2.32 ],
											"to": [ 0.48, 0.0, 1.28 ],
											"rotationOrigin": [ -0.24, -1.04, -2.32 ],
											"faces": {
												"north": { "texture": "#shoulder-sling-plain-weapon-wood", "uv": [ 0.0, 0.0, 1.0, 1.0 ], "autoUv": false },
												"east": { "texture": "#shoulder-sling-plain-weapon-wood", "uv": [ 0.5, 5.0, 5.0, 6.0 ], "autoUv": false },
												"south": { "texture": "#shoulder-sling-plain-weapon-wood", "uv": [ 0.0, 0.0, 1.0, 1.0 ], "autoUv": false },
												"west": { "texture": "#shoulder-sling-plain-weapon-wood", "uv": [ 5.0, 7.5, 9.5, 8.5 ], "autoUv": false },
												"up": { "texture": "#shoulder-sling-plain-weapon-wood", "uv": [ 0.0, 0.0, 1.0, 4.5 ], "autoUv": false },
												"down": { "texture": "#shoulder-sling-plain-weapon-wood", "uv": [ 0.5, 4.5, 1.5, 10.5 ], "autoUv": false }
											}
										},
										{
											"name": "Middle_receiver3",
											"from": [ -0.64, -1.04, 1.28 ],
											"to": [ 0.48, -0.24, 2.24 ],
											"rotationOrigin": [ -0.24, -1.04, 1.28 ],
											"faces": {
												"north": { "texture": "#shoulder-sling-plain-weapon-wood", "uv": [ 0.0, 0.0, 1.0, 1.0 ], "autoUv": false },
												"east": { "texture": "#shoulder-sling-plain-weapon-wood", "uv": [ 0.5, 5.2, 1.5, 6.0 ], "autoUv": false },
												"south": { "texture": "#shoulder-sling-plain-weapon-wood", "uv": [ 0.0, 0.0, 1.0, 1.0 ], "autoUv": false },
												"west": { "texture": "#shoulder-sling-plain-weapon-wood", "uv": [ 5.0, 7.5, 6.0, 8.5 ], "autoUv": false },
												"up": { "texture": "#shoulder-sling-plain-weapon-wood", "uv": [ 0.0, 0.0, 1.0, 1.0 ], "autoUv": false },
												"down": { "texture": "#shoulder-sling-plain-weapon-wood", "uv": [ 0.5, 4.5, 1.5, 5.5 ], "autoUv": false }
											}
										}
									]
								},
								{
									"name": "Buttstock",
									"from": [ -0.16, 0.72, -1.44 ],
									"to": [ -0.16, 0.72, -1.44 ],
									"rotationOrigin": [ -0.64, 0.32, -0.08 ],
									"rotationX": 13.0,
									"faces": {
										"north": { "texture": "#null", "uv": [ 0.0, 0.0, 0.5, 0.5 ], "autoUv": false },
										"east": { "texture": "#null", "uv": [ 0.0, 0.0, 0.5, 0.5 ], "autoUv": false },
										"south": { "texture": "#null", "uv": [ 0.0, 0.0, 0.5, 0.5 ], "autoUv": false },
										"west": { "texture": "#null", "uv": [ 0.0, 0.0, 0.5, 0.5 ], "autoUv": false },
										"up": { "texture": "#null", "uv": [ 0.0, 0.0, 0.5, 0.5 ], "autoUv": false },
										"down": { "texture": "#null", "uv": [ 0.0, 0.0, 0.5, 0.5 ], "autoUv": false }
									},
									"children": [
										{
											"name": "Buttstock_bottom",
											"from": [ -0.472, -1.2, 1.36 ],
											"to": [ 0.632, -0.4, 8.72 ],
											"rotationOrigin": [ 0.0, -0.4, 1.36 ],
											"faces": {
												"north": { "texture": "#shoulder-sling-plain-weapon-wood", "uv": [ 0.0, 0.0, 1.0, 1.0 ], "autoUv": false },
												"east": { "texture": "#shoulder-sling-plain-weapon-wood", "uv": [ 6.0, 6.0, 15.0, 7.0 ], "autoUv": false },
												"south": { "texture": "#shoulder-sling-plain-weapon-wood", "uv": [ 0.0, 0.0, 1.0, 1.0 ], "autoUv": false },
												"west": { "texture": "#shoulder-sling-plain-weapon-wood", "uv": [ 4.0, 6.0, 13.0, 7.0 ], "autoUv": false },
												"up": { "texture": "#shoulder-sling-plain-weapon-wood", "uv": [ 7.0, 6.0, 16.0, 7.0 ], "rotation": 90, "autoUv": false },
												"down": { "texture": "#shoulder-sling-plain-weapon-wood", "uv": [ 5.5, 5.0, 6.5, 11.0 ], "autoUv": false }
											},
											"children": [
												{
													"name": "Buttstock_top_back2",
													"from": [ 0.008, 0.0, 4.32 ],
													"to": [ 1.08, 0.72, 7.44 ],
													"rotationOrigin": [ 0.32, 0.0, 4.32 ],
													"rotationX": 13.0,
													"faces": {
														"north": { "texture": "#shoulder-sling-plain-weapon-wood", "uv": [ 0.0, 0.0, 1.0, 0.5 ], "autoUv": false },
														"east": { "texture": "#shoulder-sling-plain-weapon-wood", "uv": [ 5.0, 8.0, 7.5, 8.5 ], "autoUv": false },
														"south": { "texture": "#shoulder-sling-plain-weapon-wood", "uv": [ 0.0, 0.0, 1.0, 0.5 ], "autoUv": false },
														"west": { "texture": "#shoulder-sling-plain-weapon-wood", "uv": [ 8.0, 8.0, 11.5, 9.0 ], "autoUv": false },
														"up": { "texture": "#shoulder-sling-plain-weapon-wood", "uv": [ 0.0, 0.0, 1.0, 3.5 ], "autoUv": false },
														"down": { "texture": "#shoulder-sling-plain-weapon-wood", "uv": [ 5.0, 5.5, 6.5, 9.0 ], "autoUv": false }
													}
												},
												{
													"name": "Buttstock_butt",
													"from": [ -0.008, -0.72, 7.28 ],
													"to": [ 1.112, 0.88, 7.68 ],
													"rotationOrigin": [ 0.248, -0.72, 7.28 ],
													"faces": {
														"north": { "texture": "#shoulder-sling-plain-weapon-metal", "uv": [ 0.0, 0.0, 1.0, 2.0 ], "autoUv": false },
														"east": { "texture": "#shoulder-sling-plain-weapon-metal", "uv": [ 7.5, 10.0, 8.0, 12.0 ], "autoUv": false },
														"south": { "texture": "#shoulder-sling-plain-weapon-metal", "uv": [ 0.0, 0.0, 1.0, 2.0 ], "autoUv": false },
														"west": { "texture": "#shoulder-sling-plain-weapon-metal", "uv": [ 8.0, 10.0, 8.5, 12.0 ], "autoUv": false },
														"up": { "texture": "#shoulder-sling-plain-weapon-metal", "uv": [ 0.0, 0.0, 1.0, 0.5 ], "autoUv": false },
														"down": { "texture": "#shoulder-sling-plain-weapon-metal", "uv": [ 7.5, 4.5, 8.5, 5.0 ], "autoUv": false }
													},
													"children": [
														{
															"name": "Buttstock_butt2",
															"from": [ 0.16, 1.6, 0.0 ],
															"to": [ 0.96, 3.12, 0.4 ],
															"rotationOrigin": [ 0.416, 1.6, 0.4 ],
															"rotationX": -13.0,
															"faces": {
																"north": { "texture": "#shoulder-sling-plain-weapon-metal", "uv": [ 0.0, 0.0, 1.0, 1.5 ], "autoUv": false },
																"east": { "texture": "#shoulder-sling-plain-weapon-metal", "uv": [ 7.5, 10.0, 8.0, 11.5 ], "autoUv": false },
																"south": { "texture": "#shoulder-sling-plain-weapon-metal", "uv": [ 0.0, 0.0, 1.0, 1.5 ], "autoUv": false },
																"west": { "texture": "#shoulder-sling-plain-weapon-metal", "uv": [ 8.0, 10.0, 8.5, 11.5 ], "autoUv": false },
																"up": { "texture": "#shoulder-sling-plain-weapon-metal", "uv": [ 0.0, 0.0, 1.0, 0.5 ], "autoUv": false },
																"down": { "texture": "#shoulder-sling-plain-weapon-metal", "uv": [ 7.5, 4.5, 8.5, 5.0 ], "autoUv": false }
															}
														}
													]
												},
												{
													"name": "Buttstock_top_back",
													"from": [ 0.2, -0.08, 4.56 ],
													"to": [ 0.92, 0.72, 7.36 ],
													"rotationOrigin": [ 0.488, 0.72, 4.56 ],
													"rotationX": -13.0,
													"faces": {
														"north": { "texture": "#shoulder-sling-plain-weapon-wood", "uv": [ 0.0, 0.0, 0.5, 1.0 ], "autoUv": false, "windMode": [-1,-1,-1,-1] },
														"east": { "texture": "#shoulder-sling-plain-weapon-wood", "uv": [ 9.5, 5.5, 13.0, 6.5 ], "autoUv": false },
														"south": { "texture": "#shoulder-sling-plain-weapon-wood", "uv": [ 0.0, 0.0, 0.5, 1.0 ], "autoUv": false },
														"west": { "texture": "#shoulder-sling-plain-weapon-wood", "uv": [ 5.0, 6.5, 8.5, 7.5 ], "autoUv": false },
														"up": { "texture": "#shoulder-sling-plain-weapon-wood", "uv": [ 6.0, 6.0, 12.0, 6.5 ], "rotation": 90, "autoUv": false },
														"down": { "texture": "#shoulder-sling-plain-weapon-wood", "uv": [ 7.5, 4.5, 8.5, 11.0 ], "autoUv": false }
													},
													"children": [
														{
															"name": "Buttstock_top_back3",
															"from": [ 0.0, 0.8, -0.4 ],
															"to": [ 0.72, 1.44, 2.8 ],
															"rotationOrigin": [ 0.288, 1.6, -0.4 ],
															"faces": {
																"north": { "texture": "#shoulder-sling-plain-weapon-wood", "uv": [ 0.0, 0.0, 0.5, 0.5 ], "autoUv": false },
																"east": { "texture": "#shoulder-sling-plain-weapon-wood", "uv": [ 6.0, 6.0, 10.0, 7.0 ], "autoUv": false },
																"south": { "texture": "#shoulder-sling-plain-weapon-wood", "uv": [ 0.0, 0.0, 0.5, 0.5 ], "autoUv": false },
																"west": { "texture": "#shoulder-sling-plain-weapon-wood", "uv": [ 5.0, 6.0, 9.0, 7.0 ], "autoUv": false },
																"up": { "texture": "#shoulder-sling-plain-weapon-wood", "uv": [ 6.0, 6.0, 12.0, 6.5 ], "rotation": 90, "autoUv": false },
																"down": { "texture": "#shoulder-sling-plain-weapon-wood", "uv": [ 7.5, 4.5, 8.5, 11.0 ], "autoUv": false }
															}
														},
														{
															"name": "Buttstock_top_back4",
															"from": [ 0.0, 1.44, -0.4 ],
															"to": [ 0.72, 1.76, 2.8 ],
															"rotationOrigin": [ 0.288, 1.84, -0.4 ],
															"faces": {
																"north": { "texture": "#shoulder-sling-plain-weapon-wood", "uv": [ 0.0, 0.0, 0.5, 0.5 ], "autoUv": false },
																"east": { "texture": "#shoulder-sling-plain-weapon-wood", "uv": [ 6.5, 6.0, 10.5, 6.5 ], "autoUv": false },
																"south": { "texture": "#shoulder-sling-plain-weapon-wood", "uv": [ 0.0, 0.0, 0.5, 0.5 ], "autoUv": false },
																"west": { "texture": "#shoulder-sling-plain-weapon-wood", "uv": [ 6.5, 6.5, 10.5, 7.0 ], "autoUv": false },
																"up": { "texture": "#shoulder-sling-plain-weapon-wood", "uv": [ 9.5, 5.5, 13.5, 6.5 ], "rotation": 90, "autoUv": false },
																"down": { "texture": "#shoulder-sling-plain-weapon-wood", "uv": [ 7.5, 4.5, 8.5, 11.0 ], "autoUv": false }
															}
														}
													]
												},
												{
													"name": "Top_receiver3",
													"from": [ 0.2, 0.16, 0.0 ],
													"to": [ 0.92, 0.96, 4.16 ],
													"rotationOrigin": [ 0.16, 0.8, 0.0 ],
													"rotationX": -3.0,
													"faces": {
														"north": { "texture": "#shoulder-sling-plain-weapon-wood", "uv": [ 0.0, 0.0, 0.5, 1.0 ], "autoUv": false },
														"east": { "texture": "#shoulder-sling-plain-weapon-wood", "uv": [ 7.5, 6.0, 12.5, 7.0 ], "autoUv": false },
														"south": { "texture": "#shoulder-sling-plain-weapon-wood", "uv": [ 0.0, 0.0, 0.5, 1.0 ], "autoUv": false },
														"west": { "texture": "#shoulder-sling-plain-weapon-wood", "uv": [ 0.0, 0.0, 5.0, 1.0 ], "autoUv": false },
														"up": { "texture": "#shoulder-sling-plain-weapon-wood", "uv": [ 5.5, 4.5, 6.5, 9.1 ], "autoUv": false },
														"down": { "texture": "#shoulder-sling-plain-weapon-wood", "uv": [ 0.0, 0.0, 0.5, 5.0 ], "autoUv": false }
													}
												}
											]
										}
									]
								}
							]
						},
						{
							"name": "Lever",
							"from": [ -0.08, 0.56, -0.32 ],
							"to": [ -0.08, 0.56, -0.32 ],
							"rotationOrigin": [ -0.08, 1.04, -0.32 ],
							"rotationX": -14.0,
							"faces": {
								"north": { "texture": "#null", "uv": [ 0.0, 0.0, 0.5, 0.5 ], "autoUv": false },
								"east": { "texture": "#null", "uv": [ 0.0, 0.0, 0.5, 0.5 ], "autoUv": false },
								"south": { "texture": "#null", "uv": [ 0.0, 0.0, 0.5, 0.5 ], "autoUv": false },
								"west": { "texture": "#null", "uv": [ 0.0, 0.0, 0.5, 0.5 ], "autoUv": false },
								"up": { "texture": "#null", "uv": [ 0.0, 0.0, 0.5, 0.5 ], "autoUv": false },
								"down": { "texture": "#null", "uv": [ 0.0, 0.0, 0.5, 0.5 ], "autoUv": false }
							},
							"children": [
								{
									"name": "Lever_base",
									"from": [ -0.16, -0.64, 0.0 ],
									"to": [ 0.16, 0.16, 0.32 ],
									"rotationOrigin": [ -0.16, -0.64, 0.0 ],
									"rotationX": -8.0,
									"faces": {
										"north": { "texture": "#shoulder-sling-plain-weapon-metal", "uv": [ 0.0, 0.0, 0.5, 1.0 ], "autoUv": false },
										"east": { "texture": "#shoulder-sling-plain-weapon-metal", "uv": [ 0.0, 0.0, 0.5, 1.0 ], "autoUv": false },
										"south": { "texture": "#shoulder-sling-plain-weapon-metal", "uv": [ 0.0, 0.0, 0.5, 1.0 ], "autoUv": false },
										"west": { "texture": "#shoulder-sling-plain-weapon-metal", "uv": [ 0.0, 0.0, 0.5, 1.0 ], "autoUv": false },
										"up": { "texture": "#shoulder-sling-plain-weapon-metal", "uv": [ 0.0, 0.0, 0.5, 0.5 ], "autoUv": false },
										"down": { "texture": "#shoulder-sling-plain-weapon-metal", "uv": [ 0.0, 0.0, 0.5, 0.5 ], "autoUv": false }
									},
									"children": [
										{
											"name": "Lever_middle",
											"from": [ -0.008, 0.0, -0.32 ],
											"to": [ 0.3104, 2.64, 0.0 ],
											"rotationOrigin": [ 0.0, 0.0, 0.0 ],
											"rotationX": 112.5,
											"faces": {
												"north": { "texture": "#shoulder-sling-plain-weapon-metal", "uv": [ 0.0, 0.0, 0.5, 3.0 ], "autoUv": false },
												"east": { "texture": "#shoulder-sling-plain-weapon-metal", "uv": [ 0.0, 0.0, 0.5, 3.0 ], "autoUv": false },
												"south": { "texture": "#shoulder-sling-plain-weapon-metal", "uv": [ 0.0, 0.0, 0.5, 3.0 ], "autoUv": false },
												"west": { "texture": "#shoulder-sling-plain-weapon-metal", "uv": [ 0.0, 0.0, 0.5, 3.0 ], "autoUv": false },
												"up": { "texture": "#shoulder-sling-plain-weapon-metal", "uv": [ 0.0, 0.0, 0.5, 0.5 ], "autoUv": false },
												"down": { "texture": "#shoulder-sling-plain-weapon-metal", "uv": [ 0.0, 0.0, 0.5, 0.5 ], "autoUv": false }
											},
											"children": [
												{
													"name": "Lever_bottom",
													"from": [ -0.008, 2.64, 0.0 ],
													"to": [ 0.3088, 5.2, 0.32 ],
													"rotationOrigin": [ 0.0, 2.64, 0.0 ],
													"rotationX": 17.0,
													"faces": {
														"north": { "texture": "#shoulder-sling-plain-weapon-metal", "uv": [ 0.0, 0.0, 0.5, 3.0 ], "autoUv": false },
														"east": { "texture": "#shoulder-sling-plain-weapon-metal", "uv": [ 0.0, 0.0, 0.5, 3.0 ], "autoUv": false },
														"south": { "texture": "#shoulder-sling-plain-weapon-metal", "uv": [ 0.0, 0.0, 0.5, 3.0 ], "autoUv": false },
														"west": { "texture": "#shoulder-sling-plain-weapon-metal", "uv": [ 0.0, 0.0, 0.5, 3.0 ], "autoUv": false },
														"up": { "texture": "#shoulder-sling-plain-weapon-metal", "uv": [ 0.0, 0.0, 0.5, 0.5 ], "autoUv": false },
														"down": { "texture": "#shoulder-sling-plain-weapon-metal", "uv": [ 0.0, 0.0, 0.5, 0.5 ], "autoUv": false }
													}
												}
											]
										}
									]
								}
							]
						},
						{
							"name": "Matchlock",
							"from": [ 0.48, 1.6, 0.4 ],
							"to": [ 0.48, 1.6, 0.4 ],
							"rotationOrigin": [ 0.48, 1.6, 0.4 ],
							"faces": {
								"north": { "texture": "#null", "uv": [ 0.0, 0.0, 0.5, 0.5 ], "autoUv": false },
								"east": { "texture": "#null", "uv": [ 0.0, 0.0, 0.5, 0.5 ], "autoUv": false },
								"south": { "texture": "#null", "uv": [ 0.0, 0.0, 0.5, 0.5 ], "autoUv": false },
								"west": { "texture": "#null", "uv": [ 0.0, 0.0, 0.5, 0.5 ], "autoUv": false },
								"up": { "texture": "#null", "uv": [ 0.0, 0.0, 0.5, 0.5 ], "autoUv": false },
								"down": { "texture": "#null", "uv": [ 0.0, 0.0, 0.5, 0.5 ], "autoUv": false }
							},
							"children": [
								{
									"name": "Pan",
									"from": [ -0.24, -0.24, -1.76 ],
									"to": [ 0.56, 0.164, -0.96 ],
									"rotationOrigin": [ -0.24, -0.32, -1.76 ],
									"faces": {
										"north": { "texture": "#shoulder-sling-plain-weapon-metal", "uv": [ 0.0, 0.0, 1.0, 0.5 ], "autoUv": false },
										"east": { "texture": "#shoulder-sling-plain-weapon-metal", "uv": [ 4.5, 2.5, 5.5, 3.0 ], "autoUv": false },
										"south": { "texture": "#shoulder-sling-plain-weapon-metal", "uv": [ 0.0, 0.0, 1.0, 0.5 ], "autoUv": false },
										"west": { "texture": "#shoulder-sling-plain-weapon-metal", "uv": [ 0.0, 0.0, 1.0, 0.5 ], "autoUv": false },
										"up": { "texture": "#shoulder-sling-plain-weapon-metal", "uv": [ 0.0, 0.0, 1.0, 1.0 ], "autoUv": false },
										"down": { "texture": "#shoulder-sling-plain-weapon-metal", "uv": [ 0.0, 0.0, 1.0, 1.0 ], "autoUv": false }
									},
									"children": [
										{
											"name": "Pan_cover",
											"from": [ 0.32, 0.4, 0.0 ],
											"to": [ 0.8, 0.64, 0.8 ],
											"rotationOrigin": [ 0.64, 0.4, 0.16 ],
											"rotationY": 135.0,
											"faces": {
												"north": { "texture": "#shoulder-sling-plain-weapon-metal", "uv": [ 9.0, 8.0, 9.5, 8.5 ], "autoUv": false },
												"east": { "texture": "#shoulder-sling-plain-weapon-metal", "uv": [ 9.0, 7.5, 10.0, 8.0 ], "autoUv": false },
												"south": { "texture": "#shoulder-sling-plain-weapon-metal", "uv": [ 9.5, 7.5, 10.0, 8.0 ], "autoUv": false },
												"west": { "texture": "#shoulder-sling-plain-weapon-metal", "uv": [ 9.0, 8.5, 10.0, 9.0 ], "autoUv": false },
												"up": { "texture": "#shoulder-sling-plain-weapon-metal", "uv": [ 9.5, 7.5, 10.0, 8.5 ], "autoUv": false },
												"down": { "texture": "#shoulder-sling-plain-weapon-metal", "uv": [ 9.5, 7.5, 10.0, 8.5 ], "autoUv": false }
											}
										},
										{
											"name": "Pan_hinch",
											"from": [ 0.56, -0.08, 0.08 ],
											"to": [ 0.72, 0.72, 0.24 ],
											"rotationOrigin": [ 0.56, -0.08, 0.08 ],
											"faces": {
												"north": { "texture": "#shoulder-sling-plain-brass", "uv": [ 0.0, 0.0, 0.5, 1.0 ], "autoUv": false },
												"east": { "texture": "#shoulder-sling-plain-brass", "uv": [ 0.0, 0.0, 0.5, 1.0 ], "autoUv": false },
												"south": { "texture": "#shoulder-sling-plain-brass", "uv": [ 0.0, 0.0, 0.5, 1.0 ], "autoUv": false },
												"west": { "texture": "#shoulder-sling-plain-brass", "uv": [ 0.0, 0.0, 0.5, 1.0 ], "autoUv": false },
												"up": { "texture": "#shoulder-sling-plain-brass", "uv": [ 0.0, 0.0, 0.5, 0.5 ], "autoUv": false },
												"down": { "texture": "#shoulder-sling-plain-brass", "uv": [ 0.0, 0.0, 0.5, 0.5 ], "autoUv": false }
											}
										}
									]
								},
								{
									"name": "Plate",
									"from": [ 0.0, -0.92, -2.56 ],
									"to": [ 0.008, -0.16, 1.12 ],
									"rotationOrigin": [ 0.0, -0.88, -2.56 ],
									"faces": {
										"north": { "texture": "#shoulder-sling-plain-weapon-metal", "uv": [ 0.0, 0.0, 0.5, 0.5 ], "autoUv": false },
										"east": { "texture": "#shoulder-sling-plain-weapon-metal", "uv": [ 7.5, 10.0, 12.5, 11.0 ], "autoUv": false },
										"south": { "texture": "#shoulder-sling-plain-weapon-metal", "uv": [ 0.0, 0.0, 0.5, 0.5 ], "autoUv": false },
										"west": { "texture": "#shoulder-sling-plain-weapon-metal", "uv": [ 0.0, 0.0, 4.5, 0.5 ], "autoUv": false },
										"up": { "texture": "#shoulder-sling-plain-weapon-metal", "uv": [ 0.0, 0.0, 0.5, 4.5 ], "autoUv": false },
										"down": { "texture": "#shoulder-sling-plain-weapon-metal", "uv": [ 0.0, 0.0, 0.5, 4.5 ], "autoUv": false }
									}
								},
								{
									"name": "Lock_lever",
									"from": [ 0.0, -0.8, -0.96 ],
									"to": [ 0.4, -0.32, -0.48 ],
									"rotationOrigin": [ 0.0, -0.56, -0.72 ],
									"rotationX": -29.0,
									"faces": {
										"north": { "texture": "#shoulder-sling-plain-weapon-metal", "uv": [ 0.0, 0.0, 0.5, 0.5 ], "autoUv": false },
										"east": { "texture": "#shoulder-sling-plain-weapon-metal", "uv": [ 0.0, 0.0, 0.5, 0.5 ], "autoUv": false },
										"south": { "texture": "#shoulder-sling-plain-weapon-metal", "uv": [ 0.0, 0.0, 0.5, 0.5 ], "autoUv": false },
										"west": { "texture": "#shoulder-sling-plain-weapon-metal", "uv": [ 0.0, 0.0, 0.5, 0.5 ], "autoUv": false },
										"up": { "texture": "#shoulder-sling-plain-weapon-metal", "uv": [ 0.0, 0.0, 0.5, 0.5 ], "autoUv": false },
										"down": { "texture": "#shoulder-sling-plain-weapon-metal", "uv": [ 0.0, 0.0, 0.5, 0.5 ], "autoUv": false }
									},
									"children": [
										{
											"name": "Lever_arm",
											"from": [ 0.0, 0.24, 1.36 ],
											"to": [ 0.4, 0.88, 1.6 ],
											"rotationOrigin": [ 0.0, 0.24, 1.6 ],
											"rotationX": 30.0,
											"faces": {
												"north": { "texture": "#shoulder-sling-plain-weapon-metal", "uv": [ 9.5, 2.0, 10.0, 2.5 ], "autoUv": false },
												"east": { "texture": "#shoulder-sling-plain-weapon-metal", "uv": [ 12.0, 2.0, 12.5, 2.5 ], "autoUv": false },
												"south": { "texture": "#shoulder-sling-plain-weapon-metal", "uv": [ 9.5, 2.0, 10.0, 2.5 ], "autoUv": false },
												"west": { "texture": "#shoulder-sling-plain-weapon-metal", "uv": [ 0.0, 0.0, 0.5, 0.5 ], "autoUv": false },
												"up": { "texture": "#shoulder-sling-plain-weapon-metal", "uv": [ 0.0, 0.0, 0.5, 0.5 ], "autoUv": false },
												"down": { "texture": "#shoulder-sling-plain-weapon-metal", "uv": [ 0.0, 0.0, 0.5, 0.5 ], "autoUv": false }
											},
											"children": [
												{
													"name": "Lever_arm3",
													"from": [ 0.0, 0.64, 0.0 ],
													"to": [ 0.4, 1.28, 0.24 ],
													"rotationOrigin": [ 0.0, 0.64, 0.24 ],
													"rotationX": -60.0,
													"faces": {
														"north": { "texture": "#shoulder-sling-plain-weapon-metal", "uv": [ 9.5, 2.0, 10.0, 2.5 ], "autoUv": false },
														"east": { "texture": "#shoulder-sling-plain-weapon-metal", "uv": [ 12.0, 2.0, 12.5, 2.5 ], "autoUv": false },
														"south": { "texture": "#shoulder-sling-plain-weapon-metal", "uv": [ 9.5, 2.0, 10.0, 2.5 ], "autoUv": false },
														"west": { "texture": "#shoulder-sling-plain-weapon-metal", "uv": [ 0.0, 0.0, 0.5, 0.5 ], "autoUv": false },
														"up": { "texture": "#shoulder-sling-plain-weapon-metal", "uv": [ 0.0, 0.0, 0.5, 0.5 ], "autoUv": false },
														"down": { "texture": "#shoulder-sling-plain-weapon-metal", "uv": [ 0.0, 0.0, 0.5, 0.5 ], "autoUv": false }
													},
													"children": [
														{
															"name": "Lever_arm4",
															"from": [ 0.0, 0.4, -0.56 ],
															"to": [ 0.4, 0.64, 0.24 ],
															"rotationOrigin": [ 0.0, 0.64, 0.24 ],
															"rotationX": 30.0,
															"faces": {
																"north": { "texture": "#shoulder-sling-plain-weapon-metal", "uv": [ 9.5, 2.0, 10.0, 2.5 ], "autoUv": false },
																"east": { "texture": "#shoulder-sling-plain-weapon-metal", "uv": [ 12.0, 2.0, 13.0, 2.5 ], "autoUv": false },
																"south": { "texture": "#shoulder-sling-plain-weapon-metal", "uv": [ 9.5, 2.0, 10.0, 2.5 ], "autoUv": false },
																"west": { "texture": "#shoulder-sling-plain-weapon-metal", "uv": [ 0.0, 0.0, 1.0, 0.5 ], "autoUv": false },
																"up": { "texture": "#shoulder-sling-plain-weapon-metal", "uv": [ 0.0, 0.0, 0.5, 1.0 ], "autoUv": false },
																"down": { "texture": "#shoulder-sling-plain-weapon-metal", "uv": [ 0.0, 0.0, 0.5, 1.0 ], "autoUv": false }
															},
															"children": [
																{
																	"name": "Lever_jaw_right2",
																	"from": [ 0.24, 0.0, -0.48 ],
																	"to": [ 0.4, 0.48, 0.0 ],
																	"rotationOrigin": [ 0.24, 0.0, -0.48 ],
																	"faces": {
																		"north": { "texture": "#shoulder-sling-plain-weapon-metal", "uv": [ 0.0, 0.0, 0.5, 0.5 ], "autoUv": false },
																		"east": { "texture": "#shoulder-sling-plain-weapon-metal", "uv": [ 0.0, 0.0, 0.5, 0.5 ], "autoUv": false },
																		"south": { "texture": "#shoulder-sling-plain-weapon-metal", "uv": [ 0.0, 0.0, 0.5, 0.5 ], "autoUv": false },
																		"west": { "texture": "#shoulder-sling-plain-weapon-metal", "uv": [ 0.0, 0.0, 0.5, 0.5 ], "autoUv": false },
																		"up": { "texture": "#shoulder-sling-plain-weapon-metal", "uv": [ 0.0, 0.0, 0.5, 0.5 ], "autoUv": false },
																		"down": { "texture": "#shoulder-sling-plain-weapon-metal", "uv": [ 0.0, 0.0, 0.5, 0.5 ], "autoUv": false }
																	}
																},
																{
																	"name": "Lever_jaw_left2",
																	"from": [ 0.0, 0.0, -0.48 ],
																	"to": [ 0.16, 0.48, 0.0 ],
																	"rotationOrigin": [ 0.0, 0.0, -0.48 ],
																	"faces": {
																		"north": { "texture": "#shoulder-sling-plain-weapon-metal", "uv": [ 0.0, 0.0, 0.5, 0.5 ], "autoUv": false },
																		"east": { "texture": "#shoulder-sling-plain-weapon-metal", "uv": [ 0.0, 0.0, 0.5, 0.5 ], "autoUv": false },
																		"south": { "texture": "#shoulder-sling-plain-weapon-metal", "uv": [ 0.0, 0.0, 0.5, 0.5 ], "autoUv": false },
																		"west": { "texture": "#shoulder-sling-plain-weapon-metal", "uv": [ 0.0, 0.0, 0.5, 0.5 ], "autoUv": false },
																		"up": { "texture": "#shoulder-sling-plain-weapon-metal", "uv": [ 0.0, 0.0, 0.5, 0.5 ], "autoUv": false },
																		"down": { "texture": "#shoulder-sling-plain-weapon-metal", "uv": [ 0.0, 0.0, 0.5, 0.5 ], "autoUv": false }
																	}
																}
															]
														}
													]
												}
											]
										},
										{
											"name": "Lock_lever5",
											"from": [ 0.0, 0.24, 0.48 ],
											"to": [ 0.4, 0.48, 1.6 ],
											"rotationOrigin": [ 0.0, 0.48, 0.72 ],
											"faces": {
												"north": { "texture": "#shoulder-sling-plain-weapon-metal", "uv": [ 0.0, 0.0, 0.5, 0.5 ], "autoUv": false },
												"east": { "texture": "#shoulder-sling-plain-weapon-metal", "uv": [ 12.5, 5.0, 13.5, 5.5 ], "autoUv": false },
												"south": { "texture": "#shoulder-sling-plain-weapon-metal", "uv": [ 0.0, 0.0, 0.5, 0.5 ], "autoUv": false },
												"west": { "texture": "#shoulder-sling-plain-weapon-metal", "uv": [ 0.0, 0.0, 1.0, 0.5 ], "autoUv": false },
												"up": { "texture": "#shoulder-sling-plain-weapon-metal", "uv": [ 0.0, 0.0, 0.5, 1.0 ], "autoUv": false },
												"down": { "texture": "#shoulder-sling-plain-weapon-metal", "uv": [ 0.0, 0.0, 0.5, 1.0 ], "autoUv": false }
											}
										},
										{
											"name": "Match_origin",
											"from": [ 0.0, 0.0, 48.0 ],
											"to": [ 0.0, 0.0, 48.0 ],
											"rotationOrigin": [ 0.0, 0.0, 48.0 ],
											"faces": {
												"north": { "texture": "#shoulder-sling-plain-ember", "uv": [ 0.0, 0.0, 0.5, 0.5 ], "autoUv": false },
												"east": { "texture": "#shoulder-sling-plain-ember", "uv": [ 0.0, 0.0, 0.5, 0.5 ], "autoUv": false },
												"south": { "texture": "#shoulder-sling-plain-ember", "uv": [ 0.0, 0.0, 0.5, 0.5 ], "autoUv": false },
												"west": { "texture": "#shoulder-sling-plain-ember", "uv": [ 0.0, 0.0, 0.5, 0.5 ], "autoUv": false },
												"up": { "texture": "#shoulder-sling-plain-ember", "uv": [ 0.0, 0.0, 0.5, 0.5 ], "autoUv": false },
												"down": { "texture": "#shoulder-sling-plain-ember", "uv": [ 0.0, 0.0, 0.5, 0.5 ], "autoUv": false }
											}
										}
									]
								},
								{
									"name": "Middle_receiver2",
									"from": [ -0.96, -1.08, -1.28 ],
									"to": [ -0.16, -1.0, 0.4 ],
									"rotationOrigin": [ -0.56, -1.12, -1.28 ],
									"faces": {
										"north": { "texture": "#shoulder-sling-plain-weapon-metal", "uv": [ 0.0, 0.0, 1.0, 0.5 ], "autoUv": false },
										"east": { "texture": "#shoulder-sling-plain-weapon-metal", "uv": [ 0.0, 0.0, 6.0, 1.5 ], "autoUv": false },
										"south": { "texture": "#shoulder-sling-plain-weapon-metal", "uv": [ 0.0, 0.0, 1.0, 0.5 ], "autoUv": false },
										"west": { "texture": "#shoulder-sling-plain-weapon-metal", "uv": [ 0.0, 0.0, 6.0, 1.5 ], "autoUv": false },
										"up": { "texture": "#shoulder-sling-plain-weapon-metal", "uv": [ 0.0, 0.0, 1.0, 2.0 ], "autoUv": false },
										"down": { "texture": "#shoulder-sling-plain-weapon-metal", "uv": [ 0.0, 0.0, 1.0, 2.0 ], "autoUv": false }
									}
								},
								{
									"name": "Lock_lever2",
									"from": [ -1.2, -0.68, -2.28 ],
									"to": [ 0.08, -0.44, -2.04 ],
									"rotationOrigin": [ -1.2, -0.56, -2.16 ],
									"faces": {
										"north": { "texture": "#shoulder-sling-plain-brass", "uv": [ 0.0, 0.0, 1.5, 0.5 ], "autoUv": false },
										"east": { "texture": "#shoulder-sling-plain-brass", "uv": [ 0.0, 0.0, 0.5, 0.5 ], "autoUv": false },
										"south": { "texture": "#shoulder-sling-plain-brass", "uv": [ 0.0, 0.0, 1.5, 0.5 ], "autoUv": false },
										"west": { "texture": "#shoulder-sling-plain-brass", "uv": [ 0.0, 0.0, 0.5, 0.5 ], "autoUv": false },
										"up": { "texture": "#shoulder-sling-plain-brass", "uv": [ 0.0, 0.0, 1.5, 0.5 ], "autoUv": false },
										"down": { "texture": "#shoulder-sling-plain-brass", "uv": [ 0.0, 0.0, 1.5, 0.5 ], "autoUv": false }
									}
								},
								{
									"name": "Lock_lever3",
									"from": [ -1.2, -0.68, 0.6 ],
									"to": [ 0.08, -0.44, 0.84 ],
									"rotationOrigin": [ -1.2, -0.56, 0.72 ],
									"faces": {
										"north": { "texture": "#shoulder-sling-plain-brass", "uv": [ 0.0, 0.0, 1.5, 0.5 ], "autoUv": false },
										"east": { "texture": "#shoulder-sling-plain-brass", "uv": [ 0.0, 0.0, 0.5, 0.5 ], "autoUv": false },
										"south": { "texture": "#shoulder-sling-plain-brass", "uv": [ 0.0, 0.0, 1.5, 0.5 ], "autoUv": false },
										"west": { "texture": "#shoulder-sling-plain-brass", "uv": [ 0.0, 0.0, 0.5, 0.5 ], "autoUv": false },
										"up": { "texture": "#shoulder-sling-plain-brass", "uv": [ 0.0, 0.0, 1.5, 0.5 ], "autoUv": false },
										"down": { "texture": "#shoulder-sling-plain-brass", "uv": [ 0.0, 0.0, 1.5, 0.5 ], "autoUv": false }
									}
								},
								{
									"name": "Lock_lever4",
									"from": [ -1.2, -0.68, -0.84 ],
									"to": [ 0.48, -0.44, -0.6 ],
									"rotationOrigin": [ -1.2, -0.56, -0.72 ],
									"faces": {
										"north": { "texture": "#shoulder-sling-plain-brass", "uv": [ 0.0, 0.0, 2.0, 0.5 ], "autoUv": false },
										"east": { "texture": "#shoulder-sling-plain-brass", "uv": [ 0.0, 0.0, 0.5, 0.5 ], "autoUv": false },
										"south": { "texture": "#shoulder-sling-plain-brass", "uv": [ 0.0, 0.0, 2.0, 0.5 ], "autoUv": false },
										"west": { "texture": "#shoulder-sling-plain-brass", "uv": [ 0.0, 0.0, 0.5, 0.5 ], "autoUv": false },
										"up": { "texture": "#shoulder-sling-plain-brass", "uv": [ 0.0, 0.0, 2.0, 0.5 ], "autoUv": false },
										"down": { "texture": "#shoulder-sling-plain-brass", "uv": [ 0.0, 0.0, 2.0, 0.5 ], "autoUv": false }
									}
								},
								{
									"name": "Plate2",
									"from": [ -1.128, -0.8, -2.48 ],
									"to": [ -1.12, -0.32, 1.12 ],
									"rotationOrigin": [ -1.12, -0.8, -2.48 ],
									"faces": {
										"north": { "texture": "#shoulder-sling-plain-weapon-metal", "uv": [ 0.0, 0.0, 0.5, 0.5 ], "autoUv": false },
										"east": { "texture": "#shoulder-sling-plain-weapon-metal", "uv": [ 7.5, 10.0, 11.5, 11.0 ], "autoUv": false },
										"south": { "texture": "#shoulder-sling-plain-weapon-metal", "uv": [ 0.0, 0.0, 0.5, 0.5 ], "autoUv": false },
										"west": { "texture": "#shoulder-sling-plain-weapon-metal", "uv": [ 0.0, 0.0, 4.5, 0.5 ], "autoUv": false },
										"up": { "texture": "#shoulder-sling-plain-weapon-metal", "uv": [ 0.0, 0.0, 0.5, 4.5 ], "autoUv": false },
										"down": { "texture": "#shoulder-sling-plain-weapon-metal", "uv": [ 0.0, 0.0, 0.5, 4.5 ], "autoUv": false }
									}
								}
							]
						},
						{
							"name": "Ramdrod_origin",
							"from": [ -0.2, 0.72, -7.32 ],
							"to": [ -0.2, 0.72, -7.32 ],
							"rotationOrigin": [ -0.2, 0.72, -7.32 ],
							"rotationX": -0.5,
							"faces": {
								"north": { "texture": "#shoulder-sling-plain-ember", "uv": [ 0.0, 0.0, 0.5, 0.5 ], "autoUv": false },
								"east": { "texture": "#shoulder-sling-plain-ember", "uv": [ 0.0, 0.0, 0.5, 0.5 ], "autoUv": false },
								"south": { "texture": "#shoulder-sling-plain-ember", "uv": [ 0.0, 0.0, 0.5, 0.5 ], "autoUv": false },
								"west": { "texture": "#shoulder-sling-plain-ember", "uv": [ 0.0, 0.0, 0.5, 0.5 ], "autoUv": false },
								"up": { "texture": "#shoulder-sling-plain-ember", "uv": [ 0.0, 0.0, 0.5, 0.5 ], "autoUv": false },
								"down": { "texture": "#shoulder-sling-plain-ember", "uv": [ 0.0, 0.0, 0.5, 0.5 ], "autoUv": false }
							},
							"children": [
								{
									"name": "Ramrod",
									"from": [ 0.0, 0.0, -4.0 ],
									"to": [ 0.24, 0.24, 8.4 ],
									"rotationOrigin": [ 0.04, 0.24, 2.44 ],
									"faces": {
										"north": { "texture": "#shoulder-sling-plain-weapon-metal", "uv": [ 0.0, 0.0, 0.5, 0.5 ], "autoUv": false },
										"east": { "texture": "#shoulder-sling-plain-weapon-metal", "uv": [ 0.0, 0.0, 16.0, 0.5 ], "autoUv": false },
										"south": { "texture": "#shoulder-sling-plain-weapon-metal", "uv": [ 0.0, 0.0, 0.5, 0.5 ], "autoUv": false },
										"west": { "texture": "#shoulder-sling-plain-weapon-metal", "uv": [ 0.0, 0.0, 16.0, 0.5 ], "autoUv": false },
										"up": { "texture": "#shoulder-sling-plain-weapon-metal", "uv": [ 0.0, 0.0, 0.5, 16.0 ], "autoUv": false },
										"down": { "texture": "#shoulder-sling-plain-weapon-metal", "uv": [ 0.0, 0.0, 0.5, 16.0 ], "autoUv": false }
									},
									"children": [
										{
											"name": "Ramrod_cap",
											"from": [ -0.04, -0.04, -0.16 ],
											"to": [ 0.28, 0.28, 0.08 ],
											"rotationOrigin": [ 0.0, 0.08, -0.24 ],
											"faces": {
												"north": { "texture": "#shoulder-sling-plain-brass", "uv": [ 0.0, 0.0, 0.5, 0.5 ], "autoUv": false },
												"east": { "texture": "#shoulder-sling-plain-brass", "uv": [ 0.0, 0.0, 0.5, 0.5 ], "autoUv": false },
												"south": { "texture": "#shoulder-sling-plain-brass", "uv": [ 0.0, 0.0, 0.5, 0.5 ], "autoUv": false },
												"west": { "texture": "#shoulder-sling-plain-brass", "uv": [ 0.0, 0.0, 0.5, 0.5 ], "autoUv": false },
												"up": { "texture": "#shoulder-sling-plain-brass", "uv": [ 0.0, 0.0, 0.5, 0.5 ], "autoUv": false },
												"down": { "texture": "#shoulder-sling-plain-brass", "uv": [ 0.0, 0.0, 0.5, 0.5 ], "autoUv": false }
											}
										}
									]
								}
							]
						},
						{
							"name": "Barrel",
							"from": [ -0.4, 1.04, -11.52 ],
							"to": [ -0.4, 1.04, -11.52 ],
							"rotationOrigin": [ -0.4, 1.04, -11.52 ],
							"faces": {
								"north": { "texture": "#shoulder-sling-plain-brass", "uv": [ 0.0, 0.0, 0.5, 0.5 ], "autoUv": false },
								"east": { "texture": "#shoulder-sling-plain-brass", "uv": [ 0.0, 0.0, 0.5, 0.5 ], "autoUv": false },
								"south": { "texture": "#shoulder-sling-plain-brass", "uv": [ 0.0, 0.0, 0.5, 0.5 ], "autoUv": false },
								"west": { "texture": "#shoulder-sling-plain-brass", "uv": [ 0.0, 0.0, 0.5, 0.5 ], "autoUv": false },
								"up": { "texture": "#shoulder-sling-plain-brass", "uv": [ 0.0, 0.0, 0.5, 0.5 ], "autoUv": false },
								"down": { "texture": "#shoulder-sling-plain-brass", "uv": [ 0.0, 0.0, 0.5, 0.5 ], "autoUv": false }
							},
							"children": [
								{
									"name": "Barrel_part_0",
									"from": [ 0.0, 0.0, 0.0 ],
									"to": [ 0.64, 0.16, 12.0 ],
									"rotationOrigin": [ 0.32, 0.48, 0.0 ],
									"faces": {
										"north": { "texture": "#shoulder-sling-plain-weapon-metal", "uv": [ 0.0, 0.0, 0.5, 0.5 ], "autoUv": false },
										"east": { "texture": "#shoulder-sling-plain-weapon-metal", "uv": [ 0.0, 1.5, 16.0, 2.0 ], "autoUv": false },
										"west": { "texture": "#shoulder-sling-plain-weapon-metal", "uv": [ 0.0, 1.5, 16.0, 2.0 ], "autoUv": false },
										"up": { "texture": "#shoulder-sling-plain-weapon-metal", "uv": [ 10.0, 0.0, 10.5, 16.0 ], "autoUv": false },
										"down": { "texture": "#shoulder-sling-plain-weapon-metal", "uv": [ 0.0, 0.0, 0.5, 16.0 ], "autoUv": false, "windMode": [-1,-1,-1,-1] }
									},
									"children": [
										{
											"name": "Barrel_muzzle_top_0",
											"from": [ 0.0, 0.0, -0.8 ],
											"to": [ 0.64, 0.16, 0.0 ],
											"rotationOrigin": [ 0.0, 0.16, 0.0 ],
											"rotationX": -14.0,
											"faces": {
												"north": { "texture": "#shoulder-sling-plain-weapon-metal", "uv": [ 0.0, 0.0, 0.5, 0.5 ], "autoUv": false },
												"east": { "texture": "#shoulder-sling-plain-weapon-metal", "uv": [ 0.0, 0.0, 1.0, 0.5 ], "autoUv": false },
												"west": { "texture": "#shoulder-sling-plain-weapon-metal", "uv": [ 0.0, 0.0, 1.0, 0.5 ], "autoUv": false },
												"up": { "texture": "#shoulder-sling-plain-weapon-metal", "uv": [ 10.0, 0.0, 10.5, 1.0 ], "autoUv": false },
												"down": { "texture": "#shoulder-sling-plain-weapon-metal", "uv": [ 0.0, 0.0, 0.5, 1.0 ], "autoUv": false }
											}
										},
										{
											"name": "Barrel_muzzle_top_1",
											"from": [ 0.4566, -0.076, -0.48 ],
											"to": [ 0.7766, 0.084, 0.0 ],
											"rotationOrigin": [ 0.3766, 0.084, 0.0 ],
											"rotationX": -11.462,
											"rotationY": -11.239,
											"rotationZ": 43.868,
											"faces": {
												"north": { "texture": "#shoulder-sling-plain-weapon-metal", "uv": [ 0.0, 0.0, 0.5, 0.5 ], "autoUv": false },
												"east": { "texture": "#shoulder-sling-plain-weapon-metal", "uv": [ 0.0, 0.0, 0.5, 0.5 ], "autoUv": false },
												"west": { "texture": "#shoulder-sling-plain-weapon-metal", "uv": [ 0.0, 0.0, 0.5, 0.5 ], "autoUv": false },
												"up": { "texture": "#shoulder-sling-plain-weapon-metal", "uv": [ 10.0, 0.0, 10.5, 0.5 ], "autoUv": false },
												"down": { "texture": "#shoulder-sling-plain-weapon-metal", "uv": [ 0.0, 0.0, 0.5, 0.5 ], "autoUv": false }
											},
											"children": [
												{
													"name": "Barrel_muzzle_top_3",
													"from": [ -0.04, 0.0, -0.16 ],
													"to": [ 0.36, 0.16, 0.0 ],
													"rotationOrigin": [ -0.08, 0.16, 0.64 ],
													"faces": {
														"north": { "texture": "#shoulder-sling-plain-weapon-metal", "uv": [ 0.0, 0.0, 0.5, 0.5 ], "autoUv": false },
														"east": { "texture": "#shoulder-sling-plain-weapon-metal", "uv": [ 0.0, 0.0, 0.5, 0.5 ], "autoUv": false },
														"west": { "texture": "#shoulder-sling-plain-weapon-metal", "uv": [ 0.0, 0.0, 0.5, 0.5 ], "autoUv": false },
														"up": { "texture": "#shoulder-sling-plain-weapon-metal", "uv": [ 10.0, 0.0, 10.5, 0.5 ], "autoUv": false },
														"down": { "texture": "#shoulder-sling-plain-weapon-metal", "uv": [ 0.0, 0.0, 0.5, 0.5 ], "autoUv": false }
													}
												},
												{
													"name": "Barrel_muzzle_top_4",
													"from": [ -0.08, 0.0, -0.336 ],
													"to": [ 0.4, 0.16, -0.16 ],
													"rotationOrigin": [ -0.16, 0.16, 0.48 ],
													"faces": {
														"north": { "texture": "#shoulder-sling-plain-weapon-metal", "uv": [ 0.0, 0.0, 0.5, 0.5 ], "autoUv": false },
														"east": { "texture": "#shoulder-sling-plain-weapon-metal", "uv": [ 0.0, 0.0, 0.5, 0.5 ], "autoUv": false },
														"west": { "texture": "#shoulder-sling-plain-weapon-metal", "uv": [ 0.0, 0.0, 0.5, 0.5 ], "autoUv": false },
														"up": { "texture": "#shoulder-sling-plain-weapon-metal", "uv": [ 10.0, 0.0, 10.5, 0.5 ], "autoUv": false },
														"down": { "texture": "#shoulder-sling-plain-weapon-metal", "uv": [ 0.0, 0.0, 0.5, 0.5 ], "autoUv": false }
													}
												}
											]
										}
									]
								},
								{
									"name": "Barrel_part_1",
									"from": [ 0.0, 0.0, 0.0 ],
									"to": [ 0.64, 0.16, 11.6 ],
									"rotationOrigin": [ 0.32, 0.48, 0.0 ],
									"rotationZ": 90.0,
									"faces": {
										"north": { "texture": "#shoulder-sling-plain-weapon-metal", "uv": [ 0.0, 0.0, 0.5, 0.5 ], "autoUv": false },
										"east": { "texture": "#shoulder-sling-plain-weapon-metal", "uv": [ 0.0, 1.5, 16.0, 2.0 ], "autoUv": false },
										"south": { "texture": "#shoulder-sling-plain-weapon-metal", "uv": [ 0.0, 0.0, 0.5, 0.5 ], "autoUv": false, "windMode": [-1,-1,-1,-1] },
										"west": { "texture": "#shoulder-sling-plain-weapon-metal", "uv": [ 0.0, 1.5, 16.0, 2.0 ], "autoUv": false },
										"up": { "texture": "#shoulder-sling-plain-weapon-metal", "uv": [ 10.0, 0.0, 10.5, 16.0 ], "autoUv": false },
										"down": { "texture": "#shoulder-sling-plain-weapon-metal", "uv": [ 0.0, 0.0, 0.5, 16.0 ], "autoUv": false }
									},
									"children": [
										{
											"name": "Barrel_muzzle_top_2",
											"from": [ 0.0, 0.0, -0.8 ],
											"to": [ 0.64, 0.16, 0.0 ],
											"rotationOrigin": [ 0.0, 0.16, 0.0 ],
											"rotationX": -14.0,
											"faces": {
												"north": { "texture": "#shoulder-sling-plain-weapon-metal", "uv": [ 0.0, 0.0, 0.5, 0.5 ], "autoUv": false },
												"east": { "texture": "#shoulder-sling-plain-weapon-metal", "uv": [ 0.0, 0.0, 1.0, 0.5 ], "autoUv": false },
												"west": { "texture": "#shoulder-sling-plain-weapon-metal", "uv": [ 0.0, 0.0, 1.0, 0.5 ], "autoUv": false },
												"up": { "texture": "#shoulder-sling-plain-weapon-metal", "uv": [ 10.0, 0.0, 10.5, 1.0 ], "autoUv": false },
												"down": { "texture": "#shoulder-sling-plain-weapon-metal", "uv": [ 0.0, 0.0, 0.5, 1.0 ], "autoUv": false }
											}
										},
										{
											"name": "Barrel_muzzle_top_5",
											"from": [ 0.4566, -0.076, -0.48 ],
											"to": [ 0.7766, 0.084, 0.0 ],
											"rotationOrigin": [ 0.3766, 0.084, 0.0 ],
											"rotationX": -11.462,
											"rotationY": -11.239,
											"rotationZ": 43.868,
											"faces": {
												"north": { "texture": "#shoulder-sling-plain-weapon-metal", "uv": [ 0.0, 0.0, 0.5, 0.5 ], "autoUv": false },
												"east": { "texture": "#shoulder-sling-plain-weapon-metal", "uv": [ 0.0, 0.0, 0.5, 0.5 ], "autoUv": false },
												"west": { "texture": "#shoulder-sling-plain-weapon-metal", "uv": [ 0.0, 0.0, 0.5, 0.5 ], "autoUv": false },
												"up": { "texture": "#shoulder-sling-plain-weapon-metal", "uv": [ 10.0, 0.0, 10.5, 0.5 ], "autoUv": false },
												"down": { "texture": "#shoulder-sling-plain-weapon-metal", "uv": [ 0.0, 0.0, 0.5, 0.5 ], "autoUv": false }
											},
											"children": [
												{
													"name": "Barrel_muzzle_top_6",
													"from": [ -0.04, 0.0, -0.16 ],
													"to": [ 0.36, 0.16, 0.0 ],
													"rotationOrigin": [ -0.08, 0.16, 0.64 ],
													"faces": {
														"north": { "texture": "#shoulder-sling-plain-weapon-metal", "uv": [ 0.0, 0.0, 0.5, 0.5 ], "autoUv": false },
														"east": { "texture": "#shoulder-sling-plain-weapon-metal", "uv": [ 0.0, 0.0, 0.5, 0.5 ], "autoUv": false },
														"west": { "texture": "#shoulder-sling-plain-weapon-metal", "uv": [ 0.0, 0.0, 0.5, 0.5 ], "autoUv": false },
														"up": { "texture": "#shoulder-sling-plain-weapon-metal", "uv": [ 10.0, 0.0, 10.5, 0.5 ], "autoUv": false },
														"down": { "texture": "#shoulder-sling-plain-weapon-metal", "uv": [ 0.0, 0.0, 0.5, 0.5 ], "autoUv": false }
													}
												},
												{
													"name": "Barrel_muzzle_top_7",
													"from": [ -0.08, 0.0, -0.336 ],
													"to": [ 0.4, 0.16, -0.16 ],
													"rotationOrigin": [ -0.16, 0.16, 0.48 ],
													"faces": {
														"north": { "texture": "#shoulder-sling-plain-weapon-metal", "uv": [ 0.0, 0.0, 0.5, 0.5 ], "autoUv": false },
														"east": { "texture": "#shoulder-sling-plain-weapon-metal", "uv": [ 0.0, 0.0, 0.5, 0.5 ], "autoUv": false },
														"west": { "texture": "#shoulder-sling-plain-weapon-metal", "uv": [ 0.0, 0.0, 0.5, 0.5 ], "autoUv": false },
														"up": { "texture": "#shoulder-sling-plain-weapon-metal", "uv": [ 10.0, 0.0, 10.5, 0.5 ], "autoUv": false },
														"down": { "texture": "#shoulder-sling-plain-weapon-metal", "uv": [ 0.0, 0.0, 0.5, 0.5 ], "autoUv": false }
													}
												}
											]
										}
									]
								},
								{
									"name": "Barrel_part_2",
									"from": [ 0.0, 0.0, 0.0 ],
									"to": [ 0.64, 0.16, 11.6 ],
									"rotationOrigin": [ 0.32, 0.48, 0.0 ],
									"rotationZ": 180.0,
									"faces": {
										"north": { "texture": "#shoulder-sling-plain-weapon-metal", "uv": [ 0.0, 0.0, 0.5, 0.5 ], "autoUv": false },
										"east": { "texture": "#shoulder-sling-plain-weapon-metal", "uv": [ 0.0, 1.5, 16.0, 2.0 ], "autoUv": false },
										"west": { "texture": "#shoulder-sling-plain-weapon-metal", "uv": [ 0.0, 1.5, 16.0, 2.0 ], "autoUv": false },
										"up": { "texture": "#shoulder-sling-plain-weapon-metal", "uv": [ 10.0, 0.0, 10.5, 16.0 ], "autoUv": false },
										"down": { "texture": "#shoulder-sling-plain-weapon-metal", "uv": [ 0.0, 0.0, 1.0, 16.0 ], "autoUv": false }
									},
									"children": [
										{
											"name": "Barrel_muzzle_top_8",
											"from": [ 0.0, 0.0, -0.8 ],
											"to": [ 0.64, 0.16, 0.0 ],
											"rotationOrigin": [ 0.0, 0.16, 0.0 ],
											"rotationX": -14.0,
											"faces": {
												"north": { "texture": "#shoulder-sling-plain-weapon-metal", "uv": [ 0.0, 0.0, 0.5, 0.5 ], "autoUv": false },
												"east": { "texture": "#shoulder-sling-plain-weapon-metal", "uv": [ 0.0, 0.0, 1.0, 0.5 ], "autoUv": false },
												"west": { "texture": "#shoulder-sling-plain-weapon-metal", "uv": [ 0.0, 0.0, 1.0, 0.5 ], "autoUv": false },
												"up": { "texture": "#shoulder-sling-plain-weapon-metal", "uv": [ 10.0, 0.0, 10.5, 1.0 ], "autoUv": false },
												"down": { "texture": "#shoulder-sling-plain-weapon-metal", "uv": [ 0.0, 0.0, 0.5, 1.0 ], "autoUv": false }
											}
										},
										{
											"name": "Barrel_muzzle_top_9",
											"from": [ 0.4566, -0.076, -0.48 ],
											"to": [ 0.7766, 0.084, 0.0 ],
											"rotationOrigin": [ 0.3766, 0.084, 0.0 ],
											"rotationX": -11.462,
											"rotationY": -11.239,
											"rotationZ": 43.868,
											"faces": {
												"north": { "texture": "#shoulder-sling-plain-weapon-metal", "uv": [ 0.0, 0.0, 0.5, 0.5 ], "autoUv": false },
												"east": { "texture": "#shoulder-sling-plain-weapon-metal", "uv": [ 0.0, 0.0, 0.5, 0.5 ], "autoUv": false },
												"west": { "texture": "#shoulder-sling-plain-weapon-metal", "uv": [ 0.0, 0.0, 0.5, 0.5 ], "autoUv": false },
												"up": { "texture": "#shoulder-sling-plain-weapon-metal", "uv": [ 10.0, 0.0, 10.5, 0.5 ], "autoUv": false },
												"down": { "texture": "#shoulder-sling-plain-weapon-metal", "uv": [ 0.0, 0.0, 0.5, 0.5 ], "autoUv": false }
											},
											"children": [
												{
													"name": "Barrel_muzzle_top_10",
													"from": [ -0.04, 0.0, -0.16 ],
													"to": [ 0.36, 0.16, 0.0 ],
													"rotationOrigin": [ -0.08, 0.16, 0.64 ],
													"faces": {
														"north": { "texture": "#shoulder-sling-plain-weapon-metal", "uv": [ 0.0, 0.0, 0.5, 0.5 ], "autoUv": false },
														"east": { "texture": "#shoulder-sling-plain-weapon-metal", "uv": [ 0.0, 0.0, 0.5, 0.5 ], "autoUv": false },
														"west": { "texture": "#shoulder-sling-plain-weapon-metal", "uv": [ 0.0, 0.0, 0.5, 0.5 ], "autoUv": false },
														"up": { "texture": "#shoulder-sling-plain-weapon-metal", "uv": [ 10.0, 0.0, 10.5, 0.5 ], "autoUv": false },
														"down": { "texture": "#shoulder-sling-plain-weapon-metal", "uv": [ 0.0, 0.0, 0.5, 0.5 ], "autoUv": false }
													}
												},
												{
													"name": "Barrel_muzzle_top_11",
													"from": [ -0.08, 0.0, -0.336 ],
													"to": [ 0.4, 0.16, -0.16 ],
													"rotationOrigin": [ -0.16, 0.16, 0.48 ],
													"faces": {
														"north": { "texture": "#shoulder-sling-plain-weapon-metal", "uv": [ 0.0, 0.0, 0.5, 0.5 ], "autoUv": false },
														"east": { "texture": "#shoulder-sling-plain-weapon-metal", "uv": [ 0.0, 0.0, 0.5, 0.5 ], "autoUv": false },
														"west": { "texture": "#shoulder-sling-plain-weapon-metal", "uv": [ 0.0, 0.0, 0.5, 0.5 ], "autoUv": false },
														"up": { "texture": "#shoulder-sling-plain-weapon-metal", "uv": [ 10.0, 0.0, 10.5, 0.5 ], "autoUv": false },
														"down": { "texture": "#shoulder-sling-plain-weapon-metal", "uv": [ 0.0, 0.0, 0.5, 0.5 ], "autoUv": false }
													}
												}
											]
										}
									]
								},
								{
									"name": "Barrel_part_3",
									"from": [ 0.0, 0.0, 0.0 ],
									"to": [ 0.64, 0.16, 11.6 ],
									"rotationOrigin": [ 0.32, 0.48, 0.0 ],
									"rotationZ": -90.0,
									"faces": {
										"north": { "texture": "#shoulder-sling-plain-weapon-metal", "uv": [ 0.0, 0.0, 0.5, 0.5 ], "autoUv": false },
										"east": { "texture": "#shoulder-sling-plain-weapon-metal", "uv": [ 0.0, 1.5, 16.0, 2.0 ], "autoUv": false },
										"south": { "texture": "#shoulder-sling-plain-weapon-metal", "uv": [ 0.0, 0.0, 0.5, 0.5 ], "autoUv": false, "windMode": [-1,-1,-1,-1] },
										"west": { "texture": "#shoulder-sling-plain-weapon-metal", "uv": [ 0.0, 1.5, 16.0, 2.0 ], "autoUv": false },
										"up": { "texture": "#shoulder-sling-plain-weapon-metal", "uv": [ 10.0, 0.0, 10.5, 16.0 ], "autoUv": false },
										"down": { "texture": "#shoulder-sling-plain-weapon-metal", "uv": [ 0.0, 0.0, 0.5, 16.0 ], "autoUv": false }
									},
									"children": [
										{
											"name": "Barrel_muzzle_top_12",
											"from": [ 0.0, 0.0, -0.8 ],
											"to": [ 0.64, 0.16, 0.0 ],
											"rotationOrigin": [ 0.0, 0.16, 0.0 ],
											"rotationX": -14.0,
											"faces": {
												"north": { "texture": "#shoulder-sling-plain-weapon-metal", "uv": [ 0.0, 0.0, 0.5, 0.5 ], "autoUv": false },
												"east": { "texture": "#shoulder-sling-plain-weapon-metal", "uv": [ 0.0, 0.0, 1.0, 0.5 ], "autoUv": false },
												"west": { "texture": "#shoulder-sling-plain-weapon-metal", "uv": [ 0.0, 0.0, 1.0, 0.5 ], "autoUv": false },
												"up": { "texture": "#shoulder-sling-plain-weapon-metal", "uv": [ 10.0, 0.0, 10.5, 1.0 ], "autoUv": false },
												"down": { "texture": "#shoulder-sling-plain-weapon-metal", "uv": [ 0.0, 0.0, 0.5, 1.0 ], "autoUv": false }
											}
										},
										{
											"name": "Barrel_muzzle_top_13",
											"from": [ 0.4566, -0.076, -0.48 ],
											"to": [ 0.7766, 0.084, 0.0 ],
											"rotationOrigin": [ 0.3766, 0.084, 0.0 ],
											"rotationX": -11.462,
											"rotationY": -11.239,
											"rotationZ": 43.868,
											"faces": {
												"north": { "texture": "#shoulder-sling-plain-weapon-metal", "uv": [ 0.0, 0.0, 0.5, 0.5 ], "autoUv": false },
												"east": { "texture": "#shoulder-sling-plain-weapon-metal", "uv": [ 0.0, 0.0, 0.5, 0.5 ], "autoUv": false },
												"west": { "texture": "#shoulder-sling-plain-weapon-metal", "uv": [ 0.0, 0.0, 0.5, 0.5 ], "autoUv": false },
												"up": { "texture": "#shoulder-sling-plain-weapon-metal", "uv": [ 10.0, 0.0, 10.5, 0.5 ], "autoUv": false },
												"down": { "texture": "#shoulder-sling-plain-weapon-metal", "uv": [ 0.0, 0.0, 0.5, 0.5 ], "autoUv": false }
											},
											"children": [
												{
													"name": "Barrel_muzzle_top_14",
													"from": [ -0.04, 0.0, -0.16 ],
													"to": [ 0.36, 0.16, 0.0 ],
													"rotationOrigin": [ -0.08, 0.16, 0.64 ],
													"faces": {
														"north": { "texture": "#shoulder-sling-plain-weapon-metal", "uv": [ 0.0, 0.0, 0.5, 0.5 ], "autoUv": false },
														"east": { "texture": "#shoulder-sling-plain-weapon-metal", "uv": [ 0.0, 0.0, 0.5, 0.5 ], "autoUv": false },
														"west": { "texture": "#shoulder-sling-plain-weapon-metal", "uv": [ 0.0, 0.0, 0.5, 0.5 ], "autoUv": false },
														"up": { "texture": "#shoulder-sling-plain-weapon-metal", "uv": [ 10.0, 0.0, 10.5, 0.5 ], "autoUv": false },
														"down": { "texture": "#shoulder-sling-plain-weapon-metal", "uv": [ 0.0, 0.0, 0.5, 0.5 ], "autoUv": false }
													}
												},
												{
													"name": "Barrel_muzzle_top_15",
													"from": [ -0.08, 0.0, -0.336 ],
													"to": [ 0.4, 0.16, -0.16 ],
													"rotationOrigin": [ -0.16, 0.16, 0.48 ],
													"faces": {
														"north": { "texture": "#shoulder-sling-plain-weapon-metal", "uv": [ 0.0, 0.0, 0.5, 0.5 ], "autoUv": false },
														"east": { "texture": "#shoulder-sling-plain-weapon-metal", "uv": [ 0.0, 0.0, 0.5, 0.5 ], "autoUv": false },
														"west": { "texture": "#shoulder-sling-plain-weapon-metal", "uv": [ 0.0, 0.0, 0.5, 0.5 ], "autoUv": false },
														"up": { "texture": "#shoulder-sling-plain-weapon-metal", "uv": [ 10.0, 0.0, 10.5, 0.5 ], "autoUv": false },
														"down": { "texture": "#shoulder-sling-plain-weapon-metal", "uv": [ 0.0, 0.0, 0.5, 0.5 ], "autoUv": false }
													}
												}
											]
										}
									]
								},
								{
									"name": "Barrel_part_4",
									"from": [ 0.0, -0.16, 0.24 ],
									"to": [ 0.64, 0.48, 1.04 ],
									"rotationOrigin": [ 0.32, 0.32, 0.24 ],
									"rotationZ": 180.0,
									"faces": {
										"north": { "texture": "#shoulder-sling-plain-weapon-metal", "uv": [ 0.0, 0.0, 0.5, 0.5 ], "autoUv": false },
										"east": { "texture": "#shoulder-sling-plain-weapon-metal", "uv": [ 0.0, 1.5, 16.0, 2.0 ], "autoUv": false },
										"west": { "texture": "#shoulder-sling-plain-weapon-metal", "uv": [ 0.0, 1.5, 16.0, 2.0 ], "autoUv": false },
										"up": { "texture": "#shoulder-sling-plain-weapon-metal", "uv": [ 10.0, 0.0, 10.5, 16.0 ], "autoUv": false },
										"down": { "texture": "#shoulder-sling-plain-weapon-metal", "uv": [ 0.0, 0.0, 0.5, 16.0 ], "autoUv": false }
									}
								}
							]
						},
						{
							"name": "Bullet",
							"from": [ -0.2, 1.4, -10.48 ],
							"to": [ -0.2, 1.4, -10.48 ],
							"rotationOrigin": [ -0.16, 1.44, -10.48 ],
							"faces": {
								"north": { "texture": "#lead", "uv": [ 0.0, 0.0, 0.5, 0.5 ], "autoUv": false },
								"east": { "texture": "#lead", "uv": [ 0.0, 0.0, 0.5, 0.5 ], "autoUv": false },
								"south": { "texture": "#lead", "uv": [ 0.0, 0.0, 0.5, 0.5 ], "autoUv": false },
								"west": { "texture": "#lead", "uv": [ 0.0, 0.0, 0.5, 0.5 ], "autoUv": false },
								"up": { "texture": "#lead", "uv": [ 0.0, 0.0, 0.5, 0.5 ], "autoUv": false },
								"down": { "texture": "#lead", "uv": [ 0.0, 0.0, 0.5, 0.5 ], "autoUv": false }
							},
							"attachmentpoints": [
								{
									"code": "bullet",
									"posX": "0.1","posY": "0.1","posZ": "0.1",
									"rotationX": "0.0","rotationY": "0.0","rotationZ": "0.0"
								}
							]
						},
						{
							"name": "Patch",
							"from": [ -0.08, 1.52, -10.4 ],
							"to": [ -0.08, 1.52, -10.4 ],
							"rotationOrigin": [ -0.08, 1.52, -10.4 ],
							"faces": {
								"north": { "texture": "#shoulder-sling-plain-weapon-wood", "uv": [ 0.0, 0.0, 0.5, 0.5 ], "autoUv": false },
								"east": { "texture": "#shoulder-sling-plain-weapon-wood", "uv": [ 0.0, 0.0, 0.5, 0.5 ], "autoUv": false },
								"south": { "texture": "#shoulder-sling-plain-weapon-wood", "uv": [ 0.0, 0.0, 0.5, 0.5 ], "autoUv": false },
								"west": { "texture": "#shoulder-sling-plain-weapon-wood", "uv": [ 0.0, 0.0, 0.5, 0.5 ], "autoUv": false },
								"up": { "texture": "#shoulder-sling-plain-weapon-wood", "uv": [ 0.0, 0.0, 0.5, 0.5 ], "autoUv": false },
								"down": { "texture": "#shoulder-sling-plain-weapon-wood", "uv": [ 0.0, 0.0, 0.5, 0.5 ], "autoUv": false }
							},
							"children": [
								{
									"name": "Linen_0",
									"from": [ -0.16, -0.16, 0.0 ],
									"to": [ 0.24, 0.24, 0.08 ],
									"rotationOrigin": [ -0.16, -0.16, 0.0 ],
									"faces": {
										"north": { "texture": "#shoulder-sling-plain-plain", "uv": [ 6.0, 7.0, 7.0, 8.0 ], "autoUv": false },
										"east": { "texture": "#shoulder-sling-plain-plain", "uv": [ 4.0, 9.0, 4.5, 10.0 ], "autoUv": false },
										"south": { "texture": "#shoulder-sling-plain-plain", "uv": [ 3.0, 5.0, 3.5, 5.5 ], "autoUv": false },
										"west": { "texture": "#shoulder-sling-plain-plain", "uv": [ 4.0, 7.0, 4.5, 8.0 ], "autoUv": false },
										"up": { "texture": "#shoulder-sling-plain-plain", "uv": [ 6.0, 13.5, 7.0, 14.0 ], "autoUv": false },
										"down": { "texture": "#shoulder-sling-plain-plain", "uv": [ 7.5, 3.0, 8.5, 3.5 ], "autoUv": false, "windMode": [-1,-1,-1,-1] }
									}
								},
								{
									"name": "Linen_1",
									"from": [ -0.24, -0.16, 0.0 ],
									"to": [ 0.16, 0.24, 0.08 ],
									"rotationOrigin": [ 0.16, -0.16, 0.0 ],
									"faces": {
										"north": { "texture": "#shoulder-sling-plain-plain", "uv": [ 6.0, 7.0, 7.0, 8.0 ], "autoUv": false },
										"east": { "texture": "#shoulder-sling-plain-plain", "uv": [ 4.0, 9.0, 4.5, 10.0 ], "autoUv": false },
										"south": { "texture": "#shoulder-sling-plain-plain", "uv": [ 3.0, 5.0, 3.5, 5.5 ], "autoUv": false },
										"west": { "texture": "#shoulder-sling-plain-plain", "uv": [ 4.0, 7.0, 4.5, 8.0 ], "autoUv": false },
										"up": { "texture": "#shoulder-sling-plain-plain", "uv": [ 6.0, 13.5, 7.0, 14.0 ], "autoUv": false },
										"down": { "texture": "#shoulder-sling-plain-plain", "uv": [ 7.5, 3.0, 8.5, 3.5 ], "autoUv": false }
									}
								},
								{
									"name": "Linen_2",
									"from": [ -0.16, -0.24, 0.0 ],
									"to": [ 0.24, 0.16, 0.08 ],
									"rotationOrigin": [ -0.16, 0.16, 0.0 ],
									"faces": {
										"north": { "texture": "#shoulder-sling-plain-plain", "uv": [ 6.0, 7.0, 7.0, 8.0 ], "autoUv": false },
										"east": { "texture": "#shoulder-sling-plain-plain", "uv": [ 4.0, 9.0, 4.5, 10.0 ], "autoUv": false },
										"south": { "texture": "#shoulder-sling-plain-plain", "uv": [ 3.0, 5.0, 3.5, 5.5 ], "autoUv": false },
										"west": { "texture": "#shoulder-sling-plain-plain", "uv": [ 4.0, 7.0, 4.5, 8.0 ], "autoUv": false },
										"up": { "texture": "#shoulder-sling-plain-plain", "uv": [ 6.0, 13.5, 7.0, 14.0 ], "autoUv": false },
										"down": { "texture": "#shoulder-sling-plain-plain", "uv": [ 7.5, 3.0, 8.5, 3.5 ], "autoUv": false }
									}
								},
								{
									"name": "Linen_3",
									"from": [ -0.24, -0.24, 0.0 ],
									"to": [ 0.16, 0.16, 0.08 ],
									"rotationOrigin": [ 0.16, 0.16, 0.0 ],
									"faces": {
										"north": { "texture": "#shoulder-sling-plain-plain", "uv": [ 6.0, 7.0, 7.0, 8.0 ], "autoUv": false },
										"east": { "texture": "#shoulder-sling-plain-plain", "uv": [ 4.0, 9.0, 4.5, 10.0 ], "autoUv": false },
										"south": { "texture": "#shoulder-sling-plain-plain", "uv": [ 3.0, 5.0, 3.5, 5.5 ], "autoUv": false },
										"west": { "texture": "#shoulder-sling-plain-plain", "uv": [ 4.0, 7.0, 4.5, 8.0 ], "autoUv": false },
										"up": { "texture": "#shoulder-sling-plain-plain", "uv": [ 6.0, 13.5, 7.0, 14.0 ], "autoUv": false },
										"down": { "texture": "#shoulder-sling-plain-plain", "uv": [ 7.5, 3.0, 8.5, 3.5 ], "autoUv": false }
									}
								}
							]
						},
						{
							"name": "Flask_origin",
							"from": [ 48.0, 48.0, 48.0 ],
							"to": [ 48.0, 48.0, 48.0 ],
							"faces": {
								"north": { "texture": "#shoulder-sling-plain-plain", "uv": [ 0.0, 0.0, 0.5, 0.5 ], "autoUv": false },
								"east": { "texture": "#shoulder-sling-plain-plain", "uv": [ 0.0, 0.0, 0.5, 0.5 ], "autoUv": false },
								"south": { "texture": "#shoulder-sling-plain-plain", "uv": [ 0.0, 0.0, 0.5, 0.5 ], "autoUv": false },
								"west": { "texture": "#shoulder-sling-plain-plain", "uv": [ 0.0, 0.0, 0.5, 0.5 ], "autoUv": false },
								"up": { "texture": "#shoulder-sling-plain-plain", "uv": [ 0.0, 0.0, 0.5, 0.5 ], "autoUv": false },
								"down": { "texture": "#shoulder-sling-plain-plain", "uv": [ 0.0, 0.0, 0.5, 0.5 ], "autoUv": false }
							},
							"children": [
								{
									"name": "Flask_origin_inner",
									"from": [ 0.0, 0.0, 0.0 ],
									"to": [ 0.0, 0.0, 0.0 ],
									"faces": {
										"north": { "texture": "#shoulder-sling-plain-plain", "uv": [ 0.0, 0.0, 0.5, 0.5 ], "autoUv": false },
										"east": { "texture": "#shoulder-sling-plain-plain", "uv": [ 0.0, 0.0, 0.5, 0.5 ], "autoUv": false },
										"south": { "texture": "#shoulder-sling-plain-plain", "uv": [ 0.0, 0.0, 0.5, 0.5 ], "autoUv": false },
										"west": { "texture": "#shoulder-sling-plain-plain", "uv": [ 0.0, 0.0, 0.5, 0.5 ], "autoUv": false },
										"up": { "texture": "#shoulder-sling-plain-plain", "uv": [ 0.0, 0.0, 0.5, 0.5 ], "autoUv": false },
										"down": { "texture": "#shoulder-sling-plain-plain", "uv": [ 0.0, 0.0, 0.5, 0.5 ], "autoUv": false }
									},
									"children": [
										{
											"name": "Flask",
											"from": [ 0.0, -2.4, 0.0 ],
											"to": [ 0.0, -2.4, 0.0 ],
											"rotationOrigin": [ 0.0, -2.4, 0.0 ],
											"rotationY": -90.0,
											"faces": {
												"north": { "texture": "#null", "uv": [ 0.0, 0.0, 0.5, 0.5 ], "autoUv": false },
												"east": { "texture": "#null", "uv": [ 0.0, 0.0, 0.5, 0.5 ], "autoUv": false },
												"south": { "texture": "#null", "uv": [ 0.0, 0.0, 0.5, 0.5 ], "autoUv": false },
												"west": { "texture": "#null", "uv": [ 0.0, 0.0, 0.5, 0.5 ], "autoUv": false },
												"up": { "texture": "#null", "uv": [ 0.0, 0.0, 0.5, 0.5 ], "autoUv": false },
												"down": { "texture": "#null", "uv": [ 0.0, 0.0, 0.5, 0.5 ], "autoUv": false }
											},
											"attachmentpoints": [
												{
													"code": "flask",
													"posX": "0.0","posY": "0.0","posZ": "0.0",
													"rotationX": "0.0","rotationY": "0.0","rotationZ": "0.0"
												}
											]
										}
									]
								}
							]
						}
					]
				},
				{
					"name": "Sling_origin",
					"from": [ 4.0, 5.0, -0.3 ],
					"to": [ 4.0, 5.0, -0.3 ],
					"rotationOrigin": [ 4.0, 5.0, -0.3 ],
					"faces": {
						"north": { "texture": "#shoulder-sling-plain-material", "uv": [ 0.0, 0.0, 0.5, 0.5 ] },
						"east": { "texture": "#shoulder-sling-plain-material", "uv": [ 0.0, 0.0, 0.5, 0.5 ] },
						"south": { "texture": "#shoulder-sling-plain-material", "uv": [ 0.0, 0.0, 0.5, 0.5 ] },
						"west": { "texture": "#shoulder-sling-plain-material", "uv": [ 0.0, 0.0, 0.5, 0.5 ] },
						"up": { "texture": "#shoulder-sling-plain-material", "uv": [ 0.0, 0.0, 0.5, 0.5 ] },
						"down": { "texture": "#shoulder-sling-plain-material", "uv": [ 0.0, 0.0, 0.5, 0.5 ] }
					},
					"children": [
						{
							"name": "sling_0",
							"from": [ -4.6, 0.0, 0.3 ],
							"to": [ 1.2, 0.6, 0.8 ],
							"rotationOrigin": [ -4.6, 0.0, 0.3 ],
							"faces": {
								"north": { "texture": "#shoulder-sling-plain-material", "uv": [ 0.0, 0.0, 5.5, 0.5 ] },
								"east": { "texture": "#shoulder-sling-plain-material", "uv": [ 0.0, 0.0, 0.5, 0.5 ] },
								"south": { "texture": "#shoulder-sling-plain-material", "uv": [ 0.0, 0.0, 5.5, 0.5 ] },
								"west": { "texture": "#shoulder-sling-plain-material", "uv": [ 0.0, 0.0, 0.5, 0.5 ] },
								"up": { "texture": "#shoulder-sling-plain-material", "uv": [ 0.0, 0.0, 5.5, 0.5 ] },
								"down": { "texture": "#shoulder-sling-plain-material", "uv": [ 0.0, 0.0, 5.5, 0.5 ] }
							},
							"children": [
								{
									"name": "sling_2",
									"from": [ 0.0, 0.0, 0.0 ],
									"to": [ 5.0, 0.6, 0.5 ],
									"rotationOrigin": [ 0.0, 0.0, 0.0 ],
									"rotationX": -5.0,
									"rotationZ": -90.0,
									"faces": {
										"north": { "texture": "#shoulder-sling-plain-material", "uv": [ 0.0, 0.0, 5.0, 0.5 ] },
										"east": { "texture": "#shoulder-sling-plain-material", "uv": [ 0.0, 0.0, 0.5, 0.5 ] },
										"south": { "texture": "#shoulder-sling-plain-material", "uv": [ 0.0, 0.0, 5.0, 0.5 ] },
										"west": { "texture": "#shoulder-sling-plain-material", "uv": [ 0.0, 0.0, 0.5, 0.5 ] },
										"up": { "texture": "#shoulder-sling-plain-material", "uv": [ 0.0, 0.0, 5.0, 0.5 ] },
										"down": { "texture": "#shoulder-sling-plain-material", "uv": [ 0.0, 0.0, 5.0, 0.5 ] }
									},
									"children": [
										{
											"name": "sling_4",
											"from": [ 5.0, 0.0, 0.0 ],
											"to": [ 18.2, 0.6, 0.5 ],
											"rotationOrigin": [ 5.0, 0.0, 0.0 ],
											"rotationY": 1.0,
											"rotationZ": 24.1,
											"faces": {
												"north": { "texture": "#shoulder-sling-plain-material", "uv": [ 0.0, 0.0, 13.0, 0.5 ] },
												"east": { "texture": "#shoulder-sling-plain-material", "uv": [ 0.0, 0.0, 0.5, 0.5 ] },
												"south": { "texture": "#shoulder-sling-plain-material", "uv": [ 0.0, 0.0, 13.0, 0.5 ] },
												"west": { "texture": "#shoulder-sling-plain-material", "uv": [ 0.0, 0.0, 0.5, 0.5 ] },
												"up": { "texture": "#shoulder-sling-plain-material", "uv": [ 0.0, 0.0, 13.0, 0.5 ] },
												"down": { "texture": "#shoulder-sling-plain-material", "uv": [ 0.0, 0.0, 13.0, 0.5 ] }
											}
										}
									]
								}
							]
						},
						{
							"name": "sling_1",
							"from": [ 0.8, 0.1, 0.0 ],
							"to": [ 1.8, 0.4, 1.1 ],
							"rotationOrigin": [ 0.8, 0.1, 0.0 ],
							"faces": {
								"north": { "texture": "#shoulder-sling-plain-metal", "uv": [ 0.0, 0.0, 1.0, 0.5 ] },
								"east": { "texture": "#shoulder-sling-plain-metal", "uv": [ 0.0, 0.0, 1.0, 0.5 ] },
								"south": { "texture": "#shoulder-sling-plain-metal", "uv": [ 0.0, 0.0, 1.0, 0.5 ] },
								"west": { "texture": "#shoulder-sling-plain-metal", "uv": [ 0.0, 0.0, 1.0, 0.5 ] },
								"up": { "texture": "#shoulder-sling-plain-metal", "uv": [ 0.0, 0.0, 1.0, 1.0 ] },
								"down": { "texture": "#shoulder-sling-plain-metal", "uv": [ 0.0, 0.0, 1.0, 1.0 ] }
							}
						},
						{
							"name": "sling_3",
							"from": [ 0.9, -16.7, 1.0 ],
							"to": [ 1.9, -16.4, 2.3 ],
							"rotationOrigin": [ 0.9, -16.7, 1.0 ],
							"faces": {
								"north": { "texture": "#shoulder-sling-plain-metal", "uv": [ 0.0, 0.0, 1.0, 0.5 ] },
								"east": { "texture": "#shoulder-sling-plain-metal", "uv": [ 0.0, 0.0, 1.0, 0.5 ] },
								"south": { "texture": "#shoulder-sling-plain-metal", "uv": [ 0.0, 0.0, 1.0, 0.5 ] },
								"west": { "texture": "#shoulder-sling-plain-metal", "uv": [ 0.0, 0.0, 1.0, 0.5 ] },
								"up": { "texture": "#shoulder-sling-plain-metal", "uv": [ 0.0, 0.0, 1.0, 1.0 ] },
								"down": { "texture": "#shoulder-sling-plain-metal", "uv": [ 0.0, 0.0, 1.0, 1.0 ] }
							}
						}
					]
				}
			]
		}
	]}