{
	"editor": {
		"backDropShape": "E:/Programs/VSModelCreator/seraph-faceless",
		"collapsedPaths": "Root/Crossbow/Latch,Root/Crossbow/Wheel/Cube2,Root/lever_1,Root/Bow/Bow_right_limb_19,Root/Crossbow/Wheel/Cube3,Root/Crossbow/Wheel,Root/Bow/Bow_right_limb_13,Root/Bow,Root/Stock,Root/Stock/Stock_front_1,Root/Bow/Bow_right_limb_7,Root/Crossbow/Latch/latch_4/Wheel/Cube5,Root/String,Root/Crossbow/Plate,Root/Crossbow/Latch/latch_4/Wheel/Cube6,Root/Crossbow/Latch/latch_4/Wheel,Root/Plate,Root/Crossbow/Lever,Root/Crossbow/String,Root/Bow_holder_1,Root/Shoulder-Sling/Weapon_origin,Root/Bow_holder_4,Root/Bow_right_limb_7,Root/Bow_right_limb_1,Root/Cube12,Root/Crossbow/Stock,Root/Crossbow/Bow,Root/Stock/Stock_back_1,Root/Crossbow/Wheel/Cube12,Root/Shoulder-Sling/Weapon_origin/Bow,Root/Crossbow/Stock/Stock_front_1/Stock_front_26,Root/Bow/Bow_right_limb_19/Bow_right_limb_7,Root/Shoulder-Sling/Weapon_origin/String,Root/Cube2,Root/Cube3,Root/Wheel,Root/Crossbow/lever_1,Root/Crossbow/Stock/Front_0",
		"allAngles": false,
		"entityTextureMode": false
	},
	"textureWidth": 16,
	"textureHeight": 16,
	"textureSizes": {
	},
	"textures": {
		"shoulder-sling-plain-linen": "game:block/cloth/linen/normal1",
		"shoulder-sling-plain-material": "game:block/leather/plain",
		"shoulder-sling-plain-metal": "game:block/metal/plate/brass",
		"shoulder-sling-plain-weapon-metal": "game:block/metal/plate/iron",
		"shoulder-sling-plain-woodbow": "game:block/wood/debarked/larch",
		"shoulder-sling-plain-weapon-wood": "game:block/wood/debarked/oak"
	},
	"elements": [
		{
			"name": "Shoulder-Sling",
			"stepParentName": "UpperTorso",
			"from": [ 0.0, 0.0, 5.6 ],
			"to": [ 0.0, 0.0, 5.6 ],
			"rotationOrigin": [ 0.0, 0.0, 5.6 ],
			"faces": {
			},
			"children": [
				{
					"name": "Weapon_origin",
					"from": [ 6.8, -1.6, 1.2 ],
					"to": [ 6.8, -1.6, 1.2 ],
					"rotationOrigin": [ 6.8, -1.6, 1.2 ],
					"rotationX": 89.0,
					"rotationY": 6.0,
					"rotationZ": -45.0,
					"faces": {
					},
					"children": [
						{
							"name": "String",
							"from": [ -0.4, 1.6, -5.04 ],
							"to": [ 0.8, 2.0, -4.64 ],
							"rotationOrigin": [ -0.4, 1.6, -4.96 ],
							"faces": {
								"north": { "texture": "#shoulder-sling-plain-linen", "uv": [ 7.0, 3.5, 9.0, 4.5 ], "autoUv": false },
								"east": { "texture": "#shoulder-sling-plain-linen", "uv": [ 0.0, 0.0, 0.5, 0.5 ], "autoUv": false },
								"south": { "texture": "#shoulder-sling-plain-linen", "uv": [ 8.0, 6.5, 10.0, 7.5 ], "autoUv": false },
								"west": { "texture": "#shoulder-sling-plain-linen", "uv": [ 0.0, 0.0, 0.5, 0.5 ], "autoUv": false },
								"up": { "texture": "#shoulder-sling-plain-linen", "uv": [ 9.5, 7.5, 11.5, 8.5 ], "autoUv": false }
							},
							"children": [
								{
									"name": "String_2",
									"from": [ 1.2, 0.0, 0.0 ],
									"to": [ 9.2, 0.4, 0.4 ],
									"rotationOrigin": [ 1.2, 0.4, 0.4 ],
									"rotationZ": -4.0,
									"faces": {
										"north": { "texture": "#shoulder-sling-plain-linen", "uv": [ 0.0, 1.5, 16.0, 2.5 ], "autoUv": false },
										"east": { "texture": "#shoulder-sling-plain-linen", "uv": [ 0.0, 0.0, 0.5, 0.5 ], "autoUv": false },
										"south": { "texture": "#shoulder-sling-plain-linen", "uv": [ 0.0, 4.0, 16.0, 5.0 ], "autoUv": false },
										"up": { "texture": "#shoulder-sling-plain-linen", "uv": [ 0.0, 7.0, 16.0, 8.0 ], "autoUv": false },
										"down": { "texture": "#shoulder-sling-plain-linen", "uv": [ 0.0, 9.5, 16.0, 10.5 ], "autoUv": false }
									}
								},
								{
									"name": "String_6",
									"from": [ 0.0, 0.0, 0.4 ],
									"to": [ 8.0, 0.4, 0.8 ],
									"rotationOrigin": [ 0.0, 0.4, 0.4 ],
									"rotationY": -180.0,
									"rotationZ": -4.0,
									"faces": {
										"north": { "texture": "#shoulder-sling-plain-linen", "uv": [ 0.0, 10.0, 16.0, 11.0 ], "autoUv": false },
										"east": { "texture": "#shoulder-sling-plain-linen", "uv": [ 0.0, 0.0, 0.5, 0.5 ], "autoUv": false },
										"south": { "texture": "#shoulder-sling-plain-linen", "uv": [ 0.0, 3.5, 16.0, 4.5 ], "autoUv": false },
										"up": { "texture": "#shoulder-sling-plain-linen", "uv": [ 0.0, 10.0, 16.0, 11.0 ], "autoUv": false },
										"down": { "texture": "#shoulder-sling-plain-linen", "uv": [ 0.0, 13.5, 16.0, 14.5 ], "autoUv": false }
									}
								}
							]
						},
						{
							"name": "Bow",
							"from": [ -6.0, -0.4, -8.4 ],
							"to": [ -6.0, -0.4, -8.4 ],
							"rotationOrigin": [ 0.4, 0.16, -8.4 ],
							"rotationX": -15.0,
							"faces": {
								"north": { "texture": "#shoulder-sling-plain-weapon-metal", "uv": [ 0.0, 0.0, 0.5, 0.5 ], "autoUv": false },
								"east": { "texture": "#shoulder-sling-plain-weapon-metal", "uv": [ 0.0, 0.0, 0.5, 0.5 ], "autoUv": false },
								"south": { "texture": "#shoulder-sling-plain-weapon-metal", "uv": [ 0.0, 0.0, 0.5, 0.5 ], "autoUv": false },
								"west": { "texture": "#shoulder-sling-plain-weapon-metal", "uv": [ 0.0, 0.0, 0.5, 0.5 ], "autoUv": false },
								"up": { "texture": "#shoulder-sling-plain-weapon-metal", "uv": [ 0.0, 0.0, 0.5, 0.5 ], "autoUv": false },
								"down": { "texture": "#shoulder-sling-plain-weapon-metal", "uv": [ 0.0, 0.0, 0.5, 0.5 ], "autoUv": false }
							},
							"children": [
								{
									"name": "Bow_right_limb_1",
									"from": [ 7.2, 0.2418, 0.0 ],
									"to": [ 8.8, 1.0418, 1.04 ],
									"rotationOrigin": [ 7.2, 0.2418, 0.0 ],
									"rotationY": -1.0,
									"faces": {
										"north": { "texture": "#shoulder-sling-plain-woodbow", "uv": [ 0.0, 0.0, 2.0, 1.0 ], "autoUv": false },
										"east": { "texture": "#shoulder-sling-plain-woodbow", "uv": [ 0.0, 0.0, 1.0, 1.0 ], "autoUv": false },
										"south": { "texture": "#shoulder-sling-plain-woodbow", "uv": [ 3.5, 3.0, 5.5, 4.0 ], "autoUv": false },
										"west": { "texture": "#shoulder-sling-plain-woodbow", "uv": [ 0.0, 0.0, 1.0, 1.0 ], "autoUv": false },
										"up": { "texture": "#shoulder-sling-plain-woodbow", "uv": [ 2.0, 7.0, 4.0, 8.5 ], "autoUv": false },
										"down": { "texture": "#shoulder-sling-plain-woodbow", "uv": [ 0.5, 13.0, 2.5, 14.5 ], "autoUv": false }
									},
									"children": [
										{
											"name": "Bow_right_limb_2",
											"from": [ 1.6, 0.008, 0.0 ],
											"to": [ 3.2, 0.792, 0.96 ],
											"rotationOrigin": [ 1.6, 0.0, 0.0 ],
											"rotationY": -10.0,
											"faces": {
												"north": { "texture": "#shoulder-sling-plain-woodbow", "uv": [ 0.0, 0.0, 2.0, 1.0 ], "autoUv": false },
												"east": { "texture": "#shoulder-sling-plain-woodbow", "uv": [ 0.0, 0.0, 1.0, 0.5 ], "autoUv": false },
												"south": { "texture": "#shoulder-sling-plain-woodbow", "uv": [ 9.0, 0.0, 11.0, 1.0 ], "autoUv": false },
												"west": { "texture": "#shoulder-sling-plain-woodbow", "uv": [ 0.0, 0.0, 1.0, 0.5 ], "autoUv": false },
												"up": { "texture": "#shoulder-sling-plain-woodbow", "uv": [ 4.0, 7.0, 6.0, 8.4 ], "autoUv": false },
												"down": { "texture": "#shoulder-sling-plain-woodbow", "uv": [ 2.0, 13.0, 4.0, 14.4 ], "autoUv": false }
											},
											"children": [
												{
													"name": "Bow_right_limb_3",
													"from": [ 1.6, 0.008, 0.0 ],
													"to": [ 3.2, 0.776, 0.88 ],
													"rotationOrigin": [ 1.6, 0.0, 0.0 ],
													"rotationY": -10.0,
													"faces": {
														"north": { "texture": "#shoulder-sling-plain-woodbow", "uv": [ 0.0, 0.0, 2.0, 1.1 ], "autoUv": false },
														"east": { "texture": "#shoulder-sling-plain-woodbow", "uv": [ 0.0, 0.0, 1.0, 0.5 ], "autoUv": false },
														"south": { "texture": "#shoulder-sling-plain-woodbow", "uv": [ 7.5, 3.0, 9.5, 4.0 ], "autoUv": false },
														"west": { "texture": "#shoulder-sling-plain-woodbow", "uv": [ 1.0, 1.0, 2.0, 1.5 ], "autoUv": false },
														"up": { "texture": "#shoulder-sling-plain-woodbow", "uv": [ 6.5, 7.0, 8.5, 8.3 ], "autoUv": false },
														"down": { "texture": "#shoulder-sling-plain-woodbow", "uv": [ 5.5, 14.0, 7.5, 15.3 ], "autoUv": false }
													},
													"children": [
														{
															"name": "Bow_right_limb_4",
															"from": [ 1.6, 0.008, 0.0 ],
															"to": [ 3.2, 0.76, 0.8 ],
															"rotationOrigin": [ 1.6, 0.0, 0.0 ],
															"rotationY": -10.0,
															"faces": {
																"north": { "texture": "#shoulder-sling-plain-woodbow", "uv": [ 0.0, 0.0, 2.0, 1.0 ], "autoUv": false },
																"east": { "texture": "#shoulder-sling-plain-woodbow", "uv": [ 0.0, 0.0, 1.0, 0.5 ], "autoUv": false },
																"south": { "texture": "#shoulder-sling-plain-woodbow", "uv": [ 3.0, 4.5, 5.0, 5.5 ], "autoUv": false },
																"west": { "texture": "#shoulder-sling-plain-woodbow", "uv": [ 0.0, 0.0, 1.0, 0.5 ], "autoUv": false },
																"up": { "texture": "#shoulder-sling-plain-woodbow", "uv": [ 5.0, 7.0, 7.0, 8.2 ], "autoUv": false },
																"down": { "texture": "#shoulder-sling-plain-woodbow", "uv": [ 8.0, 14.0, 10.0, 15.2 ], "autoUv": false }
															},
															"children": [
																{
																	"name": "Bow_right_limb_5",
																	"from": [ 1.6, 0.008, 0.0 ],
																	"to": [ 3.2, 0.744, 0.72 ],
																	"rotationOrigin": [ 1.6, 0.0, 0.0 ],
																	"rotationY": -10.0,
																	"faces": {
																		"north": { "texture": "#shoulder-sling-plain-woodbow", "uv": [ 0.0, 0.0, 2.0, 1.0 ], "autoUv": false },
																		"east": { "texture": "#shoulder-sling-plain-woodbow", "uv": [ 0.0, 0.0, 1.0, 1.0 ], "autoUv": false },
																		"south": { "texture": "#shoulder-sling-plain-woodbow", "uv": [ 11.0, 6.0, 13.0, 7.0 ], "autoUv": false },
																		"west": { "texture": "#shoulder-sling-plain-woodbow", "uv": [ 0.0, 0.0, 0.5, 0.5 ], "autoUv": false },
																		"up": { "texture": "#shoulder-sling-plain-woodbow", "uv": [ 7.5, 7.0, 9.5, 8.1 ], "autoUv": false },
																		"down": { "texture": "#shoulder-sling-plain-woodbow", "uv": [ 6.5, 14.0, 8.5, 15.1 ], "autoUv": false }
																	},
																	"children": [
																		{
																			"name": "Bow_right_limb_6",
																			"from": [ 1.52, 0.16, 0.08 ],
																			"to": [ 2.88, 0.56, 0.72 ],
																			"rotationOrigin": [ 1.52, 0.16, 0.64 ],
																			"rotationY": 35.0,
																			"faces": {
																				"north": { "texture": "#shoulder-sling-plain-woodbow", "uv": [ 0.0, 0.0, 1.5, 0.5 ], "autoUv": false },
																				"east": { "texture": "#shoulder-sling-plain-woodbow", "uv": [ 0.0, 0.0, 1.0, 0.5 ], "autoUv": false },
																				"south": { "texture": "#shoulder-sling-plain-woodbow", "uv": [ 0.0, 0.0, 1.5, 0.5 ], "autoUv": false },
																				"up": { "texture": "#shoulder-sling-plain-woodbow", "uv": [ 0.0, 0.0, 1.5, 1.0 ], "autoUv": false },
																				"down": { "texture": "#shoulder-sling-plain-woodbow", "uv": [ 0.0, 0.0, 1.5, 1.0 ], "autoUv": false }
																			},
																			"children": [
																				{
																					"name": "Bow_right_limb_13",
																					"from": [ 0.56, -0.16, -0.16 ],
																					"to": [ 1.2, 0.56, 1.2 ],
																					"rotationOrigin": [ 1.2, 0.32, 0.0 ],
																					"rotationY": -10.0,
																					"faces": {
																						"north": { "texture": "#shoulder-sling-plain-linen", "uv": [ 0.0, 0.0, 1.5, 1.5 ], "autoUv": false },
																						"east": { "texture": "#shoulder-sling-plain-linen", "uv": [ 0.0, 0.0, 3.0, 1.5 ], "autoUv": false },
																						"south": { "texture": "#shoulder-sling-plain-linen", "uv": [ 0.0, 0.0, 1.5, 1.5 ], "autoUv": false },
																						"west": { "texture": "#shoulder-sling-plain-linen", "uv": [ 0.0, 0.0, 3.0, 1.5 ], "autoUv": false, "windMode": [-1,-1,-1,-1] },
																						"up": { "texture": "#shoulder-sling-plain-linen", "uv": [ 0.0, 0.0, 1.5, 3.0 ], "autoUv": false },
																						"down": { "texture": "#shoulder-sling-plain-linen", "uv": [ 0.0, 0.0, 1.5, 3.0 ], "autoUv": false }
																					}
																				}
																			]
																		}
																	]
																}
															]
														}
													]
												}
											]
										},
										{
											"name": "Metal_part_3",
											"from": [ 0.32, -0.08, -0.08 ],
											"to": [ 0.4, 0.88, 1.12 ],
											"rotationOrigin": [ 0.32, -0.08, -0.08 ],
											"faces": {
												"north": { "texture": "#shoulder-sling-plain-linen", "uv": [ 0.0, 0.0, 0.5, 1.0 ], "autoUv": false },
												"east": { "texture": "#shoulder-sling-plain-linen", "uv": [ 0.0, 0.0, 1.5, 1.0 ], "autoUv": false },
												"south": { "texture": "#shoulder-sling-plain-linen", "uv": [ 0.0, 0.0, 0.5, 1.0 ], "autoUv": false },
												"west": { "texture": "#shoulder-sling-plain-linen", "uv": [ 0.0, 0.0, 1.5, 1.0 ], "autoUv": false },
												"up": { "texture": "#shoulder-sling-plain-linen", "uv": [ 0.0, 0.0, 0.5, 1.5 ], "autoUv": false },
												"down": { "texture": "#shoulder-sling-plain-linen", "uv": [ 0.0, 0.0, 0.5, 1.5 ], "autoUv": false }
											}
										}
									]
								},
								{
									"name": "Bow_right_limb_7",
									"from": [ 5.2, 1.04, 0.0 ],
									"to": [ 6.8, 1.84, 1.04 ],
									"rotationOrigin": [ 5.2, 1.0418, 0.0 ],
									"rotationY": 1.0,
									"rotationZ": 180.0,
									"faces": {
										"north": { "texture": "#shoulder-sling-plain-woodbow", "uv": [ 0.0, 0.0, 2.0, 1.0 ], "autoUv": false },
										"east": { "texture": "#shoulder-sling-plain-woodbow", "uv": [ 0.0, 0.0, 1.0, 1.0 ], "autoUv": false },
										"south": { "texture": "#shoulder-sling-plain-woodbow", "uv": [ 3.5, 3.0, 5.5, 4.0 ], "autoUv": false },
										"west": { "texture": "#shoulder-sling-plain-woodbow", "uv": [ 0.0, 0.0, 1.0, 1.0 ], "autoUv": false },
										"up": { "texture": "#shoulder-sling-plain-woodbow", "uv": [ 8.0, 12.5, 10.0, 14.0 ], "autoUv": false },
										"down": { "texture": "#shoulder-sling-plain-woodbow", "uv": [ 4.0, 7.0, 6.0, 8.5 ], "autoUv": false }
									},
									"children": [
										{
											"name": "Bow_right_limb_8",
											"from": [ 1.6, 0.008, 0.0 ],
											"to": [ 3.2, 0.792, 0.96 ],
											"rotationOrigin": [ 1.6, 0.0, 0.0 ],
											"rotationY": -10.0,
											"faces": {
												"north": { "texture": "#shoulder-sling-plain-woodbow", "uv": [ 0.0, 0.0, 2.0, 1.0 ], "autoUv": false },
												"east": { "texture": "#shoulder-sling-plain-woodbow", "uv": [ 0.0, 0.0, 1.0, 0.5 ], "autoUv": false },
												"south": { "texture": "#shoulder-sling-plain-woodbow", "uv": [ 9.0, 0.0, 11.0, 1.0 ], "autoUv": false },
												"west": { "texture": "#shoulder-sling-plain-woodbow", "uv": [ 0.0, 0.0, 1.0, 0.5 ], "autoUv": false },
												"up": { "texture": "#shoulder-sling-plain-woodbow", "uv": [ 4.5, 12.5, 6.5, 13.9 ], "autoUv": false },
												"down": { "texture": "#shoulder-sling-plain-woodbow", "uv": [ 13.5, 7.0, 15.5, 8.4 ], "autoUv": false }
											},
											"children": [
												{
													"name": "Bow_right_limb_9",
													"from": [ 1.6, 0.008, 0.0 ],
													"to": [ 3.2, 0.776, 0.88 ],
													"rotationOrigin": [ 1.6, 0.0, 0.0 ],
													"rotationY": -10.0,
													"faces": {
														"north": { "texture": "#shoulder-sling-plain-woodbow", "uv": [ 0.0, 0.0, 2.0, 1.1 ], "autoUv": false },
														"east": { "texture": "#shoulder-sling-plain-woodbow", "uv": [ 0.0, 0.0, 1.0, 0.5 ], "autoUv": false },
														"south": { "texture": "#shoulder-sling-plain-woodbow", "uv": [ 7.5, 3.0, 9.5, 4.0 ], "autoUv": false },
														"west": { "texture": "#shoulder-sling-plain-woodbow", "uv": [ 1.0, 1.0, 2.0, 1.5 ], "autoUv": false },
														"up": { "texture": "#shoulder-sling-plain-woodbow", "uv": [ 7.0, 12.5, 9.0, 13.8 ], "autoUv": false },
														"down": { "texture": "#shoulder-sling-plain-woodbow", "uv": [ 9.5, 7.0, 11.5, 8.3 ], "autoUv": false }
													},
													"children": [
														{
															"name": "Bow_right_limb_10",
															"from": [ 1.6, 0.008, 0.0 ],
															"to": [ 3.2, 0.76, 0.8 ],
															"rotationOrigin": [ 1.6, 0.0, 0.0 ],
															"rotationY": -10.0,
															"faces": {
																"north": { "texture": "#shoulder-sling-plain-woodbow", "uv": [ 0.0, 0.0, 2.0, 1.0 ], "autoUv": false },
																"east": { "texture": "#shoulder-sling-plain-woodbow", "uv": [ 0.0, 0.0, 1.0, 0.5 ], "autoUv": false },
																"south": { "texture": "#shoulder-sling-plain-woodbow", "uv": [ 3.0, 4.5, 5.0, 5.5 ], "autoUv": false },
																"west": { "texture": "#shoulder-sling-plain-woodbow", "uv": [ 0.0, 0.0, 1.0, 0.5 ], "autoUv": false },
																"up": { "texture": "#shoulder-sling-plain-woodbow", "uv": [ 6.5, 12.5, 8.5, 13.7 ], "autoUv": false },
																"down": { "texture": "#shoulder-sling-plain-woodbow", "uv": [ 5.0, 7.0, 7.0, 8.2 ], "autoUv": false }
															},
															"children": [
																{
																	"name": "Bow_right_limb_11",
																	"from": [ 1.6, 0.008, 0.0 ],
																	"to": [ 3.2, 0.744, 0.72 ],
																	"rotationOrigin": [ 1.6, 0.0, 0.0 ],
																	"rotationY": -10.0,
																	"faces": {
																		"north": { "texture": "#shoulder-sling-plain-woodbow", "uv": [ 0.0, 0.0, 2.0, 1.0 ], "autoUv": false },
																		"east": { "texture": "#shoulder-sling-plain-woodbow", "uv": [ 0.0, 0.0, 1.0, 1.0 ], "autoUv": false },
																		"south": { "texture": "#shoulder-sling-plain-woodbow", "uv": [ 11.0, 6.0, 13.0, 7.0 ], "autoUv": false },
																		"west": { "texture": "#shoulder-sling-plain-woodbow", "uv": [ 0.0, 0.0, 0.5, 0.5 ], "autoUv": false },
																		"up": { "texture": "#shoulder-sling-plain-woodbow", "uv": [ 7.5, 12.5, 9.5, 13.6 ], "autoUv": false },
																		"down": { "texture": "#shoulder-sling-plain-woodbow", "uv": [ 4.0, 7.0, 6.0, 8.1 ], "autoUv": false }
																	},
																	"children": [
																		{
																			"name": "Bow_right_limb_12",
																			"from": [ 1.52, 0.16, 0.08 ],
																			"to": [ 2.88, 0.56, 0.72 ],
																			"rotationOrigin": [ 1.52, 0.16, 0.64 ],
																			"rotationY": 35.0,
																			"faces": {
																				"north": { "texture": "#shoulder-sling-plain-woodbow", "uv": [ 0.0, 0.0, 1.5, 0.5 ], "autoUv": false },
																				"east": { "texture": "#shoulder-sling-plain-woodbow", "uv": [ 0.0, 0.0, 1.0, 0.5 ], "autoUv": false },
																				"south": { "texture": "#shoulder-sling-plain-woodbow", "uv": [ 0.0, 0.0, 1.5, 0.5 ], "autoUv": false },
																				"up": { "texture": "#shoulder-sling-plain-woodbow", "uv": [ 0.0, 0.0, 1.5, 1.0 ], "autoUv": false },
																				"down": { "texture": "#shoulder-sling-plain-woodbow", "uv": [ 0.0, 0.0, 1.5, 1.0 ], "autoUv": false }
																			},
																			"children": [
																				{
																					"name": "Bow_right_limb_14",
																					"from": [ 0.56, -0.16, -0.16 ],
																					"to": [ 1.2, 0.56, 1.2 ],
																					"rotationOrigin": [ 1.12, 0.32, 0.0 ],
																					"rotationY": -10.0,
																					"faces": {
																						"north": { "texture": "#shoulder-sling-plain-linen", "uv": [ 0.0, 0.0, 1.5, 1.5 ], "autoUv": false },
																						"east": { "texture": "#shoulder-sling-plain-linen", "uv": [ 0.0, 0.0, 3.0, 1.5 ], "autoUv": false },
																						"south": { "texture": "#shoulder-sling-plain-linen", "uv": [ 0.0, 0.0, 1.5, 1.5 ], "autoUv": false },
																						"west": { "texture": "#shoulder-sling-plain-linen", "uv": [ 0.0, 0.0, 3.0, 1.5 ], "autoUv": false },
																						"up": { "texture": "#shoulder-sling-plain-linen", "uv": [ 0.0, 0.0, 1.5, 3.0 ], "autoUv": false },
																						"down": { "texture": "#shoulder-sling-plain-linen", "uv": [ 0.0, 0.0, 1.5, 3.0 ], "autoUv": false }
																					}
																				}
																			]
																		}
																	]
																}
															]
														}
													]
												}
											]
										},
										{
											"name": "Metal_part_7",
											"from": [ 0.4, 0.8818, -0.08 ],
											"to": [ 0.48, 1.8418, 1.12 ],
											"rotationOrigin": [ 0.3962, 0.8818, -0.08 ],
											"rotationZ": 180.0,
											"faces": {
												"north": { "texture": "#shoulder-sling-plain-linen", "uv": [ 0.0, 0.0, 0.5, 1.0 ], "autoUv": false },
												"east": { "texture": "#shoulder-sling-plain-linen", "uv": [ 0.0, 0.0, 1.5, 1.0 ], "autoUv": false },
												"south": { "texture": "#shoulder-sling-plain-linen", "uv": [ 0.0, 0.0, 0.5, 1.0 ], "autoUv": false },
												"west": { "texture": "#shoulder-sling-plain-linen", "uv": [ 0.0, 0.0, 1.5, 1.0 ], "autoUv": false },
												"up": { "texture": "#shoulder-sling-plain-linen", "uv": [ 0.0, 0.0, 0.5, 1.5 ], "autoUv": false },
												"down": { "texture": "#shoulder-sling-plain-linen", "uv": [ 0.0, 0.0, 0.5, 1.5 ], "autoUv": false }
											}
										}
									]
								},
								{
									"name": "Bow_right_limb_15",
									"from": [ 7.2, 1.04, 0.0 ],
									"to": [ 9.2, 1.84, 1.04 ],
									"rotationOrigin": [ 7.2, 1.0418, 0.0 ],
									"rotationX": 0.9,
									"rotationZ": 180.0,
									"faces": {
										"north": { "texture": "#shoulder-sling-plain-woodbow", "uv": [ 0.0, 0.0, 2.5, 1.0 ], "autoUv": false },
										"east": { "texture": "#shoulder-sling-plain-woodbow", "uv": [ 0.0, 0.0, 1.0, 1.0 ], "autoUv": false },
										"south": { "texture": "#shoulder-sling-plain-woodbow", "uv": [ 3.5, 3.0, 6.0, 4.0 ], "autoUv": false },
										"west": { "texture": "#shoulder-sling-plain-woodbow", "uv": [ 0.0, 0.0, 1.0, 1.0 ], "autoUv": false },
										"up": { "texture": "#shoulder-sling-plain-woodbow", "uv": [ 8.0, 12.5, 10.0, 14.0 ], "autoUv": false },
										"down": { "texture": "#shoulder-sling-plain-woodbow", "uv": [ 4.0, 7.0, 6.0, 8.5 ], "autoUv": false }
									}
								}
							]
						},
						{
							"name": "Stock",
							"from": [ -0.4, 0.0, -2.4 ],
							"to": [ -0.4, 0.0, -2.4 ],
							"rotationOrigin": [ -0.4, 0.0, -2.4 ],
							"faces": {
								"north": { "texture": "#shoulder-sling-plain-weapon-wood", "uv": [ 0.0, 0.0, 0.5, 0.5 ], "autoUv": false },
								"east": { "texture": "#shoulder-sling-plain-weapon-wood", "uv": [ 0.0, 0.0, 0.5, 0.5 ], "autoUv": false },
								"south": { "texture": "#shoulder-sling-plain-weapon-wood", "uv": [ 0.0, 0.0, 0.5, 0.5 ], "autoUv": false },
								"west": { "texture": "#shoulder-sling-plain-weapon-wood", "uv": [ 0.0, 0.0, 0.5, 0.5 ], "autoUv": false },
								"up": { "texture": "#shoulder-sling-plain-weapon-wood", "uv": [ 0.0, 0.0, 0.5, 0.5 ], "autoUv": false },
								"down": { "texture": "#shoulder-sling-plain-weapon-wood", "uv": [ 0.0, 0.0, 0.5, 0.5 ], "autoUv": false }
							},
							"children": [
								{
									"name": "Stock_front_1",
									"from": [ 0.4, 0.4, -6.4 ],
									"to": [ 0.4, 0.4, -5.6 ],
									"rotationOrigin": [ 0.4, 0.4, -6.4 ],
									"faces": {
										"north": { "texture": "#shoulder-sling-plain-weapon-wood", "uv": [ 2.5, 8.5, 3.0, 9.0 ], "autoUv": false },
										"east": { "texture": "#shoulder-sling-plain-weapon-wood", "uv": [ 0.0, 0.0, 1.0, 0.5 ], "autoUv": false },
										"south": { "texture": "#shoulder-sling-plain-weapon-wood", "uv": [ 0.0, 0.0, 0.5, 0.5 ], "autoUv": false },
										"west": { "texture": "#shoulder-sling-plain-weapon-wood", "uv": [ 0.0, 0.0, 1.0, 0.5 ], "autoUv": false },
										"up": { "texture": "#shoulder-sling-plain-weapon-wood", "uv": [ 0.0, 0.0, 0.5, 1.0 ], "autoUv": false },
										"down": { "texture": "#shoulder-sling-plain-weapon-wood", "uv": [ 0.0, 0.0, 0.5, 1.0 ], "autoUv": false }
									},
									"children": [
										{
											"name": "Stock_front_2",
											"from": [ -0.56, 0.0, 1.6 ],
											"to": [ -0.24, 1.2, 14.4 ],
											"rotationOrigin": [ -0.56, 0.0, 1.6 ],
											"faces": {
												"north": { "texture": "#shoulder-sling-plain-weapon-wood", "uv": [ 8.0, 5.5, 8.5, 7.0 ], "autoUv": false },
												"east": { "texture": "#shoulder-sling-plain-weapon-wood", "uv": [ 0.0, 2.0, 16.0, 3.5 ], "autoUv": false },
												"south": { "texture": "#shoulder-sling-plain-weapon-wood", "uv": [ 0.0, 0.0, 0.5, 1.5 ], "autoUv": false },
												"west": { "texture": "#shoulder-sling-plain-weapon-wood", "uv": [ 0.0, 2.0, 16.0, 3.5 ], "autoUv": false },
												"up": { "texture": "#shoulder-sling-plain-weapon-wood", "uv": [ 0.0, 2.0, 16.0, 2.5 ], "rotation": 90, "autoUv": false },
												"down": { "texture": "#shoulder-sling-plain-weapon-wood", "uv": [ 4.0, 0.0, 4.5, 16.0 ], "autoUv": false }
											},
											"children": [
												{
													"name": "Stock_front_8",
													"from": [ 0.0, 0.0, 12.8 ],
													"to": [ 0.32, 1.2, 15.76 ],
													"rotationOrigin": [ 0.0, 0.0, 12.8 ],
													"faces": {
														"north": { "texture": "#shoulder-sling-plain-weapon-wood", "uv": [ 8.0, 5.5, 8.5, 7.0 ], "autoUv": false },
														"east": { "texture": "#shoulder-sling-plain-weapon-wood", "uv": [ 0.0, 2.0, 3.5, 3.5 ], "autoUv": false },
														"south": { "texture": "#shoulder-sling-plain-weapon-wood", "uv": [ 0.0, 0.0, 0.5, 1.5 ], "autoUv": false },
														"west": { "texture": "#shoulder-sling-plain-weapon-wood", "uv": [ 0.0, 2.0, 3.5, 3.5 ], "autoUv": false },
														"up": { "texture": "#shoulder-sling-plain-weapon-wood", "uv": [ 0.0, 2.0, 3.5, 2.5 ], "rotation": 90, "autoUv": false },
														"down": { "texture": "#shoulder-sling-plain-weapon-wood", "uv": [ 4.0, 0.0, 4.5, 3.5 ], "autoUv": false }
													}
												}
											]
										},
										{
											"name": "Stock_front_3",
											"from": [ 0.64, 0.0, 1.6 ],
											"to": [ 0.96, 1.2, 14.4 ],
											"rotationOrigin": [ 0.64, 0.0, 1.6 ],
											"faces": {
												"north": { "texture": "#shoulder-sling-plain-weapon-wood", "uv": [ 4.5, 5.0, 5.0, 6.5 ], "autoUv": false },
												"east": { "texture": "#shoulder-sling-plain-weapon-wood", "uv": [ 0.0, 1.0, 16.0, 2.5 ], "rotation": 180, "autoUv": false },
												"south": { "texture": "#shoulder-sling-plain-weapon-wood", "uv": [ 0.0, 0.0, 0.5, 1.5 ], "autoUv": false },
												"west": { "texture": "#shoulder-sling-plain-weapon-wood", "uv": [ 0.0, 2.0, 16.0, 3.5 ], "autoUv": false },
												"up": { "texture": "#shoulder-sling-plain-weapon-wood", "uv": [ 0.0, 2.0, 16.0, 2.5 ], "rotation": 90, "autoUv": false },
												"down": { "texture": "#shoulder-sling-plain-weapon-wood", "uv": [ 2.5, 0.0, 3.0, 16.0 ], "autoUv": false }
											},
											"children": [
												{
													"name": "Stock_front_9",
													"from": [ 0.0, 0.0, 12.8 ],
													"to": [ 0.32, 1.2, 15.76 ],
													"rotationOrigin": [ 0.0, 0.0, 12.8 ],
													"faces": {
														"north": { "texture": "#shoulder-sling-plain-weapon-wood", "uv": [ 4.5, 5.0, 5.0, 6.5 ], "autoUv": false },
														"east": { "texture": "#shoulder-sling-plain-weapon-wood", "uv": [ 5.0, 2.0, 8.5, 3.5 ], "autoUv": false },
														"south": { "texture": "#shoulder-sling-plain-weapon-wood", "uv": [ 0.0, 0.0, 0.5, 1.5 ], "autoUv": false },
														"west": { "texture": "#shoulder-sling-plain-weapon-wood", "uv": [ 0.0, 2.0, 3.5, 3.5 ], "autoUv": false },
														"up": { "texture": "#shoulder-sling-plain-weapon-wood", "uv": [ 4.5, 2.0, 8.0, 2.5 ], "rotation": 90, "autoUv": false, "windMode": [-1,-1,-1,-1] },
														"down": { "texture": "#shoulder-sling-plain-weapon-wood", "uv": [ 2.5, 0.5, 3.0, 4.0 ], "autoUv": false }
													}
												}
											]
										},
										{
											"name": "Stock_front_4",
											"from": [ -0.552, -0.8, -0.4 ],
											"to": [ 0.952, 0.0, 1.2 ],
											"rotationOrigin": [ -0.56, -0.8, -0.4 ],
											"rotationX": 11.0,
											"faces": {
												"north": { "texture": "#shoulder-sling-plain-weapon-wood", "uv": [ 9.0, 4.0, 10.5, 5.0 ], "autoUv": false },
												"east": { "texture": "#shoulder-sling-plain-weapon-wood", "uv": [ 0.0, 0.0, 2.0, 1.0 ], "autoUv": false },
												"south": { "texture": "#shoulder-sling-plain-weapon-wood", "uv": [ 0.0, 0.0, 1.5, 1.0 ], "autoUv": false },
												"west": { "texture": "#shoulder-sling-plain-weapon-wood", "uv": [ 0.0, 0.0, 2.0, 1.0 ], "autoUv": false },
												"up": { "texture": "#shoulder-sling-plain-weapon-wood", "uv": [ 6.0, 1.5, 7.5, 3.5 ], "autoUv": false },
												"down": { "texture": "#shoulder-sling-plain-weapon-wood", "uv": [ 8.0, 4.5, 9.5, 6.5 ], "autoUv": false }
											},
											"children": [
												{
													"name": "Stock_front_5",
													"from": [ 0.16, 0.0, 3.6 ],
													"to": [ 1.36, 1.6, 6.8 ],
													"rotationOrigin": [ 0.16, 0.0, 3.6 ],
													"rotationX": -17.0,
													"faces": {
														"north": { "texture": "#shoulder-sling-plain-weapon-wood", "uv": [ 9.0, 4.0, 10.5, 6.0 ], "autoUv": false },
														"east": { "texture": "#shoulder-sling-plain-weapon-wood", "uv": [ 0.0, 0.0, 4.0, 2.0 ], "autoUv": false },
														"south": { "texture": "#shoulder-sling-plain-weapon-wood", "uv": [ 0.0, 0.0, 1.5, 2.0 ], "autoUv": false },
														"west": { "texture": "#shoulder-sling-plain-weapon-wood", "uv": [ 0.0, 0.0, 4.0, 2.0 ], "autoUv": false },
														"up": { "texture": "#shoulder-sling-plain-weapon-wood", "uv": [ 6.0, 0.0, 7.5, 4.0 ], "autoUv": false },
														"down": { "texture": "#shoulder-sling-plain-weapon-wood", "uv": [ 1.0, 2.5, 5.0, 4.0 ], "rotation": 90, "autoUv": false }
													},
													"children": [
														{
															"name": "Stock_front_17",
															"from": [ 0.0, 0.0, 3.2 ],
															"to": [ 1.2, 1.2, 6.4 ],
															"rotationOrigin": [ 0.0, 0.0, 3.2 ],
															"faces": {
																"north": { "texture": "#shoulder-sling-plain-weapon-wood", "uv": [ 9.0, 4.0, 10.5, 5.5 ], "autoUv": false },
																"east": { "texture": "#shoulder-sling-plain-weapon-wood", "uv": [ 0.0, 0.0, 4.0, 1.5 ], "autoUv": false },
																"south": { "texture": "#shoulder-sling-plain-weapon-wood", "uv": [ 0.0, 0.0, 1.5, 1.5 ], "autoUv": false },
																"west": { "texture": "#shoulder-sling-plain-weapon-wood", "uv": [ 0.0, 0.0, 4.0, 1.5 ], "autoUv": false },
																"up": { "texture": "#shoulder-sling-plain-weapon-wood", "uv": [ 6.0, 0.0, 7.5, 4.0 ], "autoUv": false },
																"down": { "texture": "#shoulder-sling-plain-weapon-wood", "uv": [ 2.5, 9.5, 6.5, 11.0 ], "rotation": 90, "autoUv": false }
															},
															"children": [
																{
																	"name": "Stock_front_18",
																	"from": [ 0.0, 0.0, 3.2 ],
																	"to": [ 1.2, 0.8, 11.2 ],
																	"rotationOrigin": [ 0.0, 0.0, 3.2 ],
																	"faces": {
																		"north": { "texture": "#shoulder-sling-plain-weapon-wood", "uv": [ 9.0, 4.0, 10.5, 5.0 ], "autoUv": false },
																		"east": { "texture": "#shoulder-sling-plain-weapon-wood", "uv": [ 0.0, 0.0, 10.0, 1.0 ], "autoUv": false },
																		"south": { "texture": "#shoulder-sling-plain-weapon-wood", "uv": [ 0.0, 0.0, 1.5, 1.0 ], "autoUv": false },
																		"west": { "texture": "#shoulder-sling-plain-weapon-wood", "uv": [ 0.0, 0.0, 10.0, 1.0 ], "autoUv": false },
																		"up": { "texture": "#shoulder-sling-plain-weapon-wood", "uv": [ 6.0, 0.0, 7.5, 10.0 ], "autoUv": false },
																		"down": { "texture": "#shoulder-sling-plain-weapon-wood", "uv": [ 2.5, 9.5, 12.5, 11.0 ], "rotation": 90, "autoUv": false }
																	}
																}
															]
														}
													]
												},
												{
													"name": "Stock_front_25",
													"from": [ 0.0, 0.0, 1.6 ],
													"to": [ 1.504, 1.76, 3.6 ],
													"rotationOrigin": [ 0.0, 0.0, 1.6 ],
													"faces": {
														"north": { "texture": "#shoulder-sling-plain-weapon-wood", "uv": [ 9.0, 4.0, 10.5, 6.0 ], "autoUv": false },
														"east": { "texture": "#shoulder-sling-plain-weapon-wood", "uv": [ 0.0, 0.0, 2.5, 2.0 ], "autoUv": false },
														"south": { "texture": "#shoulder-sling-plain-weapon-wood", "uv": [ 0.0, 0.0, 1.5, 2.0 ], "autoUv": false },
														"west": { "texture": "#shoulder-sling-plain-weapon-wood", "uv": [ 0.0, 0.0, 2.5, 2.0 ], "autoUv": false },
														"up": { "texture": "#shoulder-sling-plain-weapon-wood", "uv": [ 6.0, 1.5, 7.5, 4.0 ], "autoUv": false },
														"down": { "texture": "#shoulder-sling-plain-weapon-wood", "uv": [ 2.0, 2.5, 4.5, 4.0 ], "rotation": 90, "autoUv": false }
													}
												}
											]
										},
										{
											"name": "Stock_front_7",
											"from": [ -0.24, -0.4, 1.6 ],
											"to": [ 0.64, 1.2, 3.2 ],
											"rotationOrigin": [ -0.24, -0.4, 1.6 ],
											"faces": {
												"north": { "texture": "#shoulder-sling-plain-weapon-wood", "uv": [ 4.5, 5.0, 5.5, 7.0 ], "autoUv": false },
												"east": { "texture": "#shoulder-sling-plain-weapon-wood", "uv": [ 0.0, 0.0, 2.0, 2.0 ], "autoUv": false },
												"south": { "texture": "#shoulder-sling-plain-weapon-wood", "uv": [ 0.0, 0.0, 1.0, 2.0 ], "autoUv": false },
												"west": { "texture": "#shoulder-sling-plain-weapon-wood", "uv": [ 0.0, 0.0, 2.0, 2.0 ], "autoUv": false },
												"up": { "texture": "#shoulder-sling-plain-weapon-wood", "uv": [ 2.0, 0.5, 3.0, 2.5 ], "autoUv": false },
												"down": { "texture": "#shoulder-sling-plain-weapon-wood", "uv": [ 2.5, 3.5, 3.5, 5.5 ], "autoUv": false }
											}
										},
										{
											"name": "Stock_front_10",
											"from": [ -0.56, 0.0, 17.36 ],
											"to": [ 0.96, 1.2, 17.84 ],
											"rotationOrigin": [ -0.56, 0.0, 17.36 ],
											"faces": {
												"north": { "texture": "#shoulder-sling-plain-weapon-wood", "uv": [ 5.5, 6.5, 7.0, 8.0 ], "autoUv": false },
												"east": { "texture": "#shoulder-sling-plain-weapon-wood", "uv": [ 2.5, 2.0, 3.0, 3.5 ], "autoUv": false, "windMode": [-1,-1,-1,-1] },
												"south": { "texture": "#shoulder-sling-plain-weapon-wood", "uv": [ 0.0, 13.0, 2.0, 14.5 ], "autoUv": false },
												"west": { "texture": "#shoulder-sling-plain-weapon-wood", "uv": [ 1.5, 2.0, 2.0, 3.5 ], "autoUv": false, "windMode": [-1,-1,-1,-1] },
												"up": { "texture": "#shoulder-sling-plain-weapon-wood", "uv": [ 2.5, 2.0, 4.0, 2.5 ], "autoUv": false },
												"down": { "texture": "#shoulder-sling-plain-weapon-wood", "uv": [ 2.5, 3.0, 4.0, 3.5 ], "autoUv": false, "windMode": [-1,-1,-1,-1] }
											}
										},
										{
											"name": "Stock_front_16",
											"from": [ -0.24, 1.04, 17.2 ],
											"to": [ 0.64, 1.28, 17.6 ],
											"rotationOrigin": [ -0.24, 1.28, 17.2 ],
											"rotationX": 26.0,
											"faces": {
												"north": { "texture": "#shoulder-sling-plain-weapon-metal", "uv": [ 4.5, 5.0, 5.5, 5.5 ], "autoUv": false },
												"east": { "texture": "#shoulder-sling-plain-weapon-metal", "uv": [ 0.0, 0.0, 0.5, 0.5 ], "autoUv": false },
												"south": { "texture": "#shoulder-sling-plain-weapon-metal", "uv": [ 0.0, 0.0, 1.0, 0.5 ], "autoUv": false },
												"west": { "texture": "#shoulder-sling-plain-weapon-metal", "uv": [ 0.0, 0.0, 0.5, 0.5 ], "autoUv": false },
												"up": { "texture": "#shoulder-sling-plain-weapon-metal", "uv": [ 4.0, 1.0, 5.0, 1.5 ], "autoUv": false },
												"down": { "texture": "#shoulder-sling-plain-weapon-metal", "uv": [ 2.5, 3.5, 3.5, 4.0 ], "autoUv": false }
											}
										},
										{
											"name": "Stock_front_21",
											"from": [ -0.24, 0.24, 16.8 ],
											"to": [ 0.64, 1.28, 17.2 ],
											"rotationOrigin": [ -0.24, 0.24, 16.8 ],
											"faces": {
												"north": { "texture": "#shoulder-sling-plain-weapon-metal", "uv": [ 4.5, 5.0, 5.5, 6.0 ], "autoUv": false },
												"east": { "texture": "#shoulder-sling-plain-weapon-metal", "uv": [ 0.0, 0.0, 0.5, 1.0 ], "autoUv": false },
												"south": { "texture": "#shoulder-sling-plain-weapon-metal", "uv": [ 0.0, 0.0, 1.0, 1.0 ], "autoUv": false },
												"west": { "texture": "#shoulder-sling-plain-weapon-metal", "uv": [ 0.0, 0.0, 0.5, 1.0 ], "autoUv": false },
												"up": { "texture": "#shoulder-sling-plain-weapon-metal", "uv": [ 4.0, 1.0, 5.0, 1.5 ], "autoUv": false },
												"down": { "texture": "#shoulder-sling-plain-weapon-metal", "uv": [ 2.5, 3.5, 3.5, 4.0 ], "autoUv": false }
											},
											"children": [
												{
													"name": "Stock_front_22",
													"from": [ 0.16, 1.04, -0.24 ],
													"to": [ 0.72, 1.28, 0.4 ],
													"rotationOrigin": [ 0.16, 1.04, 0.4 ],
													"rotationX": -14.0,
													"faces": {
														"north": { "texture": "#shoulder-sling-plain-weapon-metal", "uv": [ 6.0, 7.5, 6.5, 8.0 ], "autoUv": false },
														"east": { "texture": "#shoulder-sling-plain-weapon-metal", "uv": [ 6.5, 6.5, 7.0, 7.0 ], "autoUv": false },
														"south": { "texture": "#shoulder-sling-plain-weapon-metal", "uv": [ 6.5, 6.5, 7.0, 7.0 ], "autoUv": false },
														"west": { "texture": "#shoulder-sling-plain-weapon-metal", "uv": [ 6.5, 7.0, 7.0, 7.5 ], "autoUv": false },
														"up": { "texture": "#shoulder-sling-plain-weapon-metal", "uv": [ 6.5, 6.5, 7.0, 7.0 ], "autoUv": false },
														"down": { "texture": "#shoulder-sling-plain-weapon-metal", "uv": [ 6.5, 6.5, 7.0, 7.0 ], "autoUv": false }
													}
												}
											]
										},
										{
											"name": "Stock_front_27",
											"from": [ -0.56, -0.8, -0.4 ],
											"to": [ 0.96, 0.8, 1.6 ],
											"rotationOrigin": [ -0.56, -0.8, -0.4 ],
											"faces": {
												"north": { "texture": "#shoulder-sling-plain-weapon-wood", "uv": [ 4.5, 5.0, 6.0, 7.0 ], "autoUv": false },
												"east": { "texture": "#shoulder-sling-plain-weapon-wood", "uv": [ 1.0, 2.5, 3.5, 4.5 ], "autoUv": false },
												"south": { "texture": "#shoulder-sling-plain-weapon-wood", "uv": [ 0.0, 0.0, 1.5, 2.0 ], "autoUv": false },
												"west": { "texture": "#shoulder-sling-plain-weapon-wood", "uv": [ 3.0, 2.5, 5.5, 4.5 ], "autoUv": false },
												"up": { "texture": "#shoulder-sling-plain-weapon-wood", "uv": [ 4.0, 1.0, 5.5, 3.5 ], "autoUv": false },
												"down": { "texture": "#shoulder-sling-plain-weapon-wood", "uv": [ 2.5, 3.5, 4.0, 6.0 ], "autoUv": false }
											},
											"children": [
												{
													"name": "Stock_front_28",
													"from": [ -0.04, 1.6, 0.0 ],
													"to": [ 1.56, 2.0, 2.0 ],
													"rotationOrigin": [ 0.0, 1.6, 0.0 ],
													"faces": {
														"north": { "texture": "#shoulder-sling-plain-weapon-metal", "uv": [ 4.5, 5.0, 6.5, 5.5 ], "autoUv": false },
														"east": { "texture": "#shoulder-sling-plain-weapon-metal", "uv": [ 0.0, 0.0, 2.5, 0.5 ], "autoUv": false },
														"south": { "texture": "#shoulder-sling-plain-weapon-metal", "uv": [ 0.0, 0.0, 2.0, 0.5 ], "autoUv": false },
														"west": { "texture": "#shoulder-sling-plain-weapon-metal", "uv": [ 0.0, 0.0, 2.5, 0.5 ], "autoUv": false },
														"up": { "texture": "#shoulder-sling-plain-weapon-metal", "uv": [ 4.0, 1.0, 6.0, 3.5 ], "autoUv": false },
														"down": { "texture": "#shoulder-sling-plain-weapon-metal", "uv": [ 2.5, 3.5, 4.5, 6.0 ], "autoUv": false }
													},
													"children": [
														{
															"name": "Cube13",
															"from": [ 0.96, 0.0, 0.4 ],
															"to": [ 1.36, 0.4, 2.0 ],
															"rotationOrigin": [ 1.36, 0.4, 2.0 ],
															"rotationX": 8.0,
															"faces": {
																"north": { "texture": "#shoulder-sling-plain-weapon-metal", "uv": [ 0.0, 0.0, 0.5, 0.5 ], "autoUv": false },
																"east": { "texture": "#shoulder-sling-plain-weapon-metal", "uv": [ 0.0, 0.0, 2.0, 0.5 ], "autoUv": false },
																"south": { "texture": "#shoulder-sling-plain-weapon-metal", "uv": [ 0.0, 0.0, 0.5, 0.5 ], "autoUv": false },
																"west": { "texture": "#shoulder-sling-plain-weapon-metal", "uv": [ 0.0, 0.0, 2.0, 0.5 ], "autoUv": false },
																"up": { "texture": "#shoulder-sling-plain-weapon-metal", "uv": [ 0.0, 0.0, 0.5, 2.0 ], "autoUv": false },
																"down": { "texture": "#shoulder-sling-plain-weapon-metal", "uv": [ 0.0, 0.0, 0.5, 2.0 ], "autoUv": false }
															}
														},
														{
															"name": "Cube14",
															"from": [ 0.24, 0.0, 0.4 ],
															"to": [ 0.64, 0.4, 2.0 ],
															"rotationOrigin": [ 0.64, 0.4, 2.0 ],
															"rotationX": 8.0,
															"faces": {
																"north": { "texture": "#shoulder-sling-plain-weapon-metal", "uv": [ 0.0, 0.0, 0.5, 0.5 ], "autoUv": false },
																"east": { "texture": "#shoulder-sling-plain-weapon-metal", "uv": [ 0.0, 0.0, 2.0, 0.5 ], "autoUv": false },
																"south": { "texture": "#shoulder-sling-plain-weapon-metal", "uv": [ 0.0, 0.0, 0.5, 0.5 ], "autoUv": false },
																"west": { "texture": "#shoulder-sling-plain-weapon-metal", "uv": [ 0.0, 0.0, 2.0, 0.5 ], "autoUv": false },
																"up": { "texture": "#shoulder-sling-plain-weapon-metal", "uv": [ 0.0, 0.0, 0.5, 2.0 ], "autoUv": false },
																"down": { "texture": "#shoulder-sling-plain-weapon-metal", "uv": [ 0.0, 0.0, 0.5, 2.0 ], "autoUv": false }
															}
														}
													]
												},
												{
													"name": "Stock_front_29",
													"from": [ -0.032, -0.08, -0.32 ],
													"to": [ 1.552, 2.0, 0.0 ],
													"rotationOrigin": [ 0.0, 2.16, 0.0 ],
													"rotationX": -8.0,
													"faces": {
														"north": { "texture": "#shoulder-sling-plain-weapon-metal", "uv": [ 4.5, 5.0, 6.0, 7.5 ], "autoUv": false },
														"east": { "texture": "#shoulder-sling-plain-weapon-metal", "uv": [ 0.0, 0.0, 0.5, 2.5 ], "autoUv": false },
														"south": { "texture": "#shoulder-sling-plain-weapon-metal", "uv": [ 0.0, 0.0, 1.5, 2.5 ], "autoUv": false },
														"west": { "texture": "#shoulder-sling-plain-weapon-metal", "uv": [ 0.0, 0.0, 0.5, 2.5 ], "autoUv": false },
														"up": { "texture": "#shoulder-sling-plain-weapon-metal", "uv": [ 4.0, 1.0, 5.5, 1.5 ], "autoUv": false },
														"down": { "texture": "#shoulder-sling-plain-weapon-metal", "uv": [ 2.5, 3.5, 4.0, 4.0 ], "autoUv": false }
													}
												}
											]
										}
									]
								},
								{
									"name": "Metal_part_0",
									"from": [ 1.36, -0.4, -6.4 ],
									"to": [ 1.92, 1.28, -4.64 ],
									"rotationOrigin": [ 1.36, 0.4, -5.6 ],
									"rotationX": 11.0,
									"faces": {
										"north": { "texture": "#shoulder-sling-plain-linen", "uv": [ 0.0, 0.0, 0.5, 2.0 ], "autoUv": false },
										"east": { "texture": "#shoulder-sling-plain-linen", "uv": [ 0.0, 0.0, 2.0, 2.0 ], "autoUv": false },
										"south": { "texture": "#shoulder-sling-plain-linen", "uv": [ 0.0, 0.0, 0.5, 2.0 ], "autoUv": false },
										"west": { "texture": "#shoulder-sling-plain-linen", "uv": [ 0.0, 0.0, 2.0, 2.0 ], "autoUv": false },
										"up": { "texture": "#shoulder-sling-plain-linen", "uv": [ 0.0, 0.0, 0.5, 2.0 ], "autoUv": false },
										"down": { "texture": "#shoulder-sling-plain-linen", "uv": [ 0.0, 0.0, 0.5, 2.0 ], "autoUv": false }
									},
									"children": [
										{
											"name": "Metal_part_1",
											"from": [ 0.0, 0.4, 1.76 ],
											"to": [ 0.56, 1.28, 3.44 ],
											"rotationOrigin": [ 0.56, 0.4, 1.76 ],
											"rotationY": -8.0,
											"faces": {
												"north": { "texture": "#shoulder-sling-plain-linen", "uv": [ 0.0, 0.0, 0.5, 1.0 ], "autoUv": false },
												"east": { "texture": "#shoulder-sling-plain-linen", "uv": [ 0.0, 0.0, 2.0, 1.0 ], "autoUv": false },
												"south": { "texture": "#shoulder-sling-plain-linen", "uv": [ 0.0, 0.0, 0.5, 1.0 ], "autoUv": false },
												"west": { "texture": "#shoulder-sling-plain-linen", "uv": [ 0.0, 0.0, 2.0, 1.0 ], "autoUv": false },
												"up": { "texture": "#shoulder-sling-plain-linen", "uv": [ 0.0, 0.0, 0.5, 2.0 ], "autoUv": false },
												"down": { "texture": "#shoulder-sling-plain-linen", "uv": [ 0.0, 0.0, 0.5, 2.0 ], "autoUv": false }
											},
											"children": [
												{
													"name": "Metal_part_2",
													"from": [ 0.0, -0.008, 1.68 ],
													"to": [ 0.56, 0.872, 2.48 ],
													"rotationOrigin": [ 0.56, 0.0, 1.68 ],
													"rotationY": -45.0,
													"faces": {
														"north": { "texture": "#shoulder-sling-plain-linen", "uv": [ 0.0, 0.0, 0.5, 1.0 ], "autoUv": false },
														"east": { "texture": "#shoulder-sling-plain-linen", "uv": [ 0.0, 0.0, 1.0, 1.0 ], "autoUv": false },
														"south": { "texture": "#shoulder-sling-plain-linen", "uv": [ 0.0, 0.0, 0.5, 1.0 ], "autoUv": false },
														"west": { "texture": "#shoulder-sling-plain-linen", "uv": [ 0.0, 0.0, 1.0, 1.0 ], "autoUv": false },
														"up": { "texture": "#shoulder-sling-plain-linen", "uv": [ 0.0, 0.0, 0.5, 1.0 ], "autoUv": false },
														"down": { "texture": "#shoulder-sling-plain-linen", "uv": [ 0.0, 0.0, 0.5, 1.0 ], "autoUv": false }
													}
												}
											]
										}
									]
								},
								{
									"name": "Metal_part_4",
									"from": [ -0.72, -0.4, -6.4 ],
									"to": [ -0.16, 1.28, -4.64 ],
									"rotationOrigin": [ -0.72, 0.4, -5.6 ],
									"rotationX": 11.0,
									"faces": {
										"north": { "texture": "#shoulder-sling-plain-linen", "uv": [ 0.0, 0.0, 0.5, 2.0 ], "autoUv": false },
										"east": { "texture": "#shoulder-sling-plain-linen", "uv": [ 0.0, 0.0, 2.0, 2.0 ], "autoUv": false },
										"south": { "texture": "#shoulder-sling-plain-linen", "uv": [ 0.0, 0.0, 0.5, 2.0 ], "autoUv": false },
										"west": { "texture": "#shoulder-sling-plain-linen", "uv": [ 0.0, 0.0, 2.0, 2.0 ], "autoUv": false },
										"up": { "texture": "#shoulder-sling-plain-linen", "uv": [ 0.0, 0.0, 0.5, 2.0 ], "autoUv": false },
										"down": { "texture": "#shoulder-sling-plain-linen", "uv": [ 0.0, 0.0, 0.5, 2.0 ], "autoUv": false }
									},
									"children": [
										{
											"name": "Metal_part_5",
											"from": [ 0.0, 0.4, 1.76 ],
											"to": [ 0.56, 1.28, 3.44 ],
											"rotationOrigin": [ 0.0, 0.4, 1.76 ],
											"rotationY": 8.0,
											"faces": {
												"north": { "texture": "#shoulder-sling-plain-linen", "uv": [ 0.0, 0.0, 0.5, 1.0 ], "autoUv": false },
												"east": { "texture": "#shoulder-sling-plain-linen", "uv": [ 0.0, 0.0, 2.0, 1.0 ], "autoUv": false },
												"south": { "texture": "#shoulder-sling-plain-linen", "uv": [ 0.0, 0.0, 0.5, 1.0 ], "autoUv": false },
												"west": { "texture": "#shoulder-sling-plain-linen", "uv": [ 0.0, 0.0, 2.0, 1.0 ], "autoUv": false },
												"up": { "texture": "#shoulder-sling-plain-linen", "uv": [ 0.0, 0.0, 0.5, 2.0 ], "autoUv": false },
												"down": { "texture": "#shoulder-sling-plain-linen", "uv": [ 0.0, 0.0, 0.5, 2.0 ], "autoUv": false }
											},
											"children": [
												{
													"name": "Metal_part_6",
													"from": [ 0.0, -0.008, 1.68 ],
													"to": [ 0.56, 0.872, 2.48 ],
													"rotationOrigin": [ 0.0, 0.0, 1.68 ],
													"rotationY": 45.0,
													"faces": {
														"north": { "texture": "#shoulder-sling-plain-linen", "uv": [ 0.0, 0.0, 0.5, 1.0 ], "autoUv": false },
														"east": { "texture": "#shoulder-sling-plain-linen", "uv": [ 0.0, 0.0, 1.0, 1.0 ], "autoUv": false },
														"south": { "texture": "#shoulder-sling-plain-linen", "uv": [ 0.0, 0.0, 0.5, 1.0 ], "autoUv": false },
														"west": { "texture": "#shoulder-sling-plain-linen", "uv": [ 0.0, 0.0, 1.0, 1.0 ], "autoUv": false },
														"up": { "texture": "#shoulder-sling-plain-linen", "uv": [ 0.0, 0.0, 0.5, 1.0 ], "autoUv": false },
														"down": { "texture": "#shoulder-sling-plain-linen", "uv": [ 0.0, 0.0, 0.5, 1.0 ], "autoUv": false }
													}
												}
											]
										}
									]
								}
							]
						},
						{
							"name": "Attachment_bolt",
							"from": [ 0.2, 2.04, -2.48 ],
							"to": [ 0.2, 2.04, -2.48 ],
							"rotationOrigin": [ 0.2, 2.04, -2.48 ],
							"faces": {
								"north": { "texture": "#shoulder-sling-plain-weapon-metal", "uv": [ 0.0, 0.0, 0.5, 0.5 ], "autoUv": false },
								"east": { "texture": "#shoulder-sling-plain-weapon-metal", "uv": [ 0.0, 0.0, 0.5, 0.5 ], "autoUv": false },
								"south": { "texture": "#shoulder-sling-plain-weapon-metal", "uv": [ 0.0, 0.0, 0.5, 0.5 ], "autoUv": false },
								"west": { "texture": "#shoulder-sling-plain-weapon-metal", "uv": [ 0.0, 0.0, 0.5, 0.5 ], "autoUv": false },
								"up": { "texture": "#shoulder-sling-plain-weapon-metal", "uv": [ 0.0, 0.0, 0.5, 0.5 ], "autoUv": false },
								"down": { "texture": "#shoulder-sling-plain-weapon-metal", "uv": [ 0.0, 0.0, 0.5, 0.5 ], "autoUv": false }
							},
							"attachmentpoints": [
								{
									"code": "bolt",
									"posX": "0.0","posY": "0.0","posZ": "0.0",
									"rotationX": "0.0","rotationY": "90.0","rotationZ": "0.0"
								}
							]
						},
						{
							"name": "Latch",
							"from": [ 0.0, 0.56, -1.6 ],
							"to": [ 0.0, 0.56, -1.6 ],
							"rotationOrigin": [ 0.0, 0.56, -1.6 ],
							"rotationX": 90.0,
							"faces": {
								"north": { "texture": "#shoulder-sling-plain-woodbow", "uv": [ 0.0, 0.0, 0.5, 0.5 ], "autoUv": false },
								"east": { "texture": "#shoulder-sling-plain-woodbow", "uv": [ 0.0, 0.0, 0.5, 0.5 ], "autoUv": false },
								"south": { "texture": "#shoulder-sling-plain-woodbow", "uv": [ 0.0, 0.0, 0.5, 0.5 ], "autoUv": false },
								"west": { "texture": "#shoulder-sling-plain-woodbow", "uv": [ 0.0, 0.0, 0.5, 0.5 ], "autoUv": false },
								"up": { "texture": "#shoulder-sling-plain-woodbow", "uv": [ 0.0, 0.0, 0.5, 0.5 ], "autoUv": false },
								"down": { "texture": "#shoulder-sling-plain-woodbow", "uv": [ 0.0, 0.0, 0.5, 0.5 ], "autoUv": false }
							},
							"children": [
								{
									"name": "Latch_lever",
									"from": [ 0.0, 0.0, -0.4 ],
									"to": [ 0.4, 2.0, 0.16 ],
									"rotationOrigin": [ 0.0, 0.0, -0.4 ],
									"faces": {
										"north": { "texture": "#shoulder-sling-plain-weapon-metal", "uv": [ 0.0, 0.0, 0.5, 2.5 ], "autoUv": false },
										"east": { "texture": "#shoulder-sling-plain-weapon-metal", "uv": [ 0.0, 0.0, 0.5, 2.5 ], "autoUv": false },
										"south": { "texture": "#shoulder-sling-plain-weapon-metal", "uv": [ 0.0, 0.0, 0.5, 2.5 ], "autoUv": false },
										"west": { "texture": "#shoulder-sling-plain-weapon-metal", "uv": [ 0.0, 0.0, 0.5, 2.5 ], "autoUv": false },
										"up": { "texture": "#shoulder-sling-plain-weapon-metal", "uv": [ 0.0, 0.0, 0.5, 0.5 ], "autoUv": false },
										"down": { "texture": "#shoulder-sling-plain-weapon-metal", "uv": [ 0.0, 0.0, 0.5, 0.5 ], "autoUv": false }
									},
									"children": [
										{
											"name": "latch_1",
											"from": [ 0.0, 2.0, -0.72 ],
											"to": [ 0.4, 2.88, 0.56 ],
											"rotationOrigin": [ 0.0, 2.0, -0.72 ],
											"faces": {
												"north": { "texture": "#shoulder-sling-plain-weapon-metal", "uv": [ 0.0, 0.0, 0.5, 1.0 ], "autoUv": false },
												"east": { "texture": "#shoulder-sling-plain-weapon-metal", "uv": [ 0.0, 0.0, 1.5, 1.0 ], "autoUv": false },
												"south": { "texture": "#shoulder-sling-plain-weapon-metal", "uv": [ 0.0, 0.0, 0.5, 1.0 ], "autoUv": false },
												"west": { "texture": "#shoulder-sling-plain-weapon-metal", "uv": [ 0.0, 0.0, 1.5, 1.0 ], "autoUv": false },
												"up": { "texture": "#shoulder-sling-plain-weapon-metal", "uv": [ 0.0, 0.0, 0.5, 1.5 ], "autoUv": false },
												"down": { "texture": "#shoulder-sling-plain-weapon-metal", "uv": [ 0.0, 0.0, 0.5, 1.5 ], "autoUv": false }
											}
										},
										{
											"name": "latch_2",
											"from": [ -0.08, 2.88, -0.72 ],
											"to": [ 0.48, 9.28, -0.24 ],
											"rotationOrigin": [ -0.08, 2.88, -0.72 ],
											"faces": {
												"north": { "texture": "#shoulder-sling-plain-weapon-metal", "uv": [ 0.0, 0.0, 0.5, 8.0 ], "autoUv": false },
												"east": { "texture": "#shoulder-sling-plain-weapon-metal", "uv": [ 0.0, 0.0, 0.5, 8.0 ], "autoUv": false },
												"south": { "texture": "#shoulder-sling-plain-weapon-metal", "uv": [ 0.0, 0.0, 0.5, 8.0 ], "autoUv": false },
												"west": { "texture": "#shoulder-sling-plain-weapon-metal", "uv": [ 0.0, 0.0, 0.5, 8.0 ], "autoUv": false },
												"up": { "texture": "#shoulder-sling-plain-weapon-metal", "uv": [ 0.0, 0.0, 0.5, 0.5 ], "autoUv": false },
												"down": { "texture": "#shoulder-sling-plain-weapon-metal", "uv": [ 0.0, 0.0, 0.5, 0.5 ], "autoUv": false }
											},
											"children": [
												{
													"name": "latch_4",
													"from": [ 0.0, 3.2, -0.24 ],
													"to": [ 0.56, 6.4, 0.0 ],
													"rotationOrigin": [ 0.0, 3.2, -0.24 ],
													"faces": {
														"north": { "texture": "#shoulder-sling-plain-weapon-wood", "uv": [ 0.5, 3.0, 1.5, 7.0 ], "autoUv": false },
														"east": { "texture": "#shoulder-sling-plain-weapon-wood", "uv": [ 1.0, 3.5, 1.5, 7.5 ], "autoUv": false },
														"south": { "texture": "#shoulder-sling-plain-weapon-wood", "uv": [ 0.5, 3.0, 1.0, 7.0 ], "autoUv": false },
														"west": { "texture": "#shoulder-sling-plain-weapon-wood", "uv": [ 0.5, 3.0, 1.0, 7.0 ], "autoUv": false },
														"up": { "texture": "#shoulder-sling-plain-weapon-wood", "uv": [ 1.5, 4.5, 2.5, 5.0 ], "autoUv": false },
														"down": { "texture": "#shoulder-sling-plain-weapon-wood", "uv": [ 1.0, 5.5, 1.9, 6.0 ], "autoUv": false }
													},
													"children": [
														{
															"name": "Cube2",
															"from": [ 0.16, 0.24, -0.008 ],
															"to": [ 0.48, 0.56, 0.0 ],
															"rotationOrigin": [ 0.16, 0.24, 0.0 ],
															"faces": {
																"north": { "texture": "#shoulder-sling-plain-weapon-metal", "uv": [ 0.0, 0.0, 0.5, 0.5 ], "autoUv": false },
																"east": { "texture": "#shoulder-sling-plain-weapon-metal", "uv": [ 0.0, 0.0, 0.5, 0.5 ], "autoUv": false },
																"south": { "texture": "#shoulder-sling-plain-weapon-metal", "uv": [ 0.0, 0.0, 0.5, 0.5 ], "autoUv": false },
																"west": { "texture": "#shoulder-sling-plain-weapon-metal", "uv": [ 0.0, 0.0, 0.5, 0.5 ], "autoUv": false },
																"up": { "texture": "#shoulder-sling-plain-weapon-metal", "uv": [ 0.0, 0.0, 0.5, 0.5 ], "autoUv": false },
																"down": { "texture": "#shoulder-sling-plain-weapon-metal", "uv": [ 0.0, 0.0, 0.5, 0.5 ], "autoUv": false }
															}
														},
														{
															"name": "Cube3",
															"from": [ 0.16, 2.64, -0.008 ],
															"to": [ 0.48, 2.96, 0.0 ],
															"rotationOrigin": [ 0.16, 2.64, -0.08 ],
															"faces": {
																"north": { "texture": "#shoulder-sling-plain-weapon-metal", "uv": [ 0.0, 0.0, 0.5, 0.5 ], "autoUv": false },
																"east": { "texture": "#shoulder-sling-plain-weapon-metal", "uv": [ 0.0, 0.0, 0.5, 0.5 ], "autoUv": false },
																"south": { "texture": "#shoulder-sling-plain-weapon-metal", "uv": [ 0.0, 0.0, 0.5, 0.5 ], "autoUv": false },
																"west": { "texture": "#shoulder-sling-plain-weapon-metal", "uv": [ 0.0, 0.0, 0.5, 0.5 ], "autoUv": false },
																"up": { "texture": "#shoulder-sling-plain-weapon-metal", "uv": [ 0.0, 0.0, 0.5, 0.5 ], "autoUv": false },
																"down": { "texture": "#shoulder-sling-plain-weapon-metal", "uv": [ 0.0, 0.0, 0.5, 0.5 ], "autoUv": false }
															}
														}
													]
												},
												{
													"name": "latch_3",
													"from": [ 0.0, 6.4, 0.16 ],
													"to": [ 0.56, 6.72, 0.48 ],
													"rotationOrigin": [ 0.0, 6.4, 0.16 ],
													"faces": {
														"north": { "texture": "#shoulder-sling-plain-weapon-metal", "uv": [ 0.0, 0.0, 0.5, 0.5 ], "autoUv": false },
														"east": { "texture": "#shoulder-sling-plain-weapon-metal", "uv": [ 0.0, 0.0, 0.5, 0.5 ], "autoUv": false },
														"south": { "texture": "#shoulder-sling-plain-weapon-metal", "uv": [ 0.0, 0.0, 0.5, 0.5 ], "autoUv": false },
														"west": { "texture": "#shoulder-sling-plain-weapon-metal", "uv": [ 0.0, 0.0, 0.5, 0.5 ], "autoUv": false },
														"up": { "texture": "#shoulder-sling-plain-weapon-metal", "uv": [ 0.0, 0.0, 0.5, 0.5 ], "autoUv": false },
														"down": { "texture": "#shoulder-sling-plain-weapon-metal", "uv": [ 0.0, 0.0, 0.5, 0.5 ], "autoUv": false }
													}
												}
											]
										},
										{
											"name": "latch_15",
											"from": [ -0.16, -0.4, 0.0 ],
											"to": [ 0.64, 0.16, 0.56 ],
											"rotationOrigin": [ -0.16, -0.4, 0.0 ],
											"faces": {
												"north": { "texture": "#shoulder-sling-plain-weapon-metal", "uv": [ 0.0, 0.0, 1.0, 0.5 ], "autoUv": false },
												"east": { "texture": "#shoulder-sling-plain-weapon-metal", "uv": [ 0.0, 0.0, 0.5, 0.5 ], "autoUv": false },
												"south": { "texture": "#shoulder-sling-plain-weapon-metal", "uv": [ 0.0, 0.0, 1.0, 0.5 ], "autoUv": false },
												"west": { "texture": "#shoulder-sling-plain-weapon-metal", "uv": [ 0.0, 0.0, 0.5, 0.5 ], "autoUv": false },
												"up": { "texture": "#shoulder-sling-plain-weapon-metal", "uv": [ 0.0, 0.0, 1.0, 0.5 ], "autoUv": false },
												"down": { "texture": "#shoulder-sling-plain-weapon-metal", "uv": [ 0.0, 0.0, 1.0, 0.5 ], "autoUv": false }
											}
										}
									]
								},
								{
									"name": "Trigger_mechanism",
									"from": [ -0.24, 1.68, -4.32 ],
									"to": [ 0.56, 1.76, -1.12 ],
									"rotationOrigin": [ -0.24, 2.4, -0.88 ],
									"rotationX": -90.0,
									"faces": {
										"north": { "texture": "#shoulder-sling-plain-weapon-metal", "uv": [ 0.0, 0.0, 1.0, 0.5 ], "autoUv": false },
										"east": { "texture": "#shoulder-sling-plain-weapon-metal", "uv": [ 0.0, 0.0, 4.0, 0.5 ], "autoUv": false },
										"south": { "texture": "#shoulder-sling-plain-weapon-metal", "uv": [ 0.0, 0.0, 1.0, 0.5 ], "autoUv": false },
										"west": { "texture": "#shoulder-sling-plain-weapon-metal", "uv": [ 0.0, 0.0, 4.0, 0.5 ], "autoUv": false },
										"up": { "texture": "#shoulder-sling-plain-weapon-metal", "uv": [ 0.0, 0.0, 1.0, 4.0 ], "autoUv": false },
										"down": { "texture": "#shoulder-sling-plain-weapon-metal", "uv": [ 0.0, 0.0, 1.0, 4.0 ], "autoUv": false }
									},
									"children": [
										{
											"name": "Trigger_box",
											"from": [ 0.0, 0.0, 0.0 ],
											"to": [ 0.24, 1.04, 3.76 ],
											"faces": {
												"north": { "texture": "#shoulder-sling-plain-weapon-metal", "uv": [ 0.0, 0.0, 0.5, 1.0 ], "autoUv": false },
												"east": { "texture": "#shoulder-sling-plain-weapon-metal", "uv": [ 4.0, 0.0, 8.5, 1.0 ], "autoUv": false },
												"south": { "texture": "#shoulder-sling-plain-weapon-metal", "uv": [ 0.0, 0.0, 0.5, 1.0 ], "autoUv": false },
												"west": { "texture": "#shoulder-sling-plain-weapon-metal", "uv": [ 6.5, 0.0, 11.0, 1.0 ], "autoUv": false },
												"up": { "texture": "#shoulder-sling-plain-weapon-metal", "uv": [ 0.0, 0.0, 0.5, 4.5 ], "autoUv": false },
												"down": { "texture": "#shoulder-sling-plain-weapon-metal", "uv": [ 0.0, 0.0, 0.5, 4.5 ], "autoUv": false }
											},
											"children": [
												{
													"name": "latch_7",
													"from": [ 0.08, 0.08, 2.96 ],
													"to": [ 0.72, 1.04, 3.2 ],
													"rotationOrigin": [ 0.08, 0.08, 2.96 ],
													"faces": {
														"north": { "texture": "#shoulder-sling-plain-weapon-metal", "uv": [ 0.0, 0.0, 0.5, 1.0 ], "autoUv": false },
														"east": { "texture": "#shoulder-sling-plain-weapon-metal", "uv": [ 0.0, 0.0, 0.5, 1.0 ], "autoUv": false },
														"south": { "texture": "#shoulder-sling-plain-weapon-metal", "uv": [ 0.0, 0.0, 0.5, 1.0 ], "autoUv": false },
														"west": { "texture": "#shoulder-sling-plain-weapon-metal", "uv": [ 0.0, 0.0, 0.5, 1.0 ], "autoUv": false },
														"up": { "texture": "#shoulder-sling-plain-weapon-metal", "uv": [ 0.0, 0.0, 0.5, 0.5 ], "autoUv": false },
														"down": { "texture": "#shoulder-sling-plain-weapon-metal", "uv": [ 0.0, 0.0, 0.5, 0.5 ], "autoUv": false }
													}
												},
												{
													"name": "latch_5",
													"from": [ 0.64, 0.0, 0.0 ],
													"to": [ 0.88, 1.04, 3.76 ],
													"rotationOrigin": [ 0.64, 0.0, 0.0 ],
													"faces": {
														"north": { "texture": "#shoulder-sling-plain-weapon-metal", "uv": [ 0.0, 0.0, 0.5, 1.0 ], "autoUv": false },
														"east": { "texture": "#shoulder-sling-plain-weapon-metal", "uv": [ 5.0, 0.5, 9.5, 1.5 ], "autoUv": false },
														"south": { "texture": "#shoulder-sling-plain-weapon-metal", "uv": [ 0.0, 0.0, 0.5, 1.0 ], "autoUv": false },
														"west": { "texture": "#shoulder-sling-plain-weapon-metal", "uv": [ 5.5, 0.0, 10.0, 1.0 ], "autoUv": false },
														"up": { "texture": "#shoulder-sling-plain-weapon-metal", "uv": [ 0.0, 0.0, 0.5, 4.5 ], "autoUv": false },
														"down": { "texture": "#shoulder-sling-plain-weapon-metal", "uv": [ 0.0, 0.0, 0.5, 4.5 ], "autoUv": false }
													}
												},
												{
													"name": "latch_6",
													"from": [ 0.08, 0.0, 0.0 ],
													"to": [ 0.72, 1.04, 0.24 ],
													"rotationOrigin": [ 0.08, 0.0, 0.0 ],
													"faces": {
														"north": { "texture": "#shoulder-sling-plain-weapon-metal", "uv": [ 0.0, 0.0, 0.5, 1.0 ], "autoUv": false },
														"east": { "texture": "#shoulder-sling-plain-weapon-metal", "uv": [ 0.0, 0.0, 0.5, 1.0 ], "autoUv": false },
														"south": { "texture": "#shoulder-sling-plain-weapon-metal", "uv": [ 0.0, 0.0, 0.5, 1.0 ], "autoUv": false },
														"west": { "texture": "#shoulder-sling-plain-weapon-metal", "uv": [ 0.0, 0.0, 0.5, 1.0 ], "autoUv": false },
														"up": { "texture": "#shoulder-sling-plain-weapon-metal", "uv": [ 0.0, 0.0, 0.5, 0.5 ], "autoUv": false },
														"down": { "texture": "#shoulder-sling-plain-weapon-metal", "uv": [ 0.0, 0.0, 0.5, 0.5 ], "autoUv": false }
													}
												}
											]
										},
										{
											"name": "Wheel",
											"from": [ 0.24, 0.64, 0.4 ],
											"to": [ 0.64, 1.12, 1.2 ],
											"rotationOrigin": [ 0.24, 1.04, 0.8 ],
											"faces": {
												"north": { "texture": "#shoulder-sling-plain-weapon-metal", "uv": [ 10.0, 5.5, 10.5, 6.0 ], "autoUv": false },
												"east": { "texture": "#shoulder-sling-plain-weapon-metal", "uv": [ 10.0, 4.5, 11.0, 5.0 ], "autoUv": false },
												"south": { "texture": "#shoulder-sling-plain-weapon-metal", "uv": [ 10.0, 5.0, 10.5, 5.5 ], "autoUv": false },
												"west": { "texture": "#shoulder-sling-plain-weapon-metal", "uv": [ 9.0, 4.0, 10.0, 4.5 ], "autoUv": false },
												"up": { "texture": "#shoulder-sling-plain-weapon-metal", "uv": [ 10.0, 5.0, 10.5, 6.0 ], "autoUv": false },
												"down": { "texture": "#shoulder-sling-plain-weapon-metal", "uv": [ 10.5, 4.5, 11.0, 5.5 ], "autoUv": false }
											},
											"children": [
												{
													"name": "Cube5",
													"from": [ 0.0, 0.48, 0.0 ],
													"to": [ 0.4, 0.8, 0.4 ],
													"rotationOrigin": [ 0.0, 0.48, 0.0 ],
													"faces": {
														"north": { "texture": "#shoulder-sling-plain-weapon-metal", "uv": [ 0.0, 0.0, 0.5, 0.5 ], "autoUv": false },
														"east": { "texture": "#shoulder-sling-plain-weapon-metal", "uv": [ 0.0, 0.0, 0.5, 0.5 ], "autoUv": false },
														"south": { "texture": "#shoulder-sling-plain-weapon-metal", "uv": [ 0.0, 0.0, 0.5, 0.5 ], "autoUv": false },
														"west": { "texture": "#shoulder-sling-plain-weapon-metal", "uv": [ 0.0, 0.0, 0.5, 0.5 ], "autoUv": false },
														"up": { "texture": "#shoulder-sling-plain-weapon-metal", "uv": [ 0.0, 0.0, 0.5, 0.5 ], "autoUv": false },
														"down": { "texture": "#shoulder-sling-plain-weapon-metal", "uv": [ 0.0, 0.0, 0.5, 0.5 ], "autoUv": false }
													}
												}
											]
										},
										{
											"name": "Trigger",
											"from": [ 0.24, 0.88, 1.92 ],
											"to": [ 0.64, 1.04, 2.96 ],
											"rotationOrigin": [ 0.24, 0.88, 2.8 ],
											"rotationX": -5.0,
											"faces": {
												"north": { "texture": "#shoulder-sling-plain-weapon-metal", "uv": [ 10.0, 4.5, 10.5, 5.0 ], "autoUv": false },
												"east": { "texture": "#shoulder-sling-plain-weapon-metal", "uv": [ 9.5, 4.0, 10.5, 4.5 ], "autoUv": false },
												"south": { "texture": "#shoulder-sling-plain-weapon-metal", "uv": [ 11.0, 4.5, 11.5, 5.0 ], "autoUv": false },
												"west": { "texture": "#shoulder-sling-plain-weapon-metal", "uv": [ 9.0, 4.5, 10.0, 5.0 ], "autoUv": false },
												"up": { "texture": "#shoulder-sling-plain-weapon-metal", "uv": [ 9.5, 4.5, 10.0, 5.5 ], "autoUv": false },
												"down": { "texture": "#shoulder-sling-plain-weapon-metal", "uv": [ 9.5, 4.0, 10.0, 5.0 ], "autoUv": false }
											},
											"children": [
												{
													"name": "latch_9",
													"from": [ 0.0, 0.16, 0.64 ],
													"to": [ 0.4, 0.96, 0.96 ],
													"rotationOrigin": [ 0.0, 0.32, 0.64 ],
													"faces": {
														"north": { "texture": "#shoulder-sling-plain-weapon-metal", "uv": [ 9.0, 4.5, 9.5, 5.5 ], "autoUv": false },
														"east": { "texture": "#shoulder-sling-plain-weapon-metal", "uv": [ 10.5, 4.5, 11.0, 5.5 ], "autoUv": false },
														"south": { "texture": "#shoulder-sling-plain-weapon-metal", "uv": [ 9.5, 5.0, 10.0, 6.0 ], "autoUv": false },
														"west": { "texture": "#shoulder-sling-plain-weapon-metal", "uv": [ 10.0, 4.5, 10.5, 5.5 ], "autoUv": false },
														"up": { "texture": "#shoulder-sling-plain-weapon-metal", "uv": [ 9.5, 4.5, 10.0, 5.0 ], "autoUv": false },
														"down": { "texture": "#shoulder-sling-plain-weapon-metal", "uv": [ 10.0, 4.5, 10.5, 5.0 ], "autoUv": false }
													}
												},
												{
													"name": "latch_16",
													"from": [ 0.0, 0.0, -0.8 ],
													"to": [ 0.4, 0.16, 0.0 ],
													"rotationOrigin": [ 0.0, 0.16, 0.0 ],
													"rotationX": 10.0,
													"faces": {
														"north": { "texture": "#shoulder-sling-plain-weapon-metal", "uv": [ 9.5, 4.5, 10.0, 5.0 ], "autoUv": false },
														"east": { "texture": "#shoulder-sling-plain-weapon-metal", "uv": [ 10.0, 4.5, 11.0, 5.0 ], "autoUv": false },
														"south": { "texture": "#shoulder-sling-plain-weapon-metal", "uv": [ 10.0, 4.5, 10.5, 5.0 ], "autoUv": false },
														"west": { "texture": "#shoulder-sling-plain-weapon-metal", "uv": [ 9.5, 4.5, 10.5, 5.0 ], "autoUv": false },
														"up": { "texture": "#shoulder-sling-plain-weapon-metal", "uv": [ 10.0, 4.0, 10.5, 5.0 ], "autoUv": false },
														"down": { "texture": "#shoulder-sling-plain-weapon-metal", "uv": [ 9.5, 4.5, 10.0, 5.5 ], "autoUv": false }
													}
												}
											]
										}
									]
								}
							]
						},
						{
							"name": "Pin",
							"from": [ -0.8, -0.08, -1.92 ],
							"to": [ 1.2, 0.32, -1.52 ],
							"rotationOrigin": [ -0.8, -0.08, -1.92 ],
							"faces": {
								"north": { "texture": "#shoulder-sling-plain-weapon-metal", "uv": [ 0.0, 0.0, 2.5, 0.5 ], "autoUv": false },
								"east": { "texture": "#shoulder-sling-plain-weapon-metal", "uv": [ 0.0, 0.0, 0.5, 0.5 ], "autoUv": false },
								"south": { "texture": "#shoulder-sling-plain-weapon-metal", "uv": [ 0.0, 0.0, 2.5, 0.5 ], "autoUv": false },
								"west": { "texture": "#shoulder-sling-plain-weapon-metal", "uv": [ 0.0, 0.0, 0.5, 0.5 ], "autoUv": false },
								"up": { "texture": "#shoulder-sling-plain-weapon-metal", "uv": [ 0.0, 0.0, 2.5, 0.5 ], "autoUv": false },
								"down": { "texture": "#shoulder-sling-plain-weapon-metal", "uv": [ 0.0, 0.0, 2.5, 0.5 ], "autoUv": false }
							}
						}
					]
				},
				{
					"name": "Sling_origin",
					"from": [ 4.0, 5.0, 0.0 ],
					"to": [ 4.0, 5.0, 0.0 ],
					"rotationOrigin": [ 4.0, 5.0, 0.0 ],
					"faces": {
						"north": { "texture": "#shoulder-sling-plain-material", "uv": [ 0.0, 0.0, 0.5, 0.5 ] },
						"east": { "texture": "#shoulder-sling-plain-material", "uv": [ 0.0, 0.0, 0.5, 0.5 ] },
						"south": { "texture": "#shoulder-sling-plain-material", "uv": [ 0.0, 0.0, 0.5, 0.5 ] },
						"west": { "texture": "#shoulder-sling-plain-material", "uv": [ 0.0, 0.0, 0.5, 0.5 ] },
						"up": { "texture": "#shoulder-sling-plain-material", "uv": [ 0.0, 0.0, 0.5, 0.5 ] },
						"down": { "texture": "#shoulder-sling-plain-material", "uv": [ 0.0, 0.0, 0.5, 0.5 ] }
					},
					"children": [
						{
							"name": "sling_0",
							"from": [ -4.6, 0.0, 0.1 ],
							"to": [ 1.2, 0.6, 0.6 ],
							"rotationOrigin": [ -4.6, 0.0, 0.1 ],
							"faces": {
								"north": { "texture": "#shoulder-sling-plain-material", "uv": [ 0.0, 0.0, 5.5, 0.5 ] },
								"east": { "texture": "#shoulder-sling-plain-material", "uv": [ 0.0, 0.0, 0.5, 0.5 ] },
								"south": { "texture": "#shoulder-sling-plain-material", "uv": [ 0.0, 0.0, 5.5, 0.5 ] },
								"west": { "texture": "#shoulder-sling-plain-material", "uv": [ 0.0, 0.0, 0.5, 0.5 ] },
								"up": { "texture": "#shoulder-sling-plain-material", "uv": [ 0.0, 0.0, 5.5, 0.5 ] },
								"down": { "texture": "#shoulder-sling-plain-material", "uv": [ 0.0, 0.0, 5.5, 0.5 ] }
							},
							"children": [
								{
									"name": "sling_2",
									"from": [ 0.0, 0.0, 0.0 ],
									"to": [ 5.0, 0.6, 0.5 ],
									"rotationOrigin": [ 0.0, 0.0, 0.0 ],
									"rotationX": -5.0,
									"rotationZ": -90.0,
									"faces": {
										"north": { "texture": "#shoulder-sling-plain-material", "uv": [ 0.0, 0.0, 5.0, 0.5 ] },
										"east": { "texture": "#shoulder-sling-plain-material", "uv": [ 0.0, 0.0, 0.5, 0.5 ] },
										"south": { "texture": "#shoulder-sling-plain-material", "uv": [ 0.0, 0.0, 5.0, 0.5 ] },
										"west": { "texture": "#shoulder-sling-plain-material", "uv": [ 0.0, 0.0, 0.5, 0.5 ] },
										"up": { "texture": "#shoulder-sling-plain-material", "uv": [ 0.0, 0.0, 5.0, 0.5 ] },
										"down": { "texture": "#shoulder-sling-plain-material", "uv": [ 0.0, 0.0, 5.0, 0.5 ] }
									},
									"children": [
										{
											"name": "sling_4",
											"from": [ 5.0, 0.0, 0.0 ],
											"to": [ 18.5, 0.6, 0.5 ],
											"rotationOrigin": [ 5.0, 0.0, 0.5 ],
											"rotationY": 1.0,
											"rotationZ": 36.9,
											"faces": {
												"north": { "texture": "#shoulder-sling-plain-material", "uv": [ 0.0, 0.0, 13.5, 0.5 ] },
												"east": { "texture": "#shoulder-sling-plain-material", "uv": [ 0.0, 0.0, 0.5, 0.5 ] },
												"south": { "texture": "#shoulder-sling-plain-material", "uv": [ 0.0, 0.0, 13.5, 0.5 ] },
												"west": { "texture": "#shoulder-sling-plain-material", "uv": [ 0.0, 0.0, 0.5, 0.5 ] },
												"up": { "texture": "#shoulder-sling-plain-material", "uv": [ 0.0, 0.0, 13.5, 0.5 ] },
												"down": { "texture": "#shoulder-sling-plain-material", "uv": [ 0.0, 0.0, 13.5, 0.5 ] }
											}
										}
									]
								}
							]
						},
						{
							"name": "sling_1",
							"from": [ 0.9, 0.1, -0.2 ],
							"to": [ 1.9, 0.4, 0.9 ],
							"rotationOrigin": [ 0.9, 0.1, -0.2 ],
							"faces": {
								"north": { "texture": "#shoulder-sling-plain-metal", "uv": [ 0.0, 0.0, 1.0, 0.5 ] },
								"east": { "texture": "#shoulder-sling-plain-metal", "uv": [ 0.0, 0.0, 1.0, 0.5 ] },
								"south": { "texture": "#shoulder-sling-plain-metal", "uv": [ 0.0, 0.0, 1.0, 0.5 ] },
								"west": { "texture": "#shoulder-sling-plain-metal", "uv": [ 0.0, 0.0, 1.0, 0.5 ] },
								"up": { "texture": "#shoulder-sling-plain-metal", "uv": [ 0.0, 0.0, 1.0, 1.0 ] },
								"down": { "texture": "#shoulder-sling-plain-metal", "uv": [ 0.0, 0.0, 1.0, 1.0 ] }
							}
						},
						{
							"name": "sling_3",
							"from": [ 3.4, -15.5, 0.9 ],
							"to": [ 4.4, -15.2, 2.0 ],
							"rotationOrigin": [ 3.4, -15.5, 0.9 ],
							"faces": {
								"north": { "texture": "#shoulder-sling-plain-metal", "uv": [ 0.0, 0.0, 1.0, 0.5 ] },
								"east": { "texture": "#shoulder-sling-plain-metal", "uv": [ 0.0, 0.0, 1.0, 0.5 ] },
								"south": { "texture": "#shoulder-sling-plain-metal", "uv": [ 0.0, 0.0, 1.0, 0.5 ] },
								"west": { "texture": "#shoulder-sling-plain-metal", "uv": [ 0.0, 0.0, 1.0, 0.5 ] },
								"up": { "texture": "#shoulder-sling-plain-metal", "uv": [ 0.0, 0.0, 1.0, 1.0 ] },
								"down": { "texture": "#shoulder-sling-plain-metal", "uv": [ 0.0, 0.0, 1.0, 1.0 ] }
							}
						}
					]
				}
			]
		}
	],
	"animations": [
		{
			"name": "draw",
			"code": "draw",
			"quantityframes": 54,
			"onActivityStopped": "Rewind",
			"onAnimationEnd": "Hold",
			"keyframes": [
				{
					"frame": 0,
					"elements": {
						"String": { "offsetX": 0.0, "offsetY": 0.0, "offsetZ": 0.0 },
						"String_6": { "rotationX": 0.0, "rotationY": 0.0, "rotationZ": 0.0 },
						"String_2": { "rotationX": 0.0, "rotationY": 0.0, "rotationZ": 0.0 },
						"Bow_right_limb_1": { "rotationX": 0.0, "rotationY": 0.0, "rotationZ": 0.0 },
						"Bow_right_limb_2": { "rotationX": 0.0, "rotationY": 0.0, "rotationZ": 0.0 },
						"Bow_right_limb_3": { "rotationX": 0.0, "rotationY": 0.0, "rotationZ": 0.0 },
						"Bow_right_limb_4": { "rotationX": 0.0, "rotationY": 0.0, "rotationZ": 0.0 },
						"Bow_right_limb_5": { "rotationX": 0.0, "rotationY": 0.0, "rotationZ": 0.0 },
						"Bow_right_limb_13": { "rotationX": 0.0, "rotationY": 0.0, "rotationZ": 0.0 },
						"Bow_right_limb_7": { "rotationX": 0.0, "rotationY": 0.0, "rotationZ": 0.0 },
						"Bow_right_limb_8": { "rotationX": 0.0, "rotationY": 0.0, "rotationZ": 0.0 },
						"Bow_right_limb_9": { "rotationX": 0.0, "rotationY": 0.0, "rotationZ": 0.0 },
						"Bow_right_limb_10": { "rotationX": 0.0, "rotationY": 0.0, "rotationZ": 0.0 },
						"Bow_right_limb_11": { "rotationX": 0.0, "rotationY": 0.0, "rotationZ": 0.0 },
						"Bow_right_limb_14": { "rotationX": 0.0, "rotationY": 0.0, "rotationZ": 0.0 },
						"Latch": { "rotationX": 0.0, "rotationY": 0.0, "rotationZ": 0.0 },
						"Trigger_mechanism": { "rotationX": 0.0, "rotationY": 0.0, "rotationZ": 0.0 },
						"Wheel": { "rotationX": -78.0, "rotationY": 0.0, "rotationZ": 0.0 },
						"Trigger": { "rotationX": 12.0, "rotationY": 0.0, "rotationZ": 0.0 },
						"latch_16": { "rotationX": -24.0, "rotationY": 0.0, "rotationZ": 0.0 },
						"Stock_front_22": { "offsetX": 0.0, "offsetY": 0.0, "offsetZ": 0.0, "rotationX": 0.0, "rotationY": 0.0, "rotationZ": 0.0 },
						"Attachment_bolt": { "offsetX": 0.0, "offsetY": 0.0, "offsetZ": 0.0 }
					}
				},
				{
					"frame": 1,
					"elements": {
						"Stock_front_22": { "offsetX": 0.0, "offsetY": 0.0, "offsetZ": 0.08, "rotationX": 5.0, "rotationY": 0.0, "rotationZ": 0.0 }
					}
				},
				{
					"frame": 6,
					"elements": {
						"Stock_front_22": { "offsetX": 0.0, "offsetY": 0.0, "offsetZ": 0.0, "rotationX": 0.0, "rotationY": 0.0, "rotationZ": 0.0 }
					}
				},
				{
					"frame": 15,
					"elements": {
						"Latch": { "rotationX": -82.0, "rotationY": 0.0, "rotationZ": 0.0 },
						"Trigger_mechanism": { "rotationX": 45.5, "rotationY": 0.0, "rotationZ": 0.0 },
						"Wheel": { "rotationX": -78.0, "rotationY": 0.0, "rotationZ": 0.0 },
						"Trigger": { "rotationX": 11.0, "rotationY": 0.0, "rotationZ": 0.0 },
						"latch_16": { "rotationX": -24.0, "rotationY": 0.0, "rotationZ": 0.0 }
					}
				},
				{
					"frame": 20,
					"elements": {
						"String": { "offsetX": 0.0, "offsetY": 0.0, "offsetZ": 0.0 },
						"String_2": { "rotationX": 0.0, "rotationY": 0.0, "rotationZ": 0.0 },
						"String_6": { "rotationX": 0.0, "rotationY": 0.0, "rotationZ": 0.0 },
						"Bow_right_limb_1": { "rotationX": 0.0, "rotationY": 0.0, "rotationZ": 0.0 },
						"Bow_right_limb_2": { "rotationX": 0.0, "rotationY": 0.0, "rotationZ": 0.0 },
						"Bow_right_limb_3": { "rotationX": 0.0, "rotationY": 0.0, "rotationZ": 0.0 },
						"Bow_right_limb_4": { "rotationX": 0.0, "rotationY": 0.0, "rotationZ": 0.0 },
						"Bow_right_limb_5": { "rotationX": 0.0, "rotationY": 0.0, "rotationZ": 0.0 },
						"Bow_right_limb_13": { "rotationX": 0.0, "rotationY": 0.0, "rotationZ": 0.0 },
						"Bow_right_limb_7": { "rotationX": 0.0, "rotationY": 0.0, "rotationZ": 0.0 },
						"Bow_right_limb_8": { "rotationX": 0.0, "rotationY": 0.0, "rotationZ": 0.0 },
						"Bow_right_limb_9": { "rotationX": 0.0, "rotationY": 0.0, "rotationZ": 0.0 },
						"Bow_right_limb_10": { "rotationX": 0.0, "rotationY": 0.0, "rotationZ": 0.0 },
						"Bow_right_limb_11": { "rotationX": 0.0, "rotationY": 0.0, "rotationZ": 0.0 },
						"Bow_right_limb_14": { "rotationX": 0.0, "rotationY": 0.0, "rotationZ": 0.0 },
						"Latch": { "rotationX": -95.0, "rotationY": 0.0, "rotationZ": 0.0 },
						"Trigger_mechanism": { "rotationX": 53.5, "rotationY": 0.0, "rotationZ": 0.0 },
						"Wheel": { "rotationX": 0.0, "rotationY": 0.0, "rotationZ": 0.0 },
						"Trigger": { "rotationX": 0.0, "rotationY": 0.0, "rotationZ": 0.0 },
						"latch_16": { "rotationX": 0.0, "rotationY": 0.0, "rotationZ": 0.0 }
					}
				},
				{
					"frame": 25,
					"elements": {
						"String": { "offsetX": 0.0, "offsetY": 0.0, "offsetZ": 0.0 },
						"String_2": { "rotationX": 0.0, "rotationY": 0.0, "rotationZ": 0.0 },
						"String_6": { "rotationX": 0.0, "rotationY": 0.0, "rotationZ": 0.0 },
						"Bow_right_limb_1": { "rotationX": 0.0, "rotationY": 0.0, "rotationZ": 0.0 },
						"Bow_right_limb_2": { "rotationX": 0.0, "rotationY": 0.0, "rotationZ": 0.0 },
						"Bow_right_limb_3": { "rotationX": 0.0, "rotationY": 0.0, "rotationZ": 0.0 },
						"Bow_right_limb_4": { "rotationX": 0.0, "rotationY": 0.0, "rotationZ": 0.0 },
						"Bow_right_limb_5": { "rotationX": 0.0, "rotationY": 0.0, "rotationZ": 0.0 },
						"Bow_right_limb_13": { "rotationX": 0.0, "rotationY": 0.0, "rotationZ": 0.0 },
						"Bow_right_limb_7": { "rotationX": 0.0, "rotationY": 0.0, "rotationZ": 0.0 },
						"Bow_right_limb_8": { "rotationX": 0.0, "rotationY": 0.0, "rotationZ": 0.0 },
						"Bow_right_limb_9": { "rotationX": 0.0, "rotationY": 0.0, "rotationZ": 0.0 },
						"Bow_right_limb_10": { "rotationX": 0.0, "rotationY": 0.0, "rotationZ": 0.0 },
						"Bow_right_limb_11": { "rotationX": 0.0, "rotationY": 0.0, "rotationZ": 0.0 },
						"Bow_right_limb_14": { "rotationX": 0.0, "rotationY": 0.0, "rotationZ": 0.0 },
						"Stock_front_22": { "rotationX": 0.0, "rotationY": 0.0, "rotationZ": 0.0 },
						"Attachment_bolt": { "offsetX": 0.0, "offsetY": 0.0, "offsetZ": 0.0 },
						"Latch": { "rotationX": -95.0, "rotationY": 0.0, "rotationZ": 0.0 },
						"Trigger_mechanism": { "rotationX": 53.5, "rotationY": 0.0, "rotationZ": 0.0 },
						"Wheel": { "rotationX": 0.0, "rotationY": 0.0, "rotationZ": 0.0 },
						"Trigger": { "rotationX": 0.0, "rotationY": 0.0, "rotationZ": 0.0 },
						"latch_16": { "rotationX": 0.0, "rotationY": 0.0, "rotationZ": 0.0 }
					}
				},
				{
					"frame": 30,
					"elements": {
						"String": { "offsetX": 0.0, "offsetY": 0.4, "offsetZ": 0.64 },
						"String_6": { "rotationX": 0.0, "rotationY": -4.0, "rotationZ": -3.0 },
						"String_2": { "rotationX": 0.0, "rotationY": 4.0, "rotationZ": -3.0 }
					}
				},
				{
					"frame": 35,
					"elements": {
						"String": { "offsetX": 0.0, "offsetY": 0.8, "offsetZ": 1.36 },
						"String_6": { "rotationX": 0.0, "rotationY": -9.0, "rotationZ": -6.5 },
						"String_2": { "rotationX": 0.0, "rotationY": 9.0, "rotationZ": -6.5 }
					}
				},
				{
					"frame": 40,
					"elements": {
						"String": { "offsetX": 0.0, "offsetY": 0.8, "offsetZ": 2.08 },
						"String_2": { "rotationX": 0.0, "rotationY": 13.0, "rotationZ": -6.0 },
						"String_6": { "rotationX": 0.0, "rotationY": -13.0, "rotationZ": -6.0 }
					}
				},
				{
					"frame": 45,
					"elements": {
						"String": { "offsetX": 0.0, "offsetY": 0.56, "offsetZ": 2.72 },
						"String_6": { "rotationX": 0.0, "rotationY": -17.0, "rotationZ": -4.0 }
					}
				},
				{
					"frame": 49,
					"elements": {
						"Stock_front_22": { "rotationX": 0.0, "rotationY": 0.0, "rotationZ": 0.0 }
					}
				},
				{
					"frame": 50,
					"elements": {
						"String": { "offsetX": 0.0, "offsetY": 0.24, "offsetZ": 3.2 },
						"String_2": { "rotationX": 0.0, "rotationY": 20.0, "rotationZ": -1.5 },
						"String_6": { "rotationX": 0.0, "rotationY": -20.0, "rotationZ": -1.5 },
						"Bow_right_limb_1": { "rotationX": 0.0, "rotationY": -2.0, "rotationZ": 0.0 },
						"Bow_right_limb_2": { "rotationX": 0.0, "rotationY": -2.0, "rotationZ": 0.0 },
						"Bow_right_limb_3": { "rotationX": 0.0, "rotationY": -2.0, "rotationZ": 0.0 },
						"Bow_right_limb_4": { "rotationX": 0.0, "rotationY": -2.0, "rotationZ": 0.0 },
						"Bow_right_limb_5": { "rotationX": 0.0, "rotationY": -3.0, "rotationZ": 0.0 },
						"Bow_right_limb_13": { "rotationX": 0.0, "rotationY": 0.0, "rotationZ": 0.0 },
						"Bow_right_limb_7": { "rotationX": 0.0, "rotationY": 2.0, "rotationZ": 0.0 },
						"Bow_right_limb_8": { "rotationX": 0.0, "rotationY": -2.0, "rotationZ": 0.0 },
						"Bow_right_limb_9": { "rotationX": 0.0, "rotationY": -2.0, "rotationZ": 0.0 },
						"Bow_right_limb_10": { "rotationX": 0.0, "rotationY": -2.0, "rotationZ": 0.0 },
						"Bow_right_limb_11": { "rotationX": 0.0, "rotationY": -2.0, "rotationZ": 0.0 },
						"Bow_right_limb_14": { "rotationX": 0.0, "rotationY": 0.0, "rotationZ": 0.0 },
						"Latch": { "rotationX": 1.0, "rotationY": 0.0, "rotationZ": 0.0 },
						"Trigger_mechanism": { "rotationX": -1.0, "rotationY": 0.0, "rotationZ": 0.0 },
						"Wheel": { "rotationX": 0.0, "rotationY": 0.0, "rotationZ": 0.0 },
						"Trigger": { "rotationX": 0.0, "rotationY": 0.0, "rotationZ": 0.0 },
						"Stock_front_22": { "rotationX": -36.0, "rotationY": 0.0, "rotationZ": 0.0 }
					}
				},
				{
					"frame": 53,
					"elements": {
						"String": { "offsetX": 0.0, "offsetY": 0.24, "offsetZ": 3.2 },
						"String_2": { "rotationX": 0.0, "rotationY": 20.0, "rotationZ": -1.5 },
						"String_6": { "rotationX": 0.0, "rotationY": -20.0, "rotationZ": -1.5 },
						"Bow_right_limb_1": { "rotationX": 0.0, "rotationY": -2.0, "rotationZ": 0.0 },
						"Bow_right_limb_2": { "rotationX": 0.0, "rotationY": -2.0, "rotationZ": 0.0 },
						"Bow_right_limb_3": { "rotationX": 0.0, "rotationY": -2.0, "rotationZ": 0.0 },
						"Bow_right_limb_4": { "rotationX": 0.0, "rotationY": -2.0, "rotationZ": 0.0 },
						"Bow_right_limb_5": { "rotationX": 0.0, "rotationY": -3.0, "rotationZ": 0.0 },
						"Bow_right_limb_13": { "rotationX": 0.0, "rotationY": 0.0, "rotationZ": 0.0 },
						"Bow_right_limb_7": { "rotationX": 0.0, "rotationY": 2.0, "rotationZ": 0.0 },
						"Bow_right_limb_8": { "rotationX": 0.0, "rotationY": -2.0, "rotationZ": 0.0 },
						"Bow_right_limb_9": { "rotationX": 0.0, "rotationY": -2.0, "rotationZ": 0.0 },
						"Bow_right_limb_10": { "rotationX": 0.0, "rotationY": -2.0, "rotationZ": 0.0 },
						"Bow_right_limb_11": { "rotationX": 0.0, "rotationY": -2.0, "rotationZ": 0.0 },
						"Bow_right_limb_14": { "rotationX": 0.0, "rotationY": 0.0, "rotationZ": 0.0 },
						"Stock_front_22": { "rotationX": 0.0, "rotationY": 0.0, "rotationZ": 0.0 },
						"Latch": { "rotationX": 0.0, "rotationY": 0.0, "rotationZ": 0.0 },
						"Trigger_mechanism": { "rotationX": 0.0, "rotationY": 0.0, "rotationZ": 0.0 },
						"Wheel": { "rotationX": 0.0, "rotationY": 0.0, "rotationZ": 0.0 },
						"Trigger": { "rotationX": 0.0, "rotationY": 0.0, "rotationZ": 0.0 }
					}
				}
			]
		},

		{
			"name": "load",
			"code": "load",
			"quantityframes": 30,
			"onActivityStopped": "Rewind",
			"onAnimationEnd": "Hold",
			"keyframes": [
				{
					"frame": 0,
					"elements": {
						"Attachment_bolt": { "offsetX": 0.0, "offsetY": 20.0, "offsetZ": 5.6, "rotationX": 90.0, "rotationY": 0.0, "rotationZ": 0.0 },
						"String": { "offsetX": 0.0, "offsetY": 0.24, "offsetZ": 3.2 },
						"String_2": { "rotationX": 0.0, "rotationY": 20.0, "rotationZ": -1.5 },
						"String_6": { "rotationX": 0.0, "rotationY": -20.0, "rotationZ": -1.5 },
						"Bow_right_limb_1": { "rotationX": 0.0, "rotationY": -2.0, "rotationZ": 0.0 },
						"Bow_right_limb_2": { "rotationX": 0.0, "rotationY": -2.0, "rotationZ": 0.0 },
						"Bow_right_limb_3": { "rotationX": 0.0, "rotationY": -2.0, "rotationZ": 0.0 },
						"Bow_right_limb_4": { "rotationX": 0.0, "rotationY": -2.0, "rotationZ": 0.0 },
						"Bow_right_limb_5": { "rotationX": 0.0, "rotationY": -3.0, "rotationZ": 0.0 },
						"Bow_right_limb_13": { "rotationX": 0.0, "rotationY": 0.0, "rotationZ": 0.0 },
						"Bow_right_limb_7": { "rotationX": 0.0, "rotationY": 2.0, "rotationZ": 0.0 },
						"Bow_right_limb_8": { "rotationX": 0.0, "rotationY": -2.0, "rotationZ": 0.0 },
						"Bow_right_limb_9": { "rotationX": 0.0, "rotationY": -2.0, "rotationZ": 0.0 },
						"Bow_right_limb_10": { "rotationX": 0.0, "rotationY": -2.0, "rotationZ": 0.0 },
						"Bow_right_limb_11": { "rotationX": 0.0, "rotationY": -2.0, "rotationZ": 0.0 },
						"Bow_right_limb_14": { "rotationX": 0.0, "rotationY": 0.0, "rotationZ": 0.0 },
						"Stock_front_22": { "rotationX": 0.0, "rotationY": 0.0, "rotationZ": 0.0 },
						"Latch": { "rotationX": 0.0, "rotationY": 0.0, "rotationZ": 0.0 },
						"Trigger_mechanism": { "rotationX": 0.0, "rotationY": 0.0, "rotationZ": 0.0 },
						"Wheel": { "rotationX": 0.0, "rotationY": 0.0, "rotationZ": 0.0 },
						"Trigger": { "rotationX": 0.0, "rotationY": 0.0, "rotationZ": 0.0 }
					}
				},
				{
					"frame": 15,
					"elements": {
						"Attachment_bolt": { "offsetX": 0.0, "offsetY": 2.4, "offsetZ": -1.6, "rotationX": 28.0, "rotationY": 0.0, "rotationZ": 0.0 }
					}
				},
				{
					"frame": 29,
					"elements": {
						"Attachment_bolt": { "offsetX": 0.0, "offsetY": 0.0, "offsetZ": 0.0, "rotationX": 0.0, "rotationY": 0.0, "rotationZ": 0.0 },
						"String": { "offsetX": 0.0, "offsetY": 0.24, "offsetZ": 3.2 },
						"String_2": { "rotationX": 0.0, "rotationY": 20.0, "rotationZ": -1.5 },
						"String_6": { "rotationX": 0.0, "rotationY": -20.0, "rotationZ": -1.5 },
						"Bow_right_limb_1": { "rotationX": 0.0, "rotationY": -2.0, "rotationZ": 0.0 },
						"Bow_right_limb_2": { "rotationX": 0.0, "rotationY": -2.0, "rotationZ": 0.0 },
						"Bow_right_limb_3": { "rotationX": 0.0, "rotationY": -2.0, "rotationZ": 0.0 },
						"Bow_right_limb_4": { "rotationX": 0.0, "rotationY": -2.0, "rotationZ": 0.0 },
						"Bow_right_limb_5": { "rotationX": 0.0, "rotationY": -3.0, "rotationZ": 0.0 },
						"Bow_right_limb_13": { "rotationX": 0.0, "rotationY": 0.0, "rotationZ": 0.0 },
						"Bow_right_limb_7": { "rotationX": 0.0, "rotationY": 2.0, "rotationZ": 0.0 },
						"Bow_right_limb_8": { "rotationX": 0.0, "rotationY": -2.0, "rotationZ": 0.0 },
						"Bow_right_limb_9": { "rotationX": 0.0, "rotationY": -2.0, "rotationZ": 0.0 },
						"Bow_right_limb_10": { "rotationX": 0.0, "rotationY": -2.0, "rotationZ": 0.0 },
						"Bow_right_limb_11": { "rotationX": 0.0, "rotationY": -2.0, "rotationZ": 0.0 },
						"Bow_right_limb_14": { "rotationX": 0.0, "rotationY": 0.0, "rotationZ": 0.0 },
						"Stock_front_22": { "rotationX": 0.0, "rotationY": 0.0, "rotationZ": 0.0 },
						"Latch": { "rotationX": 0.0, "rotationY": 0.0, "rotationZ": 0.0 },
						"Trigger_mechanism": { "rotationX": 0.0, "rotationY": 0.0, "rotationZ": 0.0 },
						"Wheel": { "rotationX": 0.0, "rotationY": 0.0, "rotationZ": 0.0 },
						"Trigger": { "rotationX": 0.0, "rotationY": 0.0, "rotationZ": 0.0 }
					}
				}
			]
		},

		{
			"name": "release",
			"code": "release",
			"quantityframes": 16,
			"onActivityStopped": "Rewind",
			"onAnimationEnd": "Hold",
			"keyframes": [
				{
					"frame": 0,
					"elements": {
						"String": { "offsetX": 0.0, "offsetY": 0.24, "offsetZ": 3.2 },
						"String_2": { "rotationX": 0.0, "rotationY": 20.0, "rotationZ": -1.5 },
						"String_6": { "rotationX": 0.0, "rotationY": -20.0, "rotationZ": -1.5 },
						"Bow_right_limb_1": { "rotationX": 0.0, "rotationY": -2.0, "rotationZ": 0.0 },
						"Bow_right_limb_2": { "rotationX": 0.0, "rotationY": -2.0, "rotationZ": 0.0 },
						"Bow_right_limb_3": { "rotationX": 0.0, "rotationY": -2.0, "rotationZ": 0.0 },
						"Bow_right_limb_4": { "rotationX": 0.0, "rotationY": -2.0, "rotationZ": 0.0 },
						"Bow_right_limb_5": { "rotationX": 0.0, "rotationY": -3.0, "rotationZ": 0.0 },
						"Bow_right_limb_13": { "rotationX": 0.0, "rotationY": 0.0, "rotationZ": 0.0 },
						"Bow_right_limb_7": { "rotationX": 0.0, "rotationY": 2.0, "rotationZ": 0.0 },
						"Bow_right_limb_8": { "rotationX": 0.0, "rotationY": -2.0, "rotationZ": 0.0 },
						"Bow_right_limb_9": { "rotationX": 0.0, "rotationY": -2.0, "rotationZ": 0.0 },
						"Bow_right_limb_10": { "rotationX": 0.0, "rotationY": -2.0, "rotationZ": 0.0 },
						"Bow_right_limb_11": { "rotationX": 0.0, "rotationY": -2.0, "rotationZ": 0.0 },
						"Bow_right_limb_14": { "rotationX": 0.0, "rotationY": 0.0, "rotationZ": 0.0 },
						"Stock_front_22": { "rotationX": 0.0, "rotationY": 0.0, "rotationZ": 0.0 },
						"Latch": { "rotationX": 0.0, "rotationY": 0.0, "rotationZ": 0.0 },
						"Trigger_mechanism": { "rotationX": 0.0, "rotationY": 0.0, "rotationZ": 0.0 },
						"Wheel": { "rotationX": 0.0, "rotationY": 0.0, "rotationZ": 0.0 },
						"Trigger": { "rotationX": 0.0, "rotationY": 0.0, "rotationZ": 0.0 }
					}
				},
				{
					"frame": 5,
					"elements": {
						"String": { "offsetX": 0.0, "offsetY": 0.24, "offsetZ": 3.2 },
						"String_2": { "rotationX": 0.0, "rotationY": 20.0, "rotationZ": -1.5 },
						"String_6": { "rotationX": 0.0, "rotationY": -20.0, "rotationZ": -1.5 },
						"Bow_right_limb_1": { "rotationX": 0.0, "rotationY": -2.0, "rotationZ": 0.0 },
						"Bow_right_limb_2": { "rotationX": 0.0, "rotationY": -2.0, "rotationZ": 0.0 },
						"Bow_right_limb_3": { "rotationX": 0.0, "rotationY": -2.0, "rotationZ": 0.0 },
						"Bow_right_limb_4": { "rotationX": 0.0, "rotationY": -2.0, "rotationZ": 0.0 },
						"Bow_right_limb_5": { "rotationX": 0.0, "rotationY": -3.0, "rotationZ": 0.0 },
						"Bow_right_limb_13": { "rotationX": 0.0, "rotationY": 0.0, "rotationZ": 0.0 },
						"Bow_right_limb_7": { "rotationX": 0.0, "rotationY": 2.0, "rotationZ": 0.0 },
						"Bow_right_limb_8": { "rotationX": 0.0, "rotationY": -2.0, "rotationZ": 0.0 },
						"Bow_right_limb_9": { "rotationX": 0.0, "rotationY": -2.0, "rotationZ": 0.0 },
						"Bow_right_limb_10": { "rotationX": 0.0, "rotationY": -2.0, "rotationZ": 0.0 },
						"Bow_right_limb_11": { "rotationX": 0.0, "rotationY": -2.0, "rotationZ": 0.0 },
						"Bow_right_limb_14": { "rotationX": 0.0, "rotationY": 0.0, "rotationZ": 0.0 },
						"Stock_front_22": { "rotationX": 0.0, "rotationY": 0.0, "rotationZ": 0.0 },
						"Latch": { "rotationX": 0.0, "rotationY": 0.0, "rotationZ": 0.0 },
						"Trigger_mechanism": { "rotationX": 0.0, "rotationY": 0.0, "rotationZ": 0.0 },
						"Wheel": { "rotationX": 0.0, "rotationY": 0.0, "rotationZ": 0.0 },
						"Trigger": { "rotationX": 4.0, "rotationY": 0.0, "rotationZ": 0.0 },
						"latch_16": { "rotationX": -8.0, "rotationY": 0.0, "rotationZ": 0.0 },
						"Attachment_bolt": { "offsetX": 0.0, "offsetY": 0.0, "offsetZ": 0.0 }
					}
				},
				{
					"frame": 8,
					"elements": {
						"Wheel": { "rotationX": -90.0, "rotationY": 0.0, "rotationZ": 0.0 },
						"Trigger": { "rotationX": 20.0, "rotationY": 0.0, "rotationZ": 0.0 },
						"latch_16": { "rotationX": -42.0, "rotationY": 0.0, "rotationZ": 0.0 },
						"Attachment_bolt": { "offsetX": 0.0, "offsetY": 0.0, "offsetZ": -1.6 }
					}
				},
				{
					"frame": 10,
					"elements": {
						"String": { "offsetX": 0.0, "offsetY": 0.0, "offsetZ": -0.32 },
						"String_2": { "rotationX": 0.0, "rotationY": 0.0, "rotationZ": -1.0 },
						"String_6": { "rotationX": 0.0, "rotationY": 0.0, "rotationZ": -1.0 },
						"Bow_right_limb_1": { "rotationX": 0.0, "rotationY": 0.0, "rotationZ": 0.0 },
						"Bow_right_limb_2": { "rotationX": 0.0, "rotationY": 1.0, "rotationZ": 0.0 },
						"Bow_right_limb_3": { "rotationX": 0.0, "rotationY": 1.0, "rotationZ": 0.0 },
						"Bow_right_limb_4": { "rotationX": 0.0, "rotationY": 1.0, "rotationZ": 0.0 },
						"Bow_right_limb_5": { "rotationX": 0.0, "rotationY": 1.0, "rotationZ": 0.0 },
						"Bow_right_limb_13": { "rotationX": 0.0, "rotationY": 0.0, "rotationZ": 0.0 },
						"Bow_right_limb_7": { "rotationX": 0.0, "rotationY": 0.0, "rotationZ": 0.0 },
						"Bow_right_limb_8": { "rotationX": 0.0, "rotationY": 1.0, "rotationZ": 0.0 },
						"Bow_right_limb_9": { "rotationX": 0.0, "rotationY": 1.0, "rotationZ": 0.0 },
						"Bow_right_limb_10": { "rotationX": 0.0, "rotationY": 1.0, "rotationZ": 0.0 },
						"Bow_right_limb_11": { "rotationX": 0.0, "rotationY": 1.0, "rotationZ": 0.0 },
						"Bow_right_limb_14": { "rotationX": 0.0, "rotationY": 0.0, "rotationZ": 0.0 },
						"Stock_front_22": { "rotationX": 0.0, "rotationY": 0.0, "rotationZ": 0.0 },
						"Latch": { "rotationX": 0.0, "rotationY": 0.0, "rotationZ": 0.0 },
						"Trigger_mechanism": { "rotationX": 0.0, "rotationY": 0.0, "rotationZ": 0.0 },
						"Wheel": { "rotationX": -78.0, "rotationY": 0.0, "rotationZ": 0.0 },
						"Trigger": { "rotationX": 12.0, "rotationY": 0.0, "rotationZ": 0.0 },
						"latch_16": { "rotationX": -24.0, "rotationY": 0.0, "rotationZ": 0.0 },
						"Attachment_bolt": { "offsetX": 0.0, "offsetY": 0.0, "offsetZ": -3.2 }
					}
				},
				{
					"frame": 15,
					"elements": {
						"Attachment_bolt": { "offsetX": 0.0, "offsetY": 0.0, "offsetZ": -20.0 },
						"Trigger": { "rotationX": 12.0, "rotationY": 0.0, "rotationZ": 0.0 },
						"latch_16": { "rotationX": -24.0, "rotationY": 0.0, "rotationZ": 0.0 },
						"String": { "offsetX": 0.0, "offsetY": 0.0, "offsetZ": 0.0 },
						"String_6": { "rotationX": 0.0, "rotationY": 0.0, "rotationZ": 0.0 },
						"String_2": { "rotationX": 0.0, "rotationY": 0.0, "rotationZ": 0.0 },
						"Bow_right_limb_8": { "rotationX": 0.0, "rotationY": 0.0, "rotationZ": 0.0 },
						"Bow_right_limb_9": { "rotationX": 0.0, "rotationY": 0.0, "rotationZ": 0.0 },
						"Bow_right_limb_10": { "rotationX": 0.0, "rotationY": 0.0, "rotationZ": 0.0 },
						"Bow_right_limb_11": { "rotationX": 0.0, "rotationY": 0.0, "rotationZ": 0.0 },
						"Bow_right_limb_2": { "rotationX": 0.0, "rotationY": 0.0, "rotationZ": 0.0 },
						"Bow_right_limb_3": { "rotationX": 0.0, "rotationY": 0.0, "rotationZ": 0.0 },
						"Bow_right_limb_4": { "rotationX": 0.0, "rotationY": 0.0, "rotationZ": 0.0 },
						"Bow_right_limb_5": { "rotationX": 0.0, "rotationY": 0.0, "rotationZ": 0.0 }
					}
				}
			]
		}
	]
}