{
	"editor": {
		"backDropShape": "E:/Programs/VSModelCreator/seraph-faceless",
		"collapsedPaths": "Root/Pistol/Stock,Root/Pistol/Barrel,Root/Pistol/Wheellock/Plate,Root/Carbine/Band_third,Root/Carbine/Flask_origin,Root/Pistol/Ramrod,Root/Pistol/Trigger_assembly/Guard_plate,Root/Carbine/Flintlock,Root/Arquebus_origin/Stock,Root/Pistol/Wheellock/Flint_arm,Root/Arquebus_origin/Barrel,Root/Shoulder-Sling/Weapon_origin,Root/Carbine/Trigger_assembly_2,Root/Pistol/Trigger_assembly/Guard,Root/Pistol/Patch,Root/Pistol/Wheellock,Root/Pistol/Barrel/Barrel_top4,Root/Pistol/Barrel/Barrel_top3,Root/Pistol/Lever_origin,Root/Pistol/Barrel/Barrel_top2,Root/Pistol/Flask_origin/Flask/Bottom_plate,Root/Carbine/Stock,Root/Pistol/Barrel/Barrel_top,Root/Arquebus_origin/Ramrod,Root/Carbine/Patch,Root/Pistol/Flintlock,Root/Carbine/Band_second,Root/Carbine/Trigger_assembly",
		"allAngles": true,
		"entityTextureMode": false
	},
	"textureWidth": 16,
	"textureHeight": 16,
	"textureSizes": {
	},
	"textures": {
		"shoulder-sling-plain-plain": "game:block/cloth/linen/plain",
		"shoulder-sling-plain-material": "game:block/leather/plain",
		"shoulder-sling-plain-brass": "game:block/metal/plate/brass",
		"shoulder-sling-plain-metal": "game:block/metal/plate/brass",
		"shoulder-sling-plain-iron": "game:block/metal/plate/iron",
		"shoulder-sling-plain-weapon-metal": "game:block/metal/plate/steel",
		"shoulder-sling-plain-lead1": "game:block/metal/sheet-plain/lead1",
		"shoulder-sling-plain-flint": "game:block/stone/flint",
		"shoulder-sling-plain-weapon-wood": "game:block/wood/debarked/oak"
	},
	"elements": [
		{
			"name": "Shoulder-Sling",
			"stepParentName": "UpperTorso",
			"from": [ 0.0, 0.0, 5.6 ],
			"to": [ 0.0, 0.0, 5.6 ],
			"rotationOrigin": [ 0.0, 0.0, 5.6 ],
			"faces": {
			},
			"children": [
				{
					"name": "Weapon_origin",
					"from": [ 6.34, -5.6, 1.08 ],
					"to": [ 6.34, -5.6, 1.08 ],
					"rotationOrigin": [ 6.34, -5.6, 1.08 ],
					"rotationX": 86.0,
					"rotationY": 6.0,
					"rotationZ": -90.0,
					"faces": {
					},
					"children": [
						{
							"name": "Ramrod",
							"from": [ -0.12, 0.08, -10.88 ],
							"to": [ 0.12, 0.32, -2.48 ],
							"rotationOrigin": [ -0.08, 0.32, -10.88 ],
							"faces": {
							},
							"children": [
								{
									"name": "Ramrod_shaft",
									"from": [ 0.0, 0.0, 0.0 ],
									"to": [ 0.24, 0.24, 8.4 ],
									"rotationOrigin": [ 0.04, 0.24, 3.2 ],
									"faces": {
										"north": { "texture": "#shoulder-sling-plain-weapon-metal", "uv": [ 0.0, 0.0, 0.5, 0.5 ], "autoUv": false },
										"east": { "texture": "#shoulder-sling-plain-weapon-metal", "uv": [ 0.0, 0.0, 16.0, 0.5 ], "autoUv": false },
										"south": { "texture": "#shoulder-sling-plain-weapon-metal", "uv": [ 0.0, 0.0, 0.5, 0.5 ], "autoUv": false },
										"west": { "texture": "#shoulder-sling-plain-weapon-metal", "uv": [ 0.0, 0.0, 16.0, 0.5 ], "autoUv": false },
										"up": { "texture": "#shoulder-sling-plain-weapon-metal", "uv": [ 0.0, 0.0, 0.5, 16.0 ], "autoUv": false },
										"down": { "texture": "#shoulder-sling-plain-weapon-metal", "uv": [ 0.0, 0.0, 0.5, 16.0 ], "autoUv": false }
									},
									"children": [
										{
											"name": "Ramrod_cap",
											"from": [ -0.04, -0.04, -0.32 ],
											"to": [ 0.28, 0.28, 0.0 ],
											"rotationOrigin": [ 0.0, 0.08, -0.4 ],
											"faces": {
												"north": { "texture": "#shoulder-sling-plain-iron", "uv": [ 0.0, 0.0, 0.5, 0.5 ], "autoUv": false },
												"east": { "texture": "#shoulder-sling-plain-iron", "uv": [ 0.0, 0.0, 0.5, 0.5 ], "autoUv": false },
												"south": { "texture": "#shoulder-sling-plain-iron", "uv": [ 0.0, 0.0, 0.5, 0.5 ], "autoUv": false },
												"west": { "texture": "#shoulder-sling-plain-iron", "uv": [ 0.0, 0.0, 0.5, 0.5 ], "autoUv": false },
												"up": { "texture": "#shoulder-sling-plain-iron", "uv": [ 0.0, 0.0, 0.5, 0.5 ], "autoUv": false },
												"down": { "texture": "#shoulder-sling-plain-iron", "uv": [ 0.0, 0.0, 0.5, 0.5 ], "autoUv": false }
											}
										}
									]
								}
							]
						},
						{
							"name": "Stock",
							"from": [ 0.0, 0.8, -1.6 ],
							"to": [ 0.0, 0.8, -1.6 ],
							"rotationOrigin": [ 0.0, 0.8, -1.6 ],
							"faces": {
								"north": { "texture": "#shoulder-sling-plain-brass", "uv": [ 0.0, 0.0, 0.5, 0.5 ], "autoUv": false },
								"east": { "texture": "#shoulder-sling-plain-brass", "uv": [ 0.0, 0.0, 0.5, 0.5 ], "autoUv": false },
								"south": { "texture": "#shoulder-sling-plain-brass", "uv": [ 0.0, 0.0, 0.5, 0.5 ], "autoUv": false },
								"west": { "texture": "#shoulder-sling-plain-brass", "uv": [ 0.0, 0.0, 0.5, 0.5 ], "autoUv": false },
								"up": { "texture": "#shoulder-sling-plain-brass", "uv": [ 0.0, 0.0, 0.5, 0.5 ], "autoUv": false },
								"down": { "texture": "#shoulder-sling-plain-brass", "uv": [ 0.0, 0.0, 0.5, 0.5 ], "autoUv": false }
							},
							"children": [
								{
									"name": "Underbarrel",
									"from": [ -0.24, -0.96, -20.24 ],
									"to": [ -0.24, -0.96, -20.24 ],
									"rotationOrigin": [ 0.0, 0.0, -1.04 ],
									"faces": {
										"north": { "texture": "#shoulder-sling-plain-brass", "uv": [ 0.0, 0.0, 0.5, 0.5 ], "autoUv": false },
										"east": { "texture": "#shoulder-sling-plain-brass", "uv": [ 0.0, 0.0, 0.5, 0.5 ], "autoUv": false },
										"south": { "texture": "#shoulder-sling-plain-brass", "uv": [ 0.0, 0.0, 0.5, 0.5 ], "autoUv": false },
										"west": { "texture": "#shoulder-sling-plain-brass", "uv": [ 0.0, 0.0, 0.5, 0.5 ], "autoUv": false },
										"up": { "texture": "#shoulder-sling-plain-brass", "uv": [ 0.0, 0.0, 0.5, 0.5 ], "autoUv": false },
										"down": { "texture": "#shoulder-sling-plain-brass", "uv": [ 0.0, 0.0, 0.5, 0.5 ], "autoUv": false }
									},
									"children": [
										{
											"name": "Underbarrel_bottom",
											"from": [ -0.12, 0.08, 12.56 ],
											"to": [ 0.6, 0.88, 18.72 ],
											"rotationOrigin": [ 0.0, 0.24, 12.56 ],
											"rotationX": 2.9,
											"faces": {
												"east": { "texture": "#shoulder-sling-plain-weapon-wood", "uv": [ 7.5, 6.5, 15.0, 7.5 ], "autoUv": false },
												"west": { "texture": "#shoulder-sling-plain-weapon-wood", "uv": [ 8.0, 6.5, 15.5, 7.5 ], "autoUv": false },
												"down": { "texture": "#shoulder-sling-plain-weapon-wood", "uv": [ 6.0, 5.0, 7.0, 10.0 ], "autoUv": false }
											},
											"children": [
												{
													"name": "Underbarrel_bottom_cap",
													"from": [ -0.024, -0.112, 0.0 ],
													"to": [ 0.744, 0.608, 0.216 ],
													"rotationOrigin": [ 0.08, 0.0, 0.0 ],
													"rotationX": -21.0,
													"faces": {
														"north": { "texture": "#shoulder-sling-plain-iron", "uv": [ 0.0, 0.0, 0.5, 0.5 ], "autoUv": false },
														"east": { "texture": "#shoulder-sling-plain-iron", "uv": [ 0.0, 1.0, 0.5, 1.5 ], "autoUv": false },
														"south": { "texture": "#shoulder-sling-plain-iron", "uv": [ 0.0, 0.0, 0.5, 0.5 ], "autoUv": false },
														"west": { "texture": "#shoulder-sling-plain-iron", "uv": [ 0.0, 0.0, 0.5, 0.5 ], "autoUv": false },
														"down": { "texture": "#shoulder-sling-plain-iron", "uv": [ 6.0, 5.0, 6.5, 5.5 ], "autoUv": false }
													}
												}
											]
										},
										{
											"name": "Underbarrel_top",
											"from": [ -0.16, 0.56, 12.4 ],
											"to": [ 0.64, 0.96, 21.76 ],
											"rotationOrigin": [ 0.32, 0.56, 12.4 ],
											"faces": {
												"north": { "texture": "#shoulder-sling-plain-weapon-wood", "uv": [ 0.0, 0.0, 1.0, 0.5 ], "autoUv": false },
												"east": { "texture": "#shoulder-sling-plain-weapon-wood", "uv": [ 1.5, 8.0, 13.0, 8.5 ], "autoUv": false },
												"west": { "texture": "#shoulder-sling-plain-weapon-wood", "uv": [ 2.0, 5.0, 12.8, 5.5 ], "autoUv": false },
												"up": { "texture": "#shoulder-sling-plain-weapon-wood", "uv": [ 0.0, 0.0, 1.0, 11.5 ], "autoUv": false },
												"down": { "texture": "#shoulder-sling-plain-weapon-wood", "uv": [ 0.0, 0.0, 1.0, 11.5 ], "autoUv": false }
											},
											"children": [
												{
													"name": "Underbarrel_top_cap",
													"from": [ -0.04, -0.04, -0.4 ],
													"to": [ 0.84, 0.4, 0.0 ],
													"rotationOrigin": [ 0.32, 0.0, -0.4 ],
													"faces": {
														"north": { "texture": "#shoulder-sling-plain-iron", "uv": [ 0.0, 0.0, 1.0, 0.5 ], "autoUv": false },
														"east": { "texture": "#shoulder-sling-plain-iron", "uv": [ 0.0, 0.0, 0.5, 0.5 ], "autoUv": false },
														"south": { "texture": "#shoulder-sling-plain-iron", "uv": [ 0.0, 0.0, 1.0, 0.5 ], "autoUv": false },
														"west": { "texture": "#shoulder-sling-plain-iron", "uv": [ 0.0, 0.0, 0.5, 0.5 ], "autoUv": false },
														"up": { "texture": "#shoulder-sling-plain-iron", "uv": [ 0.0, 0.0, 1.0, 0.5 ], "autoUv": false },
														"down": { "texture": "#shoulder-sling-plain-iron", "uv": [ 0.0, 0.0, 1.0, 0.5 ], "autoUv": false }
													},
													"children": [
														{
															"name": "Underbarrel_top_cap2",
															"from": [ 0.16, -0.08, 0.08 ],
															"to": [ 0.72, 0.04, 0.32 ],
															"rotationOrigin": [ 0.52, -0.04, 0.08 ],
															"faces": {
																"north": { "texture": "#shoulder-sling-plain-iron", "uv": [ 0.0, 0.0, 0.5, 0.5 ], "autoUv": false },
																"east": { "texture": "#shoulder-sling-plain-iron", "uv": [ 0.0, 0.0, 0.5, 0.5 ], "autoUv": false },
																"south": { "texture": "#shoulder-sling-plain-iron", "uv": [ 0.0, 0.0, 0.5, 0.5 ], "autoUv": false },
																"west": { "texture": "#shoulder-sling-plain-iron", "uv": [ 0.0, 0.0, 0.5, 0.5 ], "autoUv": false },
																"down": { "texture": "#shoulder-sling-plain-iron", "uv": [ 0.0, 0.0, 0.5, 0.5 ], "autoUv": false }
															}
														}
													]
												}
											]
										}
									]
								},
								{
									"name": "Receiver",
									"from": [ 0.0, 0.0, 0.0 ],
									"to": [ 0.0, 0.0, 0.0 ],
									"faces": {
										"north": { "texture": "#shoulder-sling-plain-brass", "uv": [ 0.0, 0.0, 0.5, 0.5 ], "autoUv": false },
										"east": { "texture": "#shoulder-sling-plain-brass", "uv": [ 0.0, 0.0, 0.5, 0.5 ], "autoUv": false },
										"south": { "texture": "#shoulder-sling-plain-brass", "uv": [ 0.0, 0.0, 0.5, 0.5 ], "autoUv": false },
										"west": { "texture": "#shoulder-sling-plain-brass", "uv": [ 0.0, 0.0, 0.5, 0.5 ], "autoUv": false },
										"up": { "texture": "#shoulder-sling-plain-brass", "uv": [ 0.0, 0.0, 0.5, 0.5 ], "autoUv": false },
										"down": { "texture": "#shoulder-sling-plain-brass", "uv": [ 0.0, 0.0, 0.5, 0.5 ], "autoUv": false }
									},
									"children": [
										{
											"name": "Middle_receiver",
											"from": [ -0.4, -1.2, -2.0 ],
											"to": [ 0.4, -0.4, 1.52 ],
											"rotationOrigin": [ 0.0, -1.2, -2.0 ],
											"faces": {
												"north": { "texture": "#shoulder-sling-plain-weapon-wood", "uv": [ 0.0, 0.0, 1.0, 1.0 ], "autoUv": false },
												"east": { "texture": "#shoulder-sling-plain-weapon-wood", "uv": [ 9.5, 6.5, 13.5, 7.5 ], "autoUv": false },
												"south": { "texture": "#shoulder-sling-plain-weapon-wood", "uv": [ 0.0, 0.0, 1.0, 1.0 ], "autoUv": false },
												"west": { "texture": "#shoulder-sling-plain-weapon-wood", "uv": [ 3.0, 8.5, 7.0, 9.5 ], "autoUv": false },
												"up": { "texture": "#shoulder-sling-plain-weapon-wood", "uv": [ 0.0, 0.0, 1.0, 4.0 ], "autoUv": false },
												"down": { "texture": "#shoulder-sling-plain-weapon-wood", "uv": [ 0.0, 0.0, 1.0, 4.0 ], "autoUv": false }
											}
										}
									]
								},
								{
									"name": "Buttstock",
									"from": [ 0.0, 0.0, 0.0 ],
									"to": [ 0.0, 0.0, 0.0 ],
									"rotationOrigin": [ 0.0, 0.0, 1.6 ],
									"faces": {
										"north": { "texture": "#shoulder-sling-plain-brass", "uv": [ 0.0, 0.0, 0.5, 0.5 ], "autoUv": false },
										"east": { "texture": "#shoulder-sling-plain-brass", "uv": [ 0.0, 0.0, 0.5, 0.5 ], "autoUv": false },
										"south": { "texture": "#shoulder-sling-plain-brass", "uv": [ 0.0, 0.0, 0.5, 0.5 ], "autoUv": false },
										"west": { "texture": "#shoulder-sling-plain-brass", "uv": [ 0.0, 0.0, 0.5, 0.5 ], "autoUv": false },
										"up": { "texture": "#shoulder-sling-plain-brass", "uv": [ 0.0, 0.0, 0.5, 0.5 ], "autoUv": false },
										"down": { "texture": "#shoulder-sling-plain-brass", "uv": [ 0.0, 0.0, 0.5, 0.5 ], "autoUv": false }
									},
									"children": [
										{
											"name": "Buttstock_bottom_origin",
											"from": [ -0.408, -0.72, 1.76 ],
											"to": [ -0.408, -0.72, 1.76 ],
											"rotationOrigin": [ 0.0, -0.72, 1.76 ],
											"faces": {
												"north": { "texture": "#shoulder-sling-plain-weapon-wood", "uv": [ 0.0, 0.0, 0.5, 0.5 ], "autoUv": false },
												"east": { "texture": "#shoulder-sling-plain-weapon-wood", "uv": [ 0.0, 0.0, 4.0, 1.0 ], "autoUv": false },
												"south": { "texture": "#shoulder-sling-plain-weapon-wood", "uv": [ 0.0, 0.0, 0.5, 0.5 ], "autoUv": false },
												"west": { "texture": "#shoulder-sling-plain-weapon-wood", "uv": [ 0.0, 0.0, 0.5, 0.5 ], "autoUv": false },
												"up": { "texture": "#shoulder-sling-plain-weapon-wood", "uv": [ 0.0, 0.0, 0.5, 0.5 ], "autoUv": false },
												"down": { "texture": "#shoulder-sling-plain-weapon-wood", "uv": [ 0.0, 0.0, 0.5, 0.5 ], "autoUv": false }
											},
											"children": [
												{
													"name": "Buttstock_bottom2",
													"from": [ 0.016, -0.32, -0.4 ],
													"to": [ 0.8, 0.96, 1.68 ],
													"rotationOrigin": [ 0.408, 0.96, -0.4 ],
													"rotationX": 22.0,
													"faces": {
														"north": { "texture": "#shoulder-sling-plain-weapon-wood", "uv": [ 0.0, 0.0, 0.5, 1.5 ], "autoUv": false },
														"east": { "texture": "#shoulder-sling-plain-weapon-wood", "uv": [ 9.5, 5.0, 12.0, 6.5 ], "autoUv": false },
														"south": { "texture": "#shoulder-sling-plain-weapon-wood", "uv": [ 8.0, 5.5, 8.5, 7.0 ], "autoUv": false, "windMode": [-1,-1,-1,-1] },
														"west": { "texture": "#shoulder-sling-plain-weapon-wood", "uv": [ 13.0, 5.5, 15.5, 7.0 ], "autoUv": false },
														"up": { "texture": "#shoulder-sling-plain-weapon-wood", "uv": [ 1.0, 3.5, 2.0, 6.0 ], "autoUv": false },
														"down": { "texture": "#shoulder-sling-plain-weapon-wood", "uv": [ 0.0, 0.0, 0.5, 2.5 ], "autoUv": false }
													},
													"children": [
														{
															"name": "Buttstock_bottom4",
															"from": [ 0.008, 0.0, 2.08 ],
															"to": [ 0.776, 1.28, 3.76 ],
															"rotationOrigin": [ 0.4, 1.256, 2.08 ],
															"rotationX": 28.0,
															"faces": {
																"north": { "texture": "#shoulder-sling-plain-weapon-wood", "uv": [ 0.0, 0.0, 0.5, 1.5 ], "autoUv": false },
																"east": { "texture": "#shoulder-sling-plain-weapon-wood", "uv": [ 9.5, 5.5, 11.5, 7.0 ], "autoUv": false },
																"west": { "texture": "#shoulder-sling-plain-weapon-wood", "uv": [ 5.5, 6.0, 7.5, 7.5 ], "autoUv": false },
																"up": { "texture": "#shoulder-sling-plain-weapon-wood", "uv": [ 4.0, 0.0, 5.0, 2.0 ], "autoUv": false }
															},
															"children": [
																{
																	"name": "Buttstock_bottom8",
																	"from": [ -0.08, 0.08, 1.6 ],
																	"to": [ 0.88, 1.36, 1.84 ],
																	"rotationOrigin": [ 0.328, 1.12, 1.6 ],
																	"faces": {
																		"north": { "texture": "#shoulder-sling-plain-iron", "uv": [ 0.0, 0.0, 1.0, 1.5 ], "autoUv": false },
																		"east": { "texture": "#shoulder-sling-plain-iron", "uv": [ 0.0, 0.0, 0.5, 1.5 ], "autoUv": false },
																		"south": { "texture": "#shoulder-sling-plain-iron", "uv": [ 0.0, 0.0, 1.0, 1.5 ], "autoUv": false },
																		"west": { "texture": "#shoulder-sling-plain-iron", "uv": [ 0.0, 0.0, 0.5, 1.5 ], "autoUv": false },
																		"up": { "texture": "#shoulder-sling-plain-iron", "uv": [ 0.0, 0.0, 1.0, 0.5 ], "autoUv": false },
																		"down": { "texture": "#shoulder-sling-plain-iron", "uv": [ 0.0, 0.0, 1.0, 0.5 ], "autoUv": false }
																	},
																	"children": [
																		{
																			"name": "Buttstock_bottom11",
																			"from": [ 0.0, -1.04, 0.0 ],
																			"to": [ 0.96, 0.0, 0.24 ],
																			"rotationOrigin": [ 0.408, 0.0, 0.24 ],
																			"rotationX": 19.0,
																			"faces": {
																				"north": { "texture": "#shoulder-sling-plain-iron", "uv": [ 0.0, 0.0, 1.0, 1.0 ], "autoUv": false },
																				"east": { "texture": "#shoulder-sling-plain-iron", "uv": [ 0.0, 0.0, 0.5, 1.0 ], "autoUv": false },
																				"south": { "texture": "#shoulder-sling-plain-iron", "uv": [ 0.0, 0.0, 1.0, 1.0 ], "autoUv": false },
																				"west": { "texture": "#shoulder-sling-plain-iron", "uv": [ 0.0, 0.0, 0.5, 1.0 ], "autoUv": false },
																				"up": { "texture": "#shoulder-sling-plain-iron", "uv": [ 0.0, 0.0, 1.0, 0.5 ], "autoUv": false },
																				"down": { "texture": "#shoulder-sling-plain-iron", "uv": [ 0.0, 0.0, 1.0, 0.5 ], "autoUv": false }
																			}
																		},
																		{
																			"name": "Buttstock_bottom12",
																			"from": [ 0.16, -0.8, 0.16 ],
																			"to": [ 0.8, 0.96, 0.4 ],
																			"rotationOrigin": [ 0.568, 0.8, 0.16 ],
																			"rotationX": 10.0,
																			"faces": {
																				"east": { "texture": "#shoulder-sling-plain-iron", "uv": [ 0.0, 0.0, 0.5, 2.0 ], "autoUv": false },
																				"south": { "texture": "#shoulder-sling-plain-iron", "uv": [ 0.0, 0.0, 1.0, 2.0 ], "autoUv": false },
																				"west": { "texture": "#shoulder-sling-plain-iron", "uv": [ 0.0, 0.0, 0.5, 2.0 ], "autoUv": false },
																				"up": { "texture": "#shoulder-sling-plain-iron", "uv": [ 0.0, 0.0, 0.5, 0.5 ], "autoUv": false },
																				"down": { "texture": "#shoulder-sling-plain-iron", "uv": [ 0.0, 0.0, 0.5, 0.5 ], "autoUv": false }
																			}
																		}
																	]
																},
																{
																	"name": "Buttstock_bottom9",
																	"from": [ 0.008, 0.0, 0.08 ],
																	"to": [ 0.76, 0.56, 1.68 ],
																	"rotationOrigin": [ 0.408, 0.08, 0.08 ],
																	"rotationX": 20.0,
																	"faces": {
																		"east": { "texture": "#shoulder-sling-plain-weapon-wood", "uv": [ 3.0, 5.1, 5.0, 6.0 ], "autoUv": false },
																		"west": { "texture": "#shoulder-sling-plain-weapon-wood", "uv": [ 0.0, 0.0, 2.0, 0.5 ], "autoUv": false },
																		"down": { "texture": "#shoulder-sling-plain-weapon-wood", "uv": [ 0.0, 0.0, 1.0, 2.0 ], "autoUv": false }
																	},
																	"children": [
																		{
																			"name": "Buttstock_bottom10",
																			"from": [ 0.008, 0.0, 1.12 ],
																			"to": [ 0.744, 0.24, 1.68 ],
																			"rotationOrigin": [ 0.408, 0.08, 1.12 ],
																			"rotationX": 35.0,
																			"faces": {
																				"east": { "texture": "#shoulder-sling-plain-weapon-wood", "uv": [ 0.0, 0.0, 0.5, 0.5 ], "autoUv": false },
																				"west": { "texture": "#shoulder-sling-plain-weapon-wood", "uv": [ 0.0, 0.0, 0.5, 0.5 ], "autoUv": false },
																				"down": { "texture": "#shoulder-sling-plain-weapon-wood", "uv": [ 0.0, 0.0, 0.5, 0.5 ], "autoUv": false }
																			}
																		}
																	]
																}
															]
														}
													]
												},
												{
													"name": "Buttstock_bottom6",
													"from": [ 0.0, 0.72, -1.52 ],
													"to": [ 0.816, 0.96, -0.4 ],
													"rotationOrigin": [ 0.408, 1.68, 0.08 ],
													"faces": {
														"north": { "texture": "#shoulder-sling-plain-weapon-wood", "uv": [ 0.0, 0.0, 1.0, 0.5 ], "autoUv": false },
														"east": { "texture": "#shoulder-sling-plain-weapon-wood", "uv": [ 7.0, 6.0, 8.0, 6.5 ], "autoUv": false },
														"south": { "texture": "#shoulder-sling-plain-weapon-wood", "uv": [ 2.5, 5.0, 3.5, 5.5 ], "autoUv": false, "windMode": [-1,-1,-1,-1] },
														"west": { "texture": "#shoulder-sling-plain-weapon-wood", "uv": [ 5.5, 7.0, 6.5, 7.5 ], "autoUv": false },
														"up": { "texture": "#shoulder-sling-plain-weapon-wood", "uv": [ 1.0, 2.5, 2.0, 3.5 ], "autoUv": false },
														"down": { "texture": "#shoulder-sling-plain-weapon-wood", "uv": [ 0.0, 0.0, 1.0, 1.0 ], "autoUv": false }
													},
													"children": [
														{
															"name": "Buttstock_bottom7",
															"from": [ 0.12, 0.0, 0.0 ],
															"to": [ 0.696, 0.24, 1.12 ],
															"rotationOrigin": [ 0.488, 0.24, 1.12 ],
															"rotationX": 6.0,
															"faces": {
																"north": { "texture": "#shoulder-sling-plain-weapon-wood", "uv": [ 0.0, 0.0, 0.5, 0.5 ], "autoUv": false },
																"east": { "texture": "#shoulder-sling-plain-weapon-wood", "uv": [ 2.5, 3.0, 4.5, 4.0 ], "autoUv": false },
																"south": { "texture": "#shoulder-sling-plain-weapon-wood", "uv": [ 0.0, 0.0, 0.5, 0.5 ], "autoUv": false },
																"west": { "texture": "#shoulder-sling-plain-weapon-wood", "uv": [ 0.0, 0.0, 1.0, 0.5 ], "autoUv": false },
																"up": { "texture": "#shoulder-sling-plain-weapon-wood", "uv": [ 1.0, 2.5, 2.0, 4.5 ], "autoUv": false },
																"down": { "texture": "#shoulder-sling-plain-weapon-wood", "uv": [ 0.0, 0.0, 0.5, 1.0 ], "autoUv": false }
															}
														}
													]
												}
											]
										}
									]
								}
							]
						},
						{
							"name": "Barrel",
							"from": [ 0.0, 0.8, -10.0 ],
							"to": [ 0.0, 0.8, -10.0 ],
							"rotationOrigin": [ 0.0, 0.8, -10.0 ],
							"faces": {
								"north": { "texture": "#shoulder-sling-plain-brass", "uv": [ 0.0, 0.0, 0.5, 0.5 ], "autoUv": false },
								"east": { "texture": "#shoulder-sling-plain-brass", "uv": [ 0.0, 0.0, 0.5, 0.5 ], "autoUv": false },
								"south": { "texture": "#shoulder-sling-plain-brass", "uv": [ 0.0, 0.0, 0.5, 0.5 ], "autoUv": false },
								"west": { "texture": "#shoulder-sling-plain-brass", "uv": [ 0.0, 0.0, 0.5, 0.5 ], "autoUv": false },
								"up": { "texture": "#shoulder-sling-plain-brass", "uv": [ 0.0, 0.0, 0.5, 0.5 ], "autoUv": false },
								"down": { "texture": "#shoulder-sling-plain-brass", "uv": [ 0.0, 0.0, 0.5, 0.5 ], "autoUv": false }
							},
							"children": [
								{
									"name": "Barrel_top",
									"from": [ -0.208, 0.12, -0.8 ],
									"to": [ 0.208, 0.32, 8.68 ],
									"rotationOrigin": [ 0.0, 0.0, -0.48 ],
									"faces": {
										"north": { "texture": "#shoulder-sling-plain-weapon-metal", "uv": [ 0.0, 0.0, 0.5, 0.5 ], "autoUv": false },
										"east": { "texture": "#shoulder-sling-plain-weapon-metal", "uv": [ 0.0, 1.5, 16.0, 2.0 ], "autoUv": false },
										"west": { "texture": "#shoulder-sling-plain-weapon-metal", "uv": [ 0.0, 1.5, 16.0, 2.0 ], "autoUv": false },
										"up": { "texture": "#shoulder-sling-plain-weapon-metal", "uv": [ 10.0, 0.0, 10.5, 16.0 ], "autoUv": false },
										"down": { "texture": "#shoulder-sling-plain-weapon-metal", "uv": [ 0.0, 0.0, 0.5, 16.0 ], "autoUv": false, "windMode": [-1,-1,-1,-1] }
									},
									"children": [
										{
											"name": "Barrel_muzzle_top",
											"from": [ 0.0, 0.0, -0.48 ],
											"to": [ 0.416, 0.2, 0.0 ],
											"rotationOrigin": [ 0.168, 0.0, 0.0 ],
											"rotationX": 4.0,
											"faces": {
												"north": { "texture": "#shoulder-sling-plain-weapon-metal", "uv": [ 0.0, 0.0, 0.5, 0.5 ], "autoUv": false },
												"east": { "texture": "#shoulder-sling-plain-weapon-metal", "uv": [ 0.0, 0.0, 0.5, 0.5 ], "autoUv": false },
												"west": { "texture": "#shoulder-sling-plain-weapon-metal", "uv": [ 0.0, 0.0, 0.5, 0.5 ], "autoUv": false },
												"up": { "texture": "#shoulder-sling-plain-weapon-metal", "uv": [ 10.0, 0.0, 10.5, 0.5 ], "autoUv": false },
												"down": { "texture": "#shoulder-sling-plain-weapon-metal", "uv": [ 0.0, 0.0, 0.5, 0.5 ], "autoUv": false }
											}
										}
									]
								},
								{
									"name": "Barrel_top2",
									"from": [ -0.208, 0.12, -0.8 ],
									"to": [ 0.208, 0.32, 8.68 ],
									"rotationOrigin": [ 0.0, 0.0, -0.48 ],
									"rotationZ": 90.0,
									"faces": {
										"north": { "texture": "#shoulder-sling-plain-weapon-metal", "uv": [ 0.0, 0.0, 0.5, 0.5 ], "autoUv": false },
										"east": { "texture": "#shoulder-sling-plain-weapon-metal", "uv": [ 0.0, 0.0, 16.0, 0.5 ], "autoUv": false },
										"west": { "texture": "#shoulder-sling-plain-weapon-metal", "uv": [ 0.0, 0.0, 16.0, 0.5 ], "autoUv": false },
										"up": { "texture": "#shoulder-sling-plain-weapon-metal", "uv": [ 10.0, 0.0, 10.5, 16.0 ], "autoUv": false },
										"down": { "texture": "#shoulder-sling-plain-weapon-metal", "uv": [ 0.0, 0.0, 0.5, 16.0 ], "autoUv": false }
									},
									"children": [
										{
											"name": "Barrel_muzzle_top2",
											"from": [ 0.0, 0.0, -0.48 ],
											"to": [ 0.416, 0.2, 0.0 ],
											"rotationOrigin": [ 0.248, 0.0, 0.0 ],
											"rotationX": 4.0,
											"faces": {
												"north": { "texture": "#shoulder-sling-plain-weapon-metal", "uv": [ 0.0, 0.0, 0.5, 0.5 ], "autoUv": false },
												"east": { "texture": "#shoulder-sling-plain-weapon-metal", "uv": [ 0.0, 0.0, 0.5, 0.5 ], "autoUv": false },
												"west": { "texture": "#shoulder-sling-plain-weapon-metal", "uv": [ 0.0, 0.0, 0.5, 0.5 ], "autoUv": false },
												"up": { "texture": "#shoulder-sling-plain-weapon-metal", "uv": [ 10.0, 0.0, 10.5, 0.5 ], "autoUv": false },
												"down": { "texture": "#shoulder-sling-plain-weapon-metal", "uv": [ 0.0, 0.0, 0.5, 0.5 ], "autoUv": false }
											}
										}
									]
								},
								{
									"name": "Barrel_top3",
									"from": [ -0.208, 0.12, -0.8 ],
									"to": [ 0.208, 0.32, 8.68 ],
									"rotationOrigin": [ 0.0, 0.0, -0.48 ],
									"rotationZ": 180.0,
									"faces": {
										"north": { "texture": "#shoulder-sling-plain-weapon-metal", "uv": [ 0.0, 0.0, 0.5, 0.5 ], "autoUv": false },
										"east": { "texture": "#shoulder-sling-plain-weapon-metal", "uv": [ 0.0, 0.0, 16.0, 0.5 ], "autoUv": false },
										"west": { "texture": "#shoulder-sling-plain-weapon-metal", "uv": [ 0.0, 0.0, 16.0, 0.5 ], "autoUv": false },
										"up": { "texture": "#shoulder-sling-plain-weapon-metal", "uv": [ 10.0, 0.0, 10.5, 16.0 ], "autoUv": false },
										"down": { "texture": "#shoulder-sling-plain-weapon-metal", "uv": [ 0.0, 0.0, 0.5, 16.0 ], "autoUv": false }
									},
									"children": [
										{
											"name": "Barrel_muzzle_top3",
											"from": [ 0.0, 0.0, -0.48 ],
											"to": [ 0.416, 0.2, 0.0 ],
											"rotationOrigin": [ 0.248, 0.0, 0.0 ],
											"rotationX": 4.0,
											"faces": {
												"north": { "texture": "#shoulder-sling-plain-weapon-metal", "uv": [ 0.0, 0.0, 0.5, 0.5 ], "autoUv": false },
												"east": { "texture": "#shoulder-sling-plain-weapon-metal", "uv": [ 0.0, 0.0, 0.5, 0.5 ], "autoUv": false },
												"west": { "texture": "#shoulder-sling-plain-weapon-metal", "uv": [ 0.0, 0.0, 0.5, 0.5 ], "autoUv": false },
												"up": { "texture": "#shoulder-sling-plain-weapon-metal", "uv": [ 10.0, 0.0, 10.5, 0.5 ], "autoUv": false },
												"down": { "texture": "#shoulder-sling-plain-weapon-metal", "uv": [ 0.0, 0.0, 0.5, 0.5 ], "autoUv": false }
											}
										}
									]
								},
								{
									"name": "Barrel_top4",
									"from": [ -0.208, 0.12, -0.8 ],
									"to": [ 0.208, 0.32, 8.68 ],
									"rotationOrigin": [ 0.0, 0.0, -0.48 ],
									"rotationZ": -90.0,
									"faces": {
										"north": { "texture": "#shoulder-sling-plain-weapon-metal", "uv": [ 0.0, 0.0, 0.5, 0.5 ], "autoUv": false },
										"east": { "texture": "#shoulder-sling-plain-weapon-metal", "uv": [ 0.0, 0.0, 16.0, 0.5 ], "autoUv": false },
										"west": { "texture": "#shoulder-sling-plain-weapon-metal", "uv": [ 0.0, 0.0, 16.0, 0.5 ], "autoUv": false },
										"up": { "texture": "#shoulder-sling-plain-weapon-metal", "uv": [ 10.0, 0.0, 10.5, 16.0 ], "autoUv": false },
										"down": { "texture": "#shoulder-sling-plain-weapon-metal", "uv": [ 0.0, 0.0, 0.5, 16.0 ], "autoUv": false }
									},
									"children": [
										{
											"name": "Barrel_muzzle_top4",
											"from": [ 0.0, 0.0, -0.48 ],
											"to": [ 0.416, 0.2, 0.0 ],
											"rotationOrigin": [ 0.248, 0.0, 0.0 ],
											"rotationX": 4.0,
											"faces": {
												"north": { "texture": "#shoulder-sling-plain-weapon-metal", "uv": [ 0.0, 0.0, 0.5, 0.5 ], "autoUv": false },
												"east": { "texture": "#shoulder-sling-plain-weapon-metal", "uv": [ 0.0, 0.0, 0.5, 0.5 ], "autoUv": false },
												"west": { "texture": "#shoulder-sling-plain-weapon-metal", "uv": [ 0.0, 0.0, 0.5, 0.5 ], "autoUv": false },
												"up": { "texture": "#shoulder-sling-plain-weapon-metal", "uv": [ 10.0, 0.0, 10.5, 0.5 ], "autoUv": false },
												"down": { "texture": "#shoulder-sling-plain-weapon-metal", "uv": [ 0.0, 0.0, 0.5, 0.5 ], "autoUv": false }
											}
										}
									]
								}
							]
						},
						{
							"name": "Bullet",
							"from": [ -0.12, 0.68, -10.72 ],
							"to": [ -0.12, 0.68, -10.72 ],
							"rotationOrigin": [ 0.0, 0.8, -10.6 ],
							"faces": {
								"north": { "texture": "#shoulder-sling-plain-lead1", "uv": [ 0.0, 0.0, 0.5, 0.5 ], "autoUv": false },
								"east": { "texture": "#shoulder-sling-plain-lead1", "uv": [ 0.0, 0.0, 0.5, 0.5 ], "autoUv": false },
								"south": { "texture": "#shoulder-sling-plain-lead1", "uv": [ 0.0, 0.0, 0.5, 0.5 ], "autoUv": false },
								"west": { "texture": "#shoulder-sling-plain-lead1", "uv": [ 0.0, 0.0, 0.5, 0.5 ], "autoUv": false },
								"up": { "texture": "#shoulder-sling-plain-lead1", "uv": [ 0.0, 0.0, 0.5, 0.5 ], "autoUv": false },
								"down": { "texture": "#shoulder-sling-plain-lead1", "uv": [ 0.0, 0.0, 0.5, 0.5 ], "autoUv": false }
							},
							"attachmentpoints": [
								{
									"code": "bullet",
									"posX": "0.1","posY": "0.1","posZ": "0.1",
									"rotationX": "0.0","rotationY": "0.0","rotationZ": "0.0"
								}
							]
						},
						{
							"name": "Patch",
							"from": [ 0.0, 0.8, -10.56 ],
							"to": [ 0.0, 0.8, -10.56 ],
							"rotationOrigin": [ 0.0, 0.8, -10.56 ],
							"faces": {
								"north": { "texture": "#shoulder-sling-plain-plain", "uv": [ 0.0, 0.0, 0.5, 0.5 ], "autoUv": false },
								"east": { "texture": "#shoulder-sling-plain-plain", "uv": [ 0.0, 0.0, 0.5, 0.5 ], "autoUv": false },
								"south": { "texture": "#shoulder-sling-plain-plain", "uv": [ 0.0, 0.0, 0.5, 0.5 ], "autoUv": false },
								"west": { "texture": "#shoulder-sling-plain-plain", "uv": [ 0.0, 0.0, 0.5, 0.5 ], "autoUv": false },
								"up": { "texture": "#shoulder-sling-plain-plain", "uv": [ 0.0, 0.0, 0.5, 0.5 ], "autoUv": false },
								"down": { "texture": "#shoulder-sling-plain-plain", "uv": [ 0.0, 0.0, 0.5, 0.5 ], "autoUv": false }
							},
							"children": [
								{
									"name": "Linen_0",
									"from": [ -0.12, -0.12, 0.0 ],
									"to": [ 0.2, 0.2, 0.08 ],
									"rotationOrigin": [ -0.12, -0.12, 0.0 ],
									"faces": {
										"north": { "texture": "#shoulder-sling-plain-plain", "uv": [ 2.5, 6.5, 3.5, 7.5 ], "autoUv": false },
										"east": { "texture": "#shoulder-sling-plain-plain", "uv": [ 11.0, 4.0, 11.5, 5.0 ], "autoUv": false },
										"south": { "texture": "#shoulder-sling-plain-plain", "uv": [ 6.5, 9.0, 7.5, 10.0 ], "autoUv": false, "windMode": [-1,-1,-1,-1] },
										"west": { "texture": "#shoulder-sling-plain-plain", "uv": [ 0.0, 0.0, 0.5, 1.0 ], "autoUv": false },
										"up": { "texture": "#shoulder-sling-plain-plain", "uv": [ 6.0, 6.5, 7.0, 7.0 ], "autoUv": false },
										"down": { "texture": "#shoulder-sling-plain-plain", "uv": [ 0.0, 0.0, 1.0, 0.5 ], "autoUv": false }
									}
								},
								{
									"name": "Linen_1",
									"from": [ -0.2, -0.12, 0.0 ],
									"to": [ 0.12, 0.2, 0.08 ],
									"rotationOrigin": [ 0.12, -0.12, 0.0 ],
									"faces": {
										"north": { "texture": "#shoulder-sling-plain-plain", "uv": [ 5.5, 5.0, 6.5, 6.0 ], "autoUv": false },
										"east": { "texture": "#shoulder-sling-plain-plain", "uv": [ 0.0, 0.0, 0.5, 1.0 ], "autoUv": false },
										"south": { "texture": "#shoulder-sling-plain-plain", "uv": [ 11.0, 4.5, 12.0, 5.5 ], "autoUv": false },
										"west": { "texture": "#shoulder-sling-plain-plain", "uv": [ 5.5, 6.0, 6.0, 7.0 ], "autoUv": false },
										"up": { "texture": "#shoulder-sling-plain-plain", "uv": [ 0.0, 0.0, 1.0, 0.5 ], "autoUv": false },
										"down": { "texture": "#shoulder-sling-plain-plain", "uv": [ 0.0, 0.0, 1.0, 0.5 ], "autoUv": false }
									}
								},
								{
									"name": "Linen_2",
									"from": [ -0.12, -0.2, 0.0 ],
									"to": [ 0.2, 0.12, 0.08 ],
									"rotationOrigin": [ -0.12, 0.12, 0.0 ],
									"faces": {
										"north": { "texture": "#shoulder-sling-plain-plain", "uv": [ 6.0, 9.0, 7.0, 10.0 ], "autoUv": false },
										"east": { "texture": "#shoulder-sling-plain-plain", "uv": [ 6.0, 7.5, 6.5, 8.5 ], "autoUv": false },
										"south": { "texture": "#shoulder-sling-plain-plain", "uv": [ 7.5, 5.0, 8.5, 6.0 ], "autoUv": false },
										"west": { "texture": "#shoulder-sling-plain-plain", "uv": [ 0.0, 0.0, 0.5, 1.0 ], "autoUv": false },
										"up": { "texture": "#shoulder-sling-plain-plain", "uv": [ 0.0, 0.0, 1.0, 0.5 ], "autoUv": false },
										"down": { "texture": "#shoulder-sling-plain-plain", "uv": [ 7.5, 8.0, 8.5, 8.5 ], "autoUv": false }
									}
								},
								{
									"name": "Linen_3",
									"from": [ -0.2, -0.2, 0.0 ],
									"to": [ 0.12, 0.12, 0.08 ],
									"rotationOrigin": [ 0.12, 0.12, 0.0 ],
									"faces": {
										"north": { "texture": "#shoulder-sling-plain-plain", "uv": [ 11.5, 8.5, 12.5, 9.5 ], "autoUv": false },
										"east": { "texture": "#shoulder-sling-plain-plain", "uv": [ 0.0, 0.0, 0.5, 1.0 ], "autoUv": false },
										"south": { "texture": "#shoulder-sling-plain-plain", "uv": [ 7.5, 8.5, 8.5, 9.5 ], "autoUv": false },
										"west": { "texture": "#shoulder-sling-plain-plain", "uv": [ 5.5, 5.5, 6.0, 6.5 ], "autoUv": false },
										"up": { "texture": "#shoulder-sling-plain-plain", "uv": [ 0.0, 0.0, 1.0, 0.5 ], "autoUv": false },
										"down": { "texture": "#shoulder-sling-plain-plain", "uv": [ 9.0, 3.0, 10.0, 3.5 ], "autoUv": false }
									}
								}
							]
						},
						{
							"name": "Flask_origin",
							"from": [ 51.2, 0.0, 51.2 ],
							"to": [ 51.2, 0.0, 51.2 ],
							"rotationOrigin": [ 51.36, 0.08, 51.6 ],
							"faces": {
								"north": { "texture": "#shoulder-sling-plain-weapon-metal", "uv": [ 0.0, 0.0, 0.5, 0.5 ], "autoUv": false },
								"east": { "texture": "#shoulder-sling-plain-weapon-metal", "uv": [ 0.0, 0.0, 0.5, 0.5 ], "autoUv": false },
								"south": { "texture": "#shoulder-sling-plain-weapon-metal", "uv": [ 0.0, 0.0, 0.5, 0.5 ], "autoUv": false },
								"west": { "texture": "#shoulder-sling-plain-weapon-metal", "uv": [ 0.0, 0.0, 0.5, 0.5 ], "autoUv": false },
								"up": { "texture": "#shoulder-sling-plain-weapon-metal", "uv": [ 0.0, 0.0, 0.5, 0.5 ], "autoUv": false },
								"down": { "texture": "#shoulder-sling-plain-weapon-metal", "uv": [ 0.0, 0.0, 0.5, 0.5 ], "autoUv": false }
							},
							"children": [
								{
									"name": "Flask_origin_inner",
									"from": [ 0.0, 0.0, 0.0 ],
									"to": [ 0.0, 0.0, 0.0 ],
									"rotationOrigin": [ -0.4, 0.0, -1.04 ],
									"faces": {
										"north": { "texture": "#shoulder-sling-plain-weapon-metal", "uv": [ 0.0, 0.0, 0.5, 0.5 ], "autoUv": false },
										"east": { "texture": "#shoulder-sling-plain-weapon-metal", "uv": [ 0.0, 0.0, 0.5, 0.5 ], "autoUv": false },
										"south": { "texture": "#shoulder-sling-plain-weapon-metal", "uv": [ 0.0, 0.0, 0.5, 0.5 ], "autoUv": false },
										"west": { "texture": "#shoulder-sling-plain-weapon-metal", "uv": [ 0.0, 0.0, 0.5, 0.5 ], "autoUv": false },
										"up": { "texture": "#shoulder-sling-plain-weapon-metal", "uv": [ 0.0, 0.0, 0.5, 0.5 ], "autoUv": false },
										"down": { "texture": "#shoulder-sling-plain-weapon-metal", "uv": [ 0.0, 0.0, 0.5, 0.5 ], "autoUv": false }
									},
									"children": [
										{
											"name": "Flask",
											"from": [ 0.3103, -1.68, 0.0036 ],
											"to": [ 0.3103, -1.68, 0.0036 ],
											"rotationOrigin": [ 0.24, 0.0, 0.0 ],
											"rotationX": -90.0,
											"rotationY": -90.0,
											"faces": {
												"north": { "texture": "#null", "uv": [ 0.0, 0.0, 0.5, 0.5 ], "autoUv": false },
												"east": { "texture": "#null", "uv": [ 0.0, 0.0, 0.5, 0.5 ], "autoUv": false },
												"south": { "texture": "#null", "uv": [ 0.0, 0.0, 0.5, 0.5 ], "autoUv": false },
												"west": { "texture": "#null", "uv": [ 0.0, 0.0, 0.5, 0.5 ], "autoUv": false },
												"up": { "texture": "#null", "uv": [ 0.0, 0.0, 0.5, 0.5 ], "autoUv": false },
												"down": { "texture": "#null", "uv": [ 0.0, 0.0, 0.5, 0.5 ], "autoUv": false }
											},
											"attachmentpoints": [
												{
													"code": "flask",
													"posX": "0.0","posY": "0.0","posZ": "0.0",
													"rotationX": "0.0","rotationY": "0.0","rotationZ": "0.0"
												}
											]
										}
									]
								}
							]
						},
						{
							"name": "Trigger_assembly",
							"from": [ 0.0, -0.44, -1.44 ],
							"to": [ 0.0, -0.44, -1.44 ],
							"rotationOrigin": [ 0.0, -0.48, -1.44 ],
							"faces": {
								"north": { "texture": "#null", "uv": [ 0.0, 0.0, 0.5, 0.5 ], "autoUv": false },
								"east": { "texture": "#null", "uv": [ 0.0, 0.0, 0.5, 0.5 ], "autoUv": false },
								"south": { "texture": "#null", "uv": [ 0.0, 0.0, 0.5, 0.5 ], "autoUv": false },
								"west": { "texture": "#null", "uv": [ 0.0, 0.0, 0.5, 0.5 ], "autoUv": false },
								"up": { "texture": "#null", "uv": [ 0.0, 0.0, 0.5, 0.5 ], "autoUv": false },
								"down": { "texture": "#null", "uv": [ 0.0, 0.0, 0.5, 0.5 ], "autoUv": false }
							},
							"children": [
								{
									"name": "Trigger",
									"from": [ -0.08, -0.56, 0.64 ],
									"to": [ 0.16, 0.08, 0.88 ],
									"rotationOrigin": [ 0.0, 0.08, 0.8 ],
									"rotationX": 22.5,
									"faces": {
										"north": { "texture": "#shoulder-sling-plain-weapon-metal", "uv": [ 0.0, 0.0, 0.5, 0.5 ], "autoUv": false },
										"east": { "texture": "#shoulder-sling-plain-weapon-metal", "uv": [ 0.0, 0.0, 0.5, 0.5 ], "autoUv": false },
										"south": { "texture": "#shoulder-sling-plain-weapon-metal", "uv": [ 0.0, 0.0, 0.5, 0.5 ], "autoUv": false },
										"west": { "texture": "#shoulder-sling-plain-weapon-metal", "uv": [ 0.0, 0.0, 0.5, 0.5 ], "autoUv": false },
										"up": { "texture": "#shoulder-sling-plain-weapon-metal", "uv": [ 0.0, 0.0, 0.5, 0.5 ], "autoUv": false },
										"down": { "texture": "#shoulder-sling-plain-weapon-metal", "uv": [ 0.0, 0.0, 0.5, 0.5 ], "autoUv": false }
									}
								},
								{
									"name": "Guard",
									"from": [ 0.0, 0.0, -0.24 ],
									"to": [ 0.0, 0.0, -0.24 ],
									"rotationOrigin": [ 0.0, 0.0, -0.24 ],
									"faces": {
										"north": { "texture": "#null", "uv": [ 0.0, 0.0, 0.5, 0.5 ], "autoUv": false },
										"east": { "texture": "#null", "uv": [ 0.0, 0.0, 0.5, 0.5 ], "autoUv": false },
										"south": { "texture": "#null", "uv": [ 0.0, 0.0, 0.5, 0.5 ], "autoUv": false },
										"west": { "texture": "#null", "uv": [ 0.0, 0.0, 0.5, 0.5 ], "autoUv": false },
										"up": { "texture": "#null", "uv": [ 0.0, 0.0, 0.5, 0.5 ], "autoUv": false },
										"down": { "texture": "#null", "uv": [ 0.0, 0.0, 0.5, 0.5 ], "autoUv": false }
									},
									"children": [
										{
											"name": "Guard_front_top",
											"from": [ -0.16, -0.8, -0.08 ],
											"to": [ 0.16, 0.16, 0.16 ],
											"rotationOrigin": [ -0.16, -0.8, -0.08 ],
											"rotationX": -16.0,
											"faces": {
												"north": { "texture": "#shoulder-sling-plain-weapon-metal", "uv": [ 0.0, 0.0, 0.5, 1.0 ], "autoUv": false },
												"east": { "texture": "#shoulder-sling-plain-weapon-metal", "uv": [ 0.0, 0.0, 0.5, 1.0 ], "autoUv": false },
												"south": { "texture": "#shoulder-sling-plain-weapon-metal", "uv": [ 0.0, 0.0, 0.5, 1.0 ], "autoUv": false },
												"west": { "texture": "#shoulder-sling-plain-weapon-metal", "uv": [ 0.0, 0.0, 0.5, 1.0 ], "autoUv": false },
												"up": { "texture": "#shoulder-sling-plain-weapon-metal", "uv": [ 0.0, 0.0, 0.5, 0.5 ], "autoUv": false },
												"down": { "texture": "#shoulder-sling-plain-weapon-metal", "uv": [ 0.0, 0.0, 0.5, 0.5 ], "autoUv": false }
											},
											"children": [
												{
													"name": "Guard_bottom",
													"from": [ 0.008, 0.0, -0.24 ],
													"to": [ 0.312, 1.44, 0.0 ],
													"rotationOrigin": [ 0.0, 0.0, 0.0 ],
													"rotationX": 116.0,
													"faces": {
														"north": { "texture": "#shoulder-sling-plain-weapon-metal", "uv": [ 0.0, 0.0, 0.5, 1.5 ], "autoUv": false },
														"east": { "texture": "#shoulder-sling-plain-weapon-metal", "uv": [ 0.0, 0.0, 0.5, 1.5 ], "autoUv": false },
														"south": { "texture": "#shoulder-sling-plain-weapon-metal", "uv": [ 0.0, 0.0, 0.5, 1.5 ], "autoUv": false },
														"west": { "texture": "#shoulder-sling-plain-weapon-metal", "uv": [ 0.0, 0.0, 0.5, 1.5 ], "autoUv": false },
														"up": { "texture": "#shoulder-sling-plain-weapon-metal", "uv": [ 0.0, 0.0, 0.5, 0.5 ], "autoUv": false },
														"down": { "texture": "#shoulder-sling-plain-weapon-metal", "uv": [ 0.0, 0.0, 0.5, 0.5 ], "autoUv": false }
													},
													"children": [
														{
															"name": "Guard_back_top",
															"from": [ -0.008, 1.44, 0.0 ],
															"to": [ 0.312, 2.64, 0.24 ],
															"rotationOrigin": [ 0.0, 1.44, 0.24 ],
															"rotationX": -77.5,
															"faces": {
																"north": { "texture": "#shoulder-sling-plain-weapon-metal", "uv": [ 0.0, 0.0, 0.5, 1.5 ], "autoUv": false },
																"east": { "texture": "#shoulder-sling-plain-weapon-metal", "uv": [ 0.0, 0.0, 0.5, 1.5 ], "autoUv": false },
																"south": { "texture": "#shoulder-sling-plain-weapon-metal", "uv": [ 0.0, 0.0, 0.5, 1.5 ], "autoUv": false },
																"west": { "texture": "#shoulder-sling-plain-weapon-metal", "uv": [ 0.0, 0.0, 0.5, 1.5 ], "autoUv": false },
																"up": { "texture": "#shoulder-sling-plain-weapon-metal", "uv": [ 0.0, 0.0, 0.5, 0.5 ], "autoUv": false },
																"down": { "texture": "#shoulder-sling-plain-weapon-metal", "uv": [ 0.0, 0.0, 0.5, 0.5 ], "autoUv": false }
															}
														}
													]
												}
											]
										},
										{
											"name": "Guard_front_top2",
											"from": [ -0.16, -0.8, -0.08 ],
											"to": [ 0.16, 0.16, 0.16 ],
											"rotationOrigin": [ -0.16, -0.8, -0.08 ],
											"rotationX": -16.0,
											"faces": {
												"north": { "texture": "#shoulder-sling-plain-weapon-metal", "uv": [ 0.0, 0.0, 0.5, 1.0 ], "autoUv": false },
												"east": { "texture": "#shoulder-sling-plain-weapon-metal", "uv": [ 0.0, 0.0, 0.5, 1.0 ], "autoUv": false },
												"south": { "texture": "#shoulder-sling-plain-weapon-metal", "uv": [ 0.0, 0.0, 0.5, 1.0 ], "autoUv": false },
												"west": { "texture": "#shoulder-sling-plain-weapon-metal", "uv": [ 0.0, 0.0, 0.5, 1.0 ], "autoUv": false },
												"up": { "texture": "#shoulder-sling-plain-weapon-metal", "uv": [ 0.0, 0.0, 0.5, 0.5 ], "autoUv": false },
												"down": { "texture": "#shoulder-sling-plain-weapon-metal", "uv": [ 0.0, 0.0, 0.5, 0.5 ], "autoUv": false }
											}
										}
									]
								},
								{
									"name": "Trigger_assemly_base",
									"from": [ -0.24, 0.0, -1.36 ],
									"to": [ 0.24, 0.16, 1.68 ],
									"rotationOrigin": [ 0.0, 0.0, -1.36 ],
									"faces": {
										"north": { "texture": "#shoulder-sling-plain-weapon-metal", "uv": [ 0.0, 0.0, 0.5, 0.5 ], "autoUv": false },
										"east": { "texture": "#shoulder-sling-plain-weapon-metal", "uv": [ 0.0, 0.0, 3.5, 0.5 ], "autoUv": false },
										"south": { "texture": "#shoulder-sling-plain-weapon-metal", "uv": [ 0.0, 0.0, 0.5, 0.5 ], "autoUv": false },
										"west": { "texture": "#shoulder-sling-plain-weapon-metal", "uv": [ 0.0, 0.0, 3.5, 0.5 ], "autoUv": false },
										"up": { "texture": "#shoulder-sling-plain-weapon-metal", "uv": [ 0.0, 0.0, 0.5, 3.5 ], "autoUv": false },
										"down": { "texture": "#shoulder-sling-plain-weapon-metal", "uv": [ 0.0, 0.0, 0.5, 3.5 ], "autoUv": false }
									},
									"children": [
										{
											"name": "Trigger_assemly_base_bottom",
											"from": [ 0.0, 0.0, 2.64 ],
											"to": [ 0.48, 0.16, 3.28 ],
											"rotationOrigin": [ 0.24, 0.0, 2.72 ],
											"rotationX": 23.0,
											"faces": {
												"north": { "texture": "#shoulder-sling-plain-weapon-metal", "uv": [ 0.0, 0.0, 0.5, 0.5 ], "autoUv": false },
												"east": { "texture": "#shoulder-sling-plain-weapon-metal", "uv": [ 0.0, 0.0, 0.5, 0.5 ], "autoUv": false },
												"south": { "texture": "#shoulder-sling-plain-weapon-metal", "uv": [ 0.0, 0.0, 0.5, 0.5 ], "autoUv": false },
												"west": { "texture": "#shoulder-sling-plain-weapon-metal", "uv": [ 0.0, 0.0, 0.5, 0.5 ], "autoUv": false },
												"up": { "texture": "#shoulder-sling-plain-weapon-metal", "uv": [ 0.0, 0.0, 0.5, 0.5 ], "autoUv": false },
												"down": { "texture": "#shoulder-sling-plain-weapon-metal", "uv": [ 0.0, 0.0, 0.5, 0.5 ], "autoUv": false }
											},
											"children": [
												{
													"name": "Trigger_assemly_screw_1",
													"from": [ 0.12, -0.008, 0.296 ],
													"to": [ 0.36, 0.072, 0.536 ],
													"rotationOrigin": [ 0.4, 0.0144, 0.3392 ],
													"faces": {
														"north": { "texture": "#shoulder-sling-plain-iron", "uv": [ 0.0, 0.0, 0.5, 0.5 ], "autoUv": false },
														"east": { "texture": "#shoulder-sling-plain-iron", "uv": [ 0.0, 0.0, 0.5, 0.5 ], "autoUv": false },
														"south": { "texture": "#shoulder-sling-plain-iron", "uv": [ 0.0, 0.0, 0.5, 0.5 ], "autoUv": false },
														"west": { "texture": "#shoulder-sling-plain-iron", "uv": [ 0.0, 0.0, 0.5, 0.5 ], "autoUv": false },
														"up": { "texture": "#shoulder-sling-plain-iron", "uv": [ 0.0, 0.0, 0.5, 0.5 ], "autoUv": false },
														"down": { "texture": "#shoulder-sling-plain-iron", "uv": [ 0.0, 0.0, 0.5, 0.5 ], "autoUv": false }
													}
												}
											]
										}
									]
								},
								{
									"name": "Trigger_assemly_screw_2",
									"from": [ -0.12, -0.008, -1.24 ],
									"to": [ 0.12, 0.072, -1.0 ],
									"rotationOrigin": [ 0.16, 0.0, -1.2 ],
									"faces": {
										"north": { "texture": "#shoulder-sling-plain-iron", "uv": [ 0.0, 0.0, 0.5, 0.5 ], "autoUv": false },
										"east": { "texture": "#shoulder-sling-plain-iron", "uv": [ 0.0, 0.0, 0.5, 0.5 ], "autoUv": false },
										"south": { "texture": "#shoulder-sling-plain-iron", "uv": [ 0.0, 0.0, 0.5, 0.5 ], "autoUv": false },
										"west": { "texture": "#shoulder-sling-plain-iron", "uv": [ 0.0, 0.0, 0.5, 0.5 ], "autoUv": false },
										"up": { "texture": "#shoulder-sling-plain-iron", "uv": [ 0.0, 0.0, 0.5, 0.5 ], "autoUv": false },
										"down": { "texture": "#shoulder-sling-plain-iron", "uv": [ 0.0, 0.0, 0.5, 0.5 ], "autoUv": false }
									}
								}
							]
						},
						{
							"name": "Flintlock",
							"from": [ 0.464, 0.88, -0.64 ],
							"to": [ 0.464, 0.88, -0.64 ],
							"rotationOrigin": [ 0.48, 0.88, -0.64 ],
							"faces": {
								"north": { "texture": "#null", "uv": [ 0.0, 0.0, 0.5, 0.5 ], "autoUv": false },
								"east": { "texture": "#null", "uv": [ 0.0, 0.0, 0.5, 0.5 ], "autoUv": false },
								"south": { "texture": "#null", "uv": [ 0.0, 0.0, 0.5, 0.5 ], "autoUv": false },
								"west": { "texture": "#null", "uv": [ 0.0, 0.0, 0.5, 0.5 ], "autoUv": false },
								"up": { "texture": "#null", "uv": [ 0.0, 0.0, 0.5, 0.5 ], "autoUv": false },
								"down": { "texture": "#null", "uv": [ 0.0, 0.0, 0.5, 0.5 ], "autoUv": false }
							},
							"children": [
								{
									"name": "Hammer",
									"from": [ 0.008, -1.04, -0.8 ],
									"to": [ 0.248, -0.24, 0.0 ],
									"rotationOrigin": [ 0.0, -0.64, -0.44 ],
									"rotationX": -25.0,
									"faces": {
										"north": { "texture": "#shoulder-sling-plain-weapon-metal", "uv": [ 0.0, 0.0, 0.5, 1.0 ], "autoUv": false },
										"east": { "texture": "#shoulder-sling-plain-weapon-metal", "uv": [ 9.0, 14.0, 10.0, 15.0 ], "autoUv": false },
										"south": { "texture": "#shoulder-sling-plain-weapon-metal", "uv": [ 0.0, 0.0, 0.5, 1.0 ], "autoUv": false },
										"west": { "texture": "#shoulder-sling-plain-weapon-metal", "uv": [ 0.0, 0.0, 1.0, 1.0 ], "autoUv": false },
										"up": { "texture": "#shoulder-sling-plain-weapon-metal", "uv": [ 0.0, 0.0, 0.5, 1.0 ], "autoUv": false },
										"down": { "texture": "#shoulder-sling-plain-weapon-metal", "uv": [ 0.0, 0.0, 0.5, 1.0 ], "autoUv": false }
									},
									"children": [
										{
											"name": "Hammer_arm",
											"from": [ 0.0, 0.0, -0.4 ],
											"to": [ 0.24, 1.568, 0.0 ],
											"rotationOrigin": [ 0.0, 0.0, -0.4 ],
											"faces": {
												"north": { "texture": "#shoulder-sling-plain-weapon-metal", "uv": [ 0.0, 0.0, 0.5, 1.5 ], "autoUv": false },
												"east": { "texture": "#shoulder-sling-plain-weapon-metal", "uv": [ 5.5, 2.0, 6.0, 3.35 ], "autoUv": false },
												"south": { "texture": "#shoulder-sling-plain-weapon-metal", "uv": [ 2.5, 7.0, 3.0, 8.5 ], "autoUv": false },
												"west": { "texture": "#shoulder-sling-plain-weapon-metal", "uv": [ 0.0, 0.0, 0.5, 1.5 ], "autoUv": false },
												"up": { "texture": "#shoulder-sling-plain-weapon-metal", "uv": [ 0.0, 0.0, 0.5, 0.5 ], "autoUv": false },
												"down": { "texture": "#shoulder-sling-plain-weapon-metal", "uv": [ 0.0, 0.0, 0.5, 0.5 ], "autoUv": false }
											},
											"children": [
												{
													"name": "Hammer_jaws",
													"from": [ 0.0, -0.32, 0.0 ],
													"to": [ 0.0, -0.32, 0.0 ],
													"rotationOrigin": [ 0.0, 1.52, -0.08 ],
													"rotationX": -15.0,
													"faces": {
														"north": { "texture": "#shoulder-sling-plain-weapon-metal", "uv": [ 0.0, 0.0, 0.5, 0.5 ], "autoUv": false },
														"east": { "texture": "#shoulder-sling-plain-weapon-metal", "uv": [ 0.0, 0.0, 0.5, 0.5 ], "autoUv": false },
														"south": { "texture": "#shoulder-sling-plain-weapon-metal", "uv": [ 0.0, 0.0, 0.5, 0.5 ], "autoUv": false },
														"west": { "texture": "#shoulder-sling-plain-weapon-metal", "uv": [ 0.0, 0.0, 0.5, 0.5 ], "autoUv": false },
														"up": { "texture": "#shoulder-sling-plain-weapon-metal", "uv": [ 0.0, 0.0, 0.5, 0.5 ], "autoUv": false },
														"down": { "texture": "#shoulder-sling-plain-weapon-metal", "uv": [ 0.0, 0.0, 0.5, 0.5 ], "autoUv": false }
													},
													"children": [
														{
															"name": "Hammer_flint",
															"from": [ 0.08, 2.0, -0.4 ],
															"to": [ 0.56, 2.16, 0.08 ],
															"rotationOrigin": [ 0.08, 2.0, -0.4 ],
															"faces": {
																"north": { "texture": "#shoulder-sling-plain-flint", "uv": [ 0.0, 0.0, 1.0, 0.0 ], "autoUv": false },
																"east": { "texture": "#shoulder-sling-plain-flint", "uv": [ 0.0, 0.0, 1.0, 0.0 ], "autoUv": false },
																"south": { "texture": "#shoulder-sling-plain-flint", "uv": [ 0.0, 0.0, 0.5, 0.5 ], "autoUv": false },
																"west": { "texture": "#shoulder-sling-plain-flint", "uv": [ 0.0, 0.0, 1.0, 0.5 ], "autoUv": false },
																"up": { "texture": "#shoulder-sling-plain-flint", "uv": [ 0.0, 0.0, 0.5, 0.5 ], "autoUv": false },
																"down": { "texture": "#shoulder-sling-plain-flint", "uv": [ 0.0, 0.0, 0.5, 0.5 ], "autoUv": false }
															}
														},
														{
															"name": "Hammer_jaw_screw",
															"from": [ 0.16, 1.84, 0.08 ],
															"to": [ 0.4, 2.56, 0.32 ],
															"rotationOrigin": [ 0.16, 1.84, 0.08 ],
															"faces": {
																"north": { "texture": "#shoulder-sling-plain-brass", "uv": [ 0.0, 0.0, 0.5, 0.5 ], "autoUv": false },
																"east": { "texture": "#shoulder-sling-plain-brass", "uv": [ 0.0, 0.0, 0.5, 0.5 ], "autoUv": false },
																"south": { "texture": "#shoulder-sling-plain-brass", "uv": [ 0.0, 0.0, 0.5, 0.5 ], "autoUv": false },
																"west": { "texture": "#shoulder-sling-plain-brass", "uv": [ 0.0, 0.0, 0.5, 0.5 ], "autoUv": false },
																"up": { "texture": "#shoulder-sling-plain-brass", "uv": [ 0.0, 0.0, 0.5, 0.5 ], "autoUv": false },
																"down": { "texture": "#shoulder-sling-plain-brass", "uv": [ 0.0, 0.0, 0.5, 0.5 ], "autoUv": false }
															}
														},
														{
															"name": "Hammer_top_jaw",
															"from": [ 0.0, 2.16, -0.24 ],
															"to": [ 0.56, 2.4, 0.4 ],
															"rotationOrigin": [ 0.0, 2.16, -0.24 ],
															"faces": {
																"north": { "texture": "#shoulder-sling-plain-weapon-metal", "uv": [ 0.0, 0.0, 0.5, 0.5 ], "autoUv": false },
																"east": { "texture": "#shoulder-sling-plain-weapon-metal", "uv": [ 0.0, 0.0, 0.5, 0.5 ], "autoUv": false },
																"south": { "texture": "#shoulder-sling-plain-weapon-metal", "uv": [ 0.0, 0.0, 1.0, 0.5 ], "autoUv": false },
																"west": { "texture": "#shoulder-sling-plain-weapon-metal", "uv": [ 0.0, 0.0, 0.5, 0.5 ], "autoUv": false },
																"up": { "texture": "#shoulder-sling-plain-weapon-metal", "uv": [ 0.0, 0.0, 0.5, 0.5 ], "autoUv": false },
																"down": { "texture": "#shoulder-sling-plain-weapon-metal", "uv": [ 0.0, 0.0, 0.5, 0.5 ], "autoUv": false }
															}
														},
														{
															"name": "Hammer_bottom_jaw",
															"from": [ 0.0, 1.76, -0.24 ],
															"to": [ 0.56, 2.0, 0.4 ],
															"rotationOrigin": [ 0.0, 1.76, -0.24 ],
															"faces": {
																"north": { "texture": "#shoulder-sling-plain-weapon-metal", "uv": [ 0.0, 0.0, 0.5, 0.5 ], "autoUv": false },
																"east": { "texture": "#shoulder-sling-plain-weapon-metal", "uv": [ 0.0, 0.0, 0.5, 0.5 ], "autoUv": false },
																"south": { "texture": "#shoulder-sling-plain-weapon-metal", "uv": [ 6.5, 7.0, 7.5, 7.5 ], "autoUv": false },
																"west": { "texture": "#shoulder-sling-plain-weapon-metal", "uv": [ 0.0, 0.0, 0.5, 0.5 ], "autoUv": false },
																"up": { "texture": "#shoulder-sling-plain-weapon-metal", "uv": [ 0.0, 0.0, 0.5, 0.5 ], "autoUv": false },
																"down": { "texture": "#shoulder-sling-plain-weapon-metal", "uv": [ 0.0, 0.0, 0.5, 0.5 ], "autoUv": false }
															}
														}
													]
												}
											]
										}
									]
								},
								{
									"name": "Pan",
									"from": [ -0.24, -0.56, -2.4 ],
									"to": [ 0.56, -0.156, -1.6 ],
									"rotationOrigin": [ -0.24, -0.64, -2.4 ],
									"faces": {
										"north": { "texture": "#shoulder-sling-plain-weapon-metal", "uv": [ 0.0, 0.0, 1.0, 0.5 ], "autoUv": false },
										"east": { "texture": "#shoulder-sling-plain-weapon-metal", "uv": [ 0.0, 0.0, 1.0, 0.5 ], "autoUv": false },
										"south": { "texture": "#shoulder-sling-plain-weapon-metal", "uv": [ 0.0, 0.0, 1.0, 0.5 ], "autoUv": false },
										"west": { "texture": "#shoulder-sling-plain-weapon-metal", "uv": [ 0.0, 0.0, 1.0, 0.5 ], "autoUv": false },
										"up": { "texture": "#shoulder-sling-plain-weapon-metal", "uv": [ 0.0, 0.0, 1.0, 1.0 ], "autoUv": false },
										"down": { "texture": "#shoulder-sling-plain-weapon-metal", "uv": [ 0.0, 0.0, 1.0, 1.0 ], "autoUv": false }
									},
									"children": [
										{
											"name": "Flashole",
											"from": [ 0.08, 0.32, 0.16 ],
											"to": [ 0.64, 0.408, 0.56 ],
											"rotationOrigin": [ 0.08, 0.32, 0.16 ],
											"faces": {
												"north": { "texture": "#shoulder-sling-plain-iron", "uv": [ 0.0, 0.0, 0.5, 0.5 ], "autoUv": false },
												"east": { "texture": "#shoulder-sling-plain-iron", "uv": [ 0.0, 0.0, 0.5, 0.5 ], "autoUv": false },
												"south": { "texture": "#shoulder-sling-plain-iron", "uv": [ 0.0, 0.0, 0.5, 0.5 ], "autoUv": false },
												"west": { "texture": "#shoulder-sling-plain-iron", "uv": [ 0.0, 0.0, 0.5, 0.5 ], "autoUv": false },
												"up": { "texture": "#shoulder-sling-plain-iron", "uv": [ 0.0, 0.0, 0.5, 0.5 ], "autoUv": false },
												"down": { "texture": "#shoulder-sling-plain-iron", "uv": [ 0.0, 0.0, 0.5, 0.5 ], "autoUv": false }
											}
										}
									]
								},
								{
									"name": "Frizzen",
									"from": [ 0.0, -0.32, -2.72 ],
									"to": [ 0.56, 0.8, -2.4 ],
									"rotationOrigin": [ 0.0, 0.0, -2.56 ],
									"faces": {
										"north": { "texture": "#shoulder-sling-plain-weapon-metal", "uv": [ 0.0, 0.0, 1.0, 1.0 ], "autoUv": false },
										"east": { "texture": "#shoulder-sling-plain-weapon-metal", "uv": [ 0.0, 0.0, 0.5, 1.0 ], "autoUv": false },
										"south": { "texture": "#shoulder-sling-plain-weapon-metal", "uv": [ 0.0, 0.0, 1.0, 1.0 ], "autoUv": false },
										"west": { "texture": "#shoulder-sling-plain-weapon-metal", "uv": [ 0.0, 0.0, 0.5, 1.0 ], "autoUv": false },
										"up": { "texture": "#shoulder-sling-plain-weapon-metal", "uv": [ 0.0, 0.0, 0.5, 0.5 ], "autoUv": false },
										"down": { "texture": "#shoulder-sling-plain-weapon-metal", "uv": [ 0.0, 0.0, 0.5, 0.5 ], "autoUv": false }
									},
									"children": [
										{
											"name": "Frizzen_top",
											"from": [ 0.0, 0.88, -0.96 ],
											"to": [ 0.56, 1.12, 0.32 ],
											"rotationOrigin": [ 0.0, 1.12, 0.32 ],
											"rotationX": 10.0,
											"faces": {
												"north": { "texture": "#shoulder-sling-plain-weapon-metal", "uv": [ 0.0, 0.0, 1.0, 0.5 ], "autoUv": false },
												"east": { "texture": "#shoulder-sling-plain-weapon-metal", "uv": [ 0.0, 0.0, 1.5, 0.5 ], "autoUv": false },
												"south": { "texture": "#shoulder-sling-plain-weapon-metal", "uv": [ 0.0, 0.0, 0.5, 0.5 ], "autoUv": false },
												"west": { "texture": "#shoulder-sling-plain-weapon-metal", "uv": [ 0.0, 0.0, 1.5, 0.5 ], "autoUv": false },
												"up": { "texture": "#shoulder-sling-plain-weapon-metal", "uv": [ 0.0, 0.0, 1.0, 1.5 ], "autoUv": false },
												"down": { "texture": "#shoulder-sling-plain-weapon-metal", "uv": [ 0.0, 0.0, 1.0, 1.5 ], "autoUv": false }
											}
										}
									]
								},
								{
									"name": "Plate",
									"from": [ 0.0, -1.12, -2.8 ],
									"to": [ 0.008, -0.16, 0.4 ],
									"rotationOrigin": [ 0.0, -1.12, -2.8 ],
									"faces": {
										"north": { "texture": "#shoulder-sling-plain-weapon-metal", "uv": [ 0.0, 0.0, 0.5, 1.0 ], "autoUv": false },
										"east": { "texture": "#shoulder-sling-plain-weapon-metal", "uv": [ 7.5, 10.0, 11.5, 11.0 ], "autoUv": false },
										"south": { "texture": "#shoulder-sling-plain-weapon-metal", "uv": [ 0.0, 0.0, 0.5, 1.0 ], "autoUv": false },
										"west": { "texture": "#shoulder-sling-plain-weapon-metal", "uv": [ 0.0, 0.0, 4.0, 1.0 ], "autoUv": false },
										"up": { "texture": "#shoulder-sling-plain-weapon-metal", "uv": [ 0.0, 0.0, 0.5, 4.0 ], "autoUv": false },
										"down": { "texture": "#shoulder-sling-plain-weapon-metal", "uv": [ 0.0, 0.0, 0.5, 4.0 ], "autoUv": false }
									},
									"children": [
										{
											"name": "Plate_top",
											"from": [ -0.32, 0.96, 0.08 ],
											"to": [ 0.008, 1.208, 1.2 ],
											"rotationOrigin": [ -0.32, 0.96, 0.08 ],
											"faces": {
												"north": { "texture": "#shoulder-sling-plain-weapon-metal", "uv": [ 0.0, 0.0, 0.5, 0.5 ], "autoUv": false },
												"east": { "texture": "#shoulder-sling-plain-weapon-metal", "uv": [ 7.5, 10.0, 8.5, 10.5 ], "autoUv": false },
												"south": { "texture": "#shoulder-sling-plain-weapon-metal", "uv": [ 0.0, 0.0, 0.5, 0.5 ], "autoUv": false },
												"west": { "texture": "#shoulder-sling-plain-weapon-metal", "uv": [ 0.0, 0.0, 1.0, 0.5 ], "autoUv": false },
												"up": { "texture": "#shoulder-sling-plain-weapon-metal", "uv": [ 0.0, 0.0, 0.5, 1.0 ], "autoUv": false },
												"down": { "texture": "#shoulder-sling-plain-weapon-metal", "uv": [ 0.0, 0.0, 0.5, 1.0 ], "autoUv": false }
											}
										},
										{
											"name": "Plate_back",
											"from": [ 0.0, 0.56, 3.2 ],
											"to": [ 0.004, 0.96, 4.048 ],
											"rotationOrigin": [ 0.0, 0.96, 3.2 ],
											"rotationX": 20.0,
											"faces": {
												"north": { "texture": "#shoulder-sling-plain-weapon-metal", "uv": [ 0.0, 0.0, 0.5, 0.5 ], "autoUv": false },
												"east": { "texture": "#shoulder-sling-plain-weapon-metal", "uv": [ 7.5, 10.0, 8.5, 10.5 ], "autoUv": false },
												"south": { "texture": "#shoulder-sling-plain-weapon-metal", "uv": [ 0.0, 0.0, 0.5, 0.5 ], "autoUv": false },
												"west": { "texture": "#shoulder-sling-plain-weapon-metal", "uv": [ 0.0, 0.0, 1.0, 0.5 ], "autoUv": false },
												"up": { "texture": "#shoulder-sling-plain-weapon-metal", "uv": [ 0.0, 0.0, 0.5, 1.0 ], "autoUv": false },
												"down": { "texture": "#shoulder-sling-plain-weapon-metal", "uv": [ 0.0, 0.0, 0.5, 1.0 ], "autoUv": false }
											}
										},
										{
											"name": "Plate_back_top",
											"from": [ 0.0, 0.0, 3.2 ],
											"to": [ 0.008, 0.664, 4.0 ],
											"rotationOrigin": [ 0.0, 0.0, 3.2 ],
											"faces": {
												"north": { "texture": "#shoulder-sling-plain-weapon-metal", "uv": [ 0.0, 0.0, 0.5, 0.5 ], "autoUv": false },
												"east": { "texture": "#shoulder-sling-plain-weapon-metal", "uv": [ 7.5, 10.0, 8.5, 10.5 ], "autoUv": false },
												"south": { "texture": "#shoulder-sling-plain-weapon-metal", "uv": [ 0.0, 0.0, 0.5, 0.5 ], "autoUv": false },
												"west": { "texture": "#shoulder-sling-plain-weapon-metal", "uv": [ 0.0, 0.0, 1.0, 0.5 ], "autoUv": false },
												"up": { "texture": "#shoulder-sling-plain-weapon-metal", "uv": [ 0.0, 0.0, 0.5, 1.0 ], "autoUv": false },
												"down": { "texture": "#shoulder-sling-plain-weapon-metal", "uv": [ 0.0, 0.0, 0.5, 1.0 ], "autoUv": false }
											}
										}
									]
								},
								{
									"name": "Frizzen_hinch",
									"from": [ -0.32, -0.08, -2.64 ],
									"to": [ 0.568, 0.08, -2.48 ],
									"rotationOrigin": [ -0.16, 0.0, -2.64 ],
									"faces": {
										"north": { "texture": "#shoulder-sling-plain-iron", "uv": [ 0.0, 0.0, 1.0, 0.5 ], "autoUv": false },
										"east": { "texture": "#shoulder-sling-plain-iron", "uv": [ 0.0, 0.0, 0.5, 0.5 ], "autoUv": false },
										"south": { "texture": "#shoulder-sling-plain-iron", "uv": [ 0.0, 0.0, 1.0, 0.5 ], "autoUv": false },
										"west": { "texture": "#shoulder-sling-plain-iron", "uv": [ 0.0, 0.0, 0.5, 0.5 ], "autoUv": false },
										"up": { "texture": "#shoulder-sling-plain-iron", "uv": [ 0.0, 0.0, 1.0, 0.5 ], "autoUv": false },
										"down": { "texture": "#shoulder-sling-plain-iron", "uv": [ 0.0, 0.0, 1.0, 0.5 ], "autoUv": false }
									}
								},
								{
									"name": "Hammer_hinch",
									"from": [ 0.248, -0.8, -0.56 ],
									"to": [ 0.256, -0.48, -0.24 ],
									"rotationOrigin": [ 0.248, -0.8, -0.56 ],
									"faces": {
										"north": { "texture": "#shoulder-sling-plain-iron", "uv": [ 0.0, 0.0, 0.5, 0.5 ], "autoUv": false },
										"east": { "texture": "#shoulder-sling-plain-iron", "uv": [ 9.5, 4.0, 10.0, 4.5 ], "autoUv": false },
										"south": { "texture": "#shoulder-sling-plain-iron", "uv": [ 0.0, 0.0, 0.5, 0.5 ], "autoUv": false },
										"west": { "texture": "#shoulder-sling-plain-iron", "uv": [ 0.0, 0.0, 0.5, 0.5 ], "autoUv": false },
										"up": { "texture": "#shoulder-sling-plain-iron", "uv": [ 0.0, 0.0, 0.5, 0.5 ], "autoUv": false },
										"down": { "texture": "#shoulder-sling-plain-iron", "uv": [ 0.0, 0.0, 0.5, 0.5 ], "autoUv": false }
									}
								}
							]
						}
					]
				},
				{
					"name": "Sling_origin",
					"from": [ 4.0, 5.0, 0.0 ],
					"to": [ 4.0, 5.0, 0.0 ],
					"rotationOrigin": [ 4.0, 5.0, 0.0 ],
					"faces": {
						"north": { "texture": "#shoulder-sling-plain-material", "uv": [ 0.0, 0.0, 0.5, 0.5 ] },
						"east": { "texture": "#shoulder-sling-plain-material", "uv": [ 0.0, 0.0, 0.5, 0.5 ] },
						"south": { "texture": "#shoulder-sling-plain-material", "uv": [ 0.0, 0.0, 0.5, 0.5 ] },
						"west": { "texture": "#shoulder-sling-plain-material", "uv": [ 0.0, 0.0, 0.5, 0.5 ] },
						"up": { "texture": "#shoulder-sling-plain-material", "uv": [ 0.0, 0.0, 0.5, 0.5 ] },
						"down": { "texture": "#shoulder-sling-plain-material", "uv": [ 0.0, 0.0, 0.5, 0.5 ] }
					},
					"children": [
						{
							"name": "sling_0",
							"from": [ -4.6, 0.0, 0.1 ],
							"to": [ 1.2, 0.6, 0.6 ],
							"rotationOrigin": [ -4.6, 0.0, 0.1 ],
							"faces": {
								"north": { "texture": "#shoulder-sling-plain-material", "uv": [ 0.0, 0.0, 5.5, 0.5 ] },
								"east": { "texture": "#shoulder-sling-plain-material", "uv": [ 0.0, 0.0, 0.5, 0.5 ] },
								"south": { "texture": "#shoulder-sling-plain-material", "uv": [ 0.0, 0.0, 5.5, 0.5 ] },
								"west": { "texture": "#shoulder-sling-plain-material", "uv": [ 0.0, 0.0, 0.5, 0.5 ] },
								"up": { "texture": "#shoulder-sling-plain-material", "uv": [ 0.0, 0.0, 5.5, 0.5 ] },
								"down": { "texture": "#shoulder-sling-plain-material", "uv": [ 0.0, 0.0, 5.5, 0.5 ] }
							},
							"children": [
								{
									"name": "sling_2",
									"from": [ 0.0, 0.0, 0.0 ],
									"to": [ 5.0, 0.6, 0.5 ],
									"rotationOrigin": [ 0.0, 0.0, 0.0 ],
									"rotationX": -5.0,
									"rotationZ": -90.0,
									"faces": {
										"north": { "texture": "#shoulder-sling-plain-material", "uv": [ 0.0, 0.0, 5.0, 0.5 ] },
										"east": { "texture": "#shoulder-sling-plain-material", "uv": [ 0.0, 0.0, 0.5, 0.5 ] },
										"south": { "texture": "#shoulder-sling-plain-material", "uv": [ 0.0, 0.0, 5.0, 0.5 ] },
										"west": { "texture": "#shoulder-sling-plain-material", "uv": [ 0.0, 0.0, 0.5, 0.5 ] },
										"up": { "texture": "#shoulder-sling-plain-material", "uv": [ 0.0, 0.0, 5.0, 0.5 ] },
										"down": { "texture": "#shoulder-sling-plain-material", "uv": [ 0.0, 0.0, 5.0, 0.5 ] }
									},
									"children": [
										{
											"name": "sling_4",
											"from": [ 5.0, 0.0, 0.0 ],
											"to": [ 15.0, 0.6, 0.5 ],
											"rotationOrigin": [ 5.0, 0.0, 0.5 ],
											"rotationY": 1.0,
											"rotationZ": 29.9,
											"faces": {
												"north": { "texture": "#shoulder-sling-plain-material", "uv": [ 0.0, 0.0, 10.0, 0.5 ] },
												"east": { "texture": "#shoulder-sling-plain-material", "uv": [ 0.0, 0.0, 0.5, 0.5 ] },
												"south": { "texture": "#shoulder-sling-plain-material", "uv": [ 0.0, 0.0, 10.0, 0.5 ] },
												"west": { "texture": "#shoulder-sling-plain-material", "uv": [ 0.0, 0.0, 0.5, 0.5 ] },
												"up": { "texture": "#shoulder-sling-plain-material", "uv": [ 0.0, 0.0, 10.0, 0.5 ] },
												"down": { "texture": "#shoulder-sling-plain-material", "uv": [ 0.0, 0.0, 10.0, 0.5 ] }
											}
										}
									]
								}
							]
						},
						{
							"name": "sling_1",
							"from": [ 0.9, 0.1, -0.2 ],
							"to": [ 1.9, 0.4, 0.9 ],
							"rotationOrigin": [ 0.9, 0.1, -0.2 ],
							"faces": {
								"north": { "texture": "#shoulder-sling-plain-metal", "uv": [ 0.0, 0.0, 1.0, 0.5 ] },
								"east": { "texture": "#shoulder-sling-plain-metal", "uv": [ 0.0, 0.0, 1.0, 0.5 ] },
								"south": { "texture": "#shoulder-sling-plain-metal", "uv": [ 0.0, 0.0, 1.0, 0.5 ] },
								"west": { "texture": "#shoulder-sling-plain-metal", "uv": [ 0.0, 0.0, 1.0, 0.5 ] },
								"up": { "texture": "#shoulder-sling-plain-metal", "uv": [ 0.0, 0.0, 1.0, 1.0 ] },
								"down": { "texture": "#shoulder-sling-plain-metal", "uv": [ 0.0, 0.0, 1.0, 1.0 ] }
							}
						},
						{
							"name": "sling_3",
							"from": [ 0.1, -13.2, 0.8 ],
							"to": [ 1.1, -12.9, 1.9 ],
							"rotationOrigin": [ 0.1, -13.2, 0.8 ],
							"faces": {
								"north": { "texture": "#shoulder-sling-plain-metal", "uv": [ 0.0, 0.0, 1.0, 0.5 ] },
								"east": { "texture": "#shoulder-sling-plain-metal", "uv": [ 0.0, 0.0, 1.0, 0.5 ] },
								"south": { "texture": "#shoulder-sling-plain-metal", "uv": [ 0.0, 0.0, 1.0, 0.5 ] },
								"west": { "texture": "#shoulder-sling-plain-metal", "uv": [ 0.0, 0.0, 1.0, 0.5 ] },
								"up": { "texture": "#shoulder-sling-plain-metal", "uv": [ 0.0, 0.0, 1.0, 1.0 ] },
								"down": { "texture": "#shoulder-sling-plain-metal", "uv": [ 0.0, 0.0, 1.0, 1.0 ] }
							}
						}
					]
				}
			]
		}
	]}