{
	"editor": {
		"backDropShape": "E:/Programs/VSModelCreator/seraph-hairless",
		"collapsedPaths": "Root/Waist-Quiver/Quiver/arrow_5,Root/Waist-Quiver/Quiver/arrow_4,Root/Waist-Quiver/Belt,Root/Waist-Quiver/Quiver/arrow_3,Root/Waist-Quiver/Quiver/arrow_2,Root/Waist-Quiver/Quiver/arrow_1,Root/Waist/buckle-bottom,Root/Waist-Quiver/Quiver/arrow_0",
		"allAngles": false,
		"entityTextureMode": false
	},
	"textureWidth": 16,
	"textureHeight": 16,
	"textureSizes": {
	},
	"textures": {
		"belt-waist-plain-material": "game:block/leather/plain",
		"belt-waist-plain-metal": "game:block/metal/plate/iron"
	},
	"elements": [
		{
			"name": "LowerTorso",
			"stepParentName": "LowerTorso",
			"from": [ 0.0, 0.0, 0.0 ],
			"to": [ 0.0, 0.0, 0.0 ],
			"faces": {
			}
		},
		{
			"name": "Waist-Belt",
			"stepParentName": "LowerTorso",
			"from": [ -0.5, 1.8, -0.5 ],
			"to": [ 5.6, 2.9, 6.7 ],
			"rotationOrigin": [ 2.5, 1.8, 2.7 ],
			"faces": {
				"north": { "texture": "#belt-waist-plain-material", "uv": [ 0.0, 1.0, 6.0, 2.0 ] },
				"east": { "texture": "#belt-waist-plain-material", "uv": [ 0.5, 0.5, 7.5, 1.5 ] },
				"south": { "texture": "#belt-waist-plain-material", "uv": [ 0.5, 0.5, 6.5, 1.5 ] },
				"west": { "texture": "#belt-waist-plain-material", "uv": [ 0.0, 0.0, 7.0, 1.0 ] }
			},
			"children": [
				{
					"name": "Belt",
					"from": [ 0.0, 0.0, 0.0 ],
					"to": [ 0.0, 0.0, 0.0 ],
					"faces": {
						"north": { "texture": "#belt-waist-plain-material", "uv": [ 0.0, 0.0, 0.5, 0.5 ] },
						"east": { "texture": "#belt-waist-plain-material", "uv": [ 0.0, 0.0, 0.5, 0.5 ] },
						"south": { "texture": "#belt-waist-plain-material", "uv": [ 0.0, 0.0, 0.5, 0.5 ] },
						"west": { "texture": "#belt-waist-plain-material", "uv": [ 0.0, 0.0, 0.5, 0.5 ] },
						"up": { "texture": "#belt-waist-plain-material", "uv": [ 0.0, 0.0, 0.5, 0.5 ] },
						"down": { "texture": "#belt-waist-plain-material", "uv": [ 0.0, 0.0, 0.5, 0.5 ] }
					},
					"children": [
						{
							"name": "loop",
							"from": [ -0.3, -0.3, 1.0 ],
							"to": [ 0.6, 1.3, 1.5 ],
							"rotationOrigin": [ -0.3, -0.3, 1.0 ],
							"faces": {
								"north": { "texture": "#belt-waist-plain-metal", "uv": [ 6.5, 3.5, 7.0, 5.0 ] },
								"south": { "texture": "#belt-waist-plain-metal", "uv": [ 7.0, 3.0, 7.5, 4.5 ] },
								"west": { "texture": "#belt-waist-plain-metal", "uv": [ 7.0, 3.5, 7.5, 5.0 ] },
								"up": { "texture": "#belt-waist-plain-metal", "uv": [ 6.0, 3.0, 6.5, 3.5 ] },
								"down": { "texture": "#belt-waist-plain-metal", "uv": [ 7.0, 4.5, 7.5, 5.0 ] }
							}
						},
						{
							"name": "buckle-bottom",
							"from": [ -0.5, -0.4, 2.4 ],
							"to": [ 0.5, 0.1, 3.9 ],
							"rotationOrigin": [ -0.5, -0.4, 2.4 ],
							"faces": {
								"north": { "texture": "#belt-waist-plain-metal", "uv": [ 6.0, 4.0, 7.0, 4.5 ] },
								"west": { "texture": "#belt-waist-plain-metal", "uv": [ 6.0, 3.5, 7.5, 4.0 ] },
								"up": { "texture": "#belt-waist-plain-metal", "uv": [ 6.5, 3.5, 7.5, 5.0 ] },
								"down": { "texture": "#belt-waist-plain-metal", "uv": [ 7.0, 3.0, 8.0, 4.5 ] }
							},
							"children": [
								{
									"name": "buckle-left",
									"from": [ 0.0, 0.5, 0.0 ],
									"to": [ 1.0, 2.0, 0.5 ],
									"rotationOrigin": [ 0.0, 0.5, 0.0 ],
									"faces": {
										"north": { "texture": "#belt-waist-plain-metal", "uv": [ 6.5, 3.5, 7.5, 5.0 ] },
										"south": { "texture": "#belt-waist-plain-metal", "uv": [ 7.5, 3.5, 8.5, 5.0 ] },
										"west": { "texture": "#belt-waist-plain-metal", "uv": [ 6.5, 3.5, 7.0, 5.0 ] },
										"up": { "texture": "#belt-waist-plain-metal", "uv": [ 6.5, 3.5, 7.5, 4.0 ] }
									}
								},
								{
									"name": "buckle-right",
									"from": [ 0.0, 0.0, 1.5 ],
									"to": [ 1.0, 1.5, 2.0 ],
									"rotationOrigin": [ 0.0, 0.0, 1.5 ],
									"faces": {
										"north": { "texture": "#belt-waist-plain-metal", "uv": [ 6.5, 3.0, 7.5, 4.5 ] },
										"south": { "texture": "#belt-waist-plain-metal", "uv": [ 6.5, 3.5, 7.5, 5.0 ] },
										"west": { "texture": "#belt-waist-plain-metal", "uv": [ 7.0, 3.0, 7.5, 4.5 ] },
										"down": { "texture": "#belt-waist-plain-metal", "uv": [ 7.0, 4.5, 8.0, 5.0 ] }
									}
								},
								{
									"name": "buckle-top",
									"from": [ 0.0, 1.5, 0.5 ],
									"to": [ 1.0, 2.0, 2.0 ],
									"rotationOrigin": [ 0.0, 1.5, 0.5 ],
									"faces": {
										"south": { "texture": "#belt-waist-plain-metal", "uv": [ 6.5, 4.0, 7.5, 4.5 ] },
										"west": { "texture": "#belt-waist-plain-metal", "uv": [ 6.0, 4.0, 7.5, 4.5 ] },
										"up": { "texture": "#belt-waist-plain-metal", "uv": [ 7.0, 3.0, 8.0, 4.5 ] },
										"down": { "texture": "#belt-waist-plain-metal", "uv": [ 6.0, 3.0, 7.0, 4.5 ], "windMode": [-1,-1,-1,-1], "windData": [1,1,1,1] }
									}
								},
								{
									"name": "buckle-pin",
									"from": [ 0.2, 0.9, 1.0 ],
									"to": [ 0.8, 1.1, 2.5 ],
									"rotationOrigin": [ 0.2, 0.9, 1.0 ],
									"faces": {
										"north": { "texture": "#belt-waist-plain-metal", "uv": [ 7.5, 4.5, 8.0, 5.0 ] },
										"south": { "texture": "#belt-waist-plain-metal", "uv": [ 6.5, 3.0, 7.0, 3.5 ] },
										"west": { "texture": "#belt-waist-plain-metal", "uv": [ 6.0, 3.5, 7.5, 4.0 ] },
										"up": { "texture": "#belt-waist-plain-metal", "uv": [ 6.0, 3.0, 6.5, 4.5 ] },
										"down": { "texture": "#belt-waist-plain-metal", "uv": [ 7.5, 3.0, 8.0, 4.5 ] }
									}
								}
							]
						},
						{
							"name": "S-top",
							"from": [ 0.5, 0.7, 6.4 ],
							"to": [ 5.1, 1.2, 7.3 ],
							"rotationOrigin": [ 0.5, 0.7, 6.4 ],
							"faces": {
								"south": { "texture": "#belt-waist-plain-material", "uv": [ 0.0, 0.0, 4.5, 0.5 ] },
								"up": { "texture": "#belt-waist-plain-material", "uv": [ 0.0, 0.0, 4.5, 0.5 ] },
								"down": { "texture": "#belt-waist-plain-material", "uv": [ 1.0, 0.0, 5.5, 0.5 ] }
							}
						},
						{
							"name": "S-bottom",
							"from": [ 0.3, -0.2, 6.4 ],
							"to": [ 5.1, 0.3, 7.3 ],
							"rotationOrigin": [ 0.3, -0.2, 6.4 ],
							"faces": {
								"south": { "texture": "#belt-waist-plain-material", "uv": [ 1.0, 0.0, 5.5, 0.5 ] },
								"up": { "texture": "#belt-waist-plain-material", "uv": [ 0.0, 0.0, 4.5, 0.5 ] },
								"down": { "texture": "#belt-waist-plain-material", "uv": [ 1.0, 0.0, 5.5, 0.5 ] }
							}
						},
						{
							"name": "N-top",
							"from": [ 0.5, 0.7, -0.2 ],
							"to": [ 5.2, 1.2, 0.4 ],
							"rotationOrigin": [ 0.5, 0.7, -0.2 ],
							"faces": {
								"north": { "texture": "#belt-waist-plain-material", "uv": [ 1.0, 0.0, 5.5, 0.5 ] },
								"up": { "texture": "#belt-waist-plain-material", "uv": [ 1.5, 0.0, 6.0, 0.5 ] },
								"down": { "texture": "#belt-waist-plain-material", "uv": [ 1.5, 0.0, 6.0, 0.5 ] }
							}
						},
						{
							"name": "N-bottom",
							"from": [ 0.3, -0.2, -0.2 ],
							"to": [ 5.1, 0.3, 0.4 ],
							"rotationOrigin": [ 0.3, -0.2, -0.2 ],
							"faces": {
								"north": { "texture": "#belt-waist-plain-material", "uv": [ 1.5, 1.0, 6.0, 1.5 ] },
								"up": { "texture": "#belt-waist-plain-material", "uv": [ 2.0, 1.5, 6.5, 2.0 ] },
								"down": { "texture": "#belt-waist-plain-material", "uv": [ 1.0, 1.0, 5.5, 1.5 ] }
							}
						},
						{
							"name": "W-topleft",
							"from": [ -0.2, 0.7, -0.2 ],
							"to": [ 0.5, 1.2, 2.8 ],
							"rotationOrigin": [ -0.2, 0.7, -0.2 ],
							"faces": {
								"north": { "texture": "#belt-waist-plain-material", "uv": [ 6.0, 0.0, 6.5, 0.5 ] },
								"west": { "texture": "#belt-waist-plain-material", "uv": [ 4.0, 0.0, 7.0, 0.5 ] },
								"up": { "texture": "#belt-waist-plain-material", "uv": [ 3.0, 0.0, 6.0, 0.5 ], "rotation": 90 },
								"down": { "texture": "#belt-waist-plain-material", "uv": [ 2.0, 2.0, 5.0, 2.5 ], "rotation": 90 }
							}
						},
						{
							"name": "W-bottomright",
							"from": [ -0.2, -0.2, 4.0 ],
							"to": [ 0.3, 0.3, 7.3 ],
							"rotationOrigin": [ -0.2, -0.2, 4.0 ],
							"faces": {
								"south": { "texture": "#belt-waist-plain-material", "uv": [ 0.0, 0.0, 0.5, 0.5 ] },
								"west": { "texture": "#belt-waist-plain-material", "uv": [ 3.5, 0.0, 6.5, 0.5 ] },
								"up": { "texture": "#belt-waist-plain-material", "uv": [ 4.0, 0.0, 7.0, 0.5 ], "rotation": 90 },
								"down": { "texture": "#belt-waist-plain-material", "uv": [ 2.0, 0.0, 5.0, 0.5 ], "rotation": 90 }
							}
						},
						{
							"name": "W-topright",
							"from": [ -0.2, 0.7, 4.0 ],
							"to": [ 0.5, 1.2, 7.3 ],
							"rotationOrigin": [ -0.2, 0.7, 4.0 ],
							"faces": {
								"south": { "texture": "#belt-waist-plain-material", "uv": [ 1.5, 0.0, 2.0, 0.5 ] },
								"west": { "texture": "#belt-waist-plain-material", "uv": [ 0.5, 0.0, 3.5, 0.5 ] },
								"up": { "texture": "#belt-waist-plain-material", "uv": [ 1.0, 0.0, 4.0, 0.5 ], "rotation": 90 },
								"down": { "texture": "#belt-waist-plain-material", "uv": [ 4.0, 0.0, 7.0, 0.5 ], "rotation": 90 }
							}
						},
						{
							"name": "W-bottomleft",
							"from": [ -0.2, -0.2, -0.2 ],
							"to": [ 0.3, 0.3, 2.8 ],
							"rotationOrigin": [ -0.2, -0.2, -0.2 ],
							"faces": {
								"north": { "texture": "#belt-waist-plain-material", "uv": [ 1.0, 0.0, 1.5, 0.5 ] },
								"west": { "texture": "#belt-waist-plain-material", "uv": [ 2.0, 0.0, 5.0, 0.5 ] },
								"up": { "texture": "#belt-waist-plain-material", "uv": [ 2.5, 0.0, 5.5, 0.5 ], "rotation": 90 },
								"down": { "texture": "#belt-waist-plain-material", "uv": [ 1.5, 0.0, 4.5, 0.5 ], "rotation": 90 }
							}
						},
						{
							"name": "E-top",
							"from": [ 5.1, 0.7, -0.2 ],
							"to": [ 6.2, 1.2, 7.3 ],
							"rotationOrigin": [ 5.1, 0.7, -0.2 ],
							"faces": {
								"north": { "texture": "#belt-waist-plain-material", "uv": [ 0.0, 0.0, 1.0, 0.5 ] },
								"east": { "texture": "#belt-waist-plain-material", "uv": [ 0.0, 0.0, 7.5, 0.5 ] },
								"south": { "texture": "#belt-waist-plain-material", "uv": [ 0.0, 0.0, 1.0, 0.5 ] },
								"up": { "texture": "#belt-waist-plain-material", "uv": [ 0.0, 0.5, 7.5, 1.5 ], "rotation": 90 },
								"down": { "texture": "#belt-waist-plain-material", "uv": [ 1.0, 2.0, 8.5, 3.0 ], "rotation": 90 }
							}
						},
						{
							"name": "E-bottom",
							"from": [ 5.1, -0.2, -0.2 ],
							"to": [ 6.2, 0.3, 7.3 ],
							"rotationOrigin": [ 5.1, -0.2, -0.2 ],
							"faces": {
								"north": { "texture": "#belt-waist-plain-material", "uv": [ 1.5, 0.0, 2.5, 0.5 ] },
								"east": { "texture": "#belt-waist-plain-material", "uv": [ 0.5, 0.0, 8.0, 0.5 ] },
								"south": { "texture": "#belt-waist-plain-material", "uv": [ 4.5, 0.0, 5.5, 0.5 ] },
								"up": { "texture": "#belt-waist-plain-material", "uv": [ 0.0, 0.0, 7.5, 1.0 ], "rotation": 90 },
								"down": { "texture": "#belt-waist-plain-material", "uv": [ 0.5, 1.5, 8.0, 2.5 ], "rotation": 90 }
							}
						}
					]
				}
			]
		}
	]}