{
	"editor": {
		"backDropShape": "E:/Programs/VSModelCreator/seraph-hairless",
		"collapsedPaths": "Root/Waist-Quiver/Quiver/arrow_5,Root/Waist-Quiver/Quiver/arrow_4,Root/Waist-Quiver/Belt,Root/Waist-Quiver/Quiver/arrow_3,Root/Waist-Quiver/Quiver/arrow_2,Root/Waist-Quiver/Quiver/arrow_1,Root/Waist/buckle-bottom,Root/Waist-Quiver/Quiver/arrow_0",
		"allAngles": false,
		"entityTextureMode": false
	},
	"textureWidth": 16,
	"textureHeight": 16,
	"textureSizes": {
	},
	"textures": {
		"leather": "game:block/leather/plain",
		"brass": "game:block/metal/plate/brass",
		"iron": "game:block/metal/plate/iron",
		"shoulder-sling-plain-wood": "game:block/wood/debarked/oak"
	},
	"elements": [
		{
			"name": "Waist-Quiver",
			"stepParentName": "LowerTorso",
			"from": [ -0.5, 1.0, -0.5 ],
			"to": [ 5.6, 2.1, 6.7 ],
			"rotationOrigin": [ 2.5, 1.0, 2.7 ],
			"faces": {
				"north": { "texture": "#leather", "uv": [ 0.0, 1.0, 6.0, 2.0 ] },
				"east": { "texture": "#leather", "uv": [ 0.5, 0.5, 7.5, 1.5 ] },
				"south": { "texture": "#leather", "uv": [ 0.5, 0.5, 6.5, 1.5 ] },
				"west": { "texture": "#leather", "uv": [ 0.0, 0.0, 7.0, 1.0 ] }
			},
			"children": [
				{
					"name": "Quiver",
					"from": [ 3.3, -9.1, -2.4 ],
					"to": [ 7.3, -1.1, -1.4 ],
					"rotationOrigin": [ 4.3, -3.1, -0.4 ],
					"rotationY": -45.0,
					"rotationZ": 5.5,
					"faces": {
						"north": { "texture": "#leather", "uv": [ 0.0, 0.0, 4.0, 8.0 ] },
						"east": { "texture": "#leather", "uv": [ 0.0, 0.0, 1.0, 8.0 ] },
						"south": { "texture": "#leather", "uv": [ 0.0, 0.0, 4.0, 8.0 ] },
						"west": { "texture": "#leather", "uv": [ 0.0, 0.0, 1.0, 8.0 ] },
						"up": { "texture": "#leather", "uv": [ 0.0, 0.0, 4.0, 1.0 ] },
						"down": { "texture": "#leather", "uv": [ 0.0, 0.0, 4.0, 1.0 ] }
					},
					"children": [
						{
							"name": "quiver_0",
							"from": [ -0.1, 0.5, -0.1 ],
							"to": [ 4.1, 1.0, 1.1 ],
							"rotationOrigin": [ -0.1, 0.5, -0.1 ],
							"faces": {
								"north": { "texture": "#brass", "uv": [ 0.0, 0.0, 4.0, 0.5 ] },
								"east": { "texture": "#brass", "uv": [ 0.0, 0.0, 1.0, 0.5 ] },
								"south": { "texture": "#brass", "uv": [ 0.0, 0.0, 4.0, 0.5 ] },
								"west": { "texture": "#brass", "uv": [ 0.0, 0.0, 1.0, 0.5 ] },
								"up": { "texture": "#brass", "uv": [ 0.0, 0.0, 4.0, 1.0 ] },
								"down": { "texture": "#brass", "uv": [ 0.0, 0.0, 4.0, 1.0 ] }
							}
						},
						{
							"name": "quiver_1",
							"from": [ -0.1, 7.0, -0.1 ],
							"to": [ 4.1, 7.5, 1.1 ],
							"rotationOrigin": [ -0.1, 7.0, -0.1 ],
							"faces": {
								"north": { "texture": "#brass", "uv": [ 0.0, 0.0, 4.0, 0.5 ] },
								"east": { "texture": "#brass", "uv": [ 0.0, 0.0, 1.0, 0.5 ] },
								"south": { "texture": "#brass", "uv": [ 0.0, 0.0, 4.0, 0.5 ] },
								"west": { "texture": "#brass", "uv": [ 0.0, 0.0, 1.0, 0.5 ] },
								"up": { "texture": "#brass", "uv": [ 0.0, 0.0, 4.0, 1.0 ] },
								"down": { "texture": "#brass", "uv": [ 0.0, 0.0, 4.0, 1.0 ] }
							}
						},
						{
							"name": "javelin_0",
							"from": [ 3.2, 8.0, 0.2 ],
							"to": [ 3.8, 14.0, 0.8 ],
							"rotationOrigin": [ 3.2, 8.0, 0.6 ],
							"rotationX": -4.0,
							"rotationZ": -4.0,
							"faces": {
								"north": { "texture": "#shoulder-sling-plain-wood", "uv": [ 0.0, 0.0, 0.5, 6.0 ] },
								"east": { "texture": "#shoulder-sling-plain-wood", "uv": [ 0.0, 0.0, 0.5, 6.0 ] },
								"south": { "texture": "#shoulder-sling-plain-wood", "uv": [ 0.0, 0.0, 0.5, 6.0 ] },
								"west": { "texture": "#shoulder-sling-plain-wood", "uv": [ 0.0, 0.0, 0.5, 6.0 ] },
								"up": { "texture": "#shoulder-sling-plain-wood", "uv": [ 0.0, 0.0, 0.5, 0.5 ] },
								"down": { "texture": "#shoulder-sling-plain-wood", "uv": [ 0.0, 0.0, 0.5, 0.5 ] }
							}
						},
						{
							"name": "quiver_2",
							"from": [ 2.4, 7.8, 0.8 ],
							"to": [ 3.0, 9.0, 1.0 ],
							"rotationOrigin": [ 2.4, 7.8, 1.0 ],
							"rotationX": 26.5,
							"faces": {
								"north": { "texture": "#leather", "uv": [ 0.0, 0.0, 0.5, 1.0 ] },
								"east": { "texture": "#leather", "uv": [ 0.0, 0.0, 0.5, 1.0 ] },
								"south": { "texture": "#leather", "uv": [ 0.0, 0.0, 0.5, 1.0 ] },
								"west": { "texture": "#leather", "uv": [ 0.0, 0.0, 0.5, 1.0 ] },
								"up": { "texture": "#leather", "uv": [ 0.0, 0.0, 0.5, 0.5 ] },
								"down": { "texture": "#leather", "uv": [ 0.0, 0.0, 0.5, 0.5 ] }
							}
						},
						{
							"name": "quiver_3",
							"from": [ 0.0, 7.0, 1.0 ],
							"to": [ 0.6, 11.2, 1.2 ],
							"rotationOrigin": [ 0.0, 7.0, 1.0 ],
							"rotationX": 44.5,
							"rotationY": 45.0,
							"rotationZ": 8.5,
							"faces": {
								"north": { "texture": "#leather", "uv": [ 0.0, 0.0, 0.5, 4.0 ] },
								"east": { "texture": "#leather", "uv": [ 0.0, 0.0, 0.5, 4.0 ] },
								"south": { "texture": "#leather", "uv": [ 0.0, 0.0, 0.5, 4.0 ] },
								"west": { "texture": "#leather", "uv": [ 0.0, 0.0, 0.5, 4.0 ] },
								"up": { "texture": "#leather", "uv": [ 0.0, 0.0, 0.5, 0.5 ] },
								"down": { "texture": "#leather", "uv": [ 0.0, 0.0, 0.5, 0.5 ] }
							}
						},
						{
							"name": "javelin_1",
							"from": [ 2.4, 8.0, 0.2 ],
							"to": [ 3.0, 14.0, 0.8 ],
							"rotationOrigin": [ 2.4, 8.0, 0.6 ],
							"rotationX": -6.0,
							"rotationZ": -1.0,
							"faces": {
								"north": { "texture": "#shoulder-sling-plain-wood", "uv": [ 15.5, 2.5, 16.0, 8.5 ] },
								"east": { "texture": "#shoulder-sling-plain-wood", "uv": [ 15.5, 2.5, 16.0, 8.5 ] },
								"south": { "texture": "#shoulder-sling-plain-wood", "uv": [ 15.5, 2.5, 16.0, 8.5 ] },
								"west": { "texture": "#shoulder-sling-plain-wood", "uv": [ 15.5, 2.5, 16.0, 8.5 ] },
								"up": { "texture": "#shoulder-sling-plain-wood", "uv": [ 0.0, 0.0, 0.5, 0.5 ] },
								"down": { "texture": "#shoulder-sling-plain-wood", "uv": [ 0.0, 0.0, 0.5, 0.5 ] }
							}
						},
						{
							"name": "javelin_2",
							"from": [ 1.6, 8.0, 0.2 ],
							"to": [ 2.2, 14.0, 0.8 ],
							"rotationOrigin": [ 1.6, 8.0, 0.6 ],
							"rotationX": -2.0,
							"rotationZ": 1.0,
							"faces": {
								"north": { "texture": "#shoulder-sling-plain-wood", "uv": [ 0.0, 0.0, 0.5, 6.0 ] },
								"east": { "texture": "#shoulder-sling-plain-wood", "uv": [ 0.0, 0.0, 0.5, 6.0 ] },
								"south": { "texture": "#shoulder-sling-plain-wood", "uv": [ 0.0, 0.0, 0.5, 6.0 ] },
								"west": { "texture": "#shoulder-sling-plain-wood", "uv": [ 0.0, 0.0, 0.5, 6.0 ] },
								"up": { "texture": "#shoulder-sling-plain-wood", "uv": [ 0.0, 0.0, 0.5, 0.5 ] },
								"down": { "texture": "#shoulder-sling-plain-wood", "uv": [ 0.0, 0.0, 0.5, 0.5 ] }
							}
						},
						{
							"name": "javelin_3",
							"from": [ 0.8, 8.0, 0.2 ],
							"to": [ 1.4, 14.0, 0.8 ],
							"rotationOrigin": [ 1.4, 8.0, 0.6 ],
							"rotationX": 1.0,
							"rotationZ": 3.0,
							"faces": {
								"north": { "texture": "#shoulder-sling-plain-wood", "uv": [ 5.0, 3.0, 5.5, 9.0 ] },
								"east": { "texture": "#shoulder-sling-plain-wood", "uv": [ 5.0, 3.5, 5.5, 9.5 ] },
								"south": { "texture": "#shoulder-sling-plain-wood", "uv": [ 5.0, 3.5, 5.5, 9.5 ] },
								"west": { "texture": "#shoulder-sling-plain-wood", "uv": [ 5.0, 4.0, 5.5, 10.0 ] },
								"up": { "texture": "#shoulder-sling-plain-wood", "uv": [ 0.0, 0.0, 0.5, 0.5 ] },
								"down": { "texture": "#shoulder-sling-plain-wood", "uv": [ 0.0, 0.0, 0.5, 0.5 ] }
							}
						},
						{
							"name": "javelin_4",
							"from": [ 0.1, 8.0, 0.2 ],
							"to": [ 0.7, 14.0, 0.8 ],
							"rotationOrigin": [ 0.7, 8.0, 0.6 ],
							"rotationX": 1.0,
							"rotationZ": 8.0,
							"faces": {
								"north": { "texture": "#shoulder-sling-plain-wood", "uv": [ 0.0, 3.0, 0.5, 9.0 ] },
								"east": { "texture": "#shoulder-sling-plain-wood", "uv": [ 0.0, 3.0, 0.5, 9.0 ] },
								"south": { "texture": "#shoulder-sling-plain-wood", "uv": [ 0.0, 2.5, 0.5, 8.5 ] },
								"west": { "texture": "#shoulder-sling-plain-wood", "uv": [ 0.0, 2.0, 0.5, 8.0 ] },
								"up": { "texture": "#shoulder-sling-plain-wood", "uv": [ 0.0, 0.0, 0.5, 0.5 ] },
								"down": { "texture": "#shoulder-sling-plain-wood", "uv": [ 0.0, 0.0, 0.5, 0.5 ] }
							}
						}
					]
				},
				{
					"name": "Belt",
					"from": [ 0.0, 0.0, 0.0 ],
					"to": [ 0.0, 0.0, 0.0 ],
					"faces": {
						"north": { "texture": "#leather", "uv": [ 0.0, 0.0, 0.5, 0.5 ] },
						"east": { "texture": "#leather", "uv": [ 0.0, 0.0, 0.5, 0.5 ] },
						"south": { "texture": "#leather", "uv": [ 0.0, 0.0, 0.5, 0.5 ] },
						"west": { "texture": "#leather", "uv": [ 0.0, 0.0, 0.5, 0.5 ] },
						"up": { "texture": "#leather", "uv": [ 0.0, 0.0, 0.5, 0.5 ] },
						"down": { "texture": "#leather", "uv": [ 0.0, 0.0, 0.5, 0.5 ] }
					},
					"children": [
						{
							"name": "loop",
							"from": [ -0.3, -0.3, 1.0 ],
							"to": [ 0.6, 1.3, 1.5 ],
							"rotationOrigin": [ -0.3, -0.3, 1.0 ],
							"faces": {
								"north": { "texture": "#iron", "uv": [ 6.5, 3.5, 7.0, 5.0 ] },
								"south": { "texture": "#iron", "uv": [ 7.0, 3.0, 7.5, 4.5 ] },
								"west": { "texture": "#iron", "uv": [ 7.0, 3.5, 7.5, 5.0 ] },
								"up": { "texture": "#iron", "uv": [ 6.0, 3.0, 6.5, 3.5 ] },
								"down": { "texture": "#iron", "uv": [ 7.0, 4.5, 7.5, 5.0 ] }
							}
						},
						{
							"name": "buckle-bottom",
							"from": [ -0.5, -0.4, 2.4 ],
							"to": [ 0.5, 0.1, 3.9 ],
							"rotationOrigin": [ -0.5, -0.4, 2.4 ],
							"faces": {
								"north": { "texture": "#iron", "uv": [ 6.0, 4.0, 7.0, 4.5 ] },
								"west": { "texture": "#iron", "uv": [ 6.0, 3.5, 7.5, 4.0 ] },
								"up": { "texture": "#iron", "uv": [ 6.5, 3.5, 7.5, 5.0 ] },
								"down": { "texture": "#iron", "uv": [ 7.0, 3.0, 8.0, 4.5 ] }
							},
							"children": [
								{
									"name": "buckle-left",
									"from": [ 0.0, 0.5, 0.0 ],
									"to": [ 1.0, 2.0, 0.5 ],
									"rotationOrigin": [ 0.0, 0.5, 0.0 ],
									"faces": {
										"north": { "texture": "#iron", "uv": [ 6.5, 3.5, 7.5, 5.0 ] },
										"south": { "texture": "#iron", "uv": [ 7.5, 3.5, 8.5, 5.0 ] },
										"west": { "texture": "#iron", "uv": [ 6.5, 3.5, 7.0, 5.0 ] },
										"up": { "texture": "#iron", "uv": [ 6.5, 3.5, 7.5, 4.0 ] }
									}
								},
								{
									"name": "buckle-right",
									"from": [ 0.0, 0.0, 1.5 ],
									"to": [ 1.0, 1.5, 2.0 ],
									"rotationOrigin": [ 0.0, 0.0, 1.5 ],
									"faces": {
										"north": { "texture": "#iron", "uv": [ 6.5, 3.0, 7.5, 4.5 ] },
										"south": { "texture": "#iron", "uv": [ 6.5, 3.5, 7.5, 5.0 ] },
										"west": { "texture": "#iron", "uv": [ 7.0, 3.0, 7.5, 4.5 ] },
										"down": { "texture": "#iron", "uv": [ 7.0, 4.5, 8.0, 5.0 ] }
									}
								},
								{
									"name": "buckle-top",
									"from": [ 0.0, 1.5, 0.5 ],
									"to": [ 1.0, 2.0, 2.0 ],
									"rotationOrigin": [ 0.0, 1.5, 0.5 ],
									"faces": {
										"south": { "texture": "#iron", "uv": [ 6.5, 4.0, 7.5, 4.5 ] },
										"west": { "texture": "#iron", "uv": [ 6.0, 4.0, 7.5, 4.5 ] },
										"up": { "texture": "#iron", "uv": [ 7.0, 3.0, 8.0, 4.5 ] },
										"down": { "texture": "#iron", "uv": [ 6.0, 3.0, 7.0, 4.5 ], "windMode": [-1,-1,-1,-1], "windData": [1,1,1,1] }
									}
								},
								{
									"name": "buckle-pin",
									"from": [ 0.2, 0.9, 1.0 ],
									"to": [ 0.8, 1.1, 2.5 ],
									"rotationOrigin": [ 0.2, 0.9, 1.0 ],
									"faces": {
										"north": { "texture": "#iron", "uv": [ 7.5, 4.5, 8.0, 5.0 ] },
										"south": { "texture": "#iron", "uv": [ 6.5, 3.0, 7.0, 3.5 ] },
										"west": { "texture": "#iron", "uv": [ 6.0, 3.5, 7.5, 4.0 ] },
										"up": { "texture": "#iron", "uv": [ 6.0, 3.0, 6.5, 4.5 ] },
										"down": { "texture": "#iron", "uv": [ 7.5, 3.0, 8.0, 4.5 ] }
									}
								}
							]
						},
						{
							"name": "S-top",
							"from": [ 0.5, 0.7, 6.4 ],
							"to": [ 5.1, 1.2, 7.3 ],
							"rotationOrigin": [ 0.5, 0.7, 6.4 ],
							"faces": {
								"south": { "texture": "#leather", "uv": [ 0.0, 0.0, 4.5, 0.5 ] },
								"up": { "texture": "#leather", "uv": [ 0.0, 0.0, 4.5, 0.5 ] },
								"down": { "texture": "#leather", "uv": [ 1.0, 0.0, 5.5, 0.5 ] }
							}
						},
						{
							"name": "S-bottom",
							"from": [ 0.3, -0.2, 6.4 ],
							"to": [ 5.1, 0.3, 7.3 ],
							"rotationOrigin": [ 0.3, -0.2, 6.4 ],
							"faces": {
								"south": { "texture": "#leather", "uv": [ 1.0, 0.0, 5.5, 0.5 ] },
								"up": { "texture": "#leather", "uv": [ 0.0, 0.0, 4.5, 0.5 ] },
								"down": { "texture": "#leather", "uv": [ 1.0, 0.0, 5.5, 0.5 ] }
							}
						},
						{
							"name": "N-top",
							"from": [ 0.5, 0.7, -0.2 ],
							"to": [ 5.2, 1.2, 0.4 ],
							"rotationOrigin": [ 0.5, 0.7, -0.2 ],
							"faces": {
								"north": { "texture": "#leather", "uv": [ 1.0, 0.0, 5.5, 0.5 ] },
								"up": { "texture": "#leather", "uv": [ 1.5, 0.0, 6.0, 0.5 ] },
								"down": { "texture": "#leather", "uv": [ 1.5, 0.0, 6.0, 0.5 ] }
							}
						},
						{
							"name": "N-bottom",
							"from": [ 0.3, -0.2, -0.2 ],
							"to": [ 5.1, 0.3, 0.4 ],
							"rotationOrigin": [ 0.3, -0.2, -0.2 ],
							"faces": {
								"north": { "texture": "#leather", "uv": [ 1.5, 1.0, 6.0, 1.5 ] },
								"up": { "texture": "#leather", "uv": [ 2.0, 1.5, 6.5, 2.0 ] },
								"down": { "texture": "#leather", "uv": [ 1.0, 1.0, 5.5, 1.5 ] }
							}
						},
						{
							"name": "W-topleft",
							"from": [ -0.2, 0.7, -0.2 ],
							"to": [ 0.5, 1.2, 2.8 ],
							"rotationOrigin": [ -0.2, 0.7, -0.2 ],
							"faces": {
								"north": { "texture": "#leather", "uv": [ 6.0, 0.0, 6.5, 0.5 ] },
								"west": { "texture": "#leather", "uv": [ 4.0, 0.0, 7.0, 0.5 ] },
								"up": { "texture": "#leather", "uv": [ 3.0, 0.0, 6.0, 0.5 ], "rotation": 90 },
								"down": { "texture": "#leather", "uv": [ 2.0, 2.0, 5.0, 2.5 ], "rotation": 90 }
							}
						},
						{
							"name": "W-bottomright",
							"from": [ -0.2, -0.2, 4.0 ],
							"to": [ 0.3, 0.3, 7.3 ],
							"rotationOrigin": [ -0.2, -0.2, 4.0 ],
							"faces": {
								"south": { "texture": "#leather", "uv": [ 0.0, 0.0, 0.5, 0.5 ] },
								"west": { "texture": "#leather", "uv": [ 3.5, 0.0, 6.5, 0.5 ] },
								"up": { "texture": "#leather", "uv": [ 4.0, 0.0, 7.0, 0.5 ], "rotation": 90 },
								"down": { "texture": "#leather", "uv": [ 2.0, 0.0, 5.0, 0.5 ], "rotation": 90 }
							}
						},
						{
							"name": "W-topright",
							"from": [ -0.2, 0.7, 4.0 ],
							"to": [ 0.5, 1.2, 7.3 ],
							"rotationOrigin": [ -0.2, 0.7, 4.0 ],
							"faces": {
								"south": { "texture": "#leather", "uv": [ 1.5, 0.0, 2.0, 0.5 ] },
								"west": { "texture": "#leather", "uv": [ 0.5, 0.0, 3.5, 0.5 ] },
								"up": { "texture": "#leather", "uv": [ 1.0, 0.0, 4.0, 0.5 ], "rotation": 90 },
								"down": { "texture": "#leather", "uv": [ 4.0, 0.0, 7.0, 0.5 ], "rotation": 90 }
							}
						},
						{
							"name": "W-bottomleft",
							"from": [ -0.2, -0.2, -0.2 ],
							"to": [ 0.3, 0.3, 2.8 ],
							"rotationOrigin": [ -0.2, -0.2, -0.2 ],
							"faces": {
								"north": { "texture": "#leather", "uv": [ 1.0, 0.0, 1.5, 0.5 ] },
								"west": { "texture": "#leather", "uv": [ 2.0, 0.0, 5.0, 0.5 ] },
								"up": { "texture": "#leather", "uv": [ 2.5, 0.0, 5.5, 0.5 ], "rotation": 90 },
								"down": { "texture": "#leather", "uv": [ 1.5, 0.0, 4.5, 0.5 ], "rotation": 90 }
							}
						},
						{
							"name": "E-top",
							"from": [ 5.1, 0.7, -0.2 ],
							"to": [ 6.2, 1.2, 7.3 ],
							"rotationOrigin": [ 5.1, 0.7, -0.2 ],
							"faces": {
								"north": { "texture": "#leather", "uv": [ 0.0, 0.0, 1.0, 0.5 ] },
								"east": { "texture": "#leather", "uv": [ 0.0, 0.0, 7.5, 0.5 ] },
								"south": { "texture": "#leather", "uv": [ 0.0, 0.0, 1.0, 0.5 ] },
								"up": { "texture": "#leather", "uv": [ 0.0, 0.5, 7.5, 1.5 ], "rotation": 90 },
								"down": { "texture": "#leather", "uv": [ 1.0, 2.0, 8.5, 3.0 ], "rotation": 90 }
							}
						},
						{
							"name": "E-bottom",
							"from": [ 5.1, -0.2, -0.2 ],
							"to": [ 6.2, 0.3, 7.3 ],
							"rotationOrigin": [ 5.1, -0.2, -0.2 ],
							"faces": {
								"north": { "texture": "#leather", "uv": [ 1.5, 0.0, 2.5, 0.5 ] },
								"east": { "texture": "#leather", "uv": [ 0.5, 0.0, 8.0, 0.5 ] },
								"south": { "texture": "#leather", "uv": [ 4.5, 0.0, 5.5, 0.5 ] },
								"up": { "texture": "#leather", "uv": [ 0.0, 0.0, 7.5, 1.0 ], "rotation": 90 },
								"down": { "texture": "#leather", "uv": [ 0.5, 1.5, 8.0, 2.5 ], "rotation": 90 }
							}
						},
						{
							"name": "belt_0",
							"from": [ 4.9, -0.3, 5.0 ],
							"to": [ 6.3, 1.3, 5.5 ],
							"rotationOrigin": [ 4.9, -0.3, 5.0 ],
							"faces": {
								"north": { "texture": "#iron", "uv": [ 0.0, 0.0, 1.0, 1.5 ] },
								"east": { "texture": "#iron", "uv": [ 0.0, 0.0, 0.5, 1.5 ] },
								"south": { "texture": "#iron", "uv": [ 0.0, 0.0, 1.0, 1.5 ] },
								"west": { "texture": "#iron", "uv": [ 0.0, 0.0, 0.5, 1.5 ] },
								"up": { "texture": "#iron", "uv": [ 0.0, 0.0, 1.0, 0.5 ] },
								"down": { "texture": "#iron", "uv": [ 0.0, 0.0, 1.0, 0.5 ] }
							},
							"children": [
								{
									"name": "belt_1",
									"from": [ 1.4, 0.0, 0.0 ],
									"to": [ 2.3, 0.5, 0.5 ],
									"rotationOrigin": [ 1.4, 0.0, 0.0 ],
									"faces": {
										"north": { "texture": "#iron", "uv": [ 0.0, 0.0, 0.5, 0.5 ] },
										"east": { "texture": "#iron", "uv": [ 0.0, 0.0, 0.5, 0.5 ] },
										"south": { "texture": "#iron", "uv": [ 0.0, 0.0, 0.5, 0.5 ] },
										"west": { "texture": "#iron", "uv": [ 0.0, 0.0, 0.5, 0.5 ] },
										"up": { "texture": "#iron", "uv": [ 0.0, 0.0, 0.5, 0.5 ] },
										"down": { "texture": "#iron", "uv": [ 0.0, 0.0, 0.5, 0.5 ] }
									}
								},
								{
									"name": "belt_2",
									"from": [ 1.8, 0.5, 0.0 ],
									"to": [ 2.3, 1.0, 0.5 ],
									"rotationOrigin": [ 1.8, 0.5, 0.0 ],
									"faces": {
										"north": { "texture": "#iron", "uv": [ 0.0, 0.0, 0.5, 0.5 ] },
										"east": { "texture": "#iron", "uv": [ 0.0, 0.0, 0.5, 0.5 ] },
										"south": { "texture": "#iron", "uv": [ 0.0, 0.0, 0.5, 0.5 ] },
										"west": { "texture": "#iron", "uv": [ 0.0, 0.0, 0.5, 0.5 ] },
										"up": { "texture": "#iron", "uv": [ 0.0, 0.0, 0.5, 0.5 ] },
										"down": { "texture": "#iron", "uv": [ 0.0, 0.0, 0.5, 0.5 ] }
									}
								}
							]
						}
					]
				}
			]
		}
	]}