{
	"editor": {
		"backDropShape": "E:/Programs/VSModelCreator/seraph-hairless",
		"collapsedPaths": "Root/Pistol/Stock,Root/Pistol/Barrel,Root/Waist-Quiver/Belt/buckle-bottom,Root/Waist-Quiver/Belt,Root/Pistol/Ramrod,Root/Pistol/Patch,Root/Pistol/Wheellock,Root/Pistol/Flask_origin,Root/Waist-Quiver/Sheath_0/Pistol,Root/Pistol/Lever_origin,Root/Waist-Quiver/Quiver/arrow_5,Root/Waist-Quiver/Quiver/arrow_4,Root/Waist-Quiver/Quiver/arrow_3,Root/Waist-Quiver/Quiver/arrow_2,Root/Waist-Quiver/Quiver/arrow_1,Root/Waist/buckle-bottom,Root/Waist-Quiver/Quiver/arrow_0,Root/Pistol/Trigger_assembly,Root/Waist-Quiver/Pouch_1,Root/Waist-Quiver/Pouch_0",
		"allAngles": false,
		"entityTextureMode": false
	},
	"textureWidth": 16,
	"textureHeight": 16,
	"textureSizes": {
	},
	"textures": {
		"plain": "game:block/cloth/linen/plain",
		"leather": "game:block/leather/plain",
		"brass": "game:block/metal/plate/brass",
		"iron": "game:block/metal/plate/iron",
		"metal": "game:block/metal/plate/tinbronze",
		"lead1": "game:block/metal/sheet-plain/lead1",
		"wood": "game:block/wood/debarked/oak"
	},
	"elements": [
		{
			"name": "Waist-Quiver",
			"stepParentName": "LowerTorso",
			"from": [ -0.5, 1.0, -0.5 ],
			"to": [ 5.6, 2.1, 6.7 ],
			"rotationOrigin": [ 2.5, 1.0, 2.7 ],
			"faces": {
				"north": { "texture": "#leather", "uv": [ 0.0, 1.0, 6.0, 2.0 ] },
				"east": { "texture": "#leather", "uv": [ 0.5, 0.5, 7.5, 1.5 ] },
				"south": { "texture": "#leather", "uv": [ 0.5, 0.5, 6.5, 1.5 ] },
				"west": { "texture": "#leather", "uv": [ 0.0, 0.0, 7.0, 1.0 ] }
			},
			"children": [
				{
					"name": "Pouch_0",
					"from": [ 5.1, -2.4, 2.7 ],
					"to": [ 8.1, -0.4, 4.2 ],
					"rotationOrigin": [ 6.1, 0.4, 4.7 ],
					"rotationY": -101.0,
					"faces": {
						"north": { "texture": "#leather", "uv": [ 0.0, 0.0, 3.0, 2.0 ] },
						"east": { "texture": "#leather", "uv": [ 0.0, 0.0, 1.5, 2.0 ] },
						"south": { "texture": "#leather", "uv": [ 0.0, 0.0, 3.0, 2.0 ] },
						"west": { "texture": "#leather", "uv": [ 0.0, 0.0, 1.5, 2.0 ] },
						"up": { "texture": "#leather", "uv": [ 0.0, 0.0, 3.0, 1.5 ] },
						"down": { "texture": "#leather", "uv": [ 0.0, 0.0, 3.0, 1.5 ] }
					},
					"children": [
						{
							"name": "quiver_2",
							"from": [ 2.4, 1.8, 1.3 ],
							"to": [ 3.0, 3.0, 1.5 ],
							"rotationOrigin": [ 2.4, 1.8, 1.5 ],
							"rotationX": 26.5,
							"faces": {
								"north": { "texture": "#leather", "uv": [ 0.0, 0.0, 0.5, 1.0 ] },
								"east": { "texture": "#leather", "uv": [ 0.0, 0.0, 0.5, 1.0 ] },
								"south": { "texture": "#leather", "uv": [ 0.0, 0.0, 0.5, 1.0 ] },
								"west": { "texture": "#leather", "uv": [ 0.0, 0.0, 0.5, 1.0 ] },
								"up": { "texture": "#leather", "uv": [ 0.0, 0.0, 0.5, 0.5 ] },
								"down": { "texture": "#leather", "uv": [ 0.0, 0.0, 0.5, 0.5 ] }
							}
						},
						{
							"name": "quiver_4",
							"from": [ -0.2, 2.0, 0.0 ],
							"to": [ 3.2, 2.2, 1.5 ],
							"rotationOrigin": [ 0.8, 8.0, 2.0 ],
							"faces": {
								"north": { "texture": "#leather", "uv": [ 0.0, 0.0, 3.0, 0.5 ] },
								"east": { "texture": "#leather", "uv": [ 0.0, 0.0, 1.5, 0.5 ] },
								"south": { "texture": "#leather", "uv": [ 0.0, 0.0, 3.0, 0.5 ] },
								"west": { "texture": "#leather", "uv": [ 0.0, 0.0, 1.5, 0.5 ] },
								"up": { "texture": "#leather", "uv": [ 0.0, 0.0, 3.0, 1.5 ] },
								"down": { "texture": "#leather", "uv": [ 0.0, 0.0, 3.0, 1.5 ] }
							}
						},
						{
							"name": "quiver_5",
							"from": [ -0.2, 2.0, -1.0 ],
							"to": [ 3.2, 2.2, 0.0 ],
							"rotationOrigin": [ -0.2, 2.2, 0.0 ],
							"rotationX": -80.0,
							"faces": {
								"north": { "texture": "#leather", "uv": [ 0.0, 0.0, 3.0, 0.5 ] },
								"east": { "texture": "#leather", "uv": [ 0.0, 0.0, 1.0, 0.5 ] },
								"south": { "texture": "#leather", "uv": [ 0.0, 0.0, 3.0, 0.5 ] },
								"west": { "texture": "#leather", "uv": [ 0.0, 0.0, 1.0, 0.5 ] },
								"up": { "texture": "#leather", "uv": [ 0.0, 0.0, 3.0, 1.0 ] },
								"down": { "texture": "#leather", "uv": [ 0.0, 0.0, 3.0, 1.0 ] }
							},
							"children": [
								{
									"name": "Cube2",
									"from": [ 1.4, 0.1, -0.1 ],
									"to": [ 2.0, 0.3, 0.4 ],
									"rotationOrigin": [ 1.4, 0.1, -0.1 ],
									"faces": {
										"north": { "texture": "#brass", "uv": [ 0.0, 0.0, 0.5, 0.5 ] },
										"east": { "texture": "#brass", "uv": [ 0.0, 0.0, 0.5, 0.5 ] },
										"south": { "texture": "#brass", "uv": [ 0.0, 0.0, 0.5, 0.5 ] },
										"west": { "texture": "#brass", "uv": [ 0.0, 0.0, 0.5, 0.5 ] },
										"up": { "texture": "#brass", "uv": [ 0.0, 0.0, 0.5, 0.5 ] },
										"down": { "texture": "#brass", "uv": [ 0.0, 0.0, 0.5, 0.5 ] }
									}
								}
							]
						},
						{
							"name": "quiver_3",
							"from": [ 0.0, 1.8, 1.3 ],
							"to": [ 0.6, 3.3, 1.5 ],
							"rotationOrigin": [ 0.0, 1.8, 1.5 ],
							"rotationX": 40.5,
							"faces": {
								"north": { "texture": "#leather", "uv": [ 0.0, 0.0, 0.5, 1.5 ] },
								"east": { "texture": "#leather", "uv": [ 0.0, 0.0, 0.5, 1.5 ] },
								"south": { "texture": "#leather", "uv": [ 0.0, 0.0, 0.5, 1.5 ] },
								"west": { "texture": "#leather", "uv": [ 0.0, 0.0, 0.5, 1.5 ] },
								"up": { "texture": "#leather", "uv": [ 0.0, 0.0, 0.5, 0.5 ] },
								"down": { "texture": "#leather", "uv": [ 0.0, 0.0, 0.5, 0.5 ] }
							}
						}
					]
				},
				{
					"name": "Belt",
					"from": [ 0.0, 0.0, 0.0 ],
					"to": [ 0.0, 0.0, 0.0 ],
					"faces": {
						"north": { "texture": "#leather", "uv": [ 0.0, 0.0, 0.5, 0.5 ] },
						"east": { "texture": "#leather", "uv": [ 0.0, 0.0, 0.5, 0.5 ] },
						"south": { "texture": "#leather", "uv": [ 0.0, 0.0, 0.5, 0.5 ] },
						"west": { "texture": "#leather", "uv": [ 0.0, 0.0, 0.5, 0.5 ] },
						"up": { "texture": "#leather", "uv": [ 0.0, 0.0, 0.5, 0.5 ] },
						"down": { "texture": "#leather", "uv": [ 0.0, 0.0, 0.5, 0.5 ] }
					},
					"children": [
						{
							"name": "loop",
							"from": [ -0.3, -0.3, 1.0 ],
							"to": [ 0.6, 1.3, 1.5 ],
							"rotationOrigin": [ -0.3, -0.3, 1.0 ],
							"faces": {
								"north": { "texture": "#iron", "uv": [ 6.5, 3.5, 7.0, 5.0 ] },
								"south": { "texture": "#iron", "uv": [ 7.0, 3.0, 7.5, 4.5 ] },
								"west": { "texture": "#iron", "uv": [ 7.0, 3.5, 7.5, 5.0 ] },
								"up": { "texture": "#iron", "uv": [ 6.0, 3.0, 6.5, 3.5 ] },
								"down": { "texture": "#iron", "uv": [ 7.0, 4.5, 7.5, 5.0 ] }
							}
						},
						{
							"name": "buckle-bottom",
							"from": [ -0.5, -0.4, 2.4 ],
							"to": [ 0.5, 0.1, 3.9 ],
							"rotationOrigin": [ -0.5, -0.4, 2.4 ],
							"faces": {
								"north": { "texture": "#iron", "uv": [ 6.0, 4.0, 7.0, 4.5 ] },
								"west": { "texture": "#iron", "uv": [ 6.0, 3.5, 7.5, 4.0 ] },
								"up": { "texture": "#iron", "uv": [ 6.5, 3.5, 7.5, 5.0 ] },
								"down": { "texture": "#iron", "uv": [ 7.0, 3.0, 8.0, 4.5 ] }
							},
							"children": [
								{
									"name": "buckle-left",
									"from": [ 0.0, 0.5, 0.0 ],
									"to": [ 1.0, 2.0, 0.5 ],
									"rotationOrigin": [ 0.0, 0.5, 0.0 ],
									"faces": {
										"north": { "texture": "#iron", "uv": [ 6.5, 3.5, 7.5, 5.0 ] },
										"south": { "texture": "#iron", "uv": [ 7.5, 3.5, 8.5, 5.0 ] },
										"west": { "texture": "#iron", "uv": [ 6.5, 3.5, 7.0, 5.0 ] },
										"up": { "texture": "#iron", "uv": [ 6.5, 3.5, 7.5, 4.0 ] }
									}
								},
								{
									"name": "buckle-right",
									"from": [ 0.0, 0.0, 1.5 ],
									"to": [ 1.0, 1.5, 2.0 ],
									"rotationOrigin": [ 0.0, 0.0, 1.5 ],
									"faces": {
										"north": { "texture": "#iron", "uv": [ 6.5, 3.0, 7.5, 4.5 ] },
										"south": { "texture": "#iron", "uv": [ 6.5, 3.5, 7.5, 5.0 ] },
										"west": { "texture": "#iron", "uv": [ 7.0, 3.0, 7.5, 4.5 ] },
										"down": { "texture": "#iron", "uv": [ 7.0, 4.5, 8.0, 5.0 ] }
									}
								},
								{
									"name": "buckle-top",
									"from": [ 0.0, 1.5, 0.5 ],
									"to": [ 1.0, 2.0, 2.0 ],
									"rotationOrigin": [ 0.0, 1.5, 0.5 ],
									"faces": {
										"south": { "texture": "#iron", "uv": [ 6.5, 4.0, 7.5, 4.5 ] },
										"west": { "texture": "#iron", "uv": [ 6.0, 4.0, 7.5, 4.5 ] },
										"up": { "texture": "#iron", "uv": [ 7.0, 3.0, 8.0, 4.5 ] },
										"down": { "texture": "#iron", "uv": [ 6.0, 3.0, 7.0, 4.5 ], "windMode": [-1,-1,-1,-1], "windData": [1,1,1,1] }
									}
								},
								{
									"name": "buckle-pin",
									"from": [ 0.2, 0.9, 1.0 ],
									"to": [ 0.8, 1.1, 2.5 ],
									"rotationOrigin": [ 0.2, 0.9, 1.0 ],
									"faces": {
										"north": { "texture": "#iron", "uv": [ 7.5, 4.5, 8.0, 5.0 ] },
										"south": { "texture": "#iron", "uv": [ 6.5, 3.0, 7.0, 3.5 ] },
										"west": { "texture": "#iron", "uv": [ 6.0, 3.5, 7.5, 4.0 ] },
										"up": { "texture": "#iron", "uv": [ 6.0, 3.0, 6.5, 4.5 ] },
										"down": { "texture": "#iron", "uv": [ 7.5, 3.0, 8.0, 4.5 ] }
									}
								}
							]
						},
						{
							"name": "S-top",
							"from": [ 0.5, 0.7, 6.4 ],
							"to": [ 5.1, 1.2, 7.3 ],
							"rotationOrigin": [ 0.5, 0.7, 6.4 ],
							"faces": {
								"south": { "texture": "#leather", "uv": [ 0.0, 0.0, 4.5, 0.5 ] },
								"up": { "texture": "#leather", "uv": [ 0.0, 0.0, 4.5, 0.5 ] },
								"down": { "texture": "#leather", "uv": [ 1.0, 0.0, 5.5, 0.5 ] }
							}
						},
						{
							"name": "S-bottom",
							"from": [ 0.3, -0.2, 6.4 ],
							"to": [ 5.1, 0.3, 7.3 ],
							"rotationOrigin": [ 0.3, -0.2, 6.4 ],
							"faces": {
								"south": { "texture": "#leather", "uv": [ 1.0, 0.0, 5.5, 0.5 ] },
								"up": { "texture": "#leather", "uv": [ 0.0, 0.0, 4.5, 0.5 ] },
								"down": { "texture": "#leather", "uv": [ 1.0, 0.0, 5.5, 0.5 ] }
							}
						},
						{
							"name": "N-top",
							"from": [ 0.5, 0.7, -0.2 ],
							"to": [ 5.2, 1.2, 0.4 ],
							"rotationOrigin": [ 0.5, 0.7, -0.2 ],
							"faces": {
								"north": { "texture": "#leather", "uv": [ 1.0, 0.0, 5.5, 0.5 ] },
								"up": { "texture": "#leather", "uv": [ 1.5, 0.0, 6.0, 0.5 ] },
								"down": { "texture": "#leather", "uv": [ 1.5, 0.0, 6.0, 0.5 ] }
							}
						},
						{
							"name": "N-bottom",
							"from": [ 0.3, -0.2, -0.2 ],
							"to": [ 5.1, 0.3, 0.4 ],
							"rotationOrigin": [ 0.3, -0.2, -0.2 ],
							"faces": {
								"north": { "texture": "#leather", "uv": [ 1.5, 1.0, 6.0, 1.5 ] },
								"up": { "texture": "#leather", "uv": [ 2.0, 1.5, 6.5, 2.0 ] },
								"down": { "texture": "#leather", "uv": [ 1.0, 1.0, 5.5, 1.5 ] }
							}
						},
						{
							"name": "W-topleft",
							"from": [ -0.2, 0.7, -0.2 ],
							"to": [ 0.5, 1.2, 2.8 ],
							"rotationOrigin": [ -0.2, 0.7, -0.2 ],
							"faces": {
								"north": { "texture": "#leather", "uv": [ 6.0, 0.0, 6.5, 0.5 ] },
								"west": { "texture": "#leather", "uv": [ 4.0, 0.0, 7.0, 0.5 ] },
								"up": { "texture": "#leather", "uv": [ 3.0, 0.0, 6.0, 0.5 ], "rotation": 90 },
								"down": { "texture": "#leather", "uv": [ 2.0, 2.0, 5.0, 2.5 ], "rotation": 90 }
							}
						},
						{
							"name": "W-bottomright",
							"from": [ -0.2, -0.2, 4.0 ],
							"to": [ 0.3, 0.3, 7.3 ],
							"rotationOrigin": [ -0.2, -0.2, 4.0 ],
							"faces": {
								"south": { "texture": "#leather", "uv": [ 0.0, 0.0, 0.5, 0.5 ] },
								"west": { "texture": "#leather", "uv": [ 3.5, 0.0, 6.5, 0.5 ] },
								"up": { "texture": "#leather", "uv": [ 4.0, 0.0, 7.0, 0.5 ], "rotation": 90 },
								"down": { "texture": "#leather", "uv": [ 2.0, 0.0, 5.0, 0.5 ], "rotation": 90 }
							}
						},
						{
							"name": "W-topright",
							"from": [ -0.2, 0.7, 4.0 ],
							"to": [ 0.5, 1.2, 7.3 ],
							"rotationOrigin": [ -0.2, 0.7, 4.0 ],
							"faces": {
								"south": { "texture": "#leather", "uv": [ 1.5, 0.0, 2.0, 0.5 ] },
								"west": { "texture": "#leather", "uv": [ 0.5, 0.0, 3.5, 0.5 ] },
								"up": { "texture": "#leather", "uv": [ 1.0, 0.0, 4.0, 0.5 ], "rotation": 90 },
								"down": { "texture": "#leather", "uv": [ 4.0, 0.0, 7.0, 0.5 ], "rotation": 90 }
							}
						},
						{
							"name": "W-bottomleft",
							"from": [ -0.2, -0.2, -0.2 ],
							"to": [ 0.3, 0.3, 2.8 ],
							"rotationOrigin": [ -0.2, -0.2, -0.2 ],
							"faces": {
								"north": { "texture": "#leather", "uv": [ 1.0, 0.0, 1.5, 0.5 ] },
								"west": { "texture": "#leather", "uv": [ 2.0, 0.0, 5.0, 0.5 ] },
								"up": { "texture": "#leather", "uv": [ 2.5, 0.0, 5.5, 0.5 ], "rotation": 90 },
								"down": { "texture": "#leather", "uv": [ 1.5, 0.0, 4.5, 0.5 ], "rotation": 90 }
							}
						},
						{
							"name": "E-top",
							"from": [ 5.1, 0.7, -0.2 ],
							"to": [ 6.2, 1.2, 7.3 ],
							"rotationOrigin": [ 5.1, 0.7, -0.2 ],
							"faces": {
								"north": { "texture": "#leather", "uv": [ 0.0, 0.0, 1.0, 0.5 ] },
								"east": { "texture": "#leather", "uv": [ 0.0, 0.0, 7.5, 0.5 ] },
								"south": { "texture": "#leather", "uv": [ 0.0, 0.0, 1.0, 0.5 ] },
								"up": { "texture": "#leather", "uv": [ 0.0, 0.5, 7.5, 1.5 ], "rotation": 90 },
								"down": { "texture": "#leather", "uv": [ 1.0, 2.0, 8.5, 3.0 ], "rotation": 90 }
							}
						},
						{
							"name": "E-bottom",
							"from": [ 5.1, -0.2, -0.2 ],
							"to": [ 6.2, 0.3, 7.3 ],
							"rotationOrigin": [ 5.1, -0.2, -0.2 ],
							"faces": {
								"north": { "texture": "#leather", "uv": [ 1.5, 0.0, 2.5, 0.5 ] },
								"east": { "texture": "#leather", "uv": [ 0.5, 0.0, 8.0, 0.5 ] },
								"south": { "texture": "#leather", "uv": [ 4.5, 0.0, 5.5, 0.5 ] },
								"up": { "texture": "#leather", "uv": [ 0.0, 0.0, 7.5, 1.0 ], "rotation": 90 },
								"down": { "texture": "#leather", "uv": [ 0.5, 1.5, 8.0, 2.5 ], "rotation": 90 }
							}
						}
					]
				},
				{
					"name": "Pouch_1",
					"from": [ 5.0, -2.4, -0.5 ],
					"to": [ 8.0, -0.4, 1.0 ],
					"rotationOrigin": [ 6.0, 0.4, 1.5 ],
					"rotationY": -79.0,
					"faces": {
						"north": { "texture": "#leather", "uv": [ 0.0, 0.0, 3.0, 2.0 ] },
						"east": { "texture": "#leather", "uv": [ 0.0, 0.0, 1.5, 2.0 ] },
						"south": { "texture": "#leather", "uv": [ 0.0, 0.0, 3.0, 2.0 ] },
						"west": { "texture": "#leather", "uv": [ 0.0, 0.0, 1.5, 2.0 ] },
						"up": { "texture": "#leather", "uv": [ 0.0, 0.0, 3.0, 1.5 ] },
						"down": { "texture": "#leather", "uv": [ 0.0, 0.0, 3.0, 1.5 ] }
					},
					"children": [
						{
							"name": "quiver_6",
							"from": [ 2.4, 1.8, 1.3 ],
							"to": [ 3.0, 3.4, 1.5 ],
							"rotationOrigin": [ 2.4, 1.8, 1.5 ],
							"rotationX": 46.5,
							"faces": {
								"north": { "texture": "#leather", "uv": [ 0.0, 0.0, 0.5, 1.5 ] },
								"east": { "texture": "#leather", "uv": [ 0.0, 0.0, 0.5, 1.5 ] },
								"south": { "texture": "#leather", "uv": [ 0.0, 0.0, 0.5, 1.5 ] },
								"west": { "texture": "#leather", "uv": [ 0.0, 0.0, 0.5, 1.5 ] },
								"up": { "texture": "#leather", "uv": [ 0.0, 0.0, 0.5, 0.5 ] },
								"down": { "texture": "#leather", "uv": [ 0.0, 0.0, 0.5, 0.5 ] }
							}
						},
						{
							"name": "quiver_7",
							"from": [ -0.2, 2.0, 0.0 ],
							"to": [ 3.2, 2.2, 1.5 ],
							"rotationOrigin": [ 0.8, 8.0, 2.0 ],
							"faces": {
								"north": { "texture": "#leather", "uv": [ 0.0, 0.0, 3.0, 0.5 ] },
								"east": { "texture": "#leather", "uv": [ 0.0, 0.0, 1.5, 0.5 ] },
								"south": { "texture": "#leather", "uv": [ 0.0, 0.0, 3.0, 0.5 ] },
								"west": { "texture": "#leather", "uv": [ 0.0, 0.0, 1.5, 0.5 ] },
								"up": { "texture": "#leather", "uv": [ 0.0, 0.0, 3.0, 1.5 ] },
								"down": { "texture": "#leather", "uv": [ 0.0, 0.0, 3.0, 1.5 ] }
							}
						},
						{
							"name": "quiver_8",
							"from": [ -0.2, 2.0, -1.0 ],
							"to": [ 3.2, 2.2, 0.0 ],
							"rotationOrigin": [ -0.2, 2.2, 0.0 ],
							"rotationX": -80.0,
							"faces": {
								"north": { "texture": "#leather", "uv": [ 0.0, 0.0, 3.0, 0.5 ] },
								"east": { "texture": "#leather", "uv": [ 0.0, 0.0, 1.0, 0.5 ] },
								"south": { "texture": "#leather", "uv": [ 0.0, 0.0, 3.0, 0.5 ] },
								"west": { "texture": "#leather", "uv": [ 0.0, 0.0, 1.0, 0.5 ] },
								"up": { "texture": "#leather", "uv": [ 0.0, 0.0, 3.0, 1.0 ] },
								"down": { "texture": "#leather", "uv": [ 0.0, 0.0, 3.0, 1.0 ] }
							},
							"children": [
								{
									"name": "Cube3",
									"from": [ 1.4, 0.1, -0.1 ],
									"to": [ 2.0, 0.3, 0.4 ],
									"rotationOrigin": [ 1.4, 0.1, -0.1 ],
									"faces": {
										"north": { "texture": "#brass", "uv": [ 0.0, 0.0, 0.5, 0.5 ] },
										"east": { "texture": "#brass", "uv": [ 0.0, 0.0, 0.5, 0.5 ] },
										"south": { "texture": "#brass", "uv": [ 0.0, 0.0, 0.5, 0.5 ] },
										"west": { "texture": "#brass", "uv": [ 0.0, 0.0, 0.5, 0.5 ] },
										"up": { "texture": "#brass", "uv": [ 0.0, 0.0, 0.5, 0.5 ] },
										"down": { "texture": "#brass", "uv": [ 0.0, 0.0, 0.5, 0.5 ] }
									}
								}
							]
						},
						{
							"name": "quiver_9",
							"from": [ 0.0, 1.8, 1.3 ],
							"to": [ 0.6, 2.9, 1.5 ],
							"rotationOrigin": [ 0.0, 1.8, 1.5 ],
							"rotationX": 33.5,
							"faces": {
								"north": { "texture": "#leather", "uv": [ 0.0, 0.0, 0.5, 1.0 ] },
								"east": { "texture": "#leather", "uv": [ 0.0, 0.0, 0.5, 1.0 ] },
								"south": { "texture": "#leather", "uv": [ 0.0, 0.0, 0.5, 1.0 ] },
								"west": { "texture": "#leather", "uv": [ 0.0, 0.0, 0.5, 1.0 ] },
								"up": { "texture": "#leather", "uv": [ 0.0, 0.0, 0.5, 0.5 ] },
								"down": { "texture": "#leather", "uv": [ 0.0, 0.0, 0.5, 0.5 ] }
							}
						}
					]
				},
				{
					"name": "Sheath_0",
					"from": [ 2.0, 0.6, -2.3 ],
					"to": [ 2.0, 0.6, -2.3 ],
					"rotationOrigin": [ 3.0, 1.1, -0.1 ],
					"rotationX": 4.0,
					"rotationY": -1.0,
					"faces": {
						"north": { "texture": "#leather", "uv": [ 0.0, 0.0, 0.5, 0.5 ] },
						"east": { "texture": "#leather", "uv": [ 0.0, 0.0, 0.5, 0.5 ] },
						"south": { "texture": "#leather", "uv": [ 0.0, 0.0, 0.5, 0.5 ] },
						"west": { "texture": "#leather", "uv": [ 0.0, 0.0, 0.5, 0.5 ] },
						"up": { "texture": "#leather", "uv": [ 0.0, 0.0, 0.5, 0.5 ] },
						"down": { "texture": "#leather", "uv": [ 0.0, 0.0, 0.5, 0.5 ] }
					},
					"children": [
						{
							"name": "Sheath_1",
							"from": [ -1.0, -5.0, 0.7 ],
							"to": [ 1.5, -2.0, 2.2 ],
							"rotationOrigin": [ -1.0, -5.0, 0.7 ],
							"faces": {
								"north": { "texture": "#leather", "uv": [ 0.0, 0.0, 2.5, 3.0 ] },
								"east": { "texture": "#leather", "uv": [ 0.0, 0.0, 1.5, 3.0 ] },
								"south": { "texture": "#leather", "uv": [ 0.0, 0.0, 2.5, 3.0 ] },
								"west": { "texture": "#leather", "uv": [ 0.0, 0.0, 1.5, 3.0 ] },
								"up": { "texture": "#leather", "uv": [ 0.0, 0.0, 2.5, 1.5 ] },
								"down": { "texture": "#leather", "uv": [ 0.0, 0.0, 2.5, 1.5 ] }
							}
						},
						{
							"name": "Sheath_2",
							"from": [ -1.0, -11.0, 1.0 ],
							"to": [ 0.0, -5.0, 2.0 ],
							"rotationOrigin": [ -1.0, -11.0, 1.0 ],
							"faces": {
								"north": { "texture": "#leather", "uv": [ 0.0, 0.0, 1.0, 6.0 ] },
								"east": { "texture": "#leather", "uv": [ 0.0, 0.0, 1.0, 6.0 ] },
								"south": { "texture": "#leather", "uv": [ 0.0, 0.0, 1.0, 6.0 ] },
								"west": { "texture": "#leather", "uv": [ 0.0, 0.0, 1.0, 6.0 ] },
								"up": { "texture": "#leather", "uv": [ 0.0, 0.0, 1.0, 1.0 ] },
								"down": { "texture": "#leather", "uv": [ 0.0, 0.0, 1.0, 1.0 ] }
							}
						},
						{
							"name": "Sheath_3",
							"from": [ -0.5, -11.0, 1.1 ],
							"to": [ 0.0, -4.9, 1.9 ],
							"rotationOrigin": [ 0.0, -11.0, 1.1 ],
							"rotationZ": -5.0,
							"faces": {
								"north": { "texture": "#leather", "uv": [ 0.0, 0.0, 0.5, 6.0 ] },
								"east": { "texture": "#leather", "uv": [ 0.0, 0.0, 0.5, 6.0 ] },
								"south": { "texture": "#leather", "uv": [ 0.0, 0.0, 0.5, 6.0 ] },
								"west": { "texture": "#leather", "uv": [ 0.0, 0.0, 0.5, 6.0 ] },
								"up": { "texture": "#leather", "uv": [ 0.0, 0.0, 0.5, 0.5 ] },
								"down": { "texture": "#leather", "uv": [ 0.0, 0.0, 0.5, 0.5 ] }
							}
						},
						{
							"name": "Pistol",
							"from": [ 0.4986, -1.0523, 1.5 ],
							"to": [ 0.4986, -1.0523, 1.5 ],
							"rotationOrigin": [ 0.4986, -1.0523, 1.5 ],
							"rotationX": -90.0,
							"rotationY": 2.7,
							"rotationZ": 90.0,
							"faces": {
								"north": { "texture": "#metal", "uv": [ 0.0, 0.0, 0.5, 0.5 ], "autoUv": false },
								"east": { "texture": "#metal", "uv": [ 0.0, 0.0, 0.5, 0.5 ], "autoUv": false },
								"south": { "texture": "#metal", "uv": [ 0.0, 0.0, 0.5, 0.5 ], "autoUv": false },
								"west": { "texture": "#metal", "uv": [ 0.0, 0.0, 0.5, 0.5 ], "autoUv": false },
								"up": { "texture": "#metal", "uv": [ 0.0, 0.0, 0.5, 0.5 ], "autoUv": false },
								"down": { "texture": "#metal", "uv": [ 0.0, 0.0, 0.5, 0.5 ], "autoUv": false }
							},
							"children": [
								{
									"name": "Trigger_assembly",
									"from": [ 0.0, 0.14, -1.26 ],
									"to": [ 0.0, 0.14, -1.26 ],
									"rotationOrigin": [ 0.0, 0.14, -1.26 ],
									"faces": {
										"north": { "texture": "#metal", "uv": [ 0.0, 0.0, 0.5, 0.5 ], "autoUv": false },
										"east": { "texture": "#metal", "uv": [ 0.0, 0.0, 0.5, 0.5 ], "autoUv": false },
										"south": { "texture": "#metal", "uv": [ 0.0, 0.0, 0.5, 0.5 ], "autoUv": false },
										"west": { "texture": "#metal", "uv": [ 0.0, 0.0, 0.5, 0.5 ], "autoUv": false },
										"up": { "texture": "#metal", "uv": [ 0.0, 0.0, 0.5, 0.5 ], "autoUv": false },
										"down": { "texture": "#metal", "uv": [ 0.0, 0.0, 0.5, 0.5 ], "autoUv": false }
									},
									"children": [
										{
											"name": "Trigger",
											"from": [ -0.105, -0.49, 1.12 ],
											"to": [ 0.105, 0.49, 1.295 ],
											"rotationOrigin": [ -0.07, 0.0, 1.12 ],
											"rotationX": 24.0,
											"faces": {
												"north": { "texture": "#metal", "uv": [ 0.0, 0.0, 0.5, 1.0 ], "autoUv": false },
												"east": { "texture": "#metal", "uv": [ 0.0, 0.0, 0.5, 1.0 ], "autoUv": false },
												"south": { "texture": "#metal", "uv": [ 0.0, 0.0, 0.5, 1.0 ], "autoUv": false },
												"west": { "texture": "#metal", "uv": [ 0.0, 0.0, 0.5, 1.0 ], "autoUv": false },
												"down": { "texture": "#metal", "uv": [ 0.0, 0.0, 0.5, 0.5 ], "autoUv": false }
											}
										},
										{
											"name": "Guard_plate",
											"from": [ -0.28, -0.091, 0.14 ],
											"to": [ 0.28, -0.021, 1.4 ],
											"rotationOrigin": [ -0.28, -0.14, 0.14 ],
											"faces": {
												"east": { "texture": "#metal", "uv": [ 0.0, 0.0, 1.5, 0.5 ], "autoUv": false },
												"south": { "texture": "#metal", "uv": [ 0.0, 0.0, 0.5, 0.5 ], "autoUv": false },
												"west": { "texture": "#metal", "uv": [ 0.0, 0.0, 1.5, 0.5 ], "autoUv": false },
												"down": { "texture": "#metal", "uv": [ 0.0, 0.0, 0.5, 1.5 ], "autoUv": false }
											},
											"children": [
												{
													"name": "Guard_plate_bottom",
													"from": [ 0.0, 0.028, 1.19 ],
													"to": [ 0.56, 0.098, 2.1 ],
													"rotationOrigin": [ 0.0, 0.07, 1.19 ],
													"rotationX": 20.0,
													"faces": {
														"east": { "texture": "#metal", "uv": [ 0.0, 0.0, 1.0, 0.5 ], "autoUv": false, "windMode": [-1,-1,-1,-1] },
														"south": { "texture": "#metal", "uv": [ 0.0, 0.0, 0.5, 0.5 ], "autoUv": false },
														"west": { "texture": "#metal", "uv": [ 0.0, 0.0, 1.0, 0.5 ], "autoUv": false },
														"down": { "texture": "#metal", "uv": [ 0.0, 0.0, 0.5, 1.0 ], "autoUv": false }
													},
													"children": [
														{
															"name": "Guard_plate_screw2",
															"from": [ 0.14, -0.007, 0.56 ],
															"to": [ 0.42, 0.063, 0.84 ],
															"rotationOrigin": [ 0.14, -0.2052, 0.5557 ],
															"faces": {
																"north": { "texture": "#brass", "uv": [ 0.0, 0.0, 0.5, 0.5 ], "autoUv": false },
																"east": { "texture": "#brass", "uv": [ 0.0, 0.0, 0.5, 0.5 ], "autoUv": false },
																"south": { "texture": "#brass", "uv": [ 0.0, 0.0, 0.5, 0.5 ], "autoUv": false },
																"west": { "texture": "#brass", "uv": [ 0.0, 0.0, 0.5, 0.5 ], "autoUv": false },
																"down": { "texture": "#brass", "uv": [ 0.0, 0.0, 0.5, 0.5 ], "autoUv": false }
															}
														}
													]
												},
												{
													"name": "Guard_plate_2",
													"from": [ 0.0, -0.035, 0.63 ],
													"to": [ 0.56, 0.014, 2.03 ],
													"rotationOrigin": [ 0.0, 0.035, 0.6431 ],
													"rotationX": 135.0,
													"faces": {
														"north": { "texture": "#metal", "uv": [ 0.0, 0.0, 0.5, 0.5 ], "autoUv": false },
														"east": { "texture": "#metal", "uv": [ 0.0, 0.0, 2.0, 0.5 ], "autoUv": false },
														"south": { "texture": "#metal", "uv": [ 0.0, 0.0, 0.5, 0.5 ], "autoUv": false },
														"west": { "texture": "#metal", "uv": [ 0.0, 0.0, 2.0, 0.5 ], "autoUv": false },
														"up": { "texture": "#metal", "uv": [ 0.0, 0.0, 0.5, 2.0 ], "autoUv": false }
													},
													"children": [
														{
															"name": "Guard_plate_3",
															"from": [ 0.0, 0.0, 1.4 ],
															"to": [ 0.56, 0.035, 1.96 ],
															"rotationOrigin": [ 0.0, 0.035, 1.414 ],
															"rotationX": 45.0,
															"faces": {
																"north": { "texture": "#metal", "uv": [ 0.0, 0.0, 0.5, 0.5 ], "autoUv": false },
																"east": { "texture": "#metal", "uv": [ 0.0, 0.0, 0.5, 0.5 ], "autoUv": false },
																"south": { "texture": "#metal", "uv": [ 0.0, 0.0, 0.5, 0.5 ], "autoUv": false },
																"west": { "texture": "#metal", "uv": [ 0.0, 0.0, 0.5, 0.5 ], "autoUv": false },
																"up": { "texture": "#metal", "uv": [ 0.0, 0.0, 0.5, 0.5 ], "autoUv": false }
															}
														}
													]
												}
											]
										},
										{
											"name": "Guard_bottom",
											"from": [ -0.14, -0.84, -0.42 ],
											"to": [ 0.14, 0.798, -0.245 ],
											"rotationOrigin": [ -0.14, -0.8239, -0.266 ],
											"rotationX": 91.0,
											"faces": {
												"north": { "texture": "#metal", "uv": [ 0.0, 0.0, 0.5, 2.0 ], "autoUv": false },
												"east": { "texture": "#metal", "uv": [ 0.0, 0.0, 0.5, 2.0 ], "autoUv": false },
												"south": { "texture": "#metal", "uv": [ 0.0, 0.0, 0.5, 2.0 ], "autoUv": false },
												"west": { "texture": "#metal", "uv": [ 0.0, 0.0, 0.5, 2.0 ], "autoUv": false },
												"up": { "texture": "#metal", "uv": [ 0.0, 0.0, 0.5, 0.5 ], "autoUv": false },
												"down": { "texture": "#metal", "uv": [ 0.0, 0.0, 0.5, 0.5 ], "autoUv": false }
											},
											"children": [
												{
													"name": "Guard_back",
													"from": [ 0.0, 1.61, 0.0 ],
													"to": [ 0.28, 2.87, 0.175 ],
													"rotationOrigin": [ 0.0, 1.61, 0.14 ],
													"rotationX": -58.0,
													"faces": {
														"north": { "texture": "#metal", "uv": [ 0.0, 0.0, 0.5, 1.5 ], "autoUv": false },
														"east": { "texture": "#metal", "uv": [ 0.0, 0.0, 0.5, 1.5 ], "autoUv": false },
														"south": { "texture": "#metal", "uv": [ 0.0, 0.0, 0.5, 1.5 ], "autoUv": false },
														"west": { "texture": "#metal", "uv": [ 0.0, 0.0, 0.5, 1.5 ], "autoUv": false },
														"down": { "texture": "#metal", "uv": [ 0.0, 0.0, 0.5, 0.5 ], "autoUv": false }
													}
												}
											]
										}
									]
								},
								{
									"name": "Wheellock",
									"from": [ 0.35, 0.63, -1.799 ],
									"to": [ 0.35, 0.63, -1.799 ],
									"rotationOrigin": [ 0.35, 0.63, -1.75 ],
									"faces": {
										"north": { "texture": "#brass", "uv": [ 0.0, 0.0, 0.5, 0.5 ], "autoUv": false },
										"east": { "texture": "#brass", "uv": [ 0.0, 0.0, 0.5, 0.5 ], "autoUv": false },
										"south": { "texture": "#brass", "uv": [ 0.0, 0.0, 0.5, 0.5 ], "autoUv": false },
										"west": { "texture": "#brass", "uv": [ 0.0, 0.0, 0.5, 0.5 ], "autoUv": false },
										"up": { "texture": "#brass", "uv": [ 0.0, 0.0, 0.5, 0.5 ], "autoUv": false },
										"down": { "texture": "#brass", "uv": [ 0.0, 0.0, 0.5, 0.5 ], "autoUv": false }
									},
									"children": [
										{
											"name": "Plate",
											"from": [ 0.0, -0.7, -1.75 ],
											"to": [ 0.014, -0.07, 0.938 ],
											"rotationOrigin": [ 0.0, -0.7, -1.75 ],
											"faces": {
												"north": { "texture": "#metal", "uv": [ 0.0, 0.0, 0.5, 0.5 ], "autoUv": false },
												"east": { "texture": "#metal", "uv": [ 7.0, 4.5, 12.0, 3.5 ], "autoUv": false },
												"south": { "texture": "#metal", "uv": [ 0.0, 0.0, 0.5, 0.5 ], "autoUv": false },
												"up": { "texture": "#metal", "uv": [ 0.0, 0.0, 0.5, 3.5 ], "autoUv": false },
												"down": { "texture": "#metal", "uv": [ 0.0, 0.0, 0.5, 3.5 ], "autoUv": false }
											},
											"children": [
												{
													"name": "Plate2",
													"from": [ 0.0, -0.63, 0.77 ],
													"to": [ 0.014, 0.0, 2.03 ],
													"rotationOrigin": [ 0.0, -0.63, 0.77 ],
													"faces": {
														"north": { "texture": "#metal", "uv": [ 0.0, 0.0, 0.5, 0.5 ], "autoUv": false },
														"east": { "texture": "#metal", "uv": [ 7.0, 4.5, 12.0, 3.5 ], "autoUv": false },
														"south": { "texture": "#metal", "uv": [ 0.0, 0.0, 0.5, 0.5 ], "autoUv": false },
														"down": { "texture": "#metal", "uv": [ 0.0, 0.0, 0.5, 1.5 ], "autoUv": false }
													}
												},
												{
													"name": "Plate4",
													"from": [ 0.0, -0.63, 2.03 ],
													"to": [ 0.007, -0.07, 2.954 ],
													"rotationOrigin": [ 0.0, -0.63, 2.03 ],
													"rotationX": -44.0,
													"faces": {
														"east": { "texture": "#metal", "uv": [ 7.0, 4.5, 9.0, 5.4 ], "autoUv": false },
														"down": { "texture": "#metal", "uv": [ 0.0, 0.0, 0.5, 1.0 ], "autoUv": false }
													}
												}
											]
										}
									]
								},
								{
									"name": "Stock",
									"from": [ 0.0, 0.7, -1.4 ],
									"to": [ 0.0, 0.7, -1.4 ],
									"rotationOrigin": [ 0.0, 0.7, -1.4 ],
									"faces": {
										"north": { "texture": "#brass", "uv": [ 0.0, 0.0, 0.5, 0.5 ], "autoUv": false },
										"east": { "texture": "#brass", "uv": [ 0.0, 0.0, 0.5, 0.5 ], "autoUv": false },
										"south": { "texture": "#brass", "uv": [ 0.0, 0.0, 0.5, 0.5 ], "autoUv": false },
										"west": { "texture": "#brass", "uv": [ 0.0, 0.0, 0.5, 0.5 ], "autoUv": false },
										"up": { "texture": "#brass", "uv": [ 0.0, 0.0, 0.5, 0.5 ], "autoUv": false },
										"down": { "texture": "#brass", "uv": [ 0.0, 0.0, 0.5, 0.5 ], "autoUv": false }
									},
									"children": [
										{
											"name": "Receiver",
											"from": [ 0.0, 0.0, 0.0 ],
											"to": [ 0.0, 0.0, 0.0 ],
											"faces": {
												"north": { "texture": "#brass", "uv": [ 0.0, 0.0, 0.5, 0.5 ], "autoUv": false },
												"east": { "texture": "#brass", "uv": [ 0.0, 0.0, 0.5, 0.5 ], "autoUv": false },
												"south": { "texture": "#brass", "uv": [ 0.0, 0.0, 0.5, 0.5 ], "autoUv": false },
												"west": { "texture": "#brass", "uv": [ 0.0, 0.0, 0.5, 0.5 ], "autoUv": false },
												"up": { "texture": "#brass", "uv": [ 0.0, 0.0, 0.5, 0.5 ], "autoUv": false },
												"down": { "texture": "#brass", "uv": [ 0.0, 0.0, 0.5, 0.5 ], "autoUv": false }
											},
											"children": [
												{
													"name": "Top_receiver4",
													"from": [ -0.343, -1.54, -0.07 ],
													"to": [ 0.343, -0.91, 1.33 ],
													"rotationOrigin": [ -0.35, -1.54, -0.07 ],
													"rotationX": -45.0,
													"faces": {
														"east": { "texture": "#wood", "uv": [ 0.0, 0.0, 2.0, 0.5 ], "autoUv": false },
														"west": { "texture": "#wood", "uv": [ 5.5, 1.4, 7.5, 2.5 ], "autoUv": false },
														"down": { "texture": "#wood", "uv": [ 0.0, 0.0, 0.5, 2.0 ], "autoUv": false }
													}
												}
											]
										},
										{
											"name": "Buttstock",
											"from": [ 0.0, 0.0, 0.0 ],
											"to": [ 0.0, 0.0, 0.0 ],
											"rotationOrigin": [ 0.0, 0.0, 1.4 ],
											"faces": {
												"north": { "texture": "#brass", "uv": [ 0.0, 0.0, 0.5, 0.5 ], "autoUv": false },
												"east": { "texture": "#brass", "uv": [ 0.0, 0.0, 0.5, 0.5 ], "autoUv": false },
												"south": { "texture": "#brass", "uv": [ 0.0, 0.0, 0.5, 0.5 ], "autoUv": false },
												"west": { "texture": "#brass", "uv": [ 0.0, 0.0, 0.5, 0.5 ], "autoUv": false },
												"up": { "texture": "#brass", "uv": [ 0.0, 0.0, 0.5, 0.5 ], "autoUv": false },
												"down": { "texture": "#brass", "uv": [ 0.0, 0.0, 0.5, 0.5 ], "autoUv": false }
											},
											"children": [
												{
													"name": "Buttstock_bottom_origin",
													"from": [ -0.357, -0.63, 1.54 ],
													"to": [ -0.357, -0.63, 1.54 ],
													"rotationOrigin": [ 0.0, -0.63, 1.54 ],
													"rotationX": 20.0,
													"faces": {
														"north": { "texture": "#wood", "uv": [ 0.0, 0.0, 0.5, 0.5 ], "autoUv": false },
														"east": { "texture": "#wood", "uv": [ 0.0, 0.0, 4.0, 1.0 ], "autoUv": false },
														"south": { "texture": "#wood", "uv": [ 0.0, 0.0, 0.5, 0.5 ], "autoUv": false },
														"west": { "texture": "#wood", "uv": [ 0.0, 0.0, 0.5, 0.5 ], "autoUv": false },
														"up": { "texture": "#wood", "uv": [ 0.0, 0.0, 0.5, 0.5 ], "autoUv": false },
														"down": { "texture": "#wood", "uv": [ 0.0, 0.0, 0.5, 0.5 ], "autoUv": false }
													},
													"children": [
														{
															"name": "Buttstock_bottom2",
															"from": [ 0.007, 0.0, -0.21 ],
															"to": [ 0.707, 0.84, 0.91 ],
															"rotationOrigin": [ 0.357, 0.0, -0.21 ],
															"faces": {
																"north": { "texture": "#wood", "uv": [ 0.0, 0.0, 1.0, 1.0 ], "autoUv": false },
																"east": { "texture": "#wood", "uv": [ 9.5, 5.1, 11.0, 6.3 ], "autoUv": false },
																"south": { "texture": "#wood", "uv": [ 8.0, 5.5, 9.0, 6.5 ], "autoUv": false, "windMode": [-1,-1,-1,-1] },
																"west": { "texture": "#wood", "uv": [ 14.5, 5.7, 16.0, 6.8 ], "autoUv": false },
																"up": { "texture": "#wood", "uv": [ 2.0, 0.0, 3.0, 1.5 ], "autoUv": false },
																"down": { "texture": "#wood", "uv": [ 0.0, 0.0, 1.0, 1.5 ], "autoUv": false }
															}
														},
														{
															"name": "Buttstock_bottom4",
															"from": [ 0.014, 0.0, 0.91 ],
															"to": [ 0.7, 0.84, 2.38 ],
															"rotationOrigin": [ 0.357, 0.84, 0.91 ],
															"rotationX": 10.0,
															"faces": {
																"north": { "texture": "#wood", "uv": [ 0.0, 0.0, 0.5, 1.0 ], "autoUv": false },
																"east": { "texture": "#wood", "uv": [ 9.5, 5.6, 11.5, 6.8 ], "autoUv": false },
																"west": { "texture": "#wood", "uv": [ 5.5, 6.2, 7.5, 7.3 ], "autoUv": false },
																"up": { "texture": "#wood", "uv": [ 4.0, 0.0, 5.0, 2.0 ], "autoUv": false }
															},
															"children": [
																{
																	"name": "Buttstock_bottom8",
																	"from": [ -0.07, 0.0, 1.4 ],
																	"to": [ 0.77, 0.91, 1.61 ],
																	"rotationOrigin": [ 0.287, 0.91, 1.4 ],
																	"faces": {
																		"north": { "texture": "#brass", "uv": [ 0.0, 0.0, 1.0, 1.0 ], "autoUv": false },
																		"east": { "texture": "#brass", "uv": [ 0.0, 0.0, 0.5, 1.0 ], "autoUv": false },
																		"south": { "texture": "#brass", "uv": [ 0.0, 0.0, 1.0, 1.0 ], "autoUv": false },
																		"west": { "texture": "#brass", "uv": [ 0.0, 0.0, 0.5, 1.0 ], "autoUv": false },
																		"up": { "texture": "#brass", "uv": [ 0.0, 0.0, 1.0, 0.5 ], "autoUv": false },
																		"down": { "texture": "#brass", "uv": [ 0.0, 0.0, 1.0, 0.5 ], "autoUv": false }
																	},
																	"children": [
																		{
																			"name": "Buttstock_bottom11",
																			"from": [ 0.0, -0.91, 0.0 ],
																			"to": [ 0.84, 0.0, 0.21 ],
																			"rotationOrigin": [ 0.357, 0.0, 0.21 ],
																			"rotationX": 20.0,
																			"faces": {
																				"north": { "texture": "#brass", "uv": [ 0.0, 0.0, 1.0, 1.0 ], "autoUv": false },
																				"east": { "texture": "#brass", "uv": [ 0.0, 0.0, 0.5, 1.0 ], "autoUv": false },
																				"south": { "texture": "#brass", "uv": [ 0.0, 0.0, 1.0, 1.0 ], "autoUv": false },
																				"west": { "texture": "#brass", "uv": [ 0.0, 0.0, 0.5, 1.0 ], "autoUv": false },
																				"up": { "texture": "#brass", "uv": [ 0.0, 0.0, 1.0, 0.5 ], "autoUv": false },
																				"down": { "texture": "#brass", "uv": [ 0.0, 0.0, 1.0, 0.5 ], "autoUv": false }
																			}
																		},
																		{
																			"name": "Buttstock_bottom12",
																			"from": [ 0.14, -0.7, 0.21 ],
																			"to": [ 0.7, 0.7, 0.42 ],
																			"rotationOrigin": [ 0.497, 0.7, 0.21 ],
																			"rotationX": 10.0,
																			"faces": {
																				"east": { "texture": "#brass", "uv": [ 0.0, 0.0, 0.5, 2.0 ], "autoUv": false },
																				"south": { "texture": "#brass", "uv": [ 0.0, 0.0, 1.0, 2.0 ], "autoUv": false },
																				"west": { "texture": "#brass", "uv": [ 0.0, 0.0, 0.5, 2.0 ], "autoUv": false },
																				"up": { "texture": "#brass", "uv": [ 0.0, 0.0, 0.5, 0.5 ], "autoUv": false },
																				"down": { "texture": "#brass", "uv": [ 0.0, 0.0, 0.5, 0.5 ], "autoUv": false }
																			}
																		}
																	]
																},
																{
																	"name": "Buttstock_bottom9",
																	"from": [ 0.007, 0.0, 0.07 ],
																	"to": [ 0.679, 0.49, 1.47 ],
																	"rotationOrigin": [ 0.357, 0.07, 0.07 ],
																	"rotationX": 20.0,
																	"faces": {
																		"east": { "texture": "#wood", "uv": [ 3.0, 5.1, 5.0, 6.0 ], "autoUv": false },
																		"west": { "texture": "#wood", "uv": [ 0.0, 0.0, 2.0, 0.5 ], "autoUv": false },
																		"down": { "texture": "#wood", "uv": [ 0.0, 0.0, 1.0, 2.0 ], "autoUv": false }
																	},
																	"children": [
																		{
																			"name": "Buttstock_bottom10",
																			"from": [ 0.007, 0.0, 0.98 ],
																			"to": [ 0.665, 0.21, 1.47 ],
																			"rotationOrigin": [ 0.357, 0.07, 0.98 ],
																			"rotationX": 35.0,
																			"faces": {
																				"east": { "texture": "#wood", "uv": [ 0.0, 0.0, 0.5, 0.5 ], "autoUv": false },
																				"west": { "texture": "#wood", "uv": [ 0.0, 0.0, 0.5, 0.5 ], "autoUv": false },
																				"down": { "texture": "#wood", "uv": [ 0.0, 0.0, 0.5, 0.5 ], "autoUv": false }
																			}
																		}
																	]
																}
															]
														},
														{
															"name": "Buttstock_bottom6",
															"from": [ 0.0, 0.0, -1.61 ],
															"to": [ 0.714, 0.84, -0.21 ],
															"rotationOrigin": [ 0.357, 0.84, -0.21 ],
															"rotationX": -20.0,
															"faces": {
																"north": { "texture": "#wood", "uv": [ 0.0, 0.0, 1.0, 1.0 ], "autoUv": false },
																"east": { "texture": "#wood", "uv": [ 7.0, 6.0, 9.0, 7.3 ], "autoUv": false },
																"south": { "texture": "#wood", "uv": [ 2.5, 5.0, 3.5, 6.0 ], "autoUv": false, "windMode": [-1,-1,-1,-1] },
																"west": { "texture": "#wood", "uv": [ 5.5, 7.2, 7.5, 8.3 ], "autoUv": false },
																"up": { "texture": "#wood", "uv": [ 1.0, 2.5, 2.0, 4.5 ], "autoUv": false },
																"down": { "texture": "#wood", "uv": [ 0.0, 0.0, 1.0, 2.0 ], "autoUv": false }
															},
															"children": [
																{
																	"name": "Buttstock_bottom7",
																	"from": [ 0.105, 0.63, 0.0 ],
																	"to": [ 0.609, 0.84, 1.4 ],
																	"rotationOrigin": [ 0.427, 0.84, 1.4 ],
																	"rotationX": 4.0,
																	"faces": {
																		"north": { "texture": "#wood", "uv": [ 0.0, 0.0, 0.5, 0.5 ], "autoUv": false },
																		"east": { "texture": "#wood", "uv": [ 2.5, 3.0, 4.5, 4.0 ], "autoUv": false },
																		"south": { "texture": "#wood", "uv": [ 0.0, 0.0, 0.5, 0.5 ], "autoUv": false },
																		"west": { "texture": "#wood", "uv": [ 0.0, 0.0, 2.0, 0.5 ], "autoUv": false },
																		"up": { "texture": "#wood", "uv": [ 1.0, 2.5, 2.0, 4.5 ], "autoUv": false },
																		"down": { "texture": "#wood", "uv": [ 0.0, 0.0, 0.5, 2.0 ], "autoUv": false }
																	}
																}
															]
														}
													]
												}
											]
										}
									]
								},
								{
									"name": "Bullet",
									"from": [ -0.105, 0.595, -9.38 ],
									"to": [ -0.105, 0.595, -9.38 ],
									"rotationOrigin": [ 0.0, 0.7, -9.275 ],
									"faces": {
										"north": { "texture": "#lead1", "uv": [ 0.0, 0.0, 0.5, 0.5 ], "autoUv": false },
										"east": { "texture": "#lead1", "uv": [ 0.0, 0.0, 0.5, 0.5 ], "autoUv": false },
										"south": { "texture": "#lead1", "uv": [ 0.0, 0.0, 0.5, 0.5 ], "autoUv": false },
										"west": { "texture": "#lead1", "uv": [ 0.0, 0.0, 0.5, 0.5 ], "autoUv": false },
										"up": { "texture": "#lead1", "uv": [ 0.0, 0.0, 0.5, 0.5 ], "autoUv": false },
										"down": { "texture": "#lead1", "uv": [ 0.0, 0.0, 0.5, 0.5 ], "autoUv": false }
									},
									"attachmentpoints": [
										{
											"code": "bullet",
											"posX": "0.1","posY": "0.1","posZ": "0.1",
											"rotationX": "0.0","rotationY": "0.0","rotationZ": "0.0"
										}
									]
								},
								{
									"name": "Patch",
									"from": [ 0.0, 0.7, -9.24 ],
									"to": [ 0.0, 0.7, -9.24 ],
									"rotationOrigin": [ 0.0, 0.7, -9.24 ],
									"faces": {
										"north": { "texture": "#plain", "uv": [ 0.0, 0.0, 0.5, 0.5 ], "autoUv": false },
										"east": { "texture": "#plain", "uv": [ 0.0, 0.0, 0.5, 0.5 ], "autoUv": false },
										"south": { "texture": "#plain", "uv": [ 0.0, 0.0, 0.5, 0.5 ], "autoUv": false },
										"west": { "texture": "#plain", "uv": [ 0.0, 0.0, 0.5, 0.5 ], "autoUv": false },
										"up": { "texture": "#plain", "uv": [ 0.0, 0.0, 0.5, 0.5 ], "autoUv": false },
										"down": { "texture": "#plain", "uv": [ 0.0, 0.0, 0.5, 0.5 ], "autoUv": false }
									},
									"children": [
										{
											"name": "Linen_0",
											"from": [ -0.105, -0.105, 0.0 ],
											"to": [ 0.175, 0.175, 0.07 ],
											"rotationOrigin": [ -0.105, -0.105, 0.0 ],
											"faces": {
												"north": { "texture": "#plain", "uv": [ 2.5, 6.5, 3.5, 7.5 ], "autoUv": false },
												"east": { "texture": "#plain", "uv": [ 11.0, 4.0, 11.5, 5.0 ], "autoUv": false },
												"south": { "texture": "#plain", "uv": [ 6.5, 9.0, 7.5, 10.0 ], "autoUv": false, "windMode": [-1,-1,-1,-1] },
												"west": { "texture": "#plain", "uv": [ 0.0, 0.0, 0.5, 1.0 ], "autoUv": false },
												"up": { "texture": "#plain", "uv": [ 6.0, 6.5, 7.0, 7.0 ], "autoUv": false },
												"down": { "texture": "#plain", "uv": [ 0.0, 0.0, 1.0, 0.5 ], "autoUv": false }
											}
										},
										{
											"name": "Linen_1",
											"from": [ -0.175, -0.105, 0.0 ],
											"to": [ 0.105, 0.175, 0.07 ],
											"rotationOrigin": [ 0.105, -0.105, 0.0 ],
											"faces": {
												"north": { "texture": "#plain", "uv": [ 5.5, 5.0, 6.5, 6.0 ], "autoUv": false },
												"east": { "texture": "#plain", "uv": [ 0.0, 0.0, 0.5, 1.0 ], "autoUv": false },
												"south": { "texture": "#plain", "uv": [ 11.0, 4.5, 12.0, 5.5 ], "autoUv": false },
												"west": { "texture": "#plain", "uv": [ 5.5, 6.0, 6.0, 7.0 ], "autoUv": false },
												"up": { "texture": "#plain", "uv": [ 0.0, 0.0, 1.0, 0.5 ], "autoUv": false },
												"down": { "texture": "#plain", "uv": [ 0.0, 0.0, 1.0, 0.5 ], "autoUv": false }
											}
										},
										{
											"name": "Linen_2",
											"from": [ -0.105, -0.175, 0.0 ],
											"to": [ 0.175, 0.105, 0.07 ],
											"rotationOrigin": [ -0.105, 0.105, 0.0 ],
											"faces": {
												"north": { "texture": "#plain", "uv": [ 6.0, 9.0, 7.0, 10.0 ], "autoUv": false },
												"east": { "texture": "#plain", "uv": [ 6.0, 7.5, 6.5, 8.5 ], "autoUv": false },
												"south": { "texture": "#plain", "uv": [ 7.5, 5.0, 8.5, 6.0 ], "autoUv": false },
												"west": { "texture": "#plain", "uv": [ 0.0, 0.0, 0.5, 1.0 ], "autoUv": false },
												"up": { "texture": "#plain", "uv": [ 0.0, 0.0, 1.0, 0.5 ], "autoUv": false },
												"down": { "texture": "#plain", "uv": [ 7.5, 8.0, 8.5, 8.5 ], "autoUv": false }
											}
										},
										{
											"name": "Linen_3",
											"from": [ -0.175, -0.175, 0.0 ],
											"to": [ 0.105, 0.105, 0.07 ],
											"rotationOrigin": [ 0.105, 0.105, 0.0 ],
											"faces": {
												"north": { "texture": "#plain", "uv": [ 11.5, 8.5, 12.5, 9.5 ], "autoUv": false },
												"east": { "texture": "#plain", "uv": [ 0.0, 0.0, 0.5, 1.0 ], "autoUv": false },
												"south": { "texture": "#plain", "uv": [ 7.5, 8.5, 8.5, 9.5 ], "autoUv": false },
												"west": { "texture": "#plain", "uv": [ 5.5, 5.5, 6.0, 6.5 ], "autoUv": false },
												"up": { "texture": "#plain", "uv": [ 0.0, 0.0, 1.0, 0.5 ], "autoUv": false },
												"down": { "texture": "#plain", "uv": [ 9.0, 3.0, 10.0, 3.5 ], "autoUv": false }
											}
										}
									]
								},
								{
									"name": "Flask_origin",
									"from": [ 44.8, 0.0, 44.8 ],
									"to": [ 44.8, 0.0, 44.8 ],
									"rotationOrigin": [ 44.94, 0.07, 45.15 ],
									"faces": {
										"north": { "texture": "#metal", "uv": [ 0.0, 0.0, 0.5, 0.5 ], "autoUv": false },
										"east": { "texture": "#metal", "uv": [ 0.0, 0.0, 0.5, 0.5 ], "autoUv": false },
										"south": { "texture": "#metal", "uv": [ 0.0, 0.0, 0.5, 0.5 ], "autoUv": false },
										"west": { "texture": "#metal", "uv": [ 0.0, 0.0, 0.5, 0.5 ], "autoUv": false },
										"up": { "texture": "#metal", "uv": [ 0.0, 0.0, 0.5, 0.5 ], "autoUv": false },
										"down": { "texture": "#metal", "uv": [ 0.0, 0.0, 0.5, 0.5 ], "autoUv": false }
									},
									"children": [
										{
											"name": "Flask_origin_inner",
											"from": [ 0.0, 0.0, 0.0 ],
											"to": [ 0.0, 0.0, 0.0 ],
											"rotationOrigin": [ -0.35, 0.0, -0.91 ],
											"faces": {
												"north": { "texture": "#metal", "uv": [ 0.0, 0.0, 0.5, 0.5 ], "autoUv": false },
												"east": { "texture": "#metal", "uv": [ 0.0, 0.0, 0.5, 0.5 ], "autoUv": false },
												"south": { "texture": "#metal", "uv": [ 0.0, 0.0, 0.5, 0.5 ], "autoUv": false },
												"west": { "texture": "#metal", "uv": [ 0.0, 0.0, 0.5, 0.5 ], "autoUv": false },
												"up": { "texture": "#metal", "uv": [ 0.0, 0.0, 0.5, 0.5 ], "autoUv": false },
												"down": { "texture": "#metal", "uv": [ 0.0, 0.0, 0.5, 0.5 ], "autoUv": false }
											},
											"children": [
												{
													"name": "Flask",
													"from": [ 0.2715, -1.47, 0.0031 ],
													"to": [ 0.2715, -1.47, 0.0031 ],
													"rotationOrigin": [ 0.21, 0.0, 0.0 ],
													"rotationX": -90.0,
													"rotationY": -90.0,
													"faces": {
														"north": { "texture": "#null", "uv": [ 0.0, 0.0, 0.5, 0.5 ], "autoUv": false },
														"east": { "texture": "#null", "uv": [ 0.0, 0.0, 0.5, 0.5 ], "autoUv": false },
														"south": { "texture": "#null", "uv": [ 0.0, 0.0, 0.5, 0.5 ], "autoUv": false },
														"west": { "texture": "#null", "uv": [ 0.0, 0.0, 0.5, 0.5 ], "autoUv": false },
														"up": { "texture": "#null", "uv": [ 0.0, 0.0, 0.5, 0.5 ], "autoUv": false },
														"down": { "texture": "#null", "uv": [ 0.0, 0.0, 0.5, 0.5 ], "autoUv": false }
													},
													"attachmentpoints": [
														{
															"code": "flask",
															"posX": "0.0","posY": "0.0","posZ": "0.0",
															"rotationX": "0.0","rotationY": "0.0","rotationZ": "0.0"
														}
													]
												}
											]
										}
									]
								},
								{
									"name": "Lever_origin",
									"from": [ 44.8, 0.0, 44.8 ],
									"to": [ 44.8, 0.0, 44.8 ],
									"rotationOrigin": [ 44.8, 0.0, 44.8 ],
									"faces": {
										"north": { "texture": "#metal", "uv": [ 0.0, 0.0, 0.5, 0.5 ], "autoUv": false },
										"east": { "texture": "#metal", "uv": [ 0.0, 0.0, 0.5, 0.5 ], "autoUv": false },
										"south": { "texture": "#metal", "uv": [ 0.0, 0.0, 0.5, 0.5 ], "autoUv": false },
										"west": { "texture": "#metal", "uv": [ 0.0, 0.0, 0.5, 0.5 ], "autoUv": false },
										"up": { "texture": "#metal", "uv": [ 0.0, 0.0, 0.5, 0.5 ], "autoUv": false },
										"down": { "texture": "#metal", "uv": [ 0.0, 0.0, 0.5, 0.5 ], "autoUv": false }
									},
									"children": [
										{
											"name": "Wheel_charging_lever",
											"from": [ 0.0, -0.105, -0.805 ],
											"to": [ 0.0, -0.105, -0.805 ],
											"rotationOrigin": [ 0.0, 0.035, -0.665 ],
											"faces": {
												"north": { "texture": "#metal", "uv": [ 0.0, 0.0, 0.5, 0.5 ], "autoUv": false },
												"east": { "texture": "#metal", "uv": [ 0.0, 0.0, 0.5, 0.5 ], "autoUv": false },
												"south": { "texture": "#metal", "uv": [ 0.0, 0.0, 0.5, 0.5 ], "autoUv": false },
												"west": { "texture": "#metal", "uv": [ 0.0, 0.0, 0.5, 0.5 ], "autoUv": false },
												"up": { "texture": "#metal", "uv": [ 0.0, 0.0, 0.5, 0.5 ], "autoUv": false },
												"down": { "texture": "#metal", "uv": [ 0.0, 0.0, 0.5, 0.5 ], "autoUv": false }
											},
											"attachmentpoints": [
												{
													"code": "priming",
													"posX": "0.0","posY": "0.0","posZ": "0.0",
													"rotationX": "0.0","rotationY": "0.0","rotationZ": "0.0"
												}
											]
										}
									]
								}
							]
						},
						{
							"name": "Sheath_4",
							"from": [ -1.0, -2.0, 2.0 ],
							"to": [ 2.0, 0.5, 2.2 ],
							"rotationOrigin": [ -1.0, -2.0, 2.0 ],
							"faces": {
								"north": { "texture": "#leather", "uv": [ 0.0, 0.0, 3.0, 2.5 ] },
								"east": { "texture": "#leather", "uv": [ 0.0, 0.0, 0.5, 2.5 ] },
								"south": { "texture": "#leather", "uv": [ 0.0, 0.0, 3.0, 2.5 ] },
								"west": { "texture": "#leather", "uv": [ 0.0, 0.0, 0.5, 2.5 ] },
								"up": { "texture": "#leather", "uv": [ 0.0, 0.0, 3.0, 0.5 ] },
								"down": { "texture": "#leather", "uv": [ 0.0, 0.0, 3.0, 0.5 ] }
							}
						},
						{
							"name": "Sheath_5",
							"from": [ -1.1, -2.5, 0.6 ],
							"to": [ 1.6, -2.2, 2.3 ],
							"rotationOrigin": [ -1.1, -2.5, 0.6 ],
							"faces": {
								"north": { "texture": "#brass", "uv": [ 0.0, 0.0, 2.5, 0.5 ] },
								"east": { "texture": "#brass", "uv": [ 0.0, 0.0, 1.5, 0.5 ] },
								"south": { "texture": "#brass", "uv": [ 0.0, 0.0, 2.5, 0.5 ] },
								"west": { "texture": "#brass", "uv": [ 0.0, 0.0, 1.5, 0.5 ] },
								"up": { "texture": "#brass", "uv": [ 0.0, 0.0, 2.5, 1.5 ] },
								"down": { "texture": "#brass", "uv": [ 0.0, 0.0, 2.5, 1.5 ] }
							}
						},
						{
							"name": "Sheath_6",
							"from": [ -1.1, -5.3, 0.6 ],
							"to": [ 0.6, -5.0, 2.3 ],
							"rotationOrigin": [ -1.1, -5.3, 0.6 ],
							"faces": {
								"north": { "texture": "#brass", "uv": [ 0.0, 0.0, 1.5, 0.5 ] },
								"east": { "texture": "#brass", "uv": [ 0.0, 0.0, 1.5, 0.5 ] },
								"south": { "texture": "#brass", "uv": [ 0.0, 0.0, 1.5, 0.5 ] },
								"west": { "texture": "#brass", "uv": [ 0.0, 0.0, 1.5, 0.5 ] },
								"up": { "texture": "#brass", "uv": [ 0.0, 0.0, 1.5, 1.5 ] },
								"down": { "texture": "#brass", "uv": [ 0.0, 0.0, 1.5, 1.5 ] }
							}
						}
					]
				}
			]
		}
	],
	"animations": [
		{
			"name": "Load",
			"code": "load",
			"quantityframes": 100,
			"onActivityStopped": "Stop",
			"onAnimationEnd": "Hold",
			"keyframes": [
				{
					"frame": 0,
					"elements": {
						"Bullet": { "offsetX": 5.6, "offsetY": 0.0, "offsetZ": 16.1 },
						"Patch": { "offsetX": 5.6, "offsetY": 0.0, "offsetZ": 16.1, "rotationX": 0.0, "rotationY": 0.0, "rotationZ": 0.0 },
						"Linen_0": { "offsetX": 0.105, "offsetY": 0.105, "offsetZ": 0.0 },
						"Linen_1": { "offsetX": -0.105, "offsetY": 0.105, "offsetZ": 0.0 },
						"Linen_2": { "offsetX": 0.105, "offsetY": -0.105, "offsetZ": 0.0 },
						"Linen_3": { "offsetX": -0.105, "offsetY": -0.105, "offsetZ": 0.0 },
						"Flask_origin": { "offsetX": -39.2, "offsetY": 0.0, "offsetZ": -33.6 },
						"Flask_origin_inner": { "rotationX": 0.0, "rotationY": 0.0, "rotationZ": 0.0 },
						"Flask": { "rotationX": 0.0, "rotationY": 0.0, "rotationZ": 0.0 }
					}
				},
				{
					"frame": 10,
					"elements": {
						"Linen_0": { "offsetX": 0.105, "offsetY": 0.105, "offsetZ": 0.0 },
						"Linen_1": { "offsetX": -0.105, "offsetY": 0.105, "offsetZ": 0.0 },
						"Linen_2": { "offsetX": 0.105, "offsetY": -0.105, "offsetZ": 0.0 },
						"Linen_3": { "offsetX": -0.105, "offsetY": -0.105, "offsetZ": 0.0 },
						"Flask_origin": { "offsetX": -39.2, "offsetY": 0.63, "offsetZ": -55.3 },
						"Flask_origin_inner": { "rotationX": 0.0, "rotationY": 0.0, "rotationZ": 0.0 },
						"Flask": { "rotationX": 0.0, "rotationY": 0.0, "rotationZ": 0.0 }
					}
				},
				{
					"frame": 13,
					"elements": {
						"Linen_0": { "offsetX": 0.105, "offsetY": 0.105, "offsetZ": 0.0 },
						"Linen_1": { "offsetX": -0.105, "offsetY": 0.105, "offsetZ": 0.0 },
						"Linen_2": { "offsetX": 0.105, "offsetY": -0.105, "offsetZ": 0.0 },
						"Linen_3": { "offsetX": -0.105, "offsetY": -0.105, "offsetZ": 0.0 },
						"Flask_origin": { "offsetX": -43.05, "offsetY": 0.63, "offsetZ": -54.95 },
						"Flask_origin_inner": { "rotationX": 0.0, "rotationY": 42.0, "rotationZ": 0.0 },
						"Flask": { "rotationX": 0.0, "rotationY": 0.0, "rotationZ": 0.0 }
					}
				},
				{
					"frame": 16,
					"elements": {
						"Linen_0": { "offsetX": 0.105, "offsetY": 0.105, "offsetZ": 0.0 },
						"Linen_1": { "offsetX": -0.105, "offsetY": 0.105, "offsetZ": 0.0 },
						"Linen_2": { "offsetX": 0.105, "offsetY": -0.105, "offsetZ": 0.0 },
						"Linen_3": { "offsetX": -0.105, "offsetY": -0.105, "offsetZ": 0.0 },
						"Flask_origin": { "offsetX": -43.19, "offsetY": 0.63, "offsetZ": -54.25 },
						"Flask_origin_inner": { "rotationX": 0.0, "rotationY": 80.0, "rotationZ": 0.0 },
						"Flask": { "rotationX": 0.0, "rotationY": 0.0, "rotationZ": 0.0 }
					}
				},
				{
					"frame": 19,
					"elements": {
						"Linen_0": { "offsetX": 0.105, "offsetY": 0.105, "offsetZ": 0.0 },
						"Linen_1": { "offsetX": -0.105, "offsetY": 0.105, "offsetZ": 0.0 },
						"Linen_2": { "offsetX": 0.105, "offsetY": -0.105, "offsetZ": 0.0 },
						"Linen_3": { "offsetX": -0.105, "offsetY": -0.105, "offsetZ": 0.0 },
						"Flask_origin": { "offsetX": -43.05, "offsetY": 0.63, "offsetZ": -54.95 },
						"Flask_origin_inner": { "rotationX": 0.0, "rotationY": 42.0, "rotationZ": 0.0 },
						"Flask": { "rotationX": 0.0, "rotationY": 0.0, "rotationZ": 0.0 }
					}
				},
				{
					"frame": 22,
					"elements": {
						"Linen_0": { "offsetX": 0.105, "offsetY": 0.105, "offsetZ": 0.0 },
						"Linen_1": { "offsetX": -0.105, "offsetY": 0.105, "offsetZ": 0.0 },
						"Linen_2": { "offsetX": 0.105, "offsetY": -0.105, "offsetZ": 0.0 },
						"Linen_3": { "offsetX": -0.105, "offsetY": -0.105, "offsetZ": 0.0 },
						"Flask_origin": { "offsetX": -42.0, "offsetY": 0.63, "offsetZ": -55.3 },
						"Flask_origin_inner": { "rotationX": 0.0, "rotationY": 0.0, "rotationZ": 0.0 },
						"Flask": { "rotationX": 0.0, "rotationY": 0.0, "rotationZ": 0.0 }
					}
				},
				{
					"frame": 30,
					"elements": {
						"Bullet": { "offsetX": 5.6, "offsetY": 0.0, "offsetZ": 16.1 },
						"Patch": { "offsetX": 5.6, "offsetY": 0.0, "offsetZ": 16.1, "rotationX": 0.0, "rotationY": 0.0, "rotationZ": 0.0 },
						"Linen_0": { "offsetX": 0.105, "offsetY": 0.105, "offsetZ": 0.0 },
						"Linen_1": { "offsetX": -0.105, "offsetY": 0.105, "offsetZ": 0.0 },
						"Linen_2": { "offsetX": 0.105, "offsetY": -0.105, "offsetZ": 0.0 },
						"Linen_3": { "offsetX": -0.105, "offsetY": -0.105, "offsetZ": 0.0 },
						"Flask_origin": { "offsetX": -39.2, "offsetY": 0.0, "offsetZ": -33.6 },
						"Flask_origin_inner": { "rotationX": 0.0, "rotationY": 0.0, "rotationZ": 0.0 },
						"Flask": { "rotationX": 0.0, "rotationY": 0.0, "rotationZ": 0.0 }
					}
				},
				{
					"frame": 38,
					"elements": {
						"Bullet": { "offsetX": 0.0, "offsetY": 0.0, "offsetZ": -2.87 },
						"Patch": { "offsetX": 0.0, "offsetY": 0.0, "offsetZ": -2.8, "rotationX": 0.0, "rotationY": 0.0, "rotationZ": 0.0 },
						"Linen_0": { "offsetX": 0.105, "offsetY": 0.105, "offsetZ": 0.0 },
						"Linen_1": { "offsetX": -0.105, "offsetY": 0.105, "offsetZ": 0.0 },
						"Linen_2": { "offsetX": 0.105, "offsetY": -0.105, "offsetZ": 0.0 },
						"Linen_3": { "offsetX": -0.105, "offsetY": -0.105, "offsetZ": 0.0 },
						"Flask_origin_inner": { "rotationX": 0.0, "rotationY": 0.0, "rotationZ": 0.0 },
						"Flask": { "rotationX": 0.0, "rotationY": 0.0, "rotationZ": 0.0 }
					}
				},
				{
					"frame": 42,
					"elements": {
						"Bullet": { "offsetX": 0.0, "offsetY": 0.0, "offsetZ": -0.77 },
						"Patch": { "offsetX": 0.0, "offsetY": 0.0, "offsetZ": -0.7, "rotationX": 0.0, "rotationY": 0.0, "rotationZ": 0.0 },
						"Linen_0": { "offsetX": 0.105, "offsetY": 0.105, "offsetZ": 0.0 },
						"Linen_1": { "offsetX": -0.105, "offsetY": 0.105, "offsetZ": 0.0 },
						"Linen_2": { "offsetX": 0.105, "offsetY": -0.105, "offsetZ": 0.0 },
						"Linen_3": { "offsetX": -0.105, "offsetY": -0.105, "offsetZ": 0.0 },
						"Flask_origin_inner": { "rotationX": 0.0, "rotationY": 0.0, "rotationZ": 0.0 },
						"Flask": { "rotationX": 0.0, "rotationY": 0.0, "rotationZ": 0.0 }
					}
				},
				{
					"frame": 46,
					"elements": {
						"Bullet": { "offsetX": 0.0, "offsetY": 0.0, "offsetZ": -0.56 },
						"Patch": { "offsetX": 0.0, "offsetY": 0.0, "offsetZ": -0.665, "rotationX": 0.0, "rotationY": 0.0, "rotationZ": 0.0 },
						"Linen_0": { "offsetX": 0.0, "offsetY": 0.0, "offsetZ": 0.0 },
						"Linen_1": { "offsetX": 0.0, "offsetY": 0.0, "offsetZ": 0.0 },
						"Linen_2": { "offsetX": 0.0, "offsetY": 0.0, "offsetZ": 0.0 },
						"Linen_3": { "offsetX": 0.0, "offsetY": 0.0, "offsetZ": 0.0 }
					}
				},
				{
					"frame": 50,
					"elements": {
						"Bullet": { "offsetX": 0.0, "offsetY": 0.0, "offsetZ": -0.56 },
						"Patch": { "offsetX": 0.0, "offsetY": 0.0, "offsetZ": -0.665, "rotationX": 0.0, "rotationY": 0.0, "rotationZ": 0.0 },
						"Linen_0": { "offsetX": 0.0, "offsetY": 0.0, "offsetZ": 0.0 },
						"Linen_1": { "offsetX": 0.0, "offsetY": 0.0, "offsetZ": 0.0 },
						"Linen_2": { "offsetX": 0.0, "offsetY": 0.0, "offsetZ": 0.0 },
						"Linen_3": { "offsetX": 0.0, "offsetY": 0.0, "offsetZ": 0.0 },
						"Flask_origin_inner": { "rotationX": 0.0, "rotationY": 0.0, "rotationZ": 0.0 },
						"Flask": { "rotationX": 0.0, "rotationY": 0.0, "rotationZ": 0.0 }
					}
				},
				{
					"frame": 55,
					"elements": {
						"Bullet": { "offsetX": 0.0, "offsetY": 0.0, "offsetZ": -0.56 },
						"Patch": { "offsetX": 0.0, "offsetY": 0.0, "offsetZ": -0.665, "rotationX": 0.0, "rotationY": 0.0, "rotationZ": 0.0 },
						"Linen_0": { "offsetX": 0.0, "offsetY": 0.0, "offsetZ": 0.0 },
						"Linen_1": { "offsetX": 0.0, "offsetY": 0.0, "offsetZ": 0.0 },
						"Linen_2": { "offsetX": 0.0, "offsetY": 0.0, "offsetZ": 0.0 },
						"Linen_3": { "offsetX": 0.0, "offsetY": 0.0, "offsetZ": 0.0 }
					}
				},
				{
					"frame": 60,
					"elements": {
						"Bullet": { "offsetX": 0.0, "offsetY": 0.0, "offsetZ": -0.56 },
						"Patch": { "offsetX": 0.0, "offsetY": 0.0, "offsetZ": -0.665, "rotationX": 0.0, "rotationY": 0.0, "rotationZ": 0.0 },
						"Linen_0": { "offsetX": 0.0, "offsetY": 0.0, "offsetZ": 0.0 },
						"Linen_1": { "offsetX": 0.0, "offsetY": 0.0, "offsetZ": 0.0 },
						"Linen_2": { "offsetX": 0.0, "offsetY": 0.0, "offsetZ": 0.0 },
						"Linen_3": { "offsetX": 0.0, "offsetY": 0.0, "offsetZ": 0.0 }
					}
				},
				{
					"frame": 62,
					"elements": {
						"Bullet": { "offsetX": 0.0, "offsetY": 0.0, "offsetZ": -0.56 },
						"Patch": { "offsetX": 0.0, "offsetY": 0.0, "offsetZ": -0.665, "rotationX": 0.0, "rotationY": 0.0, "rotationZ": 0.0 },
						"Linen_0": { "offsetX": 0.0, "offsetY": 0.0, "offsetZ": 0.0 },
						"Linen_1": { "offsetX": 0.0, "offsetY": 0.0, "offsetZ": 0.0 },
						"Linen_2": { "offsetX": 0.0, "offsetY": 0.0, "offsetZ": 0.0 },
						"Linen_3": { "offsetX": 0.0, "offsetY": 0.0, "offsetZ": 0.0 }
					}
				},
				{
					"frame": 63,
					"elements": {
						"Bullet": { "offsetX": 0.0, "offsetY": 0.0, "offsetZ": 0.0 },
						"Patch": { "offsetX": 0.0, "offsetY": 0.0, "offsetZ": 0.0, "rotationX": 0.0, "rotationY": 0.0, "rotationZ": 0.0 },
						"Linen_0": { "offsetX": 0.0, "offsetY": 0.0, "offsetZ": 0.0 },
						"Linen_1": { "offsetX": 0.0, "offsetY": 0.0, "offsetZ": 0.0 },
						"Linen_2": { "offsetX": 0.0, "offsetY": 0.0, "offsetZ": 0.0 },
						"Linen_3": { "offsetX": 0.0, "offsetY": 0.0, "offsetZ": 0.0 }
					}
				},
				{
					"frame": 70,
					"elements": {
						"Bullet": { "offsetX": 0.0, "offsetY": 0.0, "offsetZ": 0.0 },
						"Patch": { "offsetX": 0.0, "offsetY": 0.0, "offsetZ": 0.0, "rotationX": 0.0, "rotationY": 0.0, "rotationZ": 0.0 },
						"Linen_0": { "offsetX": 0.0, "offsetY": 0.0, "offsetZ": 0.0 },
						"Linen_1": { "offsetX": 0.0, "offsetY": 0.0, "offsetZ": 0.0 },
						"Linen_2": { "offsetX": 0.0, "offsetY": 0.0, "offsetZ": 0.0 },
						"Linen_3": { "offsetX": 0.0, "offsetY": 0.0, "offsetZ": 0.0 }
					}
				},
				{
					"frame": 73,
					"elements": {
						"Bullet": { "offsetX": 0.0, "offsetY": 0.0, "offsetZ": 0.0 },
						"Patch": { "offsetX": 0.0, "offsetY": 0.0, "offsetZ": 0.0, "rotationX": 0.0, "rotationY": 0.0, "rotationZ": 0.0 },
						"Linen_0": { "offsetX": 0.0, "offsetY": 0.0, "offsetZ": 0.0 },
						"Linen_1": { "offsetX": 0.0, "offsetY": 0.0, "offsetZ": 0.0 },
						"Linen_2": { "offsetX": 0.0, "offsetY": 0.0, "offsetZ": 0.0 },
						"Linen_3": { "offsetX": 0.0, "offsetY": 0.0, "offsetZ": 0.0 }
					}
				},
				{
					"frame": 76,
					"elements": {
						"Bullet": { "offsetX": 0.0, "offsetY": 0.0, "offsetZ": 0.0 },
						"Patch": { "offsetX": 0.0, "offsetY": 0.0, "offsetZ": 0.0, "rotationX": 0.0, "rotationY": 0.0, "rotationZ": 0.0 },
						"Linen_0": { "offsetX": 0.0, "offsetY": 0.0, "offsetZ": 0.0 },
						"Linen_1": { "offsetX": 0.0, "offsetY": 0.0, "offsetZ": 0.0 },
						"Linen_2": { "offsetX": 0.0, "offsetY": 0.0, "offsetZ": 0.0 },
						"Linen_3": { "offsetX": 0.0, "offsetY": 0.0, "offsetZ": 0.0 }
					}
				},
				{
					"frame": 82,
					"elements": {
						"Bullet": { "offsetX": 0.0, "offsetY": 0.0, "offsetZ": 0.0 },
						"Patch": { "offsetX": 0.0, "offsetY": 0.0, "offsetZ": 0.0, "rotationX": 0.0, "rotationY": 0.0, "rotationZ": 0.0 },
						"Linen_0": { "offsetX": 0.0, "offsetY": 0.0, "offsetZ": 0.0 },
						"Linen_1": { "offsetX": 0.0, "offsetY": 0.0, "offsetZ": 0.0 },
						"Linen_2": { "offsetX": 0.0, "offsetY": 0.0, "offsetZ": 0.0 },
						"Linen_3": { "offsetX": 0.0, "offsetY": 0.0, "offsetZ": 0.0 }
					}
				},
				{
					"frame": 89,
					"elements": {
						"Bullet": { "offsetX": 0.0, "offsetY": 0.0, "offsetZ": 0.0 },
						"Patch": { "offsetX": 0.0, "offsetY": 0.0, "offsetZ": 0.0, "rotationX": 0.0, "rotationY": 0.0, "rotationZ": 0.0 },
						"Linen_0": { "offsetX": 0.0, "offsetY": 0.0, "offsetZ": 0.0 },
						"Linen_1": { "offsetX": 0.0, "offsetY": 0.0, "offsetZ": 0.0 },
						"Linen_2": { "offsetX": 0.0, "offsetY": 0.0, "offsetZ": 0.0 },
						"Linen_3": { "offsetX": 0.0, "offsetY": 0.0, "offsetZ": 0.0 }
					}
				},
				{
					"frame": 94,
					"elements": {
						"Bullet": { "offsetX": 0.0, "offsetY": 0.0, "offsetZ": 0.0 },
						"Patch": { "offsetX": 0.0, "offsetY": 0.0, "offsetZ": 0.0, "rotationX": 0.0, "rotationY": 0.0, "rotationZ": 0.0 },
						"Linen_0": { "offsetX": 0.0, "offsetY": 0.0, "offsetZ": 0.0 },
						"Linen_1": { "offsetX": 0.0, "offsetY": 0.0, "offsetZ": 0.0 },
						"Linen_2": { "offsetX": 0.0, "offsetY": 0.0, "offsetZ": 0.0 },
						"Linen_3": { "offsetX": 0.0, "offsetY": 0.0, "offsetZ": 0.0 }
					}
				},
				{
					"frame": 99,
					"elements": {
						"Bullet": { "offsetX": 0.0, "offsetY": 0.0, "offsetZ": 0.0 },
						"Patch": { "offsetX": 0.0, "offsetY": 0.0, "offsetZ": 0.0, "rotationX": 0.0, "rotationY": 0.0, "rotationZ": 0.0 },
						"Linen_0": { "offsetX": 0.0, "offsetY": 0.0, "offsetZ": 0.0 },
						"Linen_1": { "offsetX": 0.0, "offsetY": 0.0, "offsetZ": 0.0 },
						"Linen_2": { "offsetX": 0.0, "offsetY": 0.0, "offsetZ": 0.0 },
						"Linen_3": { "offsetX": 0.0, "offsetY": 0.0, "offsetZ": 0.0 },
						"Flask_origin": { "offsetX": -39.2, "offsetY": 0.0, "offsetZ": -33.6 }
					}
				}
			]
		},

		{
			"name": "Prime",
			"code": "prime",
			"quantityframes": 110,
			"onActivityStopped": "Stop",
			"onAnimationEnd": "Hold",
			"keyframes": [
				{
					"frame": 0,
					"elements": {
						"Flask_origin": { "offsetX": -39.2, "offsetY": -11.2, "offsetZ": -44.8, "rotationX": 0.0, "rotationY": 0.0, "rotationZ": 0.0 },
						"Flask_origin_inner": { "rotationX": 90.0, "rotationY": 0.0, "rotationZ": 0.0 },
						"Flask": { "offsetX": 0.0, "offsetY": 0.0, "offsetZ": 0.0, "rotationX": 0.0, "rotationY": 0.0, "rotationZ": 0.0 },
						"Lever_origin": { "offsetX": -39.2, "offsetY": -11.2, "offsetZ": -44.8, "rotationX": 0.0, "rotationY": 0.0, "rotationZ": 0.0 },
						"Wheel_charging_lever": { "offsetX": 0.0, "offsetY": 0.0, "offsetZ": 0.0, "rotationX": 0.0, "rotationY": 0.0, "rotationZ": 0.0 }
					}
				},
				{
					"frame": 5,
					"elements": {
						"Flask_origin": { "offsetX": -39.2, "offsetY": -11.2, "offsetZ": -44.8, "rotationX": 0.0, "rotationY": 0.0, "rotationZ": 0.0 },
						"Flask_origin_inner": { "rotationX": 90.0, "rotationY": 0.0, "rotationZ": 0.0 },
						"Flask": { "offsetX": 0.0, "offsetY": 0.0, "offsetZ": 0.0, "rotationX": 0.0, "rotationY": 0.0, "rotationZ": 0.0 },
						"Wheel_charging_lever": { "offsetX": 0.0, "offsetY": 0.0, "offsetZ": 0.0, "rotationX": 0.0, "rotationY": 0.0, "rotationZ": 0.0 }
					}
				},
				{
					"frame": 10,
					"elements": {
						"Flask_origin": { "offsetX": -39.2, "offsetY": -11.2, "offsetZ": -44.8, "rotationX": 0.0, "rotationY": 0.0, "rotationZ": 0.0 },
						"Flask_origin_inner": { "rotationX": 90.0, "rotationY": 0.0, "rotationZ": 0.0 },
						"Flask": { "offsetX": 0.0, "offsetY": 0.0, "offsetZ": 0.0, "rotationX": 0.0, "rotationY": 0.0, "rotationZ": 0.0 },
						"Lever_origin": { "offsetX": -39.2, "offsetY": -11.2, "offsetZ": -44.8, "rotationX": 0.0, "rotationY": 0.0, "rotationZ": 0.0 },
						"Wheel_charging_lever": { "offsetX": 0.0, "offsetY": 0.0, "offsetZ": 0.0, "rotationX": 0.0, "rotationY": 0.0, "rotationZ": 0.0 }
					}
				},
				{
					"frame": 18,
					"elements": {
						"Flask_origin": { "offsetX": -42.0, "offsetY": 1.4, "offsetZ": -46.2, "rotationX": 0.0, "rotationY": 0.0, "rotationZ": 0.0 },
						"Flask_origin_inner": { "rotationX": 90.0, "rotationY": 35.0, "rotationZ": 0.0 },
						"Flask": { "offsetX": 0.0, "offsetY": 0.0, "offsetZ": 0.0, "rotationX": 0.0, "rotationY": 0.0, "rotationZ": 0.0 },
						"Wheel_charging_lever": { "offsetX": 0.0, "offsetY": 0.0, "offsetZ": 0.0, "rotationX": 0.0, "rotationY": 0.0, "rotationZ": 0.0 }
					}
				},
				{
					"frame": 23,
					"elements": {
						"Flask_origin": { "offsetX": -42.56, "offsetY": 1.05, "offsetZ": -46.2, "rotationX": 0.0, "rotationY": 0.0, "rotationZ": 0.0 },
						"Flask_origin_inner": { "rotationX": 90.0, "rotationY": 68.0, "rotationZ": 0.0 },
						"Flask": { "offsetX": 0.0, "offsetY": 0.0, "offsetZ": 0.0, "rotationX": 0.0, "rotationY": 0.0, "rotationZ": 0.0 },
						"Wheel_charging_lever": { "offsetX": 0.0, "offsetY": 0.0, "offsetZ": 0.0, "rotationX": 0.0, "rotationY": 0.0, "rotationZ": 0.0 }
					}
				},
				{
					"frame": 28,
					"elements": {
						"Flask_origin": { "offsetX": -42.0, "offsetY": 1.4, "offsetZ": -46.2, "rotationX": 0.0, "rotationY": 0.0, "rotationZ": 0.0 },
						"Flask_origin_inner": { "rotationX": 90.0, "rotationY": 35.0, "rotationZ": 0.0 },
						"Flask": { "offsetX": 0.0, "offsetY": 0.0, "offsetZ": 0.0, "rotationX": 0.0, "rotationY": 0.0, "rotationZ": 0.0 },
						"Wheel_charging_lever": { "offsetX": 0.0, "offsetY": 0.0, "offsetZ": 0.0, "rotationX": 0.0, "rotationY": 0.0, "rotationZ": 0.0 }
					}
				},
				{
					"frame": 40,
					"elements": {
						"Flask_origin": { "offsetX": -39.2, "offsetY": -11.2, "offsetZ": -44.8, "rotationX": 0.0, "rotationY": 0.0, "rotationZ": 0.0 },
						"Flask_origin_inner": { "rotationX": 90.0, "rotationY": 0.0, "rotationZ": 0.0 },
						"Flask": { "offsetX": 0.0, "offsetY": 0.0, "offsetZ": 0.0, "rotationX": 0.0, "rotationY": 0.0, "rotationZ": 0.0 },
						"Wheel_charging_lever": { "offsetX": 0.0, "offsetY": 0.0, "offsetZ": 0.0, "rotationX": 0.0, "rotationY": 0.0, "rotationZ": 0.0 }
					}
				},
				{
					"frame": 45,
					"elements": {
						"Flask_origin": { "offsetX": -39.2, "offsetY": -11.2, "offsetZ": -44.8, "rotationX": 0.0, "rotationY": 0.0, "rotationZ": 0.0 },
						"Flask_origin_inner": { "rotationX": 90.0, "rotationY": 0.0, "rotationZ": 0.0 },
						"Flask": { "offsetX": 0.0, "offsetY": 0.0, "offsetZ": 0.0, "rotationX": 0.0, "rotationY": 0.0, "rotationZ": 0.0 },
						"Lever_origin": { "offsetX": -39.2, "offsetY": -11.2, "offsetZ": -44.8, "rotationX": 0.0, "rotationY": 0.0, "rotationZ": 0.0 },
						"Wheel_charging_lever": { "offsetX": 0.0, "offsetY": 0.0, "offsetZ": 0.0, "rotationX": 0.0, "rotationY": 0.0, "rotationZ": 0.0 }
					}
				},
				{
					"frame": 50,
					"elements": {
						"Flask_origin_inner": { "rotationX": 90.0, "rotationY": 0.0, "rotationZ": 0.0 },
						"Flask": { "offsetX": 0.0, "offsetY": 0.0, "offsetZ": 0.0, "rotationX": 0.0, "rotationY": 0.0, "rotationZ": 0.0 },
						"Wheel_charging_lever": { "offsetX": 0.0, "offsetY": 0.0, "offsetZ": 0.0, "rotationX": 0.0, "rotationY": 0.0, "rotationZ": 0.0 }
					}
				},
				{
					"frame": 55,
					"elements": {
						"Flask_origin_inner": { "rotationX": 90.0, "rotationY": 0.0, "rotationZ": 0.0 },
						"Flask": { "offsetX": 0.0, "offsetY": 0.0, "offsetZ": 0.0, "rotationX": 0.0, "rotationY": 0.0, "rotationZ": 0.0 },
						"Wheel_charging_lever": { "offsetX": 0.0, "offsetY": 0.0, "offsetZ": 0.0, "rotationX": 0.0, "rotationY": 0.0, "rotationZ": 0.0 }
					}
				},
				{
					"frame": 60,
					"elements": {
						"Flask_origin_inner": { "rotationX": 90.0, "rotationY": 0.0, "rotationZ": 0.0 },
						"Flask": { "offsetX": 0.0, "offsetY": 0.0, "offsetZ": 0.0, "rotationX": 0.0, "rotationY": 0.0, "rotationZ": 0.0 },
						"Lever_origin": { "offsetX": -39.2, "offsetY": -11.2, "offsetZ": -44.8, "rotationX": 0.0, "rotationY": 0.0, "rotationZ": 0.0 },
						"Wheel_charging_lever": { "offsetX": 0.0, "offsetY": 0.0, "offsetZ": 0.0, "rotationX": 0.0, "rotationY": 0.0, "rotationZ": 0.0 }
					}
				},
				{
					"frame": 68,
					"elements": {
						"Flask_origin_inner": { "rotationX": 90.0, "rotationY": 0.0, "rotationZ": 0.0 },
						"Flask": { "offsetX": 0.0, "offsetY": 0.0, "offsetZ": 0.0, "rotationX": 0.0, "rotationY": 0.0, "rotationZ": 0.0 },
						"Lever_origin": { "offsetX": -43.4, "offsetY": -0.07, "offsetZ": -46.9, "rotationX": 0.0, "rotationY": 0.0, "rotationZ": 0.0 },
						"Wheel_charging_lever": { "offsetX": 0.0, "offsetY": 0.0, "offsetZ": 0.0, "rotationX": 0.0, "rotationY": 0.0, "rotationZ": 0.0 }
					}
				},
				{
					"frame": 73,
					"elements": {
						"Flask_origin_inner": { "rotationX": 90.0, "rotationY": 0.0, "rotationZ": 0.0 },
						"Flask": { "offsetX": 0.0, "offsetY": 0.0, "offsetZ": 0.0, "rotationX": 0.0, "rotationY": 0.0, "rotationZ": 0.0 },
						"Lever_origin": { "offsetX": -44.1, "offsetY": -0.07, "offsetZ": -46.34, "rotationX": 0.0, "rotationY": 0.0, "rotationZ": 0.0 },
						"Wheel_charging_lever": { "offsetX": 0.0, "offsetY": 0.0, "offsetZ": 0.0, "rotationX": 0.0, "rotationY": 14.0, "rotationZ": 0.0 }
					}
				},
				{
					"frame": 76,
					"elements": {
						"Flask_origin_inner": { "rotationX": 90.0, "rotationY": 0.0, "rotationZ": 0.0 },
						"Flask": { "offsetX": 0.0, "offsetY": 0.0, "offsetZ": 0.0, "rotationX": 0.0, "rotationY": 0.0, "rotationZ": 0.0 },
						"Lever_origin": { "offsetX": -44.1, "offsetY": -0.07, "offsetZ": -46.34, "rotationX": 0.0, "rotationY": 0.0, "rotationZ": 0.0 },
						"Wheel_charging_lever": { "offsetX": 0.0, "offsetY": 0.0, "offsetZ": 0.0, "rotationX": 0.0, "rotationY": 0.0, "rotationZ": 0.0 }
					}
				},
				{
					"frame": 90,
					"elements": {
						"Flask_origin_inner": { "rotationX": 90.0, "rotationY": 0.0, "rotationZ": 0.0 },
						"Flask": { "offsetX": 0.0, "offsetY": 0.0, "offsetZ": 0.0, "rotationX": 0.0, "rotationY": 0.0, "rotationZ": 0.0 },
						"Lever_origin": { "offsetX": -44.1, "offsetY": -0.07, "offsetZ": -46.27, "rotationX": 0.0, "rotationY": 0.0, "rotationZ": 0.0 },
						"Wheel_charging_lever": { "offsetX": 0.0, "offsetY": 0.0, "offsetZ": 0.0, "rotationX": 152.0, "rotationY": 0.0, "rotationZ": 0.0 }
					}
				},
				{
					"frame": 93,
					"elements": {
						"Flask_origin_inner": { "rotationX": 90.0, "rotationY": 0.0, "rotationZ": 0.0 },
						"Flask": { "offsetX": 0.0, "offsetY": 0.0, "offsetZ": 0.0, "rotationX": 0.0, "rotationY": 0.0, "rotationZ": 0.0 },
						"Lever_origin": { "offsetX": -44.1, "offsetY": -0.07, "offsetZ": -46.2, "rotationX": 0.0, "rotationY": 0.0, "rotationZ": 0.0 },
						"Wheel_charging_lever": { "offsetX": 0.0, "offsetY": 0.0, "offsetZ": 0.0, "rotationX": 152.0, "rotationY": 14.0, "rotationZ": 0.0 }
					}
				},
				{
					"frame": 106,
					"elements": {
						"Flask_origin_inner": { "rotationX": 90.0, "rotationY": 0.0, "rotationZ": 0.0 },
						"Flask": { "offsetX": 0.0, "offsetY": 0.0, "offsetZ": 0.0, "rotationX": 0.0, "rotationY": 0.0, "rotationZ": 0.0 },
						"Lever_origin": { "offsetX": -39.2, "offsetY": -11.2, "offsetZ": -44.8, "rotationX": 0.0, "rotationY": 0.0, "rotationZ": 0.0 },
						"Wheel_charging_lever": { "offsetX": 0.0, "offsetY": 0.0, "offsetZ": 0.0, "rotationX": 0.0, "rotationY": 0.0, "rotationZ": 0.0 }
					}
				},
				{
					"frame": 109,
					"elements": {
						"Flask_origin": { "offsetX": -39.2, "offsetY": -11.2, "offsetZ": -44.8, "rotationX": 0.0, "rotationY": 0.0, "rotationZ": 0.0 },
						"Flask_origin_inner": { "rotationX": 90.0, "rotationY": 0.0, "rotationZ": 0.0 },
						"Flask": { "offsetX": 0.0, "offsetY": 0.0, "offsetZ": 0.0, "rotationX": 0.0, "rotationY": 0.0, "rotationZ": 0.0 },
						"Lever_origin": { "offsetX": -39.2, "offsetY": -11.2, "offsetZ": -44.8, "rotationX": 0.0, "rotationY": 0.0, "rotationZ": 0.0 },
						"Wheel_charging_lever": { "offsetX": 0.0, "offsetY": 0.0, "offsetZ": 0.0, "rotationX": 0.0, "rotationY": 0.0, "rotationZ": 0.0 }
					}
				}
			]
		},

		{
			"name": "Fire",
			"code": "fire",
			"quantityframes": 30,
			"onActivityStopped": "Stop",
			"onAnimationEnd": "Hold",
			"keyframes": [
				{
					"frame": 0,
					"elements": {
						"Trigger": { "rotationX": 0.0, "rotationY": 0.0, "rotationZ": 0.0 }
					}
				},
				{
					"frame": 10,
					"elements": {
						"Trigger": { "rotationX": -25.0, "rotationY": 0.0, "rotationZ": 0.0 }
					}
				},
				{
					"frame": 15,
					"elements": {
						"Trigger": { "rotationX": -25.0, "rotationY": 0.0, "rotationZ": 0.0 }
					}
				},
				{
					"frame": 20,
					"elements": {
						"Trigger": { "rotationX": -25.0, "rotationY": 0.0, "rotationZ": 0.0 }
					}
				},
				{
					"frame": 29,
					"elements": {
						"Trigger": { "rotationX": 0.0, "rotationY": 0.0, "rotationZ": 0.0 }
					}
				}
			]
		}
	]
}