{
	"editor": {
		"backDropShape": "E:/Programs/VSModelCreator/thin",
		"collapsedPaths": "Root/Sowrd,Root/Pistol/Stock,Root/Pistol/Barrel,Root/Pistol/Ramrod,Root/Waist-Quiver/Sheath_0/Pistol,Root/Waist-Quiver/Sheath_7/Sheath_8/Sowrd,Root/Waist/buckle-bottom,Root/Pistol/Trigger_assembly,Root/Waist-Quiver/Pouch_1,Root/Waist-Quiver/Pouch_0,Root/Waist-Quiver/Sheath_0,Root/Waist-Quiver/Belt/buckle-bottom,Root/Waist-Quiver/Belt,Root/Pistol/Patch,Root/Pistol/Wheellock,Root/Pistol/Flask_origin,Root/Pistol/Lever_origin,Root/Waist-Quiver/Quiver/arrow_5,Root/Waist-Quiver/Quiver/arrow_4,Root/Waist-Quiver/Quiver/arrow_3,Root/Waist-Quiver/Quiver/arrow_2,Root/Waist-Quiver/Quiver/arrow_1,Root/Waist-Quiver/Quiver/arrow_0,Root/Waist-Quiver/Sheath_7/Sheath_8/Sheath_10",
		"allAngles": false,
		"entityTextureMode": false
	},
	"textureWidth": 16,
	"textureHeight": 16,
	"textureSizes": {
	},
	"textures": {
		"belt-waist-plain-material": "game:block/leather/plain",
		"belt-waist-plain-metal": "game:block/metal/plate/iron"
	},
	"elements": [
		{
			"name": "Waist-Quiver",
			"stepParentName": "LowerTorso",
			"from": [ -0.5, 1.0, -0.5 ],
			"to": [ 5.6, 2.1, 6.7 ],
			"rotationOrigin": [ 2.5, 1.0, 2.7 ],
			"faces": {
			},
			"children": [
				{
					"name": "Sheath_7",
					"from": [ 1.0, 0.7, 7.7 ],
					"to": [ 1.0, 0.7, 7.7 ],
					"rotationOrigin": [ 1.0, 0.7, 7.7 ],
					"faces": {
					},
					"children": [
						{
							"name": "Sheath_8",
							"from": [ -2.5, 0.0, 0.0 ],
							"to": [ -2.5, 0.0, 0.0 ],
							"rotationOrigin": [ -2.5, 0.0, 0.0 ],
							"rotationX": -20.0,
							"rotationZ": 42.0,
							"faces": {
								"north": { "texture": "#belt-waist-plain-material", "uv": [ 0.0, 0.0, 0.5, 0.5 ] },
								"east": { "texture": "#belt-waist-plain-material", "uv": [ 0.0, 0.0, 0.5, 0.5 ] },
								"south": { "texture": "#belt-waist-plain-material", "uv": [ 0.0, 0.0, 0.5, 0.5 ] },
								"west": { "texture": "#belt-waist-plain-material", "uv": [ 0.0, 0.0, 0.5, 0.5 ] },
								"up": { "texture": "#belt-waist-plain-material", "uv": [ 0.0, 0.0, 0.5, 0.5 ] },
								"down": { "texture": "#belt-waist-plain-material", "uv": [ 0.0, 0.0, 0.5, 0.5 ] }
							},
							"children": [
								{
									"name": "Sheath_9",
									"from": [ -0.7, -0.3, -0.3 ],
									"to": [ 0.7, 0.2, 0.3 ],
									"rotationOrigin": [ -0.7, -0.3, -0.3 ],
									"faces": {
										"north": { "texture": "#belt-waist-plain-metal", "uv": [ 0.0, 0.0, 1.0, 0.5 ] },
										"east": { "texture": "#belt-waist-plain-metal", "uv": [ 0.0, 0.0, 0.5, 0.5 ] },
										"south": { "texture": "#belt-waist-plain-metal", "uv": [ 0.0, 0.0, 1.0, 0.5 ] },
										"west": { "texture": "#belt-waist-plain-metal", "uv": [ 0.0, 0.0, 0.5, 0.5 ] },
										"up": { "texture": "#belt-waist-plain-metal", "uv": [ 0.0, 0.0, 1.0, 0.5 ] },
										"down": { "texture": "#belt-waist-plain-metal", "uv": [ 0.0, 0.0, 1.0, 0.5 ] }
									}
								},
								{
									"name": "Sheath_10",
									"from": [ 0.6, -0.3, -0.2 ],
									"to": [ 1.8, 2.7, 0.2 ],
									"rotationOrigin": [ 0.6, -0.3, -0.2 ],
									"rotationZ": -182.0,
									"faces": {
										"north": { "texture": "#belt-waist-plain-material", "uv": [ 6.0, 6.0, 7.0, 9.0 ] },
										"east": { "texture": "#belt-waist-plain-material", "uv": [ 2.5, 1.5, 3.0, 4.5 ] },
										"south": { "texture": "#belt-waist-plain-material", "uv": [ 3.0, 1.5, 4.0, 4.5 ] },
										"west": { "texture": "#belt-waist-plain-material", "uv": [ 8.5, 6.5, 9.0, 9.5 ] },
										"up": { "texture": "#belt-waist-plain-material", "uv": [ 7.0, 5.0, 8.0, 5.5 ] },
										"down": { "texture": "#belt-waist-plain-material", "uv": [ 9.0, 6.0, 10.0, 6.5 ] }
									},
									"children": [
										{
											"name": "Sheath_11",
											"from": [ 0.0, 3.0, 0.0 ],
											"to": [ 1.2, 7.0, 0.4 ],
											"rotationOrigin": [ 1.2, 3.0, 0.0 ],
											"rotationZ": 7.0,
											"faces": {
												"north": { "texture": "#belt-waist-plain-material", "uv": [ 0.0, 0.0, 1.0, 4.0 ] },
												"east": { "texture": "#belt-waist-plain-material", "uv": [ 0.0, 0.0, 0.5, 4.0 ] },
												"south": { "texture": "#belt-waist-plain-material", "uv": [ 0.0, 0.0, 1.0, 4.0 ] },
												"west": { "texture": "#belt-waist-plain-material", "uv": [ 0.0, 0.0, 0.5, 4.0 ] },
												"up": { "texture": "#belt-waist-plain-material", "uv": [ 0.0, 0.0, 1.0, 0.5 ] },
												"down": { "texture": "#belt-waist-plain-material", "uv": [ 0.0, 0.0, 1.0, 0.5 ] }
											},
											"children": [
												{
													"name": "Sheath_12",
													"from": [ 0.0, 4.0, 0.0 ],
													"to": [ 1.1, 8.5, 0.4 ],
													"rotationOrigin": [ 1.1, 4.0, 0.0 ],
													"rotationZ": 8.2,
													"faces": {
														"north": { "texture": "#belt-waist-plain-material", "uv": [ 10.0, 6.0, 11.0, 10.5 ] },
														"east": { "texture": "#belt-waist-plain-material", "uv": [ 6.0, 2.0, 6.5, 6.5 ] },
														"south": { "texture": "#belt-waist-plain-material", "uv": [ 4.5, 3.5, 5.5, 8.0 ] },
														"west": { "texture": "#belt-waist-plain-material", "uv": [ 8.5, 4.0, 9.0, 8.5 ] },
														"up": { "texture": "#belt-waist-plain-material", "uv": [ 9.0, 5.5, 10.0, 6.0 ] },
														"down": { "texture": "#belt-waist-plain-material", "uv": [ 3.5, 0.5, 4.5, 1.0 ] }
													},
													"children": [
														{
															"name": "Sheath_13",
															"from": [ 0.0, 4.5, 0.0 ],
															"to": [ 1.0, 8.5, 0.4 ],
															"rotationOrigin": [ 1.0, 4.5, 0.0 ],
															"rotationZ": 15.0,
															"faces": {
																"north": { "texture": "#belt-waist-plain-material", "uv": [ 11.5, 7.0, 12.5, 11.0 ] },
																"east": { "texture": "#belt-waist-plain-material", "uv": [ 7.5, 9.0, 8.0, 13.0 ] },
																"south": { "texture": "#belt-waist-plain-material", "uv": [ 5.5, 7.5, 6.5, 11.5 ] },
																"west": { "texture": "#belt-waist-plain-material", "uv": [ 9.0, 5.5, 9.5, 9.5 ] },
																"up": { "texture": "#belt-waist-plain-material", "uv": [ 4.0, 6.0, 5.0, 6.5 ] },
																"down": { "texture": "#belt-waist-plain-material", "uv": [ 7.0, 6.0, 8.0, 6.5 ] }
															},
															"children": [
																{
																	"name": "Sheath_14",
																	"from": [ 0.0, 4.0, 0.0 ],
																	"to": [ 0.5, 6.1, 0.4 ],
																	"rotationOrigin": [ 0.5, 4.0, 0.0 ],
																	"faces": {
																		"north": { "texture": "#belt-waist-plain-material", "uv": [ 7.5, 3.5, 8.0, 5.5 ] },
																		"east": { "texture": "#belt-waist-plain-material", "uv": [ 6.5, 4.0, 7.0, 6.0 ] },
																		"south": { "texture": "#belt-waist-plain-material", "uv": [ 6.5, 3.0, 7.0, 5.0 ] },
																		"west": { "texture": "#belt-waist-plain-material", "uv": [ 4.0, 2.0, 4.5, 4.0 ] },
																		"up": { "texture": "#belt-waist-plain-material", "uv": [ 4.5, 5.5, 5.0, 6.0 ] },
																		"down": { "texture": "#belt-waist-plain-material", "uv": [ 5.5, 5.0, 6.0, 5.5 ] }
																	}
																},
																{
																	"name": "Sheath_15",
																	"from": [ 0.5, 4.0, 0.0 ],
																	"to": [ 1.0, 6.0, 0.4 ],
																	"rotationOrigin": [ 1.0, 4.0, 0.0 ],
																	"rotationZ": 15.0,
																	"faces": {
																		"north": { "texture": "#belt-waist-plain-material", "uv": [ 0.0, 0.0, 0.5, 2.0 ] },
																		"east": { "texture": "#belt-waist-plain-material", "uv": [ 0.0, 0.0, 0.5, 2.0 ] },
																		"south": { "texture": "#belt-waist-plain-material", "uv": [ 0.0, 0.0, 0.5, 2.0 ] },
																		"west": { "texture": "#belt-waist-plain-material", "uv": [ 0.0, 0.0, 0.5, 2.0 ] },
																		"up": { "texture": "#belt-waist-plain-material", "uv": [ 0.0, 0.0, 0.5, 0.5 ] },
																		"down": { "texture": "#belt-waist-plain-material", "uv": [ 0.0, 0.0, 0.5, 0.5 ] }
																	}
																}
															]
														}
													]
												}
											]
										}
									]
								},
								{
									"name": "Sheath_16",
									"from": [ -0.8, -3.3, -0.3 ],
									"to": [ 1.1, -2.8, 0.3 ],
									"rotationOrigin": [ -0.8, -3.3, -0.3 ],
									"faces": {
										"north": { "texture": "#belt-waist-plain-metal", "uv": [ 0.0, 0.0, 1.5, 0.5 ] },
										"east": { "texture": "#belt-waist-plain-metal", "uv": [ 0.0, 0.0, 0.5, 0.5 ] },
										"south": { "texture": "#belt-waist-plain-metal", "uv": [ 0.0, 0.0, 1.5, 0.5 ] },
										"west": { "texture": "#belt-waist-plain-metal", "uv": [ 0.0, 0.0, 0.5, 0.5 ] },
										"up": { "texture": "#belt-waist-plain-metal", "uv": [ 0.0, 0.0, 1.5, 0.5 ] },
										"down": { "texture": "#belt-waist-plain-metal", "uv": [ 0.0, 0.0, 1.5, 0.5 ] }
									},
									"children": [
										{
											"name": "Sheath_18",
											"from": [ 1.9, 0.0, 0.2 ],
											"to": [ 5.2, 0.5, 0.5 ],
											"rotationOrigin": [ 1.9, 0.0, 0.5 ],
											"rotationY": 18.0,
											"rotationZ": 27.0,
											"faces": {
												"north": { "texture": "#belt-waist-plain-material", "uv": [ 0.0, 0.0, 3.0, 0.5 ] },
												"east": { "texture": "#belt-waist-plain-material", "uv": [ 0.0, 0.0, 0.5, 0.5 ] },
												"south": { "texture": "#belt-waist-plain-material", "uv": [ 0.0, 0.0, 3.0, 0.5 ] },
												"west": { "texture": "#belt-waist-plain-material", "uv": [ 0.0, 0.0, 0.5, 0.5 ] },
												"up": { "texture": "#belt-waist-plain-material", "uv": [ 0.0, 0.0, 3.0, 0.5 ] },
												"down": { "texture": "#belt-waist-plain-material", "uv": [ 0.0, 0.0, 3.0, 0.5 ] }
											}
										}
									]
								},
								{
									"name": "Sheath_17",
									"from": [ -0.1, -8.3, -0.3 ],
									"to": [ 1.8, -7.8, 0.3 ],
									"rotationOrigin": [ -0.1, -8.3, -0.3 ],
									"rotationZ": 15.0,
									"faces": {
										"north": { "texture": "#belt-waist-plain-metal", "uv": [ 0.0, 0.0, 1.5, 0.5 ] },
										"east": { "texture": "#belt-waist-plain-metal", "uv": [ 0.0, 0.0, 0.5, 0.5 ] },
										"south": { "texture": "#belt-waist-plain-metal", "uv": [ 0.0, 0.0, 1.5, 0.5 ] },
										"west": { "texture": "#belt-waist-plain-metal", "uv": [ 0.0, 0.0, 0.5, 0.5 ] },
										"up": { "texture": "#belt-waist-plain-metal", "uv": [ 0.0, 0.0, 1.5, 0.5 ] },
										"down": { "texture": "#belt-waist-plain-metal", "uv": [ 0.0, 0.0, 1.5, 0.5 ] }
									},
									"children": [
										{
											"name": "Sheath_19",
											"from": [ 1.9, 0.0, 0.2 ],
											"to": [ 7.9, 0.5, 0.5 ],
											"rotationOrigin": [ 1.9, 0.0, 0.5 ],
											"rotationY": 10.0,
											"rotationZ": 29.0,
											"faces": {
												"north": { "texture": "#belt-waist-plain-material", "uv": [ 0.0, 0.0, 6.0, 0.5 ] },
												"east": { "texture": "#belt-waist-plain-material", "uv": [ 0.0, 0.0, 0.5, 0.5 ] },
												"south": { "texture": "#belt-waist-plain-material", "uv": [ 0.0, 0.0, 6.0, 0.5 ] },
												"west": { "texture": "#belt-waist-plain-material", "uv": [ 0.0, 0.0, 0.5, 0.5 ] },
												"up": { "texture": "#belt-waist-plain-material", "uv": [ 0.0, 0.0, 6.0, 0.5 ] },
												"down": { "texture": "#belt-waist-plain-material", "uv": [ 0.0, 0.0, 6.0, 0.5 ] }
											}
										}
									]
								}
							]
						}
					]
				}
			]
		}
	]}