[
  {
    "op": "addmerge",
    "path": "/CollectibleCodes",
    "value": ["ancientarmory:aa-blade-falchion-*"],
    "file": "purposefulstorage:config/restrictions/weapons/swords.json",
	"dependsOn": [{ "modid": "purposefulstorage" }]
  },
  {
	"op": "addmerge",
    "path": "/ancientarmory:aa-blade-falchion-*",
    "value": {
	  "origin": { "x": 0.5, "y": 0, "z": 0.5 }, "translation": { "x": -0.31, "y": 0, "z": 0 }, "rotation": { "x": 90, "y": 0, "z": 0 }, "scale": 0.59
	},
    "file": "purposefulstorage:config/transformations/weapons/swords.json",
	"dependsOn": [{ "modid": "purposefulstorage" }]
   },
   {
    "op": "addmerge",
    "path": "/CollectibleCodes",
    "value": ["ancientarmory:aa-blade-longsword-*"],
    "file": "purposefulstorage:config/restrictions/weapons/swords.json",
	"dependsOn": [{ "modid": "purposefulstorage" }]
  },
  {
	"op": "addmerge",
    "path": "/ancientarmory:aa-blade-longsword-*",
    "value": {
	  "origin": { "x": 0.5, "y": 0, "z": 0.5 }, "translation": { "x": -0.35, "y": 0, "z": 0 }, "rotation": { "x": 90, "y": 0, "z": 0 }, "scale": 0.59
	},
    "file": "purposefulstorage:config/transformations/weapons/swords.json",
	"dependsOn": [{ "modid": "purposefulstorage" }]
   },
   {
	"op": "addmerge",
    "path": "/ancientarmory:aa-blade-gladius-*",
    "value": {
	  "origin": { "x": 0.5, "y": 0, "z": 0.5 }, "rotation": { "x": 90, "y": 0, "z": 0 }, "scale": 0.63
	},
    "file": "purposefulstorage:config/transformations/weapons/swords.json",
	"dependsOn": [{ "modid": "purposefulstorage" }]
   },
   {
    "op": "addmerge",
    "path": "/CollectibleCodes",
    "value": ["ancientarmory:aa-blade-gladius-*"],
    "file": "purposefulstorage:config/restrictions/weapons/swords.json",
	"dependsOn": [{ "modid": "purposefulstorage" }]
  },
  {
	"op": "addmerge",
    "path": "/ancientarmory:aa-blade-arming-*",
    "value": {
	  "origin": { "x": 0.5, "y": 0, "z": 0.5 }, "translation": { "x": -0.25, "y": 0, "z": 0 }, "rotation": { "x": 90, "y": 0, "z": 0 }, "scale": 0.55
	},
    "file": "purposefulstorage:config/transformations/weapons/swords.json",
	"dependsOn": [{ "modid": "purposefulstorage" }]
   },
   {
    "op": "addmerge",
    "path": "/CollectibleCodes",
    "value": ["ancientarmory:aa-blade-arming-*"],
    "file": "purposefulstorage:config/restrictions/weapons/swords.json",
	"dependsOn": [{ "modid": "purposefulstorage" }]
  },
  {
	"op": "addmerge",
    "path": "/ancientarmory:aa-blade-sabre-*",
    "value": {
	  "origin": { "x": 0.5, "y": 0, "z": 0.5 }, "translation": { "x": -0.25, "y": 0, "z": 0 }, "rotation": { "x": 90, "y": 0, "z": 0 }, "scale": 0.52
	},
    "file": "purposefulstorage:config/transformations/weapons/swords.json",
	"dependsOn": [{ "modid": "purposefulstorage" }]
   },
   {
    "op": "addmerge",
    "path": "/CollectibleCodes",
    "value": ["ancientarmory:aa-blade-claymore-*"],
    "file": "purposefulstorage:config/restrictions/weapons/swords.json",
	"dependsOn": [{ "modid": "purposefulstorage" }]
  },
    {
	"op": "addmerge",
    "path": "/ancientarmory:aa-blade-claymore-*",
    "value": {
	  "origin": { "x": 0.5, "y": 0, "z": 0.5 }, "translation": { "x": -0.35, "y": 0, "z": 0 }, "rotation": { "x": 90, "y": 0, "z": 0 }, "scale": 0.55
	},
    "file": "purposefulstorage:config/transformations/weapons/swords.json",
	"dependsOn": [{ "modid": "purposefulstorage" }]
   },
   {
    "op": "addmerge",
    "path": "/CollectibleCodes",
    "value": ["ancientarmory:aa-blade-sabre-*"],
    "file": "purposefulstorage:config/restrictions/weapons/swords.json",
	"dependsOn": [{ "modid": "purposefulstorage" }]
  },
  {
	"op": "addmerge",
    "path": "/ancientarmory:aa-blade-claymore-*",
    "value": {
	  "origin": { "x": 0.5, "y": 0, "z": 0.5 }, "translation": { "x": 0.2, "y": 0, "z": -0.025 },  "scale": 0.6
	},
    "file": "purposefulstorage:config/transformations/weapons/longweapons.json",
	"dependsOn": [{ "modid": "purposefulstorage" }]
   },
   {
    "op": "addmerge",
    "path": "/CollectibleCodes",
    "value": ["ancientarmory:aa-blade-claymore-*"],
    "file": "purposefulstorage:config/restrictions/weapons/longweapons.json",
	"dependsOn": [{ "modid": "purposefulstorage" }]
  },
  {
	"op": "addmerge",
    "path": "/ancientarmory:aa-spear-boar-*",
    "value": {
	 "origin": { "x": 0.5, "y": 0, "z": 0.5 }, "translation": { "x": 1.4, "y": 0, "z": -0.005 }, "scale": 0.8
	},
    "file": "purposefulstorage:config/transformations/weapons/longweapons.json",
	"dependsOn": [{ "modid": "purposefulstorage" }]
   },
   {
    "op": "addmerge",
    "path": "/CollectibleCodes",
    "value": ["ancientarmory:aa-spear-boar-*"],
    "file": "purposefulstorage:config/restrictions/weapons/longweapons.json",
	"dependsOn": [{ "modid": "purposefulstorage" }]
  },
  {
	"op": "addmerge",
    "path": "/ancientarmory:aa-spear-fork-*",
    "value": {
	 "origin": { "x": 0.5, "y": 0, "z": 0.5 }, "translation": { "x": 1.3, "y": 0, "z": -0.005 }, "scale": 0.8
	},
    "file": "purposefulstorage:config/transformations/weapons/longweapons.json",
	"dependsOn": [{ "modid": "purposefulstorage" }]
   },
   {
    "op": "addmerge",
    "path": "/CollectibleCodes",
    "value": ["ancientarmory:aa-spear-fork-*"],
    "file": "purposefulstorage:config/restrictions/weapons/longweapons.json",
	"dependsOn": [{ "modid": "purposefulstorage" }]
  },
  {
	"op": "addmerge",
    "path": "/ancientarmory:aa-spear-ranseur-*",
    "value": {
	 "origin": { "x": 0.5, "y": 0, "z": 0.5 }, "translation": { "x": 1.5, "y": 0, "z": -0.02 }, "scale": 0.8
	},
    "file": "purposefulstorage:config/transformations/weapons/longweapons.json",
	"dependsOn": [{ "modid": "purposefulstorage" }]
   },
   {
    "op": "addmerge",
    "path": "/CollectibleCodes",
    "value": ["ancientarmory:aa-spear-ranseur-*"],
    "file": "purposefulstorage:config/restrictions/weapons/longweapons.json",
	"dependsOn": [{ "modid": "purposefulstorage" }]
  },
  {
	"op": "addmerge",
    "path": "/ancientarmory:aa-spear-voulge-*",
    "value": {
	 "origin": { "x": 0.5, "y": 0, "z": 0.5 }, "translation": { "x": 1.1, "y": 0, "z": -0.005 }, "scale": 0.8
	},
    "file": "purposefulstorage:config/transformations/weapons/longweapons.json",
	"dependsOn": [{ "modid": "purposefulstorage" }]
   },
   {
    "op": "addmerge",
    "path": "/CollectibleCodes",
    "value": ["ancientarmory:aa-spear-voulge-*"],
    "file": "purposefulstorage:config/restrictions/weapons/longweapons.json",
	"dependsOn": [{ "modid": "purposefulstorage" }]
  }
]