[
    {
        "ingredient": {
            "type": "item",
            "code": "game:ingot-*",
            "name": "metal",
            "allowedVariants": [
                "tinbronze",
                "bismuthbronze",
                "blackbronze",
                "silver",
                "gold",
                "iron",
                "meteoriciron",
                "steel"
            ]
        },
        "pattern": [
            [
                "_###___",
                "#####__",
                "#####__",
                "#######",
                "###_###",
                "###__##",
                "_##____",
                "_##____",
                "__#____"
            ]
        ],
        "name": "Axe",
        "output": {
            "type": "item",
            "code": "aa-axehead-bearded-{metal}"
        }
    },
    {
        "ingredient": {
            "type": "item",
            "code": "game:ingot-*",
            "name": "metal",
            "allowedVariants": [
                "tinbronze",
                "bismuthbronze",
                "blackbronze",
                "silver",
                "gold",
                "iron",
                "meteoriciron",
                "steel"
            ]
        },
        "pattern": [
            [
                "_#______",
                "##______",
                "###_##__",
                "########",
                "######__",
                "###_##__",
                "###_____",
                "_##_____",
                "__#_____"
            ]
        ],
        "name": "Axe",
        "output": {
            "type": "item",
            "code": "aa-axehead-battle-{metal}"
        }
    },
    {
        "ingredient": {
            "type": "item",
            "code": "game:ingot-*",
            "name": "metal",
            "allowedVariants": [
                "tinbronze",
                "bismuthbronze",
                "blackbronze",
                "silver",
                "gold",
                "iron",
                "meteoriciron",
                "steel"
            ]
        },
        "pattern": [
            [
                "_#____",
                "##____",
                "#####_",
                "###___",
                "###___",
                "###___",
                "###___",
                "###___",
                "###___",
                "###___",
                "_####_",
                "__##__",
                "___#__"
            ]
        ],
        "name": "Axe",
        "output": {
            "type": "item",
            "code": "aa-axehead-bardiche-{metal}"
        }
    }

]