{
	"editor": {
		"backDropShape": "E:/Programs/VSModelCreator/seraph-faceless",
		"collapsedPaths": "Root/Band_second,Root/Carbine/Band_third,Root/Stock,Root/Carbine/Flintlock,Root/Arquebus_origin/Stock,Root/Musket/Band_second,Root/Carbine/Trigger_assembly/Guard,Root/Carbine,Root/Musket/Flintlock,Root/Musket/Stock,Root/origin/Bottom_plate,Root/Musket/Stock/Buttstock/Buttstock_bottom/Buttstock_butt/Buttstock_butt_plate,Root/Musket/Band_third,Root/Carbine/Flintlock/Hammer/Hammer_arm,Root/Carbine/Ramrod_origin,Root/Carbine/Barrel,Root/Carbine/Stock,Root/Trigger_assembly,Root/Carbine/Flintlock/Frizzen,Root/Musket/Stock/Buttstock/Buttstock_butt,Root/Ramrod,Root/Carbine/Trigger_assembly,Root/Musket/Band_first,Root/Band_first,Root/Flintlock,Root/Carbine/Trigger_assembly/Trigger_assemly_base,Root/Barrel,Root/Arquebus_origin/Matchlock,Root/Band_third,Root/Musket/Trigger_assembly,Root/Arquebus_origin/Barrel,Root/Musket/Flintlock/Plate,Root/Carbine/Ramrod_origin/Ramrod,Root/Musket,Root/Carbine/Flask_origin/Flask_origin_inner,Root/Arquebus_origin/Patch,Root/Carbine/Flintlock/Hammer,Root/Carbine/Flintlock/Pan,Root/Arquebus_origin/Lever,Root/Arquebus_origin/Ramdrod_origin,Root/Carbine/Band_second,Root/Musket/Barrel",
		"allAngles": false,
		"entityTextureMode": false
	},
	"textureWidth": 16,
	"textureHeight": 16,
	"textureSizes": {
	},
	"textures": {
		"shoulder-sling-plain-plain": "game:block/cloth/linen/plain",
		"shoulder-sling-plain-ropedcloth": "game:block/cloth/ropedcloth",
		"shoulder-sling-plain-ember": "game:block/coal/ember",
		"shoulder-sling-plain-material": "game:block/leather/plain",
		"shoulder-sling-plain-brass": "game:block/metal/ingot/brass",
		"shoulder-sling-plain-weapon-metal": "game:block/metal/ingot/iron",
		"shoulder-sling-plain-lead": "game:block/metal/ingot/lead",
		"shoulder-sling-plain-metal": "game:block/metal/plate/brass",
		"shoulder-sling-plain-weapon-wood": "game:block/wood/debarked/oak"
	},
	"elements": [
		{
			"name": "Shoulder-Sling",
			"stepParentName": "UpperTorso",
			"from": [ 0.0, 0.0, 0.0 ],
			"to": [ 0.0, 0.0, 0.0 ],
			"faces": {
			},
			"children": [
				{
					"name": "Weapon_origin",
					"from": [ 5.8, -7.0, -0.4 ],
					"to": [ 5.8, -7.0, -0.4 ],
					"rotationOrigin": [ 5.8, -7.0, -0.4 ],
					"rotationX": 94.0,
					"rotationY": 6.0,
					"rotationZ": -90.0,
					"faces": {
					},
					"children": [
						{
							"name": "Barrel",
							"from": [ 0.0, 1.6, -5.6 ],
							"to": [ 0.0, 1.6, -5.6 ],
							"rotationOrigin": [ 0.0, 1.6, -5.6 ],
							"faces": {
							},
							"children": [
								{
									"name": "Barrel_top",
									"from": [ -0.248, 0.12, -8.0 ],
									"to": [ 0.248, 0.4, 6.8 ],
									"rotationOrigin": [ 0.0, 0.0, -9.04 ],
									"faces": {
										"east": { "texture": "#shoulder-sling-plain-weapon-metal", "uv": [ 4.5, 0.0, 5.0, 16.0 ], "rotation": 90, "autoUv": false },
										"west": { "texture": "#shoulder-sling-plain-weapon-metal", "uv": [ 4.5, 0.0, 5.0, 16.0 ], "rotation": 90, "autoUv": false },
										"up": { "texture": "#shoulder-sling-plain-weapon-metal", "uv": [ 4.5, 0.0, 5.0, 16.0 ], "autoUv": false }
									},
									"children": [
										{
											"name": "Barrel_muzzle_top",
											"from": [ 0.0, 0.0, -0.96 ],
											"to": [ 0.496, 0.28, 0.0 ],
											"rotationOrigin": [ 0.248, 0.0, 0.0 ],
											"rotationX": 4.0,
											"faces": {
												"north": { "texture": "#shoulder-sling-plain-weapon-metal", "uv": [ 4.5, 15.0, 5.0, 15.5 ], "autoUv": false },
												"east": { "texture": "#shoulder-sling-plain-weapon-metal", "uv": [ 4.5, 15.0, 5.0, 16.0 ], "rotation": 270, "autoUv": false },
												"west": { "texture": "#shoulder-sling-plain-weapon-metal", "uv": [ 4.5, 15.0, 5.0, 16.0 ], "rotation": 270, "autoUv": false },
												"up": { "texture": "#shoulder-sling-plain-weapon-metal", "uv": [ 4.5, 15.0, 5.0, 16.0 ], "rotation": 180, "autoUv": false },
												"down": { "texture": "#shoulder-sling-plain-weapon-metal", "uv": [ 4.5, 15.0, 5.0, 16.0 ], "rotation": 180, "autoUv": false }
											}
										}
									]
								},
								{
									"name": "Barrel_top2",
									"from": [ -0.248, 0.12, -8.0 ],
									"to": [ 0.248, 0.4, 6.4 ],
									"rotationOrigin": [ 0.0, 0.0, -9.04 ],
									"rotationZ": 180.0,
									"faces": {
									},
									"children": [
										{
											"name": "Barrel_muzzle_top2",
											"from": [ 0.0, 0.0, -0.96 ],
											"to": [ 0.496, 0.28, 0.0 ],
											"rotationOrigin": [ 0.248, 0.0, 0.0 ],
											"rotationX": 4.0,
											"faces": {
												"north": { "texture": "#shoulder-sling-plain-weapon-metal", "uv": [ 5.5, 15.0, 6.0, 15.5 ], "autoUv": false },
												"east": { "texture": "#shoulder-sling-plain-weapon-metal", "uv": [ 5.5, 15.0, 6.0, 16.0 ], "rotation": 270, "autoUv": false },
												"west": { "texture": "#shoulder-sling-plain-weapon-metal", "uv": [ 5.5, 15.0, 6.0, 16.0 ], "rotation": 270, "autoUv": false },
												"up": { "texture": "#shoulder-sling-plain-weapon-metal", "uv": [ 5.5, 15.0, 6.0, 16.0 ], "rotation": 180, "autoUv": false },
												"down": { "texture": "#shoulder-sling-plain-weapon-metal", "uv": [ 5.5, 15.0, 6.0, 16.0 ], "rotation": 180, "autoUv": false }
											}
										}
									]
								},
								{
									"name": "Barrel_top3",
									"from": [ -0.248, 0.12, -8.0 ],
									"to": [ 0.248, 0.4, 6.8 ],
									"rotationOrigin": [ 0.0, 0.0, -9.04 ],
									"rotationZ": 90.0,
									"faces": {
										"east": { "texture": "#shoulder-sling-plain-weapon-metal", "uv": [ 4.0, 0.0, 4.5, 16.0 ], "rotation": 90, "autoUv": false },
										"up": { "texture": "#shoulder-sling-plain-weapon-metal", "uv": [ 4.0, 0.0, 4.5, 16.0 ], "autoUv": false, "windMode": [-1,-1,-1,-1] }
									},
									"children": [
										{
											"name": "Barrel_muzzle_top3",
											"from": [ 0.0, 0.0, -0.96 ],
											"to": [ 0.496, 0.28, 0.0 ],
											"rotationOrigin": [ 0.248, 0.0, 0.0 ],
											"rotationX": 4.0,
											"faces": {
												"north": { "texture": "#shoulder-sling-plain-weapon-metal", "uv": [ 5.0, 15.0, 5.5, 15.5 ], "autoUv": false },
												"east": { "texture": "#shoulder-sling-plain-weapon-metal", "uv": [ 4.0, 15.0, 4.5, 16.0 ], "rotation": 270, "autoUv": false },
												"west": { "texture": "#shoulder-sling-plain-weapon-metal", "uv": [ 0.0, 0.0, 1.0, 0.5 ], "autoUv": false },
												"up": { "texture": "#shoulder-sling-plain-weapon-metal", "uv": [ 4.0, 15.0, 4.5, 16.0 ], "rotation": 180, "autoUv": false },
												"down": { "texture": "#shoulder-sling-plain-weapon-metal", "uv": [ 4.0, 15.0, 4.5, 16.0 ], "rotation": 180, "autoUv": false }
											}
										}
									]
								},
								{
									"name": "Barrel_top4",
									"from": [ -0.248, 0.12, -8.0 ],
									"to": [ 0.248, 0.4, 6.8 ],
									"rotationOrigin": [ 0.0, 0.0, -9.04 ],
									"rotationZ": -90.0,
									"faces": {
										"west": { "texture": "#shoulder-sling-plain-weapon-metal", "uv": [ 5.0, 0.0, 5.5, 16.0 ], "rotation": 270, "autoUv": false },
										"up": { "texture": "#shoulder-sling-plain-weapon-metal", "uv": [ 5.0, 0.0, 5.5, 16.0 ], "autoUv": false }
									},
									"children": [
										{
											"name": "Barrel_muzzle_top4",
											"from": [ 0.0, 0.0, -0.96 ],
											"to": [ 0.496, 0.28, 0.0 ],
											"rotationOrigin": [ 0.248, 0.0, 0.0 ],
											"rotationX": 4.0,
											"faces": {
												"north": { "texture": "#shoulder-sling-plain-weapon-metal", "uv": [ 0.0, 0.0, 0.5, 0.5 ], "autoUv": false },
												"east": { "texture": "#shoulder-sling-plain-weapon-metal", "uv": [ 5.0, 15.0, 5.5, 16.0 ], "rotation": 270, "autoUv": false },
												"west": { "texture": "#shoulder-sling-plain-weapon-metal", "uv": [ 5.0, 15.0, 5.5, 16.0 ], "rotation": 270, "autoUv": false },
												"up": { "texture": "#shoulder-sling-plain-weapon-metal", "uv": [ 5.0, 15.0, 5.5, 16.0 ], "autoUv": false },
												"down": { "texture": "#shoulder-sling-plain-weapon-metal", "uv": [ 5.0, 15.0, 5.5, 16.0 ], "rotation": 180, "autoUv": false }
											}
										}
									]
								},
								{
									"name": "Frontsight_post",
									"from": [ -0.08, 0.32, -8.48 ],
									"to": [ 0.08, 0.56, -8.08 ],
									"rotationOrigin": [ -0.08, 0.32, -8.08 ],
									"rotationX": -10.0,
									"faces": {
										"north": { "texture": "#shoulder-sling-plain-weapon-metal", "uv": [ 0.0, 0.0, 0.5, 0.5 ], "autoUv": false },
										"east": { "texture": "#shoulder-sling-plain-weapon-metal", "uv": [ 0.0, 0.0, 0.5, 0.5 ], "autoUv": false },
										"south": { "texture": "#shoulder-sling-plain-weapon-metal", "uv": [ 0.0, 0.0, 0.5, 0.5 ], "autoUv": false },
										"west": { "texture": "#shoulder-sling-plain-weapon-metal", "uv": [ 0.0, 0.0, 0.5, 0.5 ], "autoUv": false },
										"up": { "texture": "#shoulder-sling-plain-weapon-metal", "uv": [ 0.0, 0.0, 0.5, 0.5 ], "autoUv": false },
										"down": { "texture": "#shoulder-sling-plain-weapon-metal", "uv": [ 0.0, 0.0, 0.5, 0.5 ], "autoUv": false }
									},
									"children": [
										{
											"name": "Frontsight_post2",
											"from": [ 0.0, 0.0, 0.0 ],
											"to": [ 0.16, 0.24, 0.4 ],
											"rotationOrigin": [ 0.0, 0.24, 0.4 ],
											"rotationX": 20.0,
											"faces": {
												"north": { "texture": "#shoulder-sling-plain-weapon-metal", "uv": [ 0.0, 0.0, 0.5, 0.5 ], "autoUv": false },
												"east": { "texture": "#shoulder-sling-plain-weapon-metal", "uv": [ 0.0, 0.0, 0.5, 0.5 ], "autoUv": false },
												"south": { "texture": "#shoulder-sling-plain-weapon-metal", "uv": [ 0.0, 0.0, 0.5, 0.5 ], "autoUv": false },
												"west": { "texture": "#shoulder-sling-plain-weapon-metal", "uv": [ 0.0, 0.0, 0.5, 0.5 ], "autoUv": false },
												"up": { "texture": "#shoulder-sling-plain-weapon-metal", "uv": [ 0.0, 0.0, 0.5, 0.5 ], "autoUv": false }
											}
										}
									]
								},
								{
									"name": "Barrel_top5",
									"from": [ -0.16, -0.16, -8.24 ],
									"to": [ 0.16, 0.16, -8.24 ],
									"rotationOrigin": [ -0.16, -0.16, -8.24 ],
									"faces": {
										"north": { "texture": "#shoulder-sling-plain-weapon-metal", "uv": [ 8.5, 0.0, 9.0, 0.5 ], "autoUv": false, "windMode": [-1,-1,-1,-1] }
									}
								}
							]
						},
						{
							"name": "Stock",
							"from": [ 0.0, 1.6, 0.0 ],
							"to": [ 0.0, 1.6, 0.0 ],
							"rotationOrigin": [ 0.0, 1.6, 0.0 ],
							"faces": {
							},
							"children": [
								{
									"name": "Underbarrel",
									"from": [ -0.24, -0.96, -19.2 ],
									"to": [ -0.24, -0.96, -19.2 ],
									"faces": {
									},
									"children": [
										{
											"name": "Underbarrel_bottom",
											"from": [ -0.16, 0.16, 5.6 ],
											"to": [ -0.16, 0.16, 5.6 ],
											"rotationOrigin": [ 0.0, -0.08, 16.48 ],
											"rotationX": 2.3,
											"faces": {
												"north": { "texture": "#shoulder-sling-plain-weapon-wood", "uv": [ 0.0, 0.0, 0.5, 0.5 ], "autoUv": false },
												"east": { "texture": "#shoulder-sling-plain-weapon-wood", "uv": [ 0.0, 0.0, 0.5, 0.5 ], "autoUv": false },
												"south": { "texture": "#shoulder-sling-plain-weapon-wood", "uv": [ 0.0, 0.0, 0.5, 0.5 ], "autoUv": false },
												"west": { "texture": "#shoulder-sling-plain-weapon-wood", "uv": [ 0.0, 0.0, 0.5, 0.5 ], "autoUv": false },
												"up": { "texture": "#shoulder-sling-plain-weapon-wood", "uv": [ 3.5, 1.0, 4.0, 1.5 ], "autoUv": false },
												"down": { "texture": "#shoulder-sling-plain-weapon-wood", "uv": [ 10.5, 1.0, 11.0, 1.5 ], "autoUv": false }
											},
											"children": [
												{
													"name": "Underbarrel_bottom2",
													"from": [ 0.0, -0.24, 0.0 ],
													"to": [ 0.24, 0.32, 10.88 ],
													"rotationOrigin": [ 0.16, -0.24, 10.88 ],
													"faces": {
														"north": { "texture": "#shoulder-sling-plain-weapon-wood", "uv": [ 0.0, 0.0, 0.5, 0.5 ], "autoUv": false },
														"east": { "texture": "#shoulder-sling-plain-weapon-wood", "uv": [ 0.0, 0.0, 13.5, 0.5 ], "autoUv": false },
														"west": { "texture": "#shoulder-sling-plain-weapon-wood", "uv": [ 0.0, 6.5, 11.0, 7.0 ], "autoUv": false },
														"down": { "texture": "#shoulder-sling-plain-weapon-wood", "uv": [ 0.0, 6.5, 11.0, 7.0 ], "rotation": 90, "autoUv": false }
													}
												},
												{
													"name": "Underbarrel_bottom3",
													"from": [ 0.56, -0.24, 0.0 ],
													"to": [ 0.8, 0.32, 10.88 ],
													"rotationOrigin": [ 0.72, -0.24, 10.88 ],
													"faces": {
														"north": { "texture": "#shoulder-sling-plain-weapon-wood", "uv": [ 0.0, 0.0, 0.5, 0.5 ], "autoUv": false },
														"east": { "texture": "#shoulder-sling-plain-weapon-wood", "uv": [ 2.5, 8.0, 13.5, 8.5 ], "autoUv": false },
														"south": { "texture": "#shoulder-sling-plain-weapon-wood", "uv": [ 0.0, 0.0, 0.5, 0.5 ], "autoUv": false },
														"west": { "texture": "#shoulder-sling-plain-weapon-wood", "uv": [ 0.0, 0.0, 13.5, 0.5 ], "autoUv": false },
														"up": { "texture": "#shoulder-sling-plain-weapon-wood", "uv": [ 3.5, 1.0, 4.0, 14.5 ], "autoUv": false, "windMode": [-1,-1,-1,-1] },
														"down": { "texture": "#shoulder-sling-plain-weapon-wood", "uv": [ 2.5, 8.0, 13.5, 8.5 ], "rotation": 90, "autoUv": false }
													}
												},
												{
													"name": "Underbarrel_bottom4",
													"from": [ 0.24, -0.24, 6.08 ],
													"to": [ 0.56, 0.0, 10.88 ],
													"rotationOrigin": [ 0.4, -0.24, 10.88 ],
													"faces": {
														"north": { "texture": "#shoulder-sling-plain-weapon-wood", "uv": [ 0.0, 0.0, 0.5, 0.5 ], "autoUv": false },
														"down": { "texture": "#shoulder-sling-plain-weapon-wood", "uv": [ 6.0, 4.6, 6.5, 9.5 ], "autoUv": false }
													}
												}
											]
										},
										{
											"name": "Underbarrel_top",
											"from": [ 0.12, 0.36, 5.6 ],
											"to": [ 0.36, 1.08, 16.48 ],
											"rotationOrigin": [ 0.32, 0.64, 21.6 ],
											"rotationZ": 90.0,
											"faces": {
												"north": { "texture": "#shoulder-sling-plain-weapon-wood", "uv": [ 1.5, 0.0, 2.0, 1.0 ], "autoUv": false, "windMode": [-1,-1,-1,-1] },
												"west": { "texture": "#shoulder-sling-plain-weapon-wood", "uv": [ 0.0, 0.0, 13.5, 0.5 ], "autoUv": false, "windMode": [-1,-1,-1,-1] }
											}
										},
										{
											"name": "Underbarrel_top2",
											"from": [ 0.2, 0.36, 5.6 ],
											"to": [ 0.72, 0.44, 16.48 ],
											"rotationOrigin": [ 0.4, 0.64, 21.6 ],
											"rotationZ": 90.0,
											"faces": {
												"north": { "texture": "#shoulder-sling-plain-weapon-wood", "uv": [ 0.0, 0.0, 0.5, 0.5 ], "autoUv": false },
												"east": { "texture": "#shoulder-sling-plain-weapon-wood", "uv": [ 0.0, 4.0, 11.0, 4.5 ], "autoUv": false },
												"west": { "texture": "#shoulder-sling-plain-weapon-wood", "uv": [ 0.0, 4.0, 11.0, 4.5 ], "autoUv": false },
												"down": { "texture": "#shoulder-sling-plain-weapon-wood", "uv": [ 0.0, 4.0, 11.0, 4.5 ], "rotation": 90, "autoUv": false }
											}
										},
										{
											"name": "Underbarrel_top3",
											"from": [ -0.68, 0.44, 5.6 ],
											"to": [ -0.16, 0.52, 16.48 ],
											"rotationOrigin": [ -0.4, 0.72, 21.6 ],
											"rotationZ": 90.0,
											"faces": {
												"north": { "texture": "#shoulder-sling-plain-weapon-wood", "uv": [ 0.0, 0.0, 0.5, 0.5 ], "autoUv": false },
												"east": { "texture": "#shoulder-sling-plain-weapon-wood", "uv": [ 0.0, 4.0, 11.0, 4.5 ], "autoUv": false },
												"west": { "texture": "#shoulder-sling-plain-weapon-wood", "uv": [ 0.0, 4.0, 11.0, 4.5 ], "autoUv": false },
												"up": { "texture": "#shoulder-sling-plain-weapon-wood", "uv": [ 0.0, 4.0, 11.0, 4.5 ], "rotation": 90, "autoUv": false }
											}
										}
									]
								},
								{
									"name": "Receiver",
									"from": [ 0.0, 0.0, 0.0 ],
									"to": [ 0.0, 0.0, 0.0 ],
									"faces": {
									},
									"children": [
										{
											"name": "Middle_receiver",
											"from": [ -0.48, -1.04, -2.72 ],
											"to": [ 0.48, 0.0, 2.24 ],
											"rotationOrigin": [ -0.08, -1.04, -2.72 ],
											"faces": {
												"north": { "texture": "#shoulder-sling-plain-weapon-wood", "uv": [ 11.0, 4.0, 12.0, 5.0 ], "autoUv": false },
												"east": { "texture": "#shoulder-sling-plain-weapon-wood", "uv": [ 11.0, 4.0, 16.0, 5.0 ], "autoUv": false },
												"south": { "texture": "#shoulder-sling-plain-weapon-wood", "uv": [ 11.0, 4.0, 12.0, 5.0 ], "autoUv": false },
												"west": { "texture": "#shoulder-sling-plain-weapon-wood", "uv": [ 10.0, 4.0, 16.0, 5.0 ], "autoUv": false },
												"up": { "texture": "#shoulder-sling-plain-weapon-wood", "uv": [ 10.0, 7.0, 16.0, 7.5 ], "rotation": 90, "autoUv": false },
												"down": { "texture": "#shoulder-sling-plain-weapon-wood", "uv": [ 10.0, 6.0, 16.0, 7.0 ], "rotation": 90, "autoUv": false }
											}
										}
									]
								},
								{
									"name": "Buttstock",
									"from": [ 0.0, 0.0, -0.72 ],
									"to": [ 0.0, 0.0, -0.72 ],
									"rotationOrigin": [ -0.48, -1.04, 1.84 ],
									"rotationX": 13.0,
									"faces": {
									},
									"children": [
										{
											"name": "Buttstock_bottom",
											"from": [ -0.472, -1.04, 1.44 ],
											"to": [ 0.472, 0.08, 8.24 ],
											"rotationOrigin": [ 0.0, -1.04, 1.44 ],
											"faces": {
												"north": { "texture": "#shoulder-sling-plain-weapon-wood", "uv": [ 10.5, 4.0, 11.5, 5.0 ], "autoUv": false },
												"east": { "texture": "#shoulder-sling-plain-weapon-wood", "uv": [ 1.5, 4.0, 7.5, 5.0 ], "autoUv": false },
												"west": { "texture": "#shoulder-sling-plain-weapon-wood", "uv": [ 2.5, 4.0, 8.5, 5.0 ], "autoUv": false },
												"up": { "texture": "#shoulder-sling-plain-weapon-wood", "uv": [ 2.0, 4.0, 10.5, 5.0 ], "rotation": 270, "autoUv": false },
												"down": { "texture": "#shoulder-sling-plain-weapon-wood", "uv": [ 5.5, 5.5, 6.5, 11.5 ], "autoUv": false }
											},
											"children": [
												{
													"name": "Buttstock_top_back2",
													"from": [ 0.008, 0.0, 3.52 ],
													"to": [ 0.92, 0.72, 6.64 ],
													"rotationOrigin": [ 0.32, 0.0, 3.52 ],
													"rotationX": 13.0,
													"faces": {
														"east": { "texture": "#shoulder-sling-plain-weapon-wood", "uv": [ 5.5, 8.0, 8.0, 8.5 ], "autoUv": false },
														"west": { "texture": "#shoulder-sling-plain-weapon-wood", "uv": [ 8.0, 8.0, 10.5, 8.5 ], "autoUv": false, "windMode": [-1,-1,-1,-1] },
														"down": { "texture": "#shoulder-sling-plain-weapon-wood", "uv": [ 7.0, 6.0, 8.0, 8.5 ], "autoUv": false }
													}
												},
												{
													"name": "Buttstock_butt",
													"from": [ -0.008, -0.72, 6.4 ],
													"to": [ 0.952, 1.68, 6.8 ],
													"rotationOrigin": [ 0.248, -0.72, 6.4 ],
													"rotationX": 2.0,
													"faces": {
														"north": { "texture": "#shoulder-sling-plain-weapon-metal", "uv": [ 11.0, 10.0, 12.0, 13.0 ], "autoUv": false, "windMode": [-1,-1,-1,-1] },
														"east": { "texture": "#shoulder-sling-plain-weapon-metal", "uv": [ 12.0, 10.0, 12.5, 13.0 ], "autoUv": false },
														"south": { "texture": "#shoulder-sling-plain-weapon-metal", "uv": [ 11.5, 10.0, 12.5, 13.0 ], "autoUv": false },
														"west": { "texture": "#shoulder-sling-plain-weapon-metal", "uv": [ 11.5, 10.0, 12.0, 13.0 ], "autoUv": false },
														"up": { "texture": "#shoulder-sling-plain-weapon-metal", "uv": [ 11.5, 10.0, 12.5, 10.5 ], "autoUv": false },
														"down": { "texture": "#shoulder-sling-plain-weapon-metal", "uv": [ 11.5, 12.5, 12.5, 13.0 ], "autoUv": false }
													}
												},
												{
													"name": "Buttstock_top_back",
													"from": [ 0.008, 0.24, 1.52 ],
													"to": [ 0.936, 1.12, 6.56 ],
													"rotationOrigin": [ 0.328, 1.12, 1.52 ],
													"rotationX": -6.0,
													"faces": {
														"east": { "texture": "#shoulder-sling-plain-weapon-wood", "uv": [ 10.0, 4.5, 15.0, 5.0 ], "autoUv": false },
														"west": { "texture": "#shoulder-sling-plain-weapon-wood", "uv": [ 7.5, 4.5, 12.5, 5.0 ], "autoUv": false },
														"up": { "texture": "#shoulder-sling-plain-weapon-wood", "uv": [ 0.0, 13.5, 5.0, 14.5 ], "rotation": 90, "autoUv": false }
													}
												},
												{
													"name": "Top_receiver3",
													"from": [ 0.152, 1.12, 0.0 ],
													"to": [ 0.816, 1.272, 2.4 ],
													"rotationOrigin": [ 0.16, 1.12, 0.0 ],
													"rotationX": 4.0,
													"faces": {
														"north": { "texture": "#shoulder-sling-plain-weapon-wood", "uv": [ 4.5, 13.5, 5.0, 14.5 ], "rotation": 90, "autoUv": false },
														"east": { "texture": "#shoulder-sling-plain-weapon-wood", "uv": [ 4.5, 14.0, 7.5, 14.5 ], "autoUv": false },
														"west": { "texture": "#shoulder-sling-plain-weapon-wood", "uv": [ 4.5, 13.5, 7.5, 14.0 ], "rotation": 180, "autoUv": false },
														"up": { "texture": "#shoulder-sling-plain-weapon-wood", "uv": [ 4.5, 13.5, 7.5, 14.5 ], "rotation": 270, "autoUv": false }
													}
												}
											]
										}
									]
								}
							]
						},
						{
							"name": "Lever",
							"from": [ 0.0, 0.56, -0.64 ],
							"to": [ 0.0, 0.56, -0.64 ],
							"rotationOrigin": [ 0.0, 1.04, -0.64 ],
							"rotationX": -14.0,
							"faces": {
							},
							"children": [
								{
									"name": "Lever_base",
									"from": [ -0.16, -0.64, 0.0 ],
									"to": [ 0.16, 0.16, 0.32 ],
									"rotationOrigin": [ -0.16, -0.64, 0.0 ],
									"rotationX": -8.0,
									"faces": {
										"north": { "texture": "#shoulder-sling-plain-weapon-metal", "uv": [ 0.0, 3.0, 0.5, 4.0 ], "autoUv": false },
										"east": { "texture": "#shoulder-sling-plain-weapon-metal", "uv": [ 0.0, 3.0, 0.5, 4.0 ], "autoUv": false },
										"south": { "texture": "#shoulder-sling-plain-weapon-metal", "uv": [ 0.0, 3.0, 0.5, 4.0 ], "autoUv": false },
										"west": { "texture": "#shoulder-sling-plain-weapon-metal", "uv": [ 0.0, 3.0, 0.5, 4.0 ], "autoUv": false },
										"up": { "texture": "#shoulder-sling-plain-weapon-metal", "uv": [ 0.0, 3.5, 0.5, 4.0 ], "autoUv": false },
										"down": { "texture": "#shoulder-sling-plain-weapon-metal", "uv": [ 0.0, 3.0, 0.5, 3.5 ], "autoUv": false }
									},
									"children": [
										{
											"name": "Lever_middle",
											"from": [ -0.008, 0.0, -0.32 ],
											"to": [ 0.3104, 2.64, 0.0 ],
											"rotationOrigin": [ 0.0, 0.0, 0.0 ],
											"rotationX": 112.5,
											"faces": {
												"north": { "texture": "#shoulder-sling-plain-weapon-metal", "uv": [ 0.0, 4.0, 0.5, 7.0 ], "autoUv": false },
												"east": { "texture": "#shoulder-sling-plain-weapon-metal", "uv": [ 0.0, 4.0, 0.5, 7.0 ], "autoUv": false },
												"south": { "texture": "#shoulder-sling-plain-weapon-metal", "uv": [ 0.0, 4.0, 0.5, 7.0 ], "autoUv": false },
												"west": { "texture": "#shoulder-sling-plain-weapon-metal", "uv": [ 0.0, 4.0, 0.5, 7.0 ], "autoUv": false },
												"up": { "texture": "#shoulder-sling-plain-weapon-metal", "uv": [ 0.0, 3.5, 0.5, 4.0 ], "autoUv": false },
												"down": { "texture": "#shoulder-sling-plain-weapon-metal", "uv": [ 0.0, 3.5, 0.5, 4.0 ], "autoUv": false }
											},
											"children": [
												{
													"name": "Lever_bottom",
													"from": [ -0.008, 2.64, 0.0 ],
													"to": [ 0.3088, 5.2, 0.32 ],
													"rotationOrigin": [ 0.0, 2.64, 0.0 ],
													"rotationX": 17.0,
													"faces": {
														"north": { "texture": "#shoulder-sling-plain-weapon-metal", "uv": [ 0.0, 7.0, 0.5, 10.0 ], "autoUv": false },
														"east": { "texture": "#shoulder-sling-plain-weapon-metal", "uv": [ 0.0, 7.0, 0.5, 10.0 ], "autoUv": false },
														"south": { "texture": "#shoulder-sling-plain-weapon-metal", "uv": [ 0.0, 7.0, 0.5, 10.0 ], "autoUv": false },
														"west": { "texture": "#shoulder-sling-plain-weapon-metal", "uv": [ 0.0, 7.0, 0.5, 10.0 ], "autoUv": false },
														"up": { "texture": "#shoulder-sling-plain-weapon-metal", "uv": [ 0.0, 5.0, 0.5, 5.5 ], "autoUv": false },
														"down": { "texture": "#shoulder-sling-plain-weapon-metal", "uv": [ 0.0, 4.0, 0.5, 4.5 ], "autoUv": false }
													}
												}
											]
										}
									]
								}
							]
						},
						{
							"name": "Matchlock",
							"from": [ 0.48, 1.6, 0.4 ],
							"to": [ 0.48, 1.6, 0.4 ],
							"rotationOrigin": [ 0.48, 1.6, 0.4 ],
							"faces": {
							},
							"children": [
								{
									"name": "Pan",
									"from": [ -0.24, -0.32, -0.32 ],
									"to": [ 0.56, 0.084, 0.48 ],
									"rotationOrigin": [ -0.24, -0.4, -0.32 ],
									"faces": {
										"north": { "texture": "#shoulder-sling-plain-weapon-metal", "uv": [ 7.5, 14.5, 8.0, 15.5 ], "rotation": 90, "autoUv": false },
										"east": { "texture": "#shoulder-sling-plain-weapon-metal", "uv": [ 7.5, 15.0, 8.5, 15.5 ], "autoUv": false },
										"south": { "texture": "#shoulder-sling-plain-weapon-metal", "uv": [ 7.5, 15.0, 8.5, 15.5 ], "autoUv": false },
										"up": { "texture": "#shoulder-sling-plain-weapon-metal", "uv": [ 7.5, 14.5, 8.5, 15.5 ], "autoUv": false },
										"down": { "texture": "#shoulder-sling-plain-weapon-metal", "uv": [ 7.5, 14.5, 8.5, 15.5 ], "rotation": 180, "autoUv": false }
									},
									"children": [
										{
											"name": "Pan_cover",
											"from": [ 0.32, 0.4, 0.0 ],
											"to": [ 0.8, 0.64, 0.8 ],
											"rotationOrigin": [ 0.64, 0.4, 0.64 ],
											"rotationY": -135.0,
											"faces": {
												"north": { "texture": "#shoulder-sling-plain-weapon-metal", "uv": [ 9.0, 15.0, 9.5, 15.5 ], "autoUv": false },
												"east": { "texture": "#shoulder-sling-plain-weapon-metal", "uv": [ 8.5, 15.0, 9.5, 15.5 ], "autoUv": false },
												"south": { "texture": "#shoulder-sling-plain-weapon-metal", "uv": [ 8.5, 15.0, 9.0, 15.5 ], "autoUv": false },
												"west": { "texture": "#shoulder-sling-plain-weapon-metal", "uv": [ 8.5, 15.0, 9.5, 15.5 ], "autoUv": false },
												"up": { "texture": "#shoulder-sling-plain-weapon-metal", "uv": [ 8.5, 15.0, 9.5, 15.5 ], "rotation": 90, "autoUv": false },
												"down": { "texture": "#shoulder-sling-plain-weapon-metal", "uv": [ 8.5, 15.0, 9.5, 15.5 ], "rotation": 90, "autoUv": false }
											}
										},
										{
											"name": "Pan_hinch",
											"from": [ 0.56, -0.08, 0.56 ],
											"to": [ 0.72, 0.72, 0.72 ],
											"rotationOrigin": [ 0.56, -0.08, 0.56 ],
											"faces": {
												"north": { "texture": "#shoulder-sling-plain-brass", "uv": [ 0.0, 0.0, 0.5, 1.0 ], "autoUv": false },
												"east": { "texture": "#shoulder-sling-plain-brass", "uv": [ 0.0, 0.0, 0.5, 1.0 ], "autoUv": false },
												"south": { "texture": "#shoulder-sling-plain-brass", "uv": [ 0.0, 0.0, 0.5, 1.0 ], "autoUv": false },
												"west": { "texture": "#shoulder-sling-plain-brass", "uv": [ 0.0, 0.0, 0.5, 1.0 ], "autoUv": false },
												"up": { "texture": "#shoulder-sling-plain-brass", "uv": [ 0.0, 0.0, 0.5, 0.5 ], "autoUv": false },
												"down": { "texture": "#shoulder-sling-plain-brass", "uv": [ 0.0, 0.0, 0.5, 0.5 ], "autoUv": false }
											}
										}
									]
								},
								{
									"name": "Plate",
									"from": [ 0.0, -0.88, -2.88 ],
									"to": [ 0.008, -0.16, 1.36 ],
									"rotationOrigin": [ 0.0, -0.88, -2.88 ],
									"faces": {
										"north": { "texture": "#shoulder-sling-plain-weapon-metal", "uv": [ 0.0, 0.0, 0.5, 0.5 ], "autoUv": false },
										"east": { "texture": "#shoulder-sling-plain-weapon-metal", "uv": [ 6.5, 15.0, 11.5, 16.0 ], "autoUv": false },
										"south": { "texture": "#shoulder-sling-plain-weapon-metal", "uv": [ 0.0, 0.0, 0.5, 0.5 ], "autoUv": false },
										"up": { "texture": "#shoulder-sling-plain-weapon-metal", "uv": [ 6.5, 15.0, 11.5, 15.5 ], "rotation": 90, "autoUv": false },
										"down": { "texture": "#shoulder-sling-plain-weapon-metal", "uv": [ 6.5, 15.5, 11.5, 16.0 ], "rotation": 90, "autoUv": false }
									}
								},
								{
									"name": "Lock_lever",
									"from": [ 0.0, -0.8, -2.8 ],
									"to": [ 0.4, -0.32, -2.32 ],
									"rotationOrigin": [ 0.0, -0.56, -2.56 ],
									"rotationX": 35.0,
									"faces": {
										"north": { "texture": "#shoulder-sling-plain-weapon-metal", "uv": [ 0.0, 0.0, 0.5, 0.5 ], "autoUv": false },
										"east": { "texture": "#shoulder-sling-plain-weapon-metal", "uv": [ 0.0, 0.0, 0.5, 0.5 ], "autoUv": false },
										"south": { "texture": "#shoulder-sling-plain-weapon-metal", "uv": [ 0.0, 0.0, 0.5, 0.5 ], "autoUv": false },
										"west": { "texture": "#shoulder-sling-plain-weapon-metal", "uv": [ 0.0, 0.0, 0.5, 0.5 ], "autoUv": false },
										"up": { "texture": "#shoulder-sling-plain-weapon-metal", "uv": [ 0.0, 0.0, 0.5, 0.5 ], "autoUv": false },
										"down": { "texture": "#shoulder-sling-plain-weapon-metal", "uv": [ 0.0, 0.0, 0.5, 0.5 ], "autoUv": false }
									},
									"children": [
										{
											"name": "Lever_arm",
											"from": [ 0.0, 0.48, 0.88 ],
											"to": [ 0.4, 1.84, 1.2 ],
											"rotationOrigin": [ 0.0, 0.48, 0.88 ],
											"faces": {
												"north": { "texture": "#shoulder-sling-plain-weapon-metal", "uv": [ 1.0, 0.0, 2.5, 0.5 ], "rotation": 90, "autoUv": false },
												"east": { "texture": "#shoulder-sling-plain-weapon-metal", "uv": [ 1.0, 0.0, 2.5, 0.5 ], "rotation": 90, "autoUv": false },
												"south": { "texture": "#shoulder-sling-plain-weapon-metal", "uv": [ 1.0, 0.0, 2.5, 0.5 ], "rotation": 90, "autoUv": false },
												"west": { "texture": "#shoulder-sling-plain-weapon-metal", "uv": [ 1.0, 0.0, 2.5, 0.5 ], "rotation": 90, "autoUv": false },
												"up": { "texture": "#shoulder-sling-plain-weapon-metal", "uv": [ 2.0, 0.0, 2.5, 0.5 ], "autoUv": false }
											},
											"children": [
												{
													"name": "Lever_jaw_left",
													"from": [ 0.0, 1.36, 0.0 ],
													"to": [ 0.16, 1.68, 0.72 ],
													"rotationOrigin": [ 0.0, 1.36, 0.0 ],
													"faces": {
														"north": { "texture": "#shoulder-sling-plain-weapon-metal", "uv": [ 2.5, 0.0, 3.0, 0.5 ], "autoUv": false },
														"east": { "texture": "#shoulder-sling-plain-weapon-metal", "uv": [ 2.5, 0.0, 3.0, 0.5 ], "autoUv": false },
														"south": { "texture": "#shoulder-sling-plain-weapon-metal", "uv": [ 2.5, 0.0, 3.0, 0.5 ], "autoUv": false },
														"west": { "texture": "#shoulder-sling-plain-weapon-metal", "uv": [ 2.5, 0.0, 3.0, 0.5 ], "autoUv": false },
														"up": { "texture": "#shoulder-sling-plain-weapon-metal", "uv": [ 2.5, 0.0, 3.0, 0.5 ], "autoUv": false },
														"down": { "texture": "#shoulder-sling-plain-weapon-metal", "uv": [ 2.5, 0.0, 3.0, 0.5 ], "autoUv": false }
													}
												},
												{
													"name": "Lever_jaw_right",
													"from": [ 0.24, 1.36, 0.0 ],
													"to": [ 0.4, 1.68, 0.72 ],
													"rotationOrigin": [ 0.24, 1.36, 0.0 ],
													"faces": {
														"north": { "texture": "#shoulder-sling-plain-weapon-metal", "uv": [ 2.5, 0.0, 3.0, 0.5 ], "autoUv": false },
														"east": { "texture": "#shoulder-sling-plain-weapon-metal", "uv": [ 2.5, 0.0, 3.0, 0.5 ], "autoUv": false },
														"south": { "texture": "#shoulder-sling-plain-weapon-metal", "uv": [ 2.5, 0.0, 3.0, 0.5 ], "autoUv": false },
														"west": { "texture": "#shoulder-sling-plain-weapon-metal", "uv": [ 2.5, 0.0, 3.0, 0.5 ], "autoUv": false },
														"up": { "texture": "#shoulder-sling-plain-weapon-metal", "uv": [ 2.5, 0.0, 3.0, 0.5 ], "autoUv": false },
														"down": { "texture": "#shoulder-sling-plain-weapon-metal", "uv": [ 2.5, 0.0, 3.0, 0.5 ], "autoUv": false }
													}
												}
											]
										},
										{
											"name": "Lock_lever5",
											"from": [ 0.0, 0.16, 0.48 ],
											"to": [ 0.4, 0.48, 1.2 ],
											"rotationOrigin": [ 0.0, 0.4, 0.72 ],
											"faces": {
												"north": { "texture": "#shoulder-sling-plain-weapon-metal", "uv": [ 0.5, 0.0, 1.0, 0.5 ], "autoUv": false },
												"east": { "texture": "#shoulder-sling-plain-weapon-metal", "uv": [ 0.5, 0.0, 1.0, 0.5 ], "autoUv": false },
												"south": { "texture": "#shoulder-sling-plain-weapon-metal", "uv": [ 0.5, 0.0, 1.0, 0.5 ], "autoUv": false },
												"west": { "texture": "#shoulder-sling-plain-weapon-metal", "uv": [ 0.5, 0.0, 1.0, 0.5 ], "autoUv": false },
												"up": { "texture": "#shoulder-sling-plain-weapon-metal", "uv": [ 0.5, 0.0, 1.0, 0.5 ], "autoUv": false },
												"down": { "texture": "#shoulder-sling-plain-weapon-metal", "uv": [ 0.5, 0.0, 1.0, 0.5 ], "autoUv": false }
											}
										},
										{
											"name": "Match_origin",
											"from": [ 48.08, 50.0, 78.88 ],
											"to": [ 48.08, 50.0, 78.88 ],
											"rotationOrigin": [ 0.24, 2.0, 31.68 ],
											"faces": {
												"north": { "texture": "#shoulder-sling-plain-ember", "uv": [ 0.0, 0.0, 0.5, 0.5 ], "autoUv": false },
												"east": { "texture": "#shoulder-sling-plain-ember", "uv": [ 0.0, 0.0, 0.5, 0.5 ], "autoUv": false },
												"south": { "texture": "#shoulder-sling-plain-ember", "uv": [ 0.0, 0.0, 0.5, 0.5 ], "autoUv": false },
												"west": { "texture": "#shoulder-sling-plain-ember", "uv": [ 0.0, 0.0, 0.5, 0.5 ], "autoUv": false },
												"up": { "texture": "#shoulder-sling-plain-ember", "uv": [ 0.0, 0.0, 0.5, 0.5 ], "autoUv": false },
												"down": { "texture": "#shoulder-sling-plain-ember", "uv": [ 0.0, 0.0, 0.5, 0.5 ], "autoUv": false }
											},
											"children": [
												{
													"name": "Match",
													"from": [ 0.0, 0.0, 0.0 ],
													"to": [ 0.0, 0.0, 0.0 ],
													"faces": {
														"north": { "texture": "#shoulder-sling-plain-ropedcloth", "uv": [ 0.0, 0.0, 0.5, 0.5 ], "autoUv": false },
														"east": { "texture": "#shoulder-sling-plain-ropedcloth", "uv": [ 0.0, 0.0, 0.5, 0.5 ], "autoUv": false },
														"south": { "texture": "#shoulder-sling-plain-ropedcloth", "uv": [ 0.0, 0.0, 0.5, 0.5 ], "autoUv": false },
														"west": { "texture": "#shoulder-sling-plain-ropedcloth", "uv": [ 0.0, 0.0, 0.5, 0.5 ], "autoUv": false },
														"up": { "texture": "#shoulder-sling-plain-ropedcloth", "uv": [ 0.0, 0.0, 0.5, 0.5 ], "autoUv": false },
														"down": { "texture": "#shoulder-sling-plain-ropedcloth", "uv": [ 0.0, 0.0, 0.5, 0.5 ], "autoUv": false }
													}
												}
											]
										}
									]
								},
								{
									"name": "Middle_receiver2",
									"from": [ -0.88, -1.08, -1.52 ],
									"to": [ -0.08, -1.0, 0.16 ],
									"rotationOrigin": [ -0.48, -1.12, -1.52 ],
									"faces": {
										"north": { "texture": "#shoulder-sling-plain-weapon-metal", "uv": [ 0.0, 0.0, 1.0, 0.5 ], "autoUv": false },
										"east": { "texture": "#shoulder-sling-plain-weapon-metal", "uv": [ 0.0, 0.0, 2.0, 0.5 ], "autoUv": false },
										"south": { "texture": "#shoulder-sling-plain-weapon-metal", "uv": [ 0.0, 0.0, 1.0, 0.5 ], "autoUv": false },
										"west": { "texture": "#shoulder-sling-plain-weapon-metal", "uv": [ 0.0, 0.0, 2.0, 0.5 ], "autoUv": false },
										"down": { "texture": "#shoulder-sling-plain-weapon-metal", "uv": [ 0.0, 0.0, 1.0, 2.0 ], "autoUv": false }
									}
								},
								{
									"name": "Lock_lever2",
									"from": [ -1.04, -0.68, -2.68 ],
									"to": [ 0.48, -0.44, -2.44 ],
									"rotationOrigin": [ -1.04, -0.56, -2.56 ],
									"faces": {
										"north": { "texture": "#shoulder-sling-plain-brass", "uv": [ 0.0, 0.0, 1.5, 0.5 ], "autoUv": false },
										"east": { "texture": "#shoulder-sling-plain-brass", "uv": [ 0.0, 0.0, 0.5, 0.5 ], "autoUv": false },
										"south": { "texture": "#shoulder-sling-plain-brass", "uv": [ 0.0, 0.0, 1.5, 0.5 ], "autoUv": false },
										"west": { "texture": "#shoulder-sling-plain-brass", "uv": [ 0.0, 0.0, 0.5, 0.5 ], "autoUv": false },
										"up": { "texture": "#shoulder-sling-plain-brass", "uv": [ 0.0, 0.0, 1.5, 0.5 ], "autoUv": false },
										"down": { "texture": "#shoulder-sling-plain-brass", "uv": [ 0.0, 0.0, 1.5, 0.5 ], "autoUv": false }
									}
								},
								{
									"name": "Lock_lever3",
									"from": [ -1.04, -0.68, 0.84 ],
									"to": [ 0.08, -0.44, 1.08 ],
									"rotationOrigin": [ -1.04, -0.56, 0.96 ],
									"faces": {
										"north": { "texture": "#shoulder-sling-plain-brass", "uv": [ 0.0, 0.0, 1.0, 0.5 ], "autoUv": false },
										"east": { "texture": "#shoulder-sling-plain-brass", "uv": [ 0.0, 0.0, 0.5, 0.5 ], "autoUv": false },
										"south": { "texture": "#shoulder-sling-plain-brass", "uv": [ 0.0, 0.0, 1.0, 0.5 ], "autoUv": false },
										"west": { "texture": "#shoulder-sling-plain-brass", "uv": [ 0.0, 0.0, 0.5, 0.5 ], "autoUv": false },
										"up": { "texture": "#shoulder-sling-plain-brass", "uv": [ 0.0, 0.0, 1.0, 0.5 ], "autoUv": false },
										"down": { "texture": "#shoulder-sling-plain-brass", "uv": [ 0.0, 0.0, 1.0, 0.5 ], "autoUv": false }
									}
								},
								{
									"name": "Lock_lever4",
									"from": [ -1.04, -0.68, -1.16 ],
									"to": [ 0.08, -0.44, -0.92 ],
									"rotationOrigin": [ -1.04, -0.56, -1.04 ],
									"faces": {
										"north": { "texture": "#shoulder-sling-plain-brass", "uv": [ 0.0, 0.0, 1.0, 0.5 ], "autoUv": false },
										"east": { "texture": "#shoulder-sling-plain-brass", "uv": [ 0.0, 0.0, 0.5, 0.5 ], "autoUv": false },
										"south": { "texture": "#shoulder-sling-plain-brass", "uv": [ 0.0, 0.0, 1.0, 0.5 ], "autoUv": false },
										"west": { "texture": "#shoulder-sling-plain-brass", "uv": [ 0.0, 0.0, 0.5, 0.5 ], "autoUv": false },
										"up": { "texture": "#shoulder-sling-plain-brass", "uv": [ 0.0, 0.0, 1.0, 0.5 ], "autoUv": false },
										"down": { "texture": "#shoulder-sling-plain-brass", "uv": [ 0.0, 0.0, 1.0, 0.5 ], "autoUv": false }
									}
								},
								{
									"name": "Plate2",
									"from": [ -0.968, -0.8, -2.8 ],
									"to": [ -0.96, -0.32, 1.28 ],
									"rotationOrigin": [ -0.96, -0.8, -2.8 ],
									"faces": {
										"north": { "texture": "#shoulder-sling-plain-weapon-metal", "uv": [ 0.0, 0.0, 0.5, 0.5 ], "autoUv": false },
										"south": { "texture": "#shoulder-sling-plain-weapon-metal", "uv": [ 0.0, 0.0, 0.5, 0.5 ], "autoUv": false },
										"west": { "texture": "#shoulder-sling-plain-weapon-metal", "uv": [ 0.0, 0.0, 5.0, 0.5 ], "autoUv": false },
										"up": { "texture": "#shoulder-sling-plain-weapon-metal", "uv": [ 0.0, 0.0, 5.0, 0.5 ], "rotation": 90, "autoUv": false, "windMode": [-1,-1,-1,-1] },
										"down": { "texture": "#shoulder-sling-plain-weapon-metal", "uv": [ 0.0, 0.0, 5.0, 0.5 ], "rotation": 90, "autoUv": false, "windMode": [-1,-1,-1,-1] }
									}
								}
							]
						},
						{
							"name": "Bullet",
							"from": [ -0.12, 1.48, -13.68 ],
							"to": [ -0.12, 1.48, -13.68 ],
							"rotationOrigin": [ -0.08, 1.52, -13.68 ],
							"faces": {
								"north": { "texture": "#lead", "uv": [ 0.0, 0.0, 0.5, 0.5 ], "autoUv": false },
								"east": { "texture": "#lead", "uv": [ 0.0, 0.0, 0.5, 0.5 ], "autoUv": false },
								"south": { "texture": "#lead", "uv": [ 0.0, 0.0, 0.5, 0.5 ], "autoUv": false },
								"west": { "texture": "#lead", "uv": [ 0.0, 0.0, 0.5, 0.5 ], "autoUv": false },
								"up": { "texture": "#lead", "uv": [ 0.0, 0.0, 0.5, 0.5 ], "autoUv": false },
								"down": { "texture": "#lead", "uv": [ 0.0, 0.0, 0.5, 0.5 ], "autoUv": false }
							},
							"attachmentpoints": [
								{
									"code": "bullet",
									"posX": "0.1","posY": "0.1","posZ": "0.1",
									"rotationX": "0.0","rotationY": "0.0","rotationZ": "0.0"
								}
							]
						},
						{
							"name": "Patch",
							"from": [ 0.0, 1.6, -13.6 ],
							"to": [ 0.0, 1.6, -13.6 ],
							"rotationOrigin": [ 0.0, 1.6, -13.6 ],
							"faces": {
								"north": { "texture": "#shoulder-sling-plain-weapon-wood", "uv": [ 0.0, 0.0, 0.5, 0.5 ], "autoUv": false },
								"east": { "texture": "#shoulder-sling-plain-weapon-wood", "uv": [ 0.0, 0.0, 0.5, 0.5 ], "autoUv": false },
								"south": { "texture": "#shoulder-sling-plain-weapon-wood", "uv": [ 0.0, 0.0, 0.5, 0.5 ], "autoUv": false },
								"west": { "texture": "#shoulder-sling-plain-weapon-wood", "uv": [ 0.0, 0.0, 0.5, 0.5 ], "autoUv": false },
								"up": { "texture": "#shoulder-sling-plain-weapon-wood", "uv": [ 0.0, 0.0, 0.5, 0.5 ], "autoUv": false },
								"down": { "texture": "#shoulder-sling-plain-weapon-wood", "uv": [ 0.0, 0.0, 0.5, 0.5 ], "autoUv": false }
							},
							"children": [
								{
									"name": "Linen_0",
									"from": [ -0.16, -0.16, 0.0 ],
									"to": [ 0.24, 0.24, 0.08 ],
									"rotationOrigin": [ -0.16, -0.16, 0.0 ],
									"faces": {
										"north": { "texture": "#shoulder-sling-plain-plain", "uv": [ 6.0, 7.0, 7.0, 8.0 ], "autoUv": false },
										"east": { "texture": "#shoulder-sling-plain-plain", "uv": [ 4.0, 9.0, 4.5, 10.0 ], "autoUv": false },
										"south": { "texture": "#shoulder-sling-plain-plain", "uv": [ 3.0, 5.0, 3.5, 5.5 ], "autoUv": false },
										"west": { "texture": "#shoulder-sling-plain-plain", "uv": [ 4.0, 7.0, 4.5, 8.0 ], "autoUv": false },
										"up": { "texture": "#shoulder-sling-plain-plain", "uv": [ 6.0, 13.5, 7.0, 14.0 ], "autoUv": false },
										"down": { "texture": "#shoulder-sling-plain-plain", "uv": [ 7.5, 3.0, 8.5, 3.5 ], "autoUv": false, "windMode": [-1,-1,-1,-1] }
									}
								},
								{
									"name": "Linen_1",
									"from": [ -0.24, -0.16, 0.0 ],
									"to": [ 0.16, 0.24, 0.08 ],
									"rotationOrigin": [ 0.16, -0.16, 0.0 ],
									"faces": {
										"north": { "texture": "#shoulder-sling-plain-plain", "uv": [ 6.0, 7.0, 7.0, 8.0 ], "autoUv": false },
										"east": { "texture": "#shoulder-sling-plain-plain", "uv": [ 4.0, 9.0, 4.5, 10.0 ], "autoUv": false },
										"south": { "texture": "#shoulder-sling-plain-plain", "uv": [ 3.0, 5.0, 3.5, 5.5 ], "autoUv": false },
										"west": { "texture": "#shoulder-sling-plain-plain", "uv": [ 4.0, 7.0, 4.5, 8.0 ], "autoUv": false },
										"up": { "texture": "#shoulder-sling-plain-plain", "uv": [ 6.0, 13.5, 7.0, 14.0 ], "autoUv": false },
										"down": { "texture": "#shoulder-sling-plain-plain", "uv": [ 7.5, 3.0, 8.5, 3.5 ], "autoUv": false }
									}
								},
								{
									"name": "Linen_2",
									"from": [ -0.16, -0.24, 0.0 ],
									"to": [ 0.24, 0.16, 0.08 ],
									"rotationOrigin": [ -0.16, 0.16, 0.0 ],
									"faces": {
										"north": { "texture": "#shoulder-sling-plain-plain", "uv": [ 6.0, 7.0, 7.0, 8.0 ], "autoUv": false },
										"east": { "texture": "#shoulder-sling-plain-plain", "uv": [ 4.0, 9.0, 4.5, 10.0 ], "autoUv": false },
										"south": { "texture": "#shoulder-sling-plain-plain", "uv": [ 3.0, 5.0, 3.5, 5.5 ], "autoUv": false },
										"west": { "texture": "#shoulder-sling-plain-plain", "uv": [ 4.0, 7.0, 4.5, 8.0 ], "autoUv": false },
										"up": { "texture": "#shoulder-sling-plain-plain", "uv": [ 6.0, 13.5, 7.0, 14.0 ], "autoUv": false },
										"down": { "texture": "#shoulder-sling-plain-plain", "uv": [ 7.5, 3.0, 8.5, 3.5 ], "autoUv": false }
									}
								},
								{
									"name": "Linen_3",
									"from": [ -0.24, -0.24, 0.0 ],
									"to": [ 0.16, 0.16, 0.08 ],
									"rotationOrigin": [ 0.16, 0.16, 0.0 ],
									"faces": {
										"north": { "texture": "#shoulder-sling-plain-plain", "uv": [ 6.0, 7.0, 7.0, 8.0 ], "autoUv": false },
										"east": { "texture": "#shoulder-sling-plain-plain", "uv": [ 4.0, 9.0, 4.5, 10.0 ], "autoUv": false },
										"south": { "texture": "#shoulder-sling-plain-plain", "uv": [ 3.0, 5.0, 3.5, 5.5 ], "autoUv": false },
										"west": { "texture": "#shoulder-sling-plain-plain", "uv": [ 4.0, 7.0, 4.5, 8.0 ], "autoUv": false },
										"up": { "texture": "#shoulder-sling-plain-plain", "uv": [ 6.0, 13.5, 7.0, 14.0 ], "autoUv": false },
										"down": { "texture": "#shoulder-sling-plain-plain", "uv": [ 7.5, 3.0, 8.5, 3.5 ], "autoUv": false }
									}
								}
							]
						},
						{
							"name": "Flask_origin",
							"from": [ 52.8, 46.4, 72.0 ],
							"to": [ 52.8, 46.4, 72.0 ],
							"rotationOrigin": [ 4.8, -1.6, 24.0 ],
							"faces": {
								"north": { "texture": "#shoulder-sling-plain-plain", "uv": [ 0.0, 0.0, 0.5, 0.5 ], "autoUv": false },
								"east": { "texture": "#shoulder-sling-plain-plain", "uv": [ 0.0, 0.0, 0.5, 0.5 ], "autoUv": false },
								"south": { "texture": "#shoulder-sling-plain-plain", "uv": [ 0.0, 0.0, 0.5, 0.5 ], "autoUv": false },
								"west": { "texture": "#shoulder-sling-plain-plain", "uv": [ 0.0, 0.0, 0.5, 0.5 ], "autoUv": false },
								"up": { "texture": "#shoulder-sling-plain-plain", "uv": [ 0.0, 0.0, 0.5, 0.5 ], "autoUv": false },
								"down": { "texture": "#shoulder-sling-plain-plain", "uv": [ 0.0, 0.0, 0.5, 0.5 ], "autoUv": false }
							},
							"children": [
								{
									"name": "Flask_origin_inner",
									"from": [ 0.0, 0.0, 0.0 ],
									"to": [ 0.0, 0.0, 0.0 ],
									"faces": {
										"north": { "texture": "#shoulder-sling-plain-plain", "uv": [ 0.0, 0.0, 0.5, 0.5 ], "autoUv": false },
										"east": { "texture": "#shoulder-sling-plain-plain", "uv": [ 0.0, 0.0, 0.5, 0.5 ], "autoUv": false },
										"south": { "texture": "#shoulder-sling-plain-plain", "uv": [ 0.0, 0.0, 0.5, 0.5 ], "autoUv": false },
										"west": { "texture": "#shoulder-sling-plain-plain", "uv": [ 0.0, 0.0, 0.5, 0.5 ], "autoUv": false },
										"up": { "texture": "#shoulder-sling-plain-plain", "uv": [ 0.0, 0.0, 0.5, 0.5 ], "autoUv": false },
										"down": { "texture": "#shoulder-sling-plain-plain", "uv": [ 0.0, 0.0, 0.5, 0.5 ], "autoUv": false }
									},
									"children": [
										{
											"name": "Flask",
											"from": [ 0.0, -2.4, 0.0 ],
											"to": [ 0.0, -2.4, 0.0 ],
											"rotationOrigin": [ 0.0, -2.4, 0.0 ],
											"rotationY": -90.0,
											"faces": {
											},
											"attachmentpoints": [
												{
													"code": "flask",
													"posX": "0.0","posY": "0.0","posZ": "0.0",
													"rotationX": "0.0","rotationY": "0.0","rotationZ": "0.0"
												}
											]
										}
									]
								}
							]
						},
						{
							"name": "Ramdrod_origin",
							"from": [ -0.12, 0.8, -10.12 ],
							"to": [ -0.12, 0.8, -10.12 ],
							"rotationOrigin": [ -0.12, 0.8, -10.12 ],
							"faces": {
								"north": { "texture": "#shoulder-sling-plain-ember", "uv": [ 0.0, 0.0, 0.5, 0.5 ], "autoUv": false },
								"east": { "texture": "#shoulder-sling-plain-ember", "uv": [ 0.0, 0.0, 0.5, 0.5 ], "autoUv": false },
								"south": { "texture": "#shoulder-sling-plain-ember", "uv": [ 0.0, 0.0, 0.5, 0.5 ], "autoUv": false },
								"west": { "texture": "#shoulder-sling-plain-ember", "uv": [ 0.0, 0.0, 0.5, 0.5 ], "autoUv": false },
								"up": { "texture": "#shoulder-sling-plain-ember", "uv": [ 0.0, 0.0, 0.5, 0.5 ], "autoUv": false },
								"down": { "texture": "#shoulder-sling-plain-ember", "uv": [ 0.0, 0.0, 0.5, 0.5 ], "autoUv": false }
							},
							"children": [
								{
									"name": "Ramrod",
									"from": [ 0.0, 0.0, -4.0 ],
									"to": [ 0.24, 0.24, 11.6 ],
									"rotationOrigin": [ 0.04, 0.24, 2.44 ],
									"faces": {
										"north": { "texture": "#shoulder-sling-plain-weapon-metal", "uv": [ 0.0, 0.0, 0.5, 0.5 ], "autoUv": false },
										"east": { "texture": "#shoulder-sling-plain-weapon-metal", "uv": [ 0.0, 1.5, 16.0, 2.0 ], "autoUv": false },
										"south": { "texture": "#shoulder-sling-plain-weapon-metal", "uv": [ 0.0, 0.0, 0.5, 0.5 ], "autoUv": false },
										"west": { "texture": "#shoulder-sling-plain-weapon-metal", "uv": [ 0.0, 1.5, 16.0, 2.0 ], "rotation": 180, "autoUv": false },
										"up": { "texture": "#shoulder-sling-plain-weapon-metal", "uv": [ 0.0, 1.5, 16.0, 2.0 ], "rotation": 270, "autoUv": false },
										"down": { "texture": "#shoulder-sling-plain-weapon-metal", "uv": [ 0.0, 1.5, 16.0, 2.0 ], "rotation": 270, "autoUv": false }
									},
									"children": [
										{
											"name": "Ramrod_cap",
											"from": [ -0.04, -0.04, -0.16 ],
											"to": [ 0.28, 0.28, 0.08 ],
											"rotationOrigin": [ 0.0, 0.08, -0.24 ],
											"faces": {
												"north": { "texture": "#shoulder-sling-plain-brass", "uv": [ 0.0, 0.0, 0.5, 0.5 ], "autoUv": false },
												"east": { "texture": "#shoulder-sling-plain-brass", "uv": [ 0.0, 0.0, 0.5, 0.5 ], "autoUv": false },
												"south": { "texture": "#shoulder-sling-plain-brass", "uv": [ 0.0, 0.0, 0.5, 0.5 ], "autoUv": false },
												"west": { "texture": "#shoulder-sling-plain-brass", "uv": [ 0.0, 0.0, 0.5, 0.5 ], "autoUv": false },
												"up": { "texture": "#shoulder-sling-plain-brass", "uv": [ 0.0, 0.0, 0.5, 0.5 ], "autoUv": false },
												"down": { "texture": "#shoulder-sling-plain-brass", "uv": [ 0.0, 0.0, 0.5, 0.5 ], "autoUv": false }
											}
										}
									]
								}
							]
						}
					]
				},
				{
					"name": "Sling_origin",
					"from": [ 4.0, 5.0, 0.0 ],
					"to": [ 4.0, 5.0, 0.0 ],
					"rotationOrigin": [ 4.0, 5.0, 0.0 ],
					"faces": {
						"north": { "texture": "#shoulder-sling-plain-material", "uv": [ 0.0, 0.0, 0.5, 0.5 ] },
						"east": { "texture": "#shoulder-sling-plain-material", "uv": [ 0.0, 0.0, 0.5, 0.5 ] },
						"south": { "texture": "#shoulder-sling-plain-material", "uv": [ 0.0, 0.0, 0.5, 0.5 ] },
						"west": { "texture": "#shoulder-sling-plain-material", "uv": [ 0.0, 0.0, 0.5, 0.5 ] },
						"up": { "texture": "#shoulder-sling-plain-material", "uv": [ 0.0, 0.0, 0.5, 0.5 ] },
						"down": { "texture": "#shoulder-sling-plain-material", "uv": [ 0.0, 0.0, 0.5, 0.5 ] }
					},
					"children": [
						{
							"name": "sling_0",
							"from": [ -4.6, 0.0, 0.1 ],
							"to": [ 1.2, 0.6, 0.6 ],
							"rotationOrigin": [ -4.6, 0.0, 0.1 ],
							"faces": {
								"north": { "texture": "#shoulder-sling-plain-material", "uv": [ 0.0, 0.0, 5.5, 0.5 ] },
								"east": { "texture": "#shoulder-sling-plain-material", "uv": [ 0.0, 0.0, 0.5, 0.5 ] },
								"south": { "texture": "#shoulder-sling-plain-material", "uv": [ 0.0, 0.0, 5.5, 0.5 ] },
								"west": { "texture": "#shoulder-sling-plain-material", "uv": [ 0.0, 0.0, 0.5, 0.5 ] },
								"up": { "texture": "#shoulder-sling-plain-material", "uv": [ 0.0, 0.0, 5.5, 0.5 ] },
								"down": { "texture": "#shoulder-sling-plain-material", "uv": [ 0.0, 0.0, 5.5, 0.5 ] }
							},
							"children": [
								{
									"name": "sling_2",
									"from": [ 0.0, 0.0, 0.0 ],
									"to": [ 5.0, 0.6, 0.5 ],
									"rotationOrigin": [ 0.0, 0.0, 0.5 ],
									"rotationX": 5.0,
									"rotationZ": -90.0,
									"faces": {
										"north": { "texture": "#shoulder-sling-plain-material", "uv": [ 0.0, 0.0, 5.0, 0.5 ] },
										"east": { "texture": "#shoulder-sling-plain-material", "uv": [ 0.0, 0.0, 0.5, 0.5 ] },
										"south": { "texture": "#shoulder-sling-plain-material", "uv": [ 0.0, 0.0, 5.0, 0.5 ] },
										"west": { "texture": "#shoulder-sling-plain-material", "uv": [ 0.0, 0.0, 0.5, 0.5 ] },
										"up": { "texture": "#shoulder-sling-plain-material", "uv": [ 0.0, 0.0, 5.0, 0.5 ] },
										"down": { "texture": "#shoulder-sling-plain-material", "uv": [ 0.0, 0.0, 5.0, 0.5 ] }
									},
									"children": [
										{
											"name": "sling_4",
											"from": [ 5.0, 0.0, 0.0 ],
											"to": [ 20.0, 0.6, 0.5 ],
											"rotationOrigin": [ 5.0, 0.0, 0.5 ],
											"rotationY": -1.0,
											"rotationZ": 20.9,
											"faces": {
												"north": { "texture": "#shoulder-sling-plain-material", "uv": [ 0.0, 0.0, 15.0, 0.5 ] },
												"east": { "texture": "#shoulder-sling-plain-material", "uv": [ 0.0, 0.0, 0.5, 0.5 ] },
												"south": { "texture": "#shoulder-sling-plain-material", "uv": [ 0.0, 0.0, 15.0, 0.5 ] },
												"west": { "texture": "#shoulder-sling-plain-material", "uv": [ 0.0, 0.0, 0.5, 0.5 ] },
												"up": { "texture": "#shoulder-sling-plain-material", "uv": [ 0.0, 0.0, 15.0, 0.5 ] },
												"down": { "texture": "#shoulder-sling-plain-material", "uv": [ 0.0, 0.0, 15.0, 0.5 ] }
											}
										}
									]
								}
							]
						},
						{
							"name": "sling_1",
							"from": [ 0.9, 0.1, -0.2 ],
							"to": [ 1.9, 0.4, 0.9 ],
							"rotationOrigin": [ 0.9, 0.1, -0.2 ],
							"faces": {
								"north": { "texture": "#shoulder-sling-plain-metal", "uv": [ 0.0, 0.0, 1.0, 0.5 ] },
								"east": { "texture": "#shoulder-sling-plain-metal", "uv": [ 0.0, 0.0, 1.0, 0.5 ] },
								"south": { "texture": "#shoulder-sling-plain-metal", "uv": [ 0.0, 0.0, 1.0, 0.5 ] },
								"west": { "texture": "#shoulder-sling-plain-metal", "uv": [ 0.0, 0.0, 1.0, 0.5 ] },
								"up": { "texture": "#shoulder-sling-plain-metal", "uv": [ 0.0, 0.0, 1.0, 1.0 ] },
								"down": { "texture": "#shoulder-sling-plain-metal", "uv": [ 0.0, 0.0, 1.0, 1.0 ] }
							}
						},
						{
							"name": "sling_3",
							"from": [ 0.9, -18.7, -1.4 ],
							"to": [ 1.9, -18.4, -0.3 ],
							"rotationOrigin": [ 0.9, -18.7, -1.4 ],
							"faces": {
								"north": { "texture": "#shoulder-sling-plain-metal", "uv": [ 0.0, 0.0, 1.0, 0.5 ] },
								"east": { "texture": "#shoulder-sling-plain-metal", "uv": [ 0.0, 0.0, 1.0, 0.5 ] },
								"south": { "texture": "#shoulder-sling-plain-metal", "uv": [ 0.0, 0.0, 1.0, 0.5 ] },
								"west": { "texture": "#shoulder-sling-plain-metal", "uv": [ 0.0, 0.0, 1.0, 0.5 ] },
								"up": { "texture": "#shoulder-sling-plain-metal", "uv": [ 0.0, 0.0, 1.0, 1.0 ] },
								"down": { "texture": "#shoulder-sling-plain-metal", "uv": [ 0.0, 0.0, 1.0, 1.0 ] }
							}
						}
					]
				}
			]
		}
	]}