{
	"editor": {
		"backDropShape": "E:/Programs/VSModelCreator/seraph-faceless",
		"collapsedPaths": "Root/Crossbow/Goatleg/origin/Goatleg_33,Root/Stock/Stock_back_1/Goatleg_point2/Goatleg_13,Root/Crossbow/Goatleg/origin/Goatleg_13,Root/String_3,Root/lever_1,Root/Bow/Bow_holder_1,Root/Crossbow/Wheel,Root/Bow,Root/Crossbow/Goatleg/Goatleg_13,Root/Bow/Bow_right_limb_1,Root/Bow/Bow_holder_4,Root/Stock/Stock_front_1,Root/Stock/Stock_back_1/Goatleg_point2/Goatleg_33,Root/Crossbow/Goatleg,Root/Crossbow/Plate,Root/Crossbow/Goatleg/origin/Goatleg_Handle,Root/Plate,Root/Crossbow/Lever,Root/Crossbow/String,Root/Bow_holder_1,Root/Bow_holder_4,Root/Bow_right_limb_7,Root/Crossbow/Goatleg/origin/Goatleg_long_2,Root/Bow_right_limb_1,Root/Cube12,Root/Stock/Stock_back_1/Goatleg_point/Goatleg_1,Root/Crossbow/Stock,Root/Crossbow/Bow,Root/Stock/Stock_back_1/Goatleg_point/Goatleg_8,Root/Stock/Stock_back_1/Goatleg_point/Goatleg_1/Goatleg_2/Goatleg_3/Goatleg_4/Goatleg_5/Goatleg_6,Root/Crossbow/Goatleg/origin/Goatleg_short_2,Root/Crossbow/Goatleg/origin/Goatleg_short_3,Root/Cube2,Root/Cube3,Root/Crossbow/Goatleg/origin/Goatleg_short_1,Root/Wheel,Root/Stock/Stock_back_1/Goatleg,Root/Crossbow/Goatleg/origin/Goatleg_long_1,Root/Crossbow/Goatleg/origin/Goatleg_30",
		"allAngles": false,
		"entityTextureMode": false
	},
	"textureWidth": 16,
	"textureHeight": 16,
	"textureSizes": {
	},
	"textures": {
		"shoulder-sling-plain-linen": "game:block/cloth/linen/normal1",
		"shoulder-sling-plain-material": "game:block/leather/plain",
		"shoulder-sling-plain-iron": "game:block/metal/ingot/iron",
		"shoulder-sling-plain-metal": "game:block/metal/plate/brass",
		"shoulder-sling-plain-weapon-metal": "game:block/metal/plate/steel",
		"shoulder-sling-plain-weapon-wood": "game:block/wood/debarked/oak"
	},
	"elements": [
		{
			"name": "Shoulder-Sling",
			"stepParentName": "UpperTorso",
			"from": [ 0.0, 0.0, 0.0 ],
			"to": [ 0.0, 0.0, 0.0 ],
			"faces": {
			},
			"children": [
				{
					"name": "Weapon_origin",
					"from": [ 6.3, 0.0, -0.7 ],
					"to": [ 6.3, 0.0, -0.7 ],
					"rotationOrigin": [ 6.3, 0.0, -0.7 ],
					"rotationX": 94.0,
					"rotationY": 6.0,
					"rotationZ": -157.5,
					"faces": {
					},
					"children": [
						{
							"name": "String",
							"from": [ -0.4, 1.6, -4.96 ],
							"to": [ 0.8, 2.0, -4.56 ],
							"rotationOrigin": [ -0.4, 1.6, -4.88 ],
							"faces": {
								"north": { "texture": "#shoulder-sling-plain-linen", "uv": [ 7.0, 3.5, 10.1, 4.4 ], "autoUv": false, "windMode": [-1,-1,-1,-1] },
								"east": { "texture": "#shoulder-sling-plain-linen", "uv": [ 0.0, 0.0, 0.5, 0.5 ], "autoUv": false },
								"south": { "texture": "#shoulder-sling-plain-linen", "uv": [ 8.0, 6.5, 10.5, 7.5 ], "autoUv": false },
								"west": { "texture": "#shoulder-sling-plain-linen", "uv": [ 0.0, 0.0, 0.5, 0.5 ], "autoUv": false },
								"up": { "texture": "#shoulder-sling-plain-linen", "uv": [ 9.5, 7.5, 12.0, 8.5 ], "autoUv": false, "windMode": [-1,-1,-1,-1] }
							},
							"children": [
								{
									"name": "String_2",
									"from": [ 1.2, 0.0, 0.0 ],
									"to": [ 8.8, 0.4, 0.4 ],
									"rotationOrigin": [ 1.2, 0.4, 0.4 ],
									"rotationZ": -5.0,
									"faces": {
										"north": { "texture": "#shoulder-sling-plain-linen", "uv": [ 0.0, 1.5, 16.0, 2.5 ], "autoUv": false },
										"east": { "texture": "#shoulder-sling-plain-linen", "uv": [ 0.0, 0.0, 0.5, 0.5 ], "autoUv": false },
										"south": { "texture": "#shoulder-sling-plain-linen", "uv": [ 0.0, 4.0, 16.0, 5.0 ], "autoUv": false },
										"up": { "texture": "#shoulder-sling-plain-linen", "uv": [ 0.0, 7.0, 16.0, 8.0 ], "autoUv": false },
										"down": { "texture": "#shoulder-sling-plain-linen", "uv": [ 0.0, 9.5, 16.0, 10.5 ], "autoUv": false }
									}
								},
								{
									"name": "String_6",
									"from": [ 0.0, 0.0, 0.4 ],
									"to": [ 7.6, 0.4, 0.8 ],
									"rotationOrigin": [ 0.0, 0.4, 0.4 ],
									"rotationY": -180.0,
									"rotationZ": -5.0,
									"faces": {
										"north": { "texture": "#shoulder-sling-plain-linen", "uv": [ 0.0, 10.0, 16.0, 11.0 ], "autoUv": false },
										"east": { "texture": "#shoulder-sling-plain-linen", "uv": [ 0.0, 0.0, 0.5, 0.5 ], "autoUv": false },
										"south": { "texture": "#shoulder-sling-plain-linen", "uv": [ 0.0, 3.5, 16.0, 4.5 ], "autoUv": false },
										"up": { "texture": "#shoulder-sling-plain-linen", "uv": [ 0.0, 10.0, 16.0, 11.0 ], "autoUv": false },
										"down": { "texture": "#shoulder-sling-plain-linen", "uv": [ 0.0, 13.5, 16.0, 14.5 ], "autoUv": false }
									}
								}
							]
						},
						{
							"name": "Lever",
							"from": [ -0.008, -0.8, 0.0 ],
							"to": [ 0.408, 1.2, 0.8 ],
							"rotationOrigin": [ 0.0, 0.8, 0.4 ],
							"rotationX": -31.0,
							"faces": {
								"north": { "texture": "#shoulder-sling-plain-weapon-metal", "uv": [ 0.0, 0.0, 0.5, 2.5 ], "autoUv": false },
								"east": { "texture": "#shoulder-sling-plain-weapon-metal", "uv": [ 14.5, 3.5, 15.5, 6.0 ], "autoUv": false },
								"south": { "texture": "#shoulder-sling-plain-weapon-metal", "uv": [ 0.0, 0.0, 0.5, 2.5 ], "autoUv": false },
								"west": { "texture": "#shoulder-sling-plain-weapon-metal", "uv": [ 13.5, 3.5, 14.5, 6.0 ], "autoUv": false },
								"up": { "texture": "#shoulder-sling-plain-weapon-metal", "uv": [ 0.0, 0.0, 0.5, 1.0 ], "autoUv": false },
								"down": { "texture": "#shoulder-sling-plain-weapon-metal", "uv": [ 0.0, 0.0, 0.5, 1.0 ], "autoUv": false }
							},
							"children": [
								{
									"name": "lever_2",
									"from": [ 0.008, 0.0, 0.0 ],
									"to": [ 0.408, 0.4, 2.4 ],
									"rotationOrigin": [ 0.0, 0.0, 0.0 ],
									"rotationX": 15.0,
									"faces": {
										"north": { "texture": "#shoulder-sling-plain-weapon-metal", "uv": [ 0.0, 0.0, 0.5, 0.5 ], "autoUv": false },
										"east": { "texture": "#shoulder-sling-plain-weapon-metal", "uv": [ 0.0, 0.0, 3.0, 0.5 ], "autoUv": false },
										"south": { "texture": "#shoulder-sling-plain-weapon-metal", "uv": [ 0.0, 0.0, 0.5, 0.5 ], "autoUv": false },
										"west": { "texture": "#shoulder-sling-plain-weapon-metal", "uv": [ 0.0, 0.0, 3.0, 0.5 ], "autoUv": false },
										"up": { "texture": "#shoulder-sling-plain-weapon-metal", "uv": [ 0.0, 0.0, 0.5, 3.0 ], "autoUv": false },
										"down": { "texture": "#shoulder-sling-plain-weapon-metal", "uv": [ 0.0, 0.0, 0.5, 3.0 ], "autoUv": false }
									},
									"children": [
										{
											"name": "lever_3",
											"from": [ 0.008, 0.0, 2.4 ],
											"to": [ 0.392, 0.4, 5.6 ],
											"rotationOrigin": [ 0.0, 0.4, 2.4 ],
											"rotationX": 17.0,
											"faces": {
												"north": { "texture": "#shoulder-sling-plain-weapon-metal", "uv": [ 0.0, 0.0, 0.5, 0.5 ], "autoUv": false },
												"east": { "texture": "#shoulder-sling-plain-weapon-metal", "uv": [ 0.0, 0.0, 4.0, 0.5 ], "autoUv": false },
												"south": { "texture": "#shoulder-sling-plain-weapon-metal", "uv": [ 0.0, 0.0, 0.5, 0.5 ], "autoUv": false },
												"west": { "texture": "#shoulder-sling-plain-weapon-metal", "uv": [ 0.0, 0.0, 4.0, 0.5 ], "autoUv": false },
												"up": { "texture": "#shoulder-sling-plain-weapon-metal", "uv": [ 11.0, 10.0, 11.5, 14.0 ], "autoUv": false },
												"down": { "texture": "#shoulder-sling-plain-weapon-metal", "uv": [ 9.5, 6.5, 10.0, 10.5 ], "autoUv": false }
											}
										}
									]
								}
							]
						},
						{
							"name": "Plate",
							"from": [ 0.64, 0.4, -1.28 ],
							"to": [ 0.88, 1.68, 1.2 ],
							"rotationOrigin": [ 0.64, 0.4, -1.28 ],
							"faces": {
								"north": { "texture": "#shoulder-sling-plain-iron", "uv": [ 0.0, 0.0, 0.5, 1.5 ], "autoUv": false },
								"east": { "texture": "#shoulder-sling-plain-iron", "uv": [ 8.0, 5.5, 11.0, 7.0 ], "autoUv": false },
								"south": { "texture": "#shoulder-sling-plain-iron", "uv": [ 0.0, 0.0, 0.5, 1.5 ], "autoUv": false },
								"west": { "texture": "#shoulder-sling-plain-iron", "uv": [ 0.0, 0.0, 3.0, 1.5 ], "autoUv": false },
								"up": { "texture": "#shoulder-sling-plain-iron", "uv": [ 1.5, 5.0, 2.0, 8.0 ], "autoUv": false },
								"down": { "texture": "#shoulder-sling-plain-iron", "uv": [ 0.0, 0.0, 0.5, 3.0 ], "autoUv": false }
							},
							"children": [
								{
									"name": "Plate2",
									"from": [ -1.12, 0.0, 0.0 ],
									"to": [ -0.88, 1.28, 2.48 ],
									"rotationOrigin": [ -1.12, 0.0, 0.0 ],
									"faces": {
										"north": { "texture": "#shoulder-sling-plain-iron", "uv": [ 0.0, 0.0, 0.5, 1.5 ], "autoUv": false },
										"east": { "texture": "#shoulder-sling-plain-iron", "uv": [ 0.0, 0.0, 3.0, 1.5 ], "autoUv": false },
										"south": { "texture": "#shoulder-sling-plain-iron", "uv": [ 0.0, 0.0, 0.5, 1.5 ], "autoUv": false },
										"west": { "texture": "#shoulder-sling-plain-iron", "uv": [ 9.0, 5.0, 12.0, 6.5 ], "autoUv": false },
										"up": { "texture": "#shoulder-sling-plain-iron", "uv": [ 1.5, 4.0, 2.0, 7.0 ], "autoUv": false },
										"down": { "texture": "#shoulder-sling-plain-iron", "uv": [ 0.0, 0.0, 0.5, 3.0 ], "autoUv": false }
									}
								},
								{
									"name": "Plate3",
									"from": [ -1.2, 0.8, 1.04 ],
									"to": [ 0.32, 1.12, 1.36 ],
									"rotationOrigin": [ -1.2, 0.8, 1.04 ],
									"faces": {
										"north": { "texture": "#shoulder-sling-plain-weapon-metal", "uv": [ 0.0, 0.0, 1.5, 0.5 ], "autoUv": false },
										"east": { "texture": "#shoulder-sling-plain-weapon-metal", "uv": [ 0.0, 0.0, 0.5, 0.5 ], "autoUv": false },
										"south": { "texture": "#shoulder-sling-plain-weapon-metal", "uv": [ 0.0, 0.0, 1.5, 0.5 ], "autoUv": false },
										"west": { "texture": "#shoulder-sling-plain-weapon-metal", "uv": [ 0.0, 0.0, 0.5, 0.5 ], "autoUv": false },
										"up": { "texture": "#shoulder-sling-plain-weapon-metal", "uv": [ 0.0, 0.0, 1.5, 0.5 ], "autoUv": false },
										"down": { "texture": "#shoulder-sling-plain-weapon-metal", "uv": [ 0.0, 0.0, 1.5, 0.5 ], "autoUv": false }
									}
								},
								{
									"name": "Plate4",
									"from": [ -1.2, 0.24, 1.52 ],
									"to": [ 0.32, 0.56, 1.84 ],
									"rotationOrigin": [ -1.2, 0.24, 1.52 ],
									"faces": {
										"north": { "texture": "#shoulder-sling-plain-weapon-metal", "uv": [ 0.0, 0.0, 1.5, 0.5 ], "autoUv": false },
										"east": { "texture": "#shoulder-sling-plain-weapon-metal", "uv": [ 0.0, 0.0, 0.5, 0.5 ], "autoUv": false },
										"south": { "texture": "#shoulder-sling-plain-weapon-metal", "uv": [ 0.0, 0.0, 1.5, 0.5 ], "autoUv": false },
										"west": { "texture": "#shoulder-sling-plain-weapon-metal", "uv": [ 0.0, 0.0, 0.5, 0.5 ], "autoUv": false },
										"up": { "texture": "#shoulder-sling-plain-weapon-metal", "uv": [ 0.0, 0.0, 1.5, 0.5 ], "autoUv": false },
										"down": { "texture": "#shoulder-sling-plain-weapon-metal", "uv": [ 0.0, 0.0, 1.5, 0.5 ], "autoUv": false }
									}
								}
							]
						},
						{
							"name": "Wheel",
							"from": [ -0.16, 1.12, -0.48 ],
							"to": [ -0.16, 1.12, -0.48 ],
							"rotationOrigin": [ 0.24, 1.52, -0.08 ],
							"rotationX": -67.5,
							"faces": {
								"north": { "texture": "#shoulder-sling-plain-weapon-metal", "uv": [ 0.0, 0.0, 0.5, 0.5 ], "autoUv": false },
								"east": { "texture": "#shoulder-sling-plain-weapon-metal", "uv": [ 0.0, 0.0, 0.5, 0.5 ], "autoUv": false },
								"south": { "texture": "#shoulder-sling-plain-weapon-metal", "uv": [ 0.0, 0.0, 0.5, 0.5 ], "autoUv": false },
								"west": { "texture": "#shoulder-sling-plain-weapon-metal", "uv": [ 0.0, 0.0, 0.5, 0.5 ], "autoUv": false },
								"up": { "texture": "#shoulder-sling-plain-weapon-metal", "uv": [ 0.0, 0.0, 0.5, 0.5 ], "autoUv": false },
								"down": { "texture": "#shoulder-sling-plain-weapon-metal", "uv": [ 0.0, 0.0, 0.5, 0.5 ], "autoUv": false }
							},
							"children": [
								{
									"name": "Cube2",
									"from": [ 0.24, 0.0, 0.0 ],
									"to": [ 0.24, 0.0, 0.0 ],
									"rotationOrigin": [ 0.64, 0.4, 0.4 ],
									"faces": {
										"north": { "texture": "#shoulder-sling-plain-weapon-metal", "uv": [ 2.5, 6.5, 3.0, 7.0 ], "autoUv": false },
										"east": { "texture": "#shoulder-sling-plain-weapon-metal", "uv": [ 1.5, 4.5, 2.0, 5.0 ], "autoUv": false },
										"south": { "texture": "#shoulder-sling-plain-weapon-metal", "uv": [ 5.5, 9.5, 6.0, 10.0 ], "autoUv": false },
										"west": { "texture": "#shoulder-sling-plain-weapon-metal", "uv": [ 3.0, 10.0, 3.5, 10.5 ], "autoUv": false },
										"up": { "texture": "#shoulder-sling-plain-weapon-metal", "uv": [ 2.0, 4.5, 2.5, 5.0 ], "autoUv": false },
										"down": { "texture": "#shoulder-sling-plain-weapon-metal", "uv": [ 3.0, 9.0, 3.5, 9.5 ], "autoUv": false }
									},
									"children": [
										{
											"name": "Cube4",
											"from": [ 0.24, -0.16, 0.0 ],
											"to": [ 0.56, 0.0, 0.8 ],
											"rotationOrigin": [ 0.24, -0.16, 0.0 ],
											"faces": {
												"north": { "texture": "#shoulder-sling-plain-weapon-metal", "uv": [ 5.0, 13.0, 5.5, 13.5 ], "autoUv": false },
												"east": { "texture": "#shoulder-sling-plain-weapon-metal", "uv": [ 5.5, 7.5, 6.5, 8.0 ], "autoUv": false },
												"south": { "texture": "#shoulder-sling-plain-weapon-metal", "uv": [ 3.0, 4.5, 3.5, 5.0 ], "autoUv": false },
												"west": { "texture": "#shoulder-sling-plain-weapon-metal", "uv": [ 9.5, 6.0, 10.5, 6.5 ], "autoUv": false },
												"up": { "texture": "#shoulder-sling-plain-weapon-metal", "uv": [ 7.0, 6.5, 7.5, 7.5 ], "autoUv": false },
												"down": { "texture": "#shoulder-sling-plain-weapon-metal", "uv": [ 6.5, 6.5, 7.0, 7.5 ], "autoUv": false }
											}
										},
										{
											"name": "Cube5",
											"from": [ 0.24, 0.0, -0.16 ],
											"to": [ 0.56, 0.48, 0.96 ],
											"rotationOrigin": [ 0.24, 0.0, -0.16 ],
											"faces": {
												"north": { "texture": "#shoulder-sling-plain-weapon-metal", "uv": [ 6.5, 8.0, 7.0, 8.5 ], "autoUv": false },
												"east": { "texture": "#shoulder-sling-plain-weapon-metal", "uv": [ 7.0, 8.0, 8.0, 8.5 ], "autoUv": false },
												"south": { "texture": "#shoulder-sling-plain-weapon-metal", "uv": [ 5.0, 6.0, 5.5, 6.5 ], "autoUv": false },
												"west": { "texture": "#shoulder-sling-plain-weapon-metal", "uv": [ 3.0, 8.5, 4.0, 9.0 ], "autoUv": false },
												"up": { "texture": "#shoulder-sling-plain-weapon-metal", "uv": [ 4.0, 4.0, 4.5, 5.0 ], "autoUv": false },
												"down": { "texture": "#shoulder-sling-plain-weapon-metal", "uv": [ 5.5, 4.0, 6.0, 5.0 ], "autoUv": false }
											}
										},
										{
											"name": "Cube6",
											"from": [ 0.24, 0.48, 0.0 ],
											"to": [ 0.56, 0.96, 0.48 ],
											"rotationOrigin": [ 0.24, 0.48, 0.0 ],
											"faces": {
												"north": { "texture": "#shoulder-sling-plain-weapon-metal", "uv": [ 5.5, 6.0, 6.0, 6.5 ], "autoUv": false },
												"east": { "texture": "#shoulder-sling-plain-weapon-metal", "uv": [ 5.5, 5.0, 6.0, 5.5 ], "autoUv": false },
												"south": { "texture": "#shoulder-sling-plain-weapon-metal", "uv": [ 3.0, 6.0, 3.5, 6.5 ], "autoUv": false },
												"west": { "texture": "#shoulder-sling-plain-weapon-metal", "uv": [ 8.0, 8.5, 8.5, 9.0 ], "autoUv": false },
												"up": { "texture": "#shoulder-sling-plain-weapon-metal", "uv": [ 5.5, 7.0, 6.0, 7.5 ], "autoUv": false },
												"down": { "texture": "#shoulder-sling-plain-weapon-metal", "uv": [ 4.0, 6.5, 4.5, 7.0 ], "autoUv": false }
											}
										},
										{
											"name": "Cube7",
											"from": [ 0.24, 0.48, -0.16 ],
											"to": [ 0.56, 0.8, 0.0 ],
											"rotationOrigin": [ 0.24, 0.48, -0.16 ],
											"faces": {
												"north": { "texture": "#shoulder-sling-plain-weapon-metal", "uv": [ 8.5, 8.5, 9.0, 9.0 ], "autoUv": false },
												"east": { "texture": "#shoulder-sling-plain-weapon-metal", "uv": [ 4.0, 5.5, 4.5, 6.0 ], "autoUv": false },
												"south": { "texture": "#shoulder-sling-plain-weapon-metal", "uv": [ 7.0, 8.0, 7.5, 8.5 ], "autoUv": false },
												"west": { "texture": "#shoulder-sling-plain-weapon-metal", "uv": [ 1.5, 6.0, 2.0, 6.5 ], "autoUv": false },
												"up": { "texture": "#shoulder-sling-plain-weapon-metal", "uv": [ 4.5, 6.0, 5.0, 6.5 ], "autoUv": false },
												"down": { "texture": "#shoulder-sling-plain-weapon-metal", "uv": [ 3.0, 8.5, 3.5, 9.0 ], "autoUv": false }
											}
										}
									]
								},
								{
									"name": "Cube3",
									"from": [ 0.0, 0.0, 0.0 ],
									"to": [ 0.0, 0.0, 0.0 ],
									"rotationOrigin": [ 0.4, 0.4, 0.4 ],
									"faces": {
										"north": { "texture": "#shoulder-sling-plain-weapon-metal", "uv": [ 0.0, 0.0, 0.5, 0.5 ], "autoUv": false },
										"east": { "texture": "#shoulder-sling-plain-weapon-metal", "uv": [ 0.0, 0.0, 0.5, 0.5 ], "autoUv": false },
										"south": { "texture": "#shoulder-sling-plain-weapon-metal", "uv": [ 0.0, 0.0, 0.5, 0.5 ], "autoUv": false },
										"west": { "texture": "#shoulder-sling-plain-weapon-metal", "uv": [ 0.0, 0.0, 0.5, 0.5 ], "autoUv": false },
										"up": { "texture": "#shoulder-sling-plain-weapon-metal", "uv": [ 0.0, 0.0, 0.5, 0.5 ], "autoUv": false },
										"down": { "texture": "#shoulder-sling-plain-weapon-metal", "uv": [ 0.0, 0.0, 0.5, 0.5 ], "autoUv": false }
									},
									"children": [
										{
											"name": "Cube8",
											"from": [ 0.24, -0.16, 0.0 ],
											"to": [ 0.48, 0.0, 0.8 ],
											"rotationOrigin": [ 0.24, -0.16, 0.0 ],
											"faces": {
												"north": { "texture": "#shoulder-sling-plain-weapon-metal", "uv": [ 9.0, 5.0, 9.5, 5.5 ], "autoUv": false },
												"east": { "texture": "#shoulder-sling-plain-weapon-metal", "uv": [ 4.5, 9.5, 5.5, 10.0 ], "autoUv": false },
												"south": { "texture": "#shoulder-sling-plain-weapon-metal", "uv": [ 1.5, 6.0, 2.0, 6.5 ], "autoUv": false },
												"west": { "texture": "#shoulder-sling-plain-weapon-metal", "uv": [ 8.5, 6.0, 9.5, 6.5 ], "autoUv": false },
												"up": { "texture": "#shoulder-sling-plain-weapon-metal", "uv": [ 5.0, 8.0, 5.5, 9.0 ], "autoUv": false },
												"down": { "texture": "#shoulder-sling-plain-weapon-metal", "uv": [ 6.5, 3.0, 7.0, 4.0 ], "autoUv": false }
											}
										},
										{
											"name": "Cube9",
											"from": [ 0.24, 0.0, -0.16 ],
											"to": [ 0.48, 0.32, 0.96 ],
											"rotationOrigin": [ 0.24, 0.0, -0.16 ],
											"faces": {
												"north": { "texture": "#shoulder-sling-plain-weapon-metal", "uv": [ 7.0, 4.0, 7.5, 4.5 ], "autoUv": false },
												"east": { "texture": "#shoulder-sling-plain-weapon-metal", "uv": [ 6.0, 6.0, 7.0, 6.5 ], "autoUv": false },
												"south": { "texture": "#shoulder-sling-plain-weapon-metal", "uv": [ 4.0, 5.5, 4.5, 6.0 ], "autoUv": false },
												"west": { "texture": "#shoulder-sling-plain-weapon-metal", "uv": [ 7.0, 5.5, 8.0, 6.0 ], "autoUv": false },
												"up": { "texture": "#shoulder-sling-plain-weapon-metal", "uv": [ 6.0, 5.5, 6.5, 6.5 ], "autoUv": false },
												"down": { "texture": "#shoulder-sling-plain-weapon-metal", "uv": [ 6.0, 3.0, 6.5, 4.0 ], "autoUv": false }
											}
										}
									]
								},
								{
									"name": "Cube12",
									"from": [ -0.32, 0.0, 0.0 ],
									"to": [ -0.32, 0.0, 0.0 ],
									"rotationOrigin": [ 0.08, 0.4, 0.4 ],
									"faces": {
										"north": { "texture": "#shoulder-sling-plain-weapon-metal", "uv": [ 0.0, 0.0, 0.5, 0.5 ], "autoUv": false },
										"east": { "texture": "#shoulder-sling-plain-weapon-metal", "uv": [ 0.0, 0.0, 0.5, 0.5 ], "autoUv": false },
										"south": { "texture": "#shoulder-sling-plain-weapon-metal", "uv": [ 0.0, 0.0, 0.5, 0.5 ], "autoUv": false },
										"west": { "texture": "#shoulder-sling-plain-weapon-metal", "uv": [ 0.0, 0.0, 0.5, 0.5 ], "autoUv": false },
										"up": { "texture": "#shoulder-sling-plain-weapon-metal", "uv": [ 0.0, 0.0, 0.5, 0.5 ], "autoUv": false },
										"down": { "texture": "#shoulder-sling-plain-weapon-metal", "uv": [ 0.0, 0.0, 0.5, 0.5 ], "autoUv": false }
									},
									"children": [
										{
											"name": "Cube13",
											"from": [ 0.24, -0.16, 0.0 ],
											"to": [ 0.56, 0.0, 0.8 ],
											"rotationOrigin": [ 0.24, -0.16, 0.0 ],
											"faces": {
												"north": { "texture": "#shoulder-sling-plain-weapon-metal", "uv": [ 7.5, 3.5, 8.0, 4.0 ], "autoUv": false },
												"east": { "texture": "#shoulder-sling-plain-weapon-metal", "uv": [ 8.5, 7.0, 9.5, 7.5 ], "autoUv": false },
												"south": { "texture": "#shoulder-sling-plain-weapon-metal", "uv": [ 7.5, 5.5, 8.0, 6.0 ], "autoUv": false },
												"west": { "texture": "#shoulder-sling-plain-weapon-metal", "uv": [ 7.5, 2.0, 8.5, 2.5 ], "autoUv": false },
												"up": { "texture": "#shoulder-sling-plain-weapon-metal", "uv": [ 8.0, 9.5, 8.5, 10.5 ], "autoUv": false },
												"down": { "texture": "#shoulder-sling-plain-weapon-metal", "uv": [ 6.0, 5.0, 6.5, 6.0 ], "autoUv": false }
											}
										},
										{
											"name": "Cube14",
											"from": [ 0.24, 0.0, -0.16 ],
											"to": [ 0.56, 0.48, 0.96 ],
											"rotationOrigin": [ 0.24, 0.0, -0.16 ],
											"faces": {
												"north": { "texture": "#shoulder-sling-plain-weapon-metal", "uv": [ 6.0, 6.0, 6.5, 6.5 ], "autoUv": false },
												"east": { "texture": "#shoulder-sling-plain-weapon-metal", "uv": [ 7.0, 7.0, 8.0, 7.5 ], "autoUv": false },
												"south": { "texture": "#shoulder-sling-plain-weapon-metal", "uv": [ 5.0, 6.5, 5.5, 7.0 ], "autoUv": false },
												"west": { "texture": "#shoulder-sling-plain-weapon-metal", "uv": [ 6.0, 8.5, 7.0, 9.0 ], "autoUv": false },
												"up": { "texture": "#shoulder-sling-plain-weapon-metal", "uv": [ 5.0, 7.5, 5.5, 8.5 ], "autoUv": false },
												"down": { "texture": "#shoulder-sling-plain-weapon-metal", "uv": [ 4.5, 3.5, 5.0, 4.5 ], "autoUv": false }
											}
										},
										{
											"name": "Cube15",
											"from": [ 0.24, 0.48, 0.0 ],
											"to": [ 0.56, 0.96, 0.48 ],
											"rotationOrigin": [ 0.24, 0.48, 0.0 ],
											"faces": {
												"north": { "texture": "#shoulder-sling-plain-weapon-metal", "uv": [ 4.0, 2.5, 4.5, 3.0 ], "autoUv": false },
												"east": { "texture": "#shoulder-sling-plain-weapon-metal", "uv": [ 8.0, 10.0, 8.5, 10.5 ], "autoUv": false },
												"south": { "texture": "#shoulder-sling-plain-weapon-metal", "uv": [ 11.0, 9.0, 11.5, 9.5 ], "autoUv": false },
												"west": { "texture": "#shoulder-sling-plain-weapon-metal", "uv": [ 4.5, 2.0, 5.0, 2.5 ], "autoUv": false },
												"up": { "texture": "#shoulder-sling-plain-weapon-metal", "uv": [ 6.0, 4.5, 6.5, 5.0 ], "autoUv": false },
												"down": { "texture": "#shoulder-sling-plain-weapon-metal", "uv": [ 6.0, 4.0, 6.5, 4.5 ], "autoUv": false }
											}
										},
										{
											"name": "Cube16",
											"from": [ 0.24, 0.48, -0.16 ],
											"to": [ 0.56, 0.8, 0.0 ],
											"rotationOrigin": [ 0.24, 0.48, -0.16 ],
											"faces": {
												"north": { "texture": "#shoulder-sling-plain-weapon-metal", "uv": [ 3.5, 5.5, 4.0, 6.0 ], "autoUv": false },
												"east": { "texture": "#shoulder-sling-plain-weapon-metal", "uv": [ 8.0, 7.0, 8.5, 7.5 ], "autoUv": false },
												"south": { "texture": "#shoulder-sling-plain-weapon-metal", "uv": [ 3.5, 7.0, 4.0, 7.5 ], "autoUv": false },
												"west": { "texture": "#shoulder-sling-plain-weapon-metal", "uv": [ 2.0, 4.0, 2.5, 4.5 ], "autoUv": false },
												"up": { "texture": "#shoulder-sling-plain-weapon-metal", "uv": [ 6.5, 7.0, 7.0, 7.5 ], "autoUv": false },
												"down": { "texture": "#shoulder-sling-plain-weapon-metal", "uv": [ 6.0, 4.0, 6.5, 4.5 ], "autoUv": false }
											}
										}
									]
								}
							]
						},
						{
							"name": "Stock",
							"from": [ -0.4, 0.0, -2.4 ],
							"to": [ -0.4, 0.0, -2.4 ],
							"rotationOrigin": [ -0.4, 0.0, -2.4 ],
							"faces": {
								"north": { "texture": "#shoulder-sling-plain-weapon-wood", "uv": [ 0.0, 0.0, 0.5, 0.5 ], "autoUv": false },
								"east": { "texture": "#shoulder-sling-plain-weapon-wood", "uv": [ 0.0, 0.0, 0.5, 0.5 ], "autoUv": false },
								"south": { "texture": "#shoulder-sling-plain-weapon-wood", "uv": [ 0.0, 0.0, 0.5, 0.5 ], "autoUv": false },
								"west": { "texture": "#shoulder-sling-plain-weapon-wood", "uv": [ 0.0, 0.0, 0.5, 0.5 ], "autoUv": false },
								"up": { "texture": "#shoulder-sling-plain-weapon-wood", "uv": [ 0.0, 0.0, 0.5, 0.5 ], "autoUv": false },
								"down": { "texture": "#shoulder-sling-plain-weapon-wood", "uv": [ 0.0, 0.0, 0.5, 0.5 ], "autoUv": false }
							},
							"children": [
								{
									"name": "Stock_front_1",
									"from": [ 0.4, 0.4, -6.4 ],
									"to": [ 0.8, 1.36, 1.6 ],
									"rotationOrigin": [ 0.4, 0.4, -6.4 ],
									"faces": {
										"north": { "texture": "#shoulder-sling-plain-weapon-wood", "uv": [ 2.5, 8.5, 3.0, 9.5 ], "autoUv": false },
										"east": { "texture": "#shoulder-sling-plain-weapon-wood", "uv": [ 0.0, 0.0, 10.0, 1.0 ], "autoUv": false },
										"south": { "texture": "#shoulder-sling-plain-weapon-wood", "uv": [ 0.0, 0.0, 0.5, 1.0 ], "autoUv": false },
										"west": { "texture": "#shoulder-sling-plain-weapon-wood", "uv": [ 0.0, 0.0, 10.0, 1.0 ], "autoUv": false },
										"up": { "texture": "#shoulder-sling-plain-weapon-wood", "uv": [ 4.5, 8.0, 14.5, 8.5 ], "rotation": 90, "autoUv": false },
										"down": { "texture": "#shoulder-sling-plain-weapon-wood", "uv": [ 0.0, 0.0, 0.5, 10.0 ], "autoUv": false }
									},
									"children": [
										{
											"name": "Stock_front_2",
											"from": [ -0.4, 0.0, 0.0 ],
											"to": [ 0.0, 1.2, 8.0 ],
											"rotationOrigin": [ -0.4, 0.0, 0.0 ],
											"faces": {
												"north": { "texture": "#shoulder-sling-plain-weapon-wood", "uv": [ 8.0, 5.5, 8.5, 7.0 ], "autoUv": false },
												"east": { "texture": "#shoulder-sling-plain-weapon-wood", "uv": [ 0.0, 0.0, 10.0, 1.5 ], "autoUv": false },
												"south": { "texture": "#shoulder-sling-plain-weapon-wood", "uv": [ 0.0, 0.0, 0.5, 1.5 ], "autoUv": false },
												"west": { "texture": "#shoulder-sling-plain-weapon-wood", "uv": [ 0.0, 0.0, 10.0, 1.5 ], "autoUv": false },
												"up": { "texture": "#shoulder-sling-plain-weapon-wood", "uv": [ 3.5, 8.5, 13.5, 9.0 ], "rotation": 90, "autoUv": false },
												"down": { "texture": "#shoulder-sling-plain-weapon-wood", "uv": [ 4.0, 1.5, 4.5, 11.5 ], "autoUv": false }
											}
										},
										{
											"name": "Stock_front_3",
											"from": [ 0.4, 0.0, 0.0 ],
											"to": [ 0.8, 1.2, 8.0 ],
											"rotationOrigin": [ 0.4, 0.0, 0.0 ],
											"faces": {
												"north": { "texture": "#shoulder-sling-plain-weapon-wood", "uv": [ 4.5, 5.0, 5.0, 6.5 ], "autoUv": false },
												"east": { "texture": "#shoulder-sling-plain-weapon-wood", "uv": [ 0.0, 0.0, 10.0, 1.5 ], "autoUv": false },
												"south": { "texture": "#shoulder-sling-plain-weapon-wood", "uv": [ 0.0, 0.0, 0.5, 1.5 ], "autoUv": false },
												"west": { "texture": "#shoulder-sling-plain-weapon-wood", "uv": [ 0.0, 0.0, 10.0, 1.5 ], "autoUv": false },
												"up": { "texture": "#shoulder-sling-plain-weapon-wood", "uv": [ 2.0, 8.0, 12.0, 8.5 ], "rotation": 90, "autoUv": false },
												"down": { "texture": "#shoulder-sling-plain-weapon-wood", "uv": [ 2.5, 3.5, 3.0, 13.5 ], "autoUv": false }
											}
										},
										{
											"name": "Stock_front_4",
											"from": [ -0.4, -0.8, 0.0 ],
											"to": [ 0.8, 0.0, 3.6 ],
											"rotationOrigin": [ -0.4, -0.8, 0.0 ],
											"faces": {
												"north": { "texture": "#shoulder-sling-plain-weapon-wood", "uv": [ 9.0, 4.0, 10.5, 5.0 ], "autoUv": false },
												"east": { "texture": "#shoulder-sling-plain-weapon-wood", "uv": [ 0.0, 0.0, 4.5, 1.0 ], "autoUv": false },
												"south": { "texture": "#shoulder-sling-plain-weapon-wood", "uv": [ 0.0, 0.0, 1.5, 1.0 ], "autoUv": false },
												"west": { "texture": "#shoulder-sling-plain-weapon-wood", "uv": [ 0.0, 0.0, 4.5, 1.0 ], "autoUv": false },
												"up": { "texture": "#shoulder-sling-plain-weapon-wood", "uv": [ 6.0, 1.5, 7.5, 6.0 ], "autoUv": false },
												"down": { "texture": "#shoulder-sling-plain-weapon-wood", "uv": [ 8.0, 4.5, 9.5, 9.0 ], "autoUv": false }
											}
										},
										{
											"name": "Stock_front_5",
											"from": [ -0.392, -0.8, 2.8 ],
											"to": [ 0.792, 0.4, 3.6 ],
											"rotationOrigin": [ -0.4, -0.8, 3.6 ],
											"rotationX": 45.0,
											"faces": {
												"north": { "texture": "#shoulder-sling-plain-weapon-wood", "uv": [ 8.0, 5.5, 9.0, 7.0 ], "autoUv": false },
												"east": { "texture": "#shoulder-sling-plain-weapon-wood", "uv": [ 0.0, 0.0, 1.0, 1.5 ], "autoUv": false },
												"south": { "texture": "#shoulder-sling-plain-weapon-wood", "uv": [ 0.0, 0.0, 1.5, 1.5 ], "autoUv": false },
												"west": { "texture": "#shoulder-sling-plain-weapon-wood", "uv": [ 0.0, 0.0, 1.0, 1.5 ], "autoUv": false },
												"up": { "texture": "#shoulder-sling-plain-weapon-wood", "uv": [ 6.0, 1.5, 7.0, 2.5 ], "autoUv": false },
												"down": { "texture": "#shoulder-sling-plain-weapon-wood", "uv": [ 4.0, 1.5, 5.0, 2.5 ], "autoUv": false }
											}
										},
										{
											"name": "Stock_front_6",
											"from": [ -0.4, -0.4, 7.2 ],
											"to": [ 0.8, 0.0, 8.8 ],
											"rotationOrigin": [ -0.4, -0.4, 7.2 ],
											"faces": {
												"north": { "texture": "#shoulder-sling-plain-weapon-wood", "uv": [ 13.0, 2.0, 14.5, 2.5 ], "autoUv": false },
												"east": { "texture": "#shoulder-sling-plain-weapon-wood", "uv": [ 8.0, 9.0, 10.0, 9.5 ], "autoUv": false },
												"south": { "texture": "#shoulder-sling-plain-weapon-wood", "uv": [ 0.0, 0.0, 1.5, 0.5 ], "autoUv": false },
												"west": { "texture": "#shoulder-sling-plain-weapon-wood", "uv": [ 12.0, 9.0, 14.0, 9.5 ], "autoUv": false },
												"up": { "texture": "#shoulder-sling-plain-weapon-wood", "uv": [ 6.0, 1.5, 7.5, 3.5 ], "autoUv": false },
												"down": { "texture": "#shoulder-sling-plain-weapon-wood", "uv": [ 13.5, 2.0, 15.0, 4.0 ], "autoUv": false }
											},
											"children": [
												{
													"name": "Stock_front_8",
													"from": [ 0.0, 0.0, 1.6 ],
													"to": [ 0.4, 0.4, 2.8 ],
													"rotationOrigin": [ 0.0, 0.0, 1.6 ],
													"faces": {
														"north": { "texture": "#shoulder-sling-plain-weapon-wood", "uv": [ 8.0, 5.5, 8.5, 6.0 ], "autoUv": false },
														"east": { "texture": "#shoulder-sling-plain-weapon-wood", "uv": [ 0.0, 0.0, 1.5, 0.5 ], "autoUv": false },
														"south": { "texture": "#shoulder-sling-plain-weapon-wood", "uv": [ 0.0, 0.0, 0.5, 0.5 ], "autoUv": false },
														"west": { "texture": "#shoulder-sling-plain-weapon-wood", "uv": [ 8.0, 3.5, 9.5, 4.0 ], "autoUv": false },
														"up": { "texture": "#shoulder-sling-plain-weapon-wood", "uv": [ 6.0, 1.5, 6.5, 3.0 ], "autoUv": false },
														"down": { "texture": "#shoulder-sling-plain-weapon-wood", "uv": [ 11.5, 3.0, 12.0, 4.5 ], "autoUv": false }
													}
												},
												{
													"name": "Stock_front_9",
													"from": [ 0.0, 0.0, 2.8 ],
													"to": [ 1.2, 0.4, 3.2 ],
													"rotationOrigin": [ 0.0, 0.0, 2.8 ],
													"faces": {
														"north": { "texture": "#shoulder-sling-plain-weapon-wood", "uv": [ 8.0, 5.5, 9.5, 6.0 ], "autoUv": false },
														"east": { "texture": "#shoulder-sling-plain-weapon-wood", "uv": [ 0.0, 0.0, 0.5, 0.5 ], "autoUv": false },
														"south": { "texture": "#shoulder-sling-plain-weapon-wood", "uv": [ 13.0, 4.5, 14.5, 5.0 ], "autoUv": false },
														"west": { "texture": "#shoulder-sling-plain-weapon-wood", "uv": [ 0.0, 0.0, 0.5, 0.5 ], "autoUv": false },
														"up": { "texture": "#shoulder-sling-plain-weapon-wood", "uv": [ 6.0, 1.5, 7.5, 2.0 ], "autoUv": false },
														"down": { "texture": "#shoulder-sling-plain-weapon-wood", "uv": [ 12.5, 2.0, 14.0, 2.5 ], "autoUv": false }
													}
												},
												{
													"name": "Stock_front_10",
													"from": [ 0.0, 0.0, 1.6 ],
													"to": [ 0.4, 0.4, 2.8 ],
													"rotationOrigin": [ 0.0, 0.0, 1.6 ],
													"faces": {
														"north": { "texture": "#shoulder-sling-plain-weapon-wood", "uv": [ 8.0, 5.5, 8.5, 6.0 ], "autoUv": false },
														"east": { "texture": "#shoulder-sling-plain-weapon-wood", "uv": [ 0.0, 0.0, 1.5, 0.5 ], "autoUv": false },
														"south": { "texture": "#shoulder-sling-plain-weapon-wood", "uv": [ 0.0, 0.0, 0.5, 0.5 ], "autoUv": false },
														"west": { "texture": "#shoulder-sling-plain-weapon-wood", "uv": [ 0.0, 0.0, 1.5, 0.5 ], "autoUv": false },
														"up": { "texture": "#shoulder-sling-plain-weapon-wood", "uv": [ 6.0, 1.5, 6.5, 3.0 ], "autoUv": false },
														"down": { "texture": "#shoulder-sling-plain-weapon-wood", "uv": [ 4.0, 1.5, 4.5, 3.0 ], "autoUv": false }
													}
												},
												{
													"name": "Stock_front_11",
													"from": [ 0.8, 0.0, 1.6 ],
													"to": [ 1.2, 0.4, 2.8 ],
													"rotationOrigin": [ 0.8, 0.0, 1.6 ],
													"faces": {
														"north": { "texture": "#shoulder-sling-plain-weapon-wood", "uv": [ 8.0, 5.5, 8.5, 6.0 ], "autoUv": false },
														"east": { "texture": "#shoulder-sling-plain-weapon-wood", "uv": [ 13.0, 3.5, 14.5, 4.0 ], "autoUv": false },
														"south": { "texture": "#shoulder-sling-plain-weapon-wood", "uv": [ 0.0, 0.0, 0.5, 0.5 ], "autoUv": false },
														"west": { "texture": "#shoulder-sling-plain-weapon-wood", "uv": [ 0.5, 6.0, 2.0, 6.5 ], "autoUv": false },
														"up": { "texture": "#shoulder-sling-plain-weapon-wood", "uv": [ 6.0, 1.5, 6.5, 3.0 ], "autoUv": false },
														"down": { "texture": "#shoulder-sling-plain-weapon-wood", "uv": [ 9.5, 2.5, 10.0, 4.0 ], "autoUv": false }
													}
												}
											]
										},
										{
											"name": "Stock_front_7",
											"from": [ -0.4, 0.0, 9.36 ],
											"to": [ 0.8, 1.2, 10.4 ],
											"rotationOrigin": [ -0.4, 0.0, 9.36 ],
											"faces": {
												"north": { "texture": "#shoulder-sling-plain-weapon-wood", "uv": [ 8.0, 5.5, 9.5, 7.0 ], "autoUv": false },
												"east": { "texture": "#shoulder-sling-plain-weapon-wood", "uv": [ 0.0, 0.0, 1.0, 1.5 ], "autoUv": false },
												"south": { "texture": "#shoulder-sling-plain-weapon-wood", "uv": [ 0.0, 0.0, 1.5, 1.5 ], "autoUv": false },
												"west": { "texture": "#shoulder-sling-plain-weapon-wood", "uv": [ 0.0, 0.0, 1.0, 1.5 ], "autoUv": false },
												"up": { "texture": "#shoulder-sling-plain-weapon-wood", "uv": [ 6.5, 6.7, 8.0, 8.0 ], "autoUv": false },
												"down": { "texture": "#shoulder-sling-plain-weapon-wood", "uv": [ 4.0, 1.5, 5.5, 2.5 ], "autoUv": false }
											}
										}
									]
								},
								{
									"name": "Stock_back_1",
									"from": [ 0.008, 0.8, 4.0 ],
									"to": [ 1.192, 1.6, 13.6 ],
									"rotationOrigin": [ 0.0, 1.6, 4.0 ],
									"rotationX": 5.0,
									"faces": {
										"east": { "texture": "#shoulder-sling-plain-weapon-wood", "uv": [ 0.0, 0.0, 12.0, 1.0 ], "autoUv": false },
										"south": { "texture": "#shoulder-sling-plain-weapon-wood", "uv": [ 0.0, 0.0, 1.5, 1.0 ], "autoUv": false, "windMode": [-1,-1,-1,-1] },
										"west": { "texture": "#shoulder-sling-plain-weapon-wood", "uv": [ 0.0, 0.0, 12.0, 1.0 ], "autoUv": false },
										"up": { "texture": "#shoulder-sling-plain-weapon-wood", "uv": [ 4.0, 7.5, 16.0, 9.0 ], "rotation": 90, "autoUv": false }
									},
									"children": [
										{
											"name": "Stock_back_2",
											"from": [ 0.008, 0.0, 0.0 ],
											"to": [ 1.176, 0.8, 9.6 ],
											"rotationOrigin": [ -0.016, 0.0, 9.6 ],
											"rotationX": -2.4,
											"faces": {
												"east": { "texture": "#shoulder-sling-plain-weapon-wood", "uv": [ 1.5, 5.5, 13.5, 6.5 ], "autoUv": false },
												"south": { "texture": "#shoulder-sling-plain-weapon-wood", "uv": [ 0.0, 0.0, 1.0, 1.0 ], "autoUv": false, "windMode": [-1,-1,-1,-1] },
												"west": { "texture": "#shoulder-sling-plain-weapon-wood", "uv": [ 0.5, 6.0, 12.5, 7.0 ], "autoUv": false },
												"down": { "texture": "#shoulder-sling-plain-weapon-wood", "uv": [ 4.0, 9.5, 16.0, 11.0 ], "rotation": 90, "autoUv": false }
											}
										},
										{
											"name": "Lever_lag",
											"from": [ -0.4, 0.0, 0.8 ],
											"to": [ 1.6, 0.4, 1.2 ],
											"rotationOrigin": [ -0.4, 0.0, 0.8 ],
											"faces": {
												"north": { "texture": "#shoulder-sling-plain-weapon-metal", "uv": [ 0.0, 0.0, 2.5, 0.5 ], "autoUv": false },
												"east": { "texture": "#shoulder-sling-plain-weapon-metal", "uv": [ 0.0, 0.0, 0.5, 0.5 ], "autoUv": false },
												"south": { "texture": "#shoulder-sling-plain-weapon-metal", "uv": [ 0.0, 0.0, 2.5, 0.5 ], "autoUv": false },
												"west": { "texture": "#shoulder-sling-plain-weapon-metal", "uv": [ 0.0, 0.0, 0.5, 0.5 ], "autoUv": false },
												"up": { "texture": "#shoulder-sling-plain-weapon-metal", "uv": [ 0.0, 0.0, 2.5, 0.5 ], "autoUv": false },
												"down": { "texture": "#shoulder-sling-plain-weapon-metal", "uv": [ 0.0, 0.0, 2.5, 0.5 ], "autoUv": false }
											}
										}
									]
								}
							]
						},
						{
							"name": "Bow",
							"from": [ -6.0, -0.08, -8.0 ],
							"to": [ -6.0, -0.08, -8.0 ],
							"rotationOrigin": [ 0.4, 0.48, -8.0 ],
							"rotationX": -10.0,
							"faces": {
								"north": { "texture": "#shoulder-sling-plain-weapon-metal", "uv": [ 0.0, 0.0, 0.5, 0.5 ], "autoUv": false },
								"east": { "texture": "#shoulder-sling-plain-weapon-metal", "uv": [ 0.0, 0.0, 0.5, 0.5 ], "autoUv": false },
								"south": { "texture": "#shoulder-sling-plain-weapon-metal", "uv": [ 0.0, 0.0, 0.5, 0.5 ], "autoUv": false },
								"west": { "texture": "#shoulder-sling-plain-weapon-metal", "uv": [ 0.0, 0.0, 0.5, 0.5 ], "autoUv": false },
								"up": { "texture": "#shoulder-sling-plain-weapon-metal", "uv": [ 0.0, 0.0, 0.5, 0.5 ], "autoUv": false },
								"down": { "texture": "#shoulder-sling-plain-weapon-metal", "uv": [ 0.0, 0.0, 0.5, 0.5 ], "autoUv": false }
							},
							"children": [
								{
									"name": "Bow_right_limb_1",
									"from": [ 7.2, 0.2418, 0.0 ],
									"to": [ 8.8, 1.0418, 0.4 ],
									"rotationOrigin": [ 7.2, 0.2418, 0.0 ],
									"rotationY": -1.0,
									"faces": {
										"north": { "texture": "#shoulder-sling-plain-weapon-metal", "uv": [ 9.0, 4.0, 11.0, 5.0 ], "autoUv": false },
										"east": { "texture": "#shoulder-sling-plain-weapon-metal", "uv": [ 0.0, 0.0, 0.5, 1.0 ], "autoUv": false },
										"south": { "texture": "#shoulder-sling-plain-weapon-metal", "uv": [ 10.5, 4.0, 12.5, 5.0 ], "autoUv": false },
										"west": { "texture": "#shoulder-sling-plain-weapon-metal", "uv": [ 0.0, 0.0, 0.5, 1.0 ], "autoUv": false },
										"up": { "texture": "#shoulder-sling-plain-weapon-metal", "uv": [ 9.0, 2.5, 11.0, 3.0 ], "autoUv": false },
										"down": { "texture": "#shoulder-sling-plain-weapon-metal", "uv": [ 9.0, 4.0, 11.0, 4.5 ], "autoUv": false }
									},
									"children": [
										{
											"name": "Bow_right_limb_2",
											"from": [ 1.6, 0.0, 0.0 ],
											"to": [ 3.2, 0.8, 0.4 ],
											"rotationOrigin": [ 1.6, 0.0, 0.0 ],
											"rotationY": -10.0,
											"faces": {
												"north": { "texture": "#shoulder-sling-plain-weapon-metal", "uv": [ 7.0, 2.5, 9.0, 3.5 ], "autoUv": false },
												"east": { "texture": "#shoulder-sling-plain-weapon-metal", "uv": [ 0.0, 0.0, 0.5, 1.0 ], "autoUv": false },
												"south": { "texture": "#shoulder-sling-plain-weapon-metal", "uv": [ 4.5, 10.5, 6.5, 11.5 ], "autoUv": false },
												"west": { "texture": "#shoulder-sling-plain-weapon-metal", "uv": [ 0.0, 0.0, 0.5, 1.0 ], "autoUv": false },
												"up": { "texture": "#shoulder-sling-plain-weapon-metal", "uv": [ 7.0, 3.0, 9.0, 3.5 ], "autoUv": false },
												"down": { "texture": "#shoulder-sling-plain-weapon-metal", "uv": [ 7.5, 2.0, 9.5, 2.5 ], "autoUv": false }
											},
											"children": [
												{
													"name": "Bow_right_limb_3",
													"from": [ 1.6, 0.0, 0.0 ],
													"to": [ 3.2, 0.8, 0.4 ],
													"rotationOrigin": [ 1.6, 0.0, 0.0 ],
													"rotationY": -10.0,
													"faces": {
														"north": { "texture": "#shoulder-sling-plain-weapon-metal", "uv": [ 10.5, 4.0, 12.5, 5.0 ], "autoUv": false },
														"east": { "texture": "#shoulder-sling-plain-weapon-metal", "uv": [ 0.0, 0.0, 0.5, 1.0 ], "autoUv": false },
														"south": { "texture": "#shoulder-sling-plain-weapon-metal", "uv": [ 7.5, 5.5, 9.5, 6.5 ], "autoUv": false },
														"west": { "texture": "#shoulder-sling-plain-weapon-metal", "uv": [ 0.0, 0.0, 0.5, 1.0 ], "autoUv": false },
														"up": { "texture": "#shoulder-sling-plain-weapon-metal", "uv": [ 10.0, 3.5, 12.0, 4.0 ], "autoUv": false },
														"down": { "texture": "#shoulder-sling-plain-weapon-metal", "uv": [ 11.0, 3.5, 13.0, 4.0 ], "autoUv": false }
													},
													"children": [
														{
															"name": "Bow_right_limb_4",
															"from": [ 1.6, 0.0, 0.0 ],
															"to": [ 3.2, 0.8, 0.4 ],
															"rotationOrigin": [ 1.6, 0.0, 0.0 ],
															"rotationY": -10.0,
															"faces": {
																"north": { "texture": "#shoulder-sling-plain-weapon-metal", "uv": [ 5.0, 10.5, 7.0, 11.5 ], "autoUv": false },
																"east": { "texture": "#shoulder-sling-plain-weapon-metal", "uv": [ 0.0, 0.0, 0.5, 1.0 ], "autoUv": false },
																"south": { "texture": "#shoulder-sling-plain-weapon-metal", "uv": [ 2.0, 7.0, 4.0, 8.0 ], "autoUv": false },
																"west": { "texture": "#shoulder-sling-plain-weapon-metal", "uv": [ 0.0, 0.0, 0.5, 1.0 ], "autoUv": false },
																"up": { "texture": "#shoulder-sling-plain-weapon-metal", "uv": [ 4.5, 0.0, 6.5, 0.5 ], "autoUv": false },
																"down": { "texture": "#shoulder-sling-plain-weapon-metal", "uv": [ 9.5, 3.0, 11.5, 3.5 ], "autoUv": false }
															},
															"children": [
																{
																	"name": "Bow_right_limb_5",
																	"from": [ 1.6, 0.0, 0.0 ],
																	"to": [ 3.2, 0.8, 0.4 ],
																	"rotationOrigin": [ 1.6, 0.0, 0.0 ],
																	"rotationY": -10.0,
																	"faces": {
																		"north": { "texture": "#shoulder-sling-plain-weapon-metal", "uv": [ 4.5, 11.0, 6.5, 12.0 ], "autoUv": false },
																		"east": { "texture": "#shoulder-sling-plain-weapon-metal", "uv": [ 0.0, 0.0, 0.5, 1.0 ], "autoUv": false },
																		"south": { "texture": "#shoulder-sling-plain-weapon-metal", "uv": [ 12.0, 4.0, 14.0, 5.0 ], "autoUv": false },
																		"west": { "texture": "#shoulder-sling-plain-weapon-metal", "uv": [ 0.0, 0.0, 0.5, 1.0 ], "autoUv": false },
																		"up": { "texture": "#shoulder-sling-plain-weapon-metal", "uv": [ 12.0, 0.0, 14.0, 0.5 ], "autoUv": false },
																		"down": { "texture": "#shoulder-sling-plain-weapon-metal", "uv": [ 11.5, 0.5, 13.5, 1.0 ], "autoUv": false }
																	},
																	"children": [
																		{
																			"name": "Bow_right_limb_6",
																			"from": [ 1.6, 0.24, 0.0 ],
																			"to": [ 2.48, 0.56, 0.4 ],
																			"rotationOrigin": [ 1.6, 0.24, 0.4 ],
																			"rotationY": 40.0,
																			"faces": {
																				"north": { "texture": "#shoulder-sling-plain-weapon-metal", "uv": [ 0.0, 0.0, 1.5, 0.5 ], "autoUv": false },
																				"east": { "texture": "#shoulder-sling-plain-weapon-metal", "uv": [ 0.0, 0.0, 0.5, 0.5 ], "autoUv": false },
																				"south": { "texture": "#shoulder-sling-plain-weapon-metal", "uv": [ 0.0, 0.0, 1.5, 0.5 ], "autoUv": false },
																				"west": { "texture": "#shoulder-sling-plain-weapon-metal", "uv": [ 0.0, 0.0, 0.5, 0.5 ], "autoUv": false },
																				"up": { "texture": "#shoulder-sling-plain-weapon-metal", "uv": [ 0.0, 0.0, 1.5, 0.5 ], "autoUv": false },
																				"down": { "texture": "#shoulder-sling-plain-weapon-metal", "uv": [ 0.0, 0.0, 1.5, 0.5 ], "autoUv": false }
																			},
																			"children": [
																				{
																					"name": "Bow_right_limb_13",
																					"from": [ 0.24, -0.16, -0.32 ],
																					"to": [ 0.72, 0.48, 0.88 ],
																					"rotationOrigin": [ 0.24, -0.16, 0.08 ],
																					"rotationY": -20.0,
																					"rotationZ": -1.0,
																					"faces": {
																						"north": { "texture": "#shoulder-sling-plain-linen", "uv": [ 0.0, 0.0, 1.0, 1.5 ], "autoUv": false },
																						"east": { "texture": "#shoulder-sling-plain-linen", "uv": [ 0.0, 0.0, 2.5, 1.5 ], "autoUv": false },
																						"south": { "texture": "#shoulder-sling-plain-linen", "uv": [ 0.0, 0.0, 1.0, 1.5 ], "autoUv": false },
																						"west": { "texture": "#shoulder-sling-plain-linen", "uv": [ 0.0, 0.0, 1.5, 0.5 ], "autoUv": false },
																						"up": { "texture": "#shoulder-sling-plain-linen", "uv": [ 0.0, 0.0, 1.0, 2.5 ], "autoUv": false },
																						"down": { "texture": "#shoulder-sling-plain-linen", "uv": [ 0.0, 0.0, 1.0, 2.5 ], "autoUv": false }
																					}
																				}
																			]
																		}
																	]
																}
															]
														}
													]
												}
											]
										}
									]
								},
								{
									"name": "Bow_holder_1",
									"from": [ 6.8, -0.0084, -0.2404 ],
									"to": [ 7.2, 1.2716, 0.5596 ],
									"rotationOrigin": [ 6.8, 0.5516, 0.0796 ],
									"faces": {
										"north": { "texture": "#shoulder-sling-plain-weapon-metal", "uv": [ 0.0, 0.0, 0.5, 1.5 ], "autoUv": false },
										"east": { "texture": "#shoulder-sling-plain-weapon-metal", "uv": [ 0.0, 0.0, 1.0, 1.5 ], "autoUv": false },
										"south": { "texture": "#shoulder-sling-plain-weapon-metal", "uv": [ 0.0, 0.0, 0.5, 1.5 ], "autoUv": false },
										"west": { "texture": "#shoulder-sling-plain-weapon-metal", "uv": [ 0.0, 0.0, 1.0, 1.5 ], "autoUv": false },
										"up": { "texture": "#shoulder-sling-plain-weapon-metal", "uv": [ 0.0, 0.0, 0.5, 1.0 ], "autoUv": false },
										"down": { "texture": "#shoulder-sling-plain-weapon-metal", "uv": [ 0.0, 0.0, 0.5, 1.0 ], "autoUv": false }
									},
									"children": [
										{
											"name": "Bow_holder_2",
											"from": [ 0.0, 0.24, 0.8 ],
											"to": [ 0.4, 1.04, 2.8 ],
											"rotationOrigin": [ 0.0, 0.24, 0.8 ],
											"faces": {
												"north": { "texture": "#shoulder-sling-plain-weapon-metal", "uv": [ 0.0, 0.0, 0.5, 1.0 ], "autoUv": false },
												"east": { "texture": "#shoulder-sling-plain-weapon-metal", "uv": [ 8.5, 10.5, 11.0, 11.5 ], "autoUv": false },
												"south": { "texture": "#shoulder-sling-plain-weapon-metal", "uv": [ 0.0, 0.0, 0.5, 1.0 ], "autoUv": false },
												"west": { "texture": "#shoulder-sling-plain-weapon-metal", "uv": [ 0.0, 0.0, 2.5, 1.0 ], "autoUv": false },
												"up": { "texture": "#shoulder-sling-plain-weapon-metal", "uv": [ 0.0, 0.0, 0.5, 2.5 ], "autoUv": false },
												"down": { "texture": "#shoulder-sling-plain-weapon-metal", "uv": [ 0.0, 0.0, 0.5, 2.5 ], "autoUv": false }
											},
											"children": [
												{
													"name": "Bow_holder_3",
													"from": [ 0.4, 0.24, 0.8 ],
													"to": [ 0.8, 0.56, 1.6 ],
													"rotationOrigin": [ 0.4, 0.24, 0.8 ],
													"faces": {
														"north": { "texture": "#shoulder-sling-plain-weapon-metal", "uv": [ 6.5, 10.5, 7.0, 11.0 ], "autoUv": false },
														"east": { "texture": "#shoulder-sling-plain-weapon-metal", "uv": [ 9.0, 4.5, 10.0, 5.0 ], "autoUv": false },
														"south": { "texture": "#shoulder-sling-plain-weapon-metal", "uv": [ 5.5, 10.5, 6.0, 11.0 ], "autoUv": false },
														"west": { "texture": "#shoulder-sling-plain-weapon-metal", "uv": [ 6.5, 10.5, 7.5, 11.0 ], "autoUv": false },
														"up": { "texture": "#shoulder-sling-plain-weapon-metal", "uv": [ 5.5, 12.0, 6.0, 13.0 ], "autoUv": false },
														"down": { "texture": "#shoulder-sling-plain-weapon-metal", "uv": [ 5.5, 10.5, 6.0, 11.5 ], "autoUv": false }
													}
												}
											]
										}
									]
								},
								{
									"name": "Bow_holder_4",
									"from": [ 5.2, -0.0084, -0.2404 ],
									"to": [ 5.6, 1.2716, 0.5596 ],
									"rotationOrigin": [ 5.2, 0.5516, 0.0796 ],
									"faces": {
										"north": { "texture": "#shoulder-sling-plain-weapon-metal", "uv": [ 0.0, 0.0, 0.5, 1.5 ], "autoUv": false },
										"east": { "texture": "#shoulder-sling-plain-weapon-metal", "uv": [ 0.0, 0.0, 1.0, 1.5 ], "autoUv": false },
										"south": { "texture": "#shoulder-sling-plain-weapon-metal", "uv": [ 0.0, 0.0, 0.5, 1.5 ], "autoUv": false },
										"west": { "texture": "#shoulder-sling-plain-weapon-metal", "uv": [ 0.0, 0.0, 1.0, 1.5 ], "autoUv": false },
										"up": { "texture": "#shoulder-sling-plain-weapon-metal", "uv": [ 0.0, 0.0, 0.5, 1.0 ], "autoUv": false },
										"down": { "texture": "#shoulder-sling-plain-weapon-metal", "uv": [ 0.0, 0.0, 0.5, 1.0 ], "autoUv": false }
									},
									"children": [
										{
											"name": "Bow_holder_5",
											"from": [ 0.0, 0.24, 0.8 ],
											"to": [ 0.4, 1.04, 2.8 ],
											"rotationOrigin": [ 0.0, 0.24, 0.8 ],
											"faces": {
												"north": { "texture": "#shoulder-sling-plain-weapon-metal", "uv": [ 0.0, 0.0, 0.5, 1.0 ], "autoUv": false },
												"east": { "texture": "#shoulder-sling-plain-weapon-metal", "uv": [ 0.0, 0.0, 2.5, 1.0 ], "autoUv": false },
												"south": { "texture": "#shoulder-sling-plain-weapon-metal", "uv": [ 0.0, 0.0, 0.5, 1.0 ], "autoUv": false },
												"west": { "texture": "#shoulder-sling-plain-weapon-metal", "uv": [ 8.0, 8.5, 10.5, 9.5 ], "autoUv": false },
												"up": { "texture": "#shoulder-sling-plain-weapon-metal", "uv": [ 0.0, 0.0, 0.5, 2.5 ], "autoUv": false },
												"down": { "texture": "#shoulder-sling-plain-weapon-metal", "uv": [ 0.0, 0.0, 0.5, 2.5 ], "autoUv": false }
											},
											"children": [
												{
													"name": "Bow_holder_6",
													"from": [ -0.4, 0.24, 0.8 ],
													"to": [ 0.0, 0.56, 1.6 ],
													"rotationOrigin": [ -0.4, 0.24, 0.8 ],
													"faces": {
														"north": { "texture": "#shoulder-sling-plain-weapon-metal", "uv": [ 6.5, 10.5, 7.0, 11.0 ], "autoUv": false },
														"east": { "texture": "#shoulder-sling-plain-weapon-metal", "uv": [ 6.5, 10.5, 7.5, 11.0 ], "autoUv": false },
														"south": { "texture": "#shoulder-sling-plain-weapon-metal", "uv": [ 5.5, 10.5, 6.0, 11.0 ], "autoUv": false },
														"west": { "texture": "#shoulder-sling-plain-weapon-metal", "uv": [ 6.5, 10.5, 7.5, 11.0 ], "autoUv": false },
														"up": { "texture": "#shoulder-sling-plain-weapon-metal", "uv": [ 5.5, 12.0, 6.0, 13.0 ], "autoUv": false },
														"down": { "texture": "#shoulder-sling-plain-weapon-metal", "uv": [ 5.5, 10.5, 6.0, 11.5 ], "autoUv": false }
													}
												}
											]
										}
									]
								},
								{
									"name": "Bow_right_limb_7",
									"from": [ 5.2, 1.04, 0.0 ],
									"to": [ 6.8, 1.84, 0.4 ],
									"rotationOrigin": [ 5.2, 1.0418, 0.0 ],
									"rotationY": 1.0,
									"rotationZ": 180.0,
									"faces": {
										"north": { "texture": "#shoulder-sling-plain-weapon-metal", "uv": [ 9.0, 4.0, 11.0, 5.0 ], "autoUv": false },
										"east": { "texture": "#shoulder-sling-plain-weapon-metal", "uv": [ 0.0, 0.0, 0.5, 1.0 ], "autoUv": false },
										"south": { "texture": "#shoulder-sling-plain-weapon-metal", "uv": [ 10.5, 4.0, 12.5, 5.0 ], "autoUv": false },
										"west": { "texture": "#shoulder-sling-plain-weapon-metal", "uv": [ 0.0, 0.0, 0.5, 1.0 ], "autoUv": false },
										"up": { "texture": "#shoulder-sling-plain-weapon-metal", "uv": [ 9.0, 2.5, 11.0, 3.0 ], "autoUv": false },
										"down": { "texture": "#shoulder-sling-plain-weapon-metal", "uv": [ 9.0, 4.0, 11.0, 4.5 ], "autoUv": false }
									},
									"children": [
										{
											"name": "Bow_right_limb_8",
											"from": [ 1.6, 0.0, 0.0 ],
											"to": [ 3.2, 0.8, 0.4 ],
											"rotationOrigin": [ 1.6, 0.0, 0.0 ],
											"rotationY": -10.0,
											"faces": {
												"north": { "texture": "#shoulder-sling-plain-weapon-metal", "uv": [ 7.0, 2.5, 9.0, 3.5 ], "autoUv": false },
												"east": { "texture": "#shoulder-sling-plain-weapon-metal", "uv": [ 0.0, 0.0, 0.5, 1.0 ], "autoUv": false },
												"south": { "texture": "#shoulder-sling-plain-weapon-metal", "uv": [ 4.5, 10.5, 6.5, 11.5 ], "autoUv": false },
												"west": { "texture": "#shoulder-sling-plain-weapon-metal", "uv": [ 0.0, 0.0, 0.5, 1.0 ], "autoUv": false },
												"up": { "texture": "#shoulder-sling-plain-weapon-metal", "uv": [ 7.0, 3.0, 9.0, 3.5 ], "autoUv": false },
												"down": { "texture": "#shoulder-sling-plain-weapon-metal", "uv": [ 7.5, 2.0, 9.5, 2.5 ], "autoUv": false }
											},
											"children": [
												{
													"name": "Bow_right_limb_9",
													"from": [ 1.6, 0.0, 0.0 ],
													"to": [ 3.2, 0.8, 0.4 ],
													"rotationOrigin": [ 1.6, 0.0, 0.0 ],
													"rotationY": -10.0,
													"faces": {
														"north": { "texture": "#shoulder-sling-plain-weapon-metal", "uv": [ 10.5, 4.0, 12.5, 5.0 ], "autoUv": false },
														"east": { "texture": "#shoulder-sling-plain-weapon-metal", "uv": [ 0.0, 0.0, 0.5, 1.0 ], "autoUv": false },
														"south": { "texture": "#shoulder-sling-plain-weapon-metal", "uv": [ 7.5, 5.5, 9.5, 6.5 ], "autoUv": false },
														"west": { "texture": "#shoulder-sling-plain-weapon-metal", "uv": [ 0.0, 0.0, 0.5, 1.0 ], "autoUv": false },
														"up": { "texture": "#shoulder-sling-plain-weapon-metal", "uv": [ 10.0, 3.5, 12.0, 4.0 ], "autoUv": false },
														"down": { "texture": "#shoulder-sling-plain-weapon-metal", "uv": [ 11.0, 3.5, 13.0, 4.0 ], "autoUv": false }
													},
													"children": [
														{
															"name": "Bow_right_limb_10",
															"from": [ 1.6, 0.0, 0.0 ],
															"to": [ 3.2, 0.8, 0.4 ],
															"rotationOrigin": [ 1.6, 0.0, 0.0 ],
															"rotationY": -10.0,
															"faces": {
																"north": { "texture": "#shoulder-sling-plain-weapon-metal", "uv": [ 5.0, 10.5, 7.0, 11.5 ], "autoUv": false },
																"east": { "texture": "#shoulder-sling-plain-weapon-metal", "uv": [ 0.0, 0.0, 0.5, 1.0 ], "autoUv": false },
																"south": { "texture": "#shoulder-sling-plain-weapon-metal", "uv": [ 2.0, 7.0, 4.0, 8.0 ], "autoUv": false },
																"west": { "texture": "#shoulder-sling-plain-weapon-metal", "uv": [ 0.0, 0.0, 0.5, 1.0 ], "autoUv": false },
																"up": { "texture": "#shoulder-sling-plain-weapon-metal", "uv": [ 4.5, 0.0, 6.5, 0.5 ], "autoUv": false },
																"down": { "texture": "#shoulder-sling-plain-weapon-metal", "uv": [ 9.5, 3.0, 11.5, 3.5 ], "autoUv": false }
															},
															"children": [
																{
																	"name": "Bow_right_limb_11",
																	"from": [ 1.6, 0.0, 0.0 ],
																	"to": [ 3.2, 0.8, 0.4 ],
																	"rotationOrigin": [ 1.6, 0.0, 0.0 ],
																	"rotationY": -10.0,
																	"faces": {
																		"north": { "texture": "#shoulder-sling-plain-weapon-metal", "uv": [ 4.5, 11.0, 6.5, 12.0 ], "autoUv": false },
																		"east": { "texture": "#shoulder-sling-plain-weapon-metal", "uv": [ 0.0, 0.0, 0.5, 1.0 ], "autoUv": false },
																		"south": { "texture": "#shoulder-sling-plain-weapon-metal", "uv": [ 12.0, 4.0, 14.0, 5.0 ], "autoUv": false },
																		"west": { "texture": "#shoulder-sling-plain-weapon-metal", "uv": [ 0.0, 0.0, 0.5, 1.0 ], "autoUv": false },
																		"up": { "texture": "#shoulder-sling-plain-weapon-metal", "uv": [ 12.0, 0.0, 14.0, 0.5 ], "autoUv": false },
																		"down": { "texture": "#shoulder-sling-plain-weapon-metal", "uv": [ 11.5, 0.5, 13.5, 1.0 ], "autoUv": false }
																	},
																	"children": [
																		{
																			"name": "Bow_right_limb_12",
																			"from": [ 1.6, 0.24, 0.0 ],
																			"to": [ 2.48, 0.56, 0.4 ],
																			"rotationOrigin": [ 1.6, 0.24, 0.4 ],
																			"rotationY": 40.0,
																			"faces": {
																				"north": { "texture": "#shoulder-sling-plain-weapon-metal", "uv": [ 0.0, 0.0, 1.5, 0.5 ], "autoUv": false },
																				"east": { "texture": "#shoulder-sling-plain-weapon-metal", "uv": [ 0.0, 0.0, 0.5, 0.5 ], "autoUv": false },
																				"south": { "texture": "#shoulder-sling-plain-weapon-metal", "uv": [ 0.0, 0.0, 1.5, 0.5 ], "autoUv": false },
																				"west": { "texture": "#shoulder-sling-plain-weapon-metal", "uv": [ 0.0, 0.0, 0.5, 0.5 ], "autoUv": false },
																				"up": { "texture": "#shoulder-sling-plain-weapon-metal", "uv": [ 0.0, 0.0, 1.5, 0.5 ], "autoUv": false },
																				"down": { "texture": "#shoulder-sling-plain-weapon-metal", "uv": [ 0.0, 0.0, 1.5, 0.5 ], "autoUv": false }
																			},
																			"children": [
																				{
																					"name": "Bow_right_limb_14",
																					"from": [ 0.24, -0.16, -0.32 ],
																					"to": [ 0.72, 0.48, 0.88 ],
																					"rotationOrigin": [ 0.24, -0.16, 0.08 ],
																					"rotationY": -20.0,
																					"rotationZ": -1.0,
																					"faces": {
																						"north": { "texture": "#shoulder-sling-plain-linen", "uv": [ 0.0, 0.0, 1.0, 1.5 ], "autoUv": false },
																						"east": { "texture": "#shoulder-sling-plain-linen", "uv": [ 0.0, 0.0, 2.5, 1.5 ], "autoUv": false },
																						"south": { "texture": "#shoulder-sling-plain-linen", "uv": [ 0.0, 0.0, 1.0, 1.5 ], "autoUv": false },
																						"west": { "texture": "#shoulder-sling-plain-linen", "uv": [ 0.0, 0.0, 1.5, 0.5 ], "autoUv": false },
																						"up": { "texture": "#shoulder-sling-plain-linen", "uv": [ 0.0, 0.0, 1.0, 2.5 ], "autoUv": false },
																						"down": { "texture": "#shoulder-sling-plain-linen", "uv": [ 0.0, 0.0, 1.0, 2.5 ], "autoUv": false }
																					}
																				}
																			]
																		}
																	]
																}
															]
														}
													]
												}
											]
										}
									]
								}
							]
						},
						{
							"name": "Bolt_point",
							"from": [ 0.2, 1.8, -0.8 ],
							"to": [ 0.2, 1.8, -0.8 ],
							"rotationOrigin": [ 0.2, 1.8, -0.8 ],
							"faces": {
								"north": { "texture": "#shoulder-sling-plain-weapon-metal", "uv": [ 0.0, 0.0, 0.5, 0.5 ], "autoUv": false },
								"east": { "texture": "#shoulder-sling-plain-weapon-metal", "uv": [ 0.0, 0.0, 0.5, 0.5 ], "autoUv": false },
								"south": { "texture": "#shoulder-sling-plain-weapon-metal", "uv": [ 0.0, 0.0, 0.5, 0.5 ], "autoUv": false },
								"west": { "texture": "#shoulder-sling-plain-weapon-metal", "uv": [ 0.0, 0.0, 0.5, 0.5 ], "autoUv": false },
								"up": { "texture": "#shoulder-sling-plain-weapon-metal", "uv": [ 0.0, 0.0, 0.5, 0.5 ], "autoUv": false },
								"down": { "texture": "#shoulder-sling-plain-weapon-metal", "uv": [ 0.0, 0.0, 0.5, 0.5 ], "autoUv": false }
							},
							"attachmentpoints": [
								{
									"code": "bolt",
									"posX": "0.0","posY": "0.0","posZ": "0.0",
									"rotationX": "0.0","rotationY": "90.0","rotationZ": "0.0"
								}
							]
						}
					]
				},
				{
					"name": "Sling_origin",
					"from": [ 4.0, 5.0, 0.0 ],
					"to": [ 4.0, 5.0, 0.0 ],
					"rotationOrigin": [ 4.0, 5.0, 0.0 ],
					"faces": {
						"north": { "texture": "#shoulder-sling-plain-material", "uv": [ 0.0, 0.0, 0.5, 0.5 ] },
						"east": { "texture": "#shoulder-sling-plain-material", "uv": [ 0.0, 0.0, 0.5, 0.5 ] },
						"south": { "texture": "#shoulder-sling-plain-material", "uv": [ 0.0, 0.0, 0.5, 0.5 ] },
						"west": { "texture": "#shoulder-sling-plain-material", "uv": [ 0.0, 0.0, 0.5, 0.5 ] },
						"up": { "texture": "#shoulder-sling-plain-material", "uv": [ 0.0, 0.0, 0.5, 0.5 ] },
						"down": { "texture": "#shoulder-sling-plain-material", "uv": [ 0.0, 0.0, 0.5, 0.5 ] }
					},
					"children": [
						{
							"name": "sling_0",
							"from": [ -4.6, 0.0, 0.1 ],
							"to": [ 1.2, 0.6, 0.6 ],
							"rotationOrigin": [ -4.6, 0.0, 0.1 ],
							"faces": {
								"north": { "texture": "#shoulder-sling-plain-material", "uv": [ 0.0, 0.0, 5.5, 0.5 ] },
								"east": { "texture": "#shoulder-sling-plain-material", "uv": [ 0.0, 0.0, 0.5, 0.5 ] },
								"south": { "texture": "#shoulder-sling-plain-material", "uv": [ 0.0, 0.0, 5.5, 0.5 ] },
								"west": { "texture": "#shoulder-sling-plain-material", "uv": [ 0.0, 0.0, 0.5, 0.5 ] },
								"up": { "texture": "#shoulder-sling-plain-material", "uv": [ 0.0, 0.0, 5.5, 0.5 ] },
								"down": { "texture": "#shoulder-sling-plain-material", "uv": [ 0.0, 0.0, 5.5, 0.5 ] }
							},
							"children": [
								{
									"name": "sling_2",
									"from": [ 0.0, 0.0, 0.0 ],
									"to": [ 5.0, 0.6, 0.5 ],
									"rotationOrigin": [ 0.0, 0.0, 0.5 ],
									"rotationX": 5.0,
									"rotationZ": -90.0,
									"faces": {
										"north": { "texture": "#shoulder-sling-plain-material", "uv": [ 0.0, 0.0, 5.0, 0.5 ] },
										"east": { "texture": "#shoulder-sling-plain-material", "uv": [ 0.0, 0.0, 0.5, 0.5 ] },
										"south": { "texture": "#shoulder-sling-plain-material", "uv": [ 0.0, 0.0, 5.0, 0.5 ] },
										"west": { "texture": "#shoulder-sling-plain-material", "uv": [ 0.0, 0.0, 0.5, 0.5 ] },
										"up": { "texture": "#shoulder-sling-plain-material", "uv": [ 0.0, 0.0, 5.0, 0.5 ] },
										"down": { "texture": "#shoulder-sling-plain-material", "uv": [ 0.0, 0.0, 5.0, 0.5 ] }
									},
									"children": [
										{
											"name": "sling_4",
											"from": [ 5.0, 0.0, 0.0 ],
											"to": [ 18.2, 0.6, 0.5 ],
											"rotationOrigin": [ 5.0, 0.0, 0.5 ],
											"rotationY": 1.0,
											"rotationZ": 34.9,
											"faces": {
												"north": { "texture": "#shoulder-sling-plain-material", "uv": [ 0.0, 0.0, 13.0, 0.5 ] },
												"east": { "texture": "#shoulder-sling-plain-material", "uv": [ 0.0, 0.0, 0.5, 0.5 ] },
												"south": { "texture": "#shoulder-sling-plain-material", "uv": [ 0.0, 0.0, 13.0, 0.5 ] },
												"west": { "texture": "#shoulder-sling-plain-material", "uv": [ 0.0, 0.0, 0.5, 0.5 ] },
												"up": { "texture": "#shoulder-sling-plain-material", "uv": [ 0.0, 0.0, 13.0, 0.5 ] },
												"down": { "texture": "#shoulder-sling-plain-material", "uv": [ 0.0, 0.0, 13.0, 0.5 ] }
											}
										}
									]
								}
							]
						},
						{
							"name": "sling_1",
							"from": [ 0.9, 0.1, -0.2 ],
							"to": [ 1.9, 0.4, 0.9 ],
							"rotationOrigin": [ 0.9, 0.1, -0.2 ],
							"faces": {
								"north": { "texture": "#shoulder-sling-plain-metal", "uv": [ 0.0, 0.0, 1.0, 0.5 ] },
								"east": { "texture": "#shoulder-sling-plain-metal", "uv": [ 0.0, 0.0, 1.0, 0.5 ] },
								"south": { "texture": "#shoulder-sling-plain-metal", "uv": [ 0.0, 0.0, 1.0, 0.5 ] },
								"west": { "texture": "#shoulder-sling-plain-metal", "uv": [ 0.0, 0.0, 1.0, 0.5 ] },
								"up": { "texture": "#shoulder-sling-plain-metal", "uv": [ 0.0, 0.0, 1.0, 1.0 ] },
								"down": { "texture": "#shoulder-sling-plain-metal", "uv": [ 0.0, 0.0, 1.0, 1.0 ] }
							}
						},
						{
							"name": "sling_3",
							"from": [ 2.9, -15.7, -1.8 ],
							"to": [ 3.9, -15.4, -0.7 ],
							"rotationOrigin": [ 2.9, -15.7, -1.8 ],
							"faces": {
								"north": { "texture": "#shoulder-sling-plain-metal", "uv": [ 0.0, 0.0, 1.0, 0.5 ] },
								"east": { "texture": "#shoulder-sling-plain-metal", "uv": [ 0.0, 0.0, 1.0, 0.5 ] },
								"south": { "texture": "#shoulder-sling-plain-metal", "uv": [ 0.0, 0.0, 1.0, 0.5 ] },
								"west": { "texture": "#shoulder-sling-plain-metal", "uv": [ 0.0, 0.0, 1.0, 0.5 ] },
								"up": { "texture": "#shoulder-sling-plain-metal", "uv": [ 0.0, 0.0, 1.0, 1.0 ] },
								"down": { "texture": "#shoulder-sling-plain-metal", "uv": [ 0.0, 0.0, 1.0, 1.0 ] }
							}
						}
					]
				}
			]
		}
	]}