{
	"editor": {
		"allAngles": false,
		"entityTextureMode": false
	},
	"textureWidth": 16,
	"textureHeight": 16,
	"textureSizes": {
		"bear": [96,128]
	},
	"textures": {
	},
	"elements": [
		{
			"name": "Cube4",
			"from": [ 4.0, 0.0, 4.0 ],
			"to": [ 12.0, 5.5, 12.0 ],
			"rotationOrigin": [ 8.0, 1.0, 8.0 ],
			"faces": {
				"up": { "texture": "#hide", "uv": [ 4.0, 4.0, 12.0, 12.0 ] },
				"down": { "texture": "#hide", "uv": [ 4.0, 4.0, 12.0, 12.0 ] }
			},
			"children": [
				{
					"name": "Cube1",
					"from": [ -1.0, 0.0, 0.0 ],
					"to": [ 0.0, 5.5, 8.0 ],
					"rotationOrigin": [ -1.0, 0.0, 0.0 ],
					"faces": {
						"north": { "texture": "#hide", "uv": [ 4.5, 6.0, 5.5, 11.5 ] },
						"south": { "texture": "#hide", "uv": [ 11.0, 6.0, 12.0, 11.5 ] },
						"west": { "texture": "#hide", "uv": [ 4.0, 7.0, 12.0, 12.5 ] },
						"up": { "texture": "#hide", "uv": [ 5.5, 4.0, 6.5, 12.0 ] },
						"down": { "texture": "#hide", "uv": [ 10.0, 4.5, 11.0, 12.5 ] }
					}
				},
				{
					"name": "Cube6",
					"from": [ 0.0, 0.0, 8.0 ],
					"to": [ 8.0, 5.5, 9.0 ],
					"rotationOrigin": [ 0.0, 0.0, 8.0 ],
					"faces": {
						"east": { "texture": "#hide", "uv": [ 4.5, 5.0, 5.5, 10.5 ] },
						"south": { "texture": "#hide", "uv": [ 4.0, 6.0, 12.0, 11.5 ] },
						"west": { "texture": "#hide", "uv": [ 11.0, 7.0, 12.0, 12.5 ] },
						"up": { "texture": "#hide", "uv": [ 4.5, 5.0, 12.5, 6.0 ] },
						"down": { "texture": "#hide", "uv": [ 4.5, 10.5, 12.5, 11.5 ] }
					}
				},
				{
					"name": "Cube7",
					"from": [ 0.0, 0.0, -1.0 ],
					"to": [ 8.0, 5.5, 0.0 ],
					"rotationOrigin": [ 0.0, 0.0, -1.0 ],
					"faces": {
						"north": { "texture": "#hide", "uv": [ 4.0, 5.0, 12.0, 10.5 ] },
						"east": { "texture": "#hide", "uv": [ 4.5, 5.0, 5.5, 10.5 ] },
						"west": { "texture": "#hide", "uv": [ 11.0, 4.0, 12.0, 9.5 ] },
						"up": { "texture": "#hide", "uv": [ 4.0, 4.5, 12.0, 5.5 ] },
						"down": { "texture": "#hide", "uv": [ 3.5, 11.5, 11.5, 12.5 ] }
					}
				},
				{
					"name": "Cube8",
					"from": [ 8.0, 0.0, 0.0 ],
					"to": [ 9.0, 5.5, 8.0 ],
					"rotationOrigin": [ 8.0, 0.0, 0.0 ],
					"faces": {
						"north": { "texture": "#hide", "uv": [ 11.0, 6.0, 12.0, 11.5 ] },
						"east": { "texture": "#hide", "uv": [ 4.0, 5.0, 12.0, 10.5 ] },
						"south": { "texture": "#hide", "uv": [ 4.0, 5.5, 5.0, 11.0 ] },
						"up": { "texture": "#hide", "uv": [ 6.0, 2.5, 7.0, 10.5 ] },
						"down": { "texture": "#hide", "uv": [ 8.0, 3.0, 9.0, 11.0 ] }
					}
				}
			]
		},
		{
			"name": "Cube5",
			"from": [ 5.0, 5.5, 5.0 ],
			"to": [ 11.0, 6.5, 11.0 ],
			"rotationOrigin": [ 9.0, 6.0, 9.0 ],
			"faces": {
				"up": { "texture": "#hide", "uv": [ 5.0, 5.0, 11.0, 11.0 ] }
			},
			"children": [
				{
					"name": "Cube9",
					"from": [ 0.0, 0.0, -1.0 ],
					"to": [ 6.0, 1.0, 0.0 ],
					"rotationOrigin": [ 0.0, 0.0, -1.0 ],
					"faces": {
						"north": { "texture": "#hide", "uv": [ 6.0, 3.5, 12.0, 4.5 ] },
						"east": { "texture": "#hide", "uv": [ 9.0, 5.5, 10.0, 6.5 ] },
						"west": { "texture": "#hide", "uv": [ 9.5, 5.0, 10.5, 6.0 ] },
						"up": { "texture": "#hide", "uv": [ 4.0, 5.0, 10.0, 6.0 ] }
					}
				},
				{
					"name": "Cube10",
					"from": [ 0.0, 0.0, 6.0 ],
					"to": [ 6.0, 1.0, 7.0 ],
					"rotationOrigin": [ 0.0, 0.0, 6.0 ],
					"faces": {
						"east": { "texture": "#hide", "uv": [ 11.0, 5.5, 12.0, 6.5 ] },
						"south": { "texture": "#hide", "uv": [ 5.0, 8.5, 11.0, 9.5 ] },
						"west": { "texture": "#hide", "uv": [ 6.5, 11.5, 7.5, 12.5 ] },
						"up": { "texture": "#hide", "uv": [ 3.5, 11.0, 9.5, 12.0 ] }
					}
				},
				{
					"name": "Cube11",
					"from": [ -1.0, 0.0, 0.0 ],
					"to": [ 0.0, 1.0, 6.0 ],
					"rotationOrigin": [ -1.0, 0.0, 0.0 ],
					"faces": {
						"north": { "texture": "#hide", "uv": [ 4.5, 11.0, 5.5, 12.0 ] },
						"south": { "texture": "#hide", "uv": [ 10.0, 7.0, 11.0, 8.0 ] },
						"west": { "texture": "#hide", "uv": [ 4.5, 7.0, 10.5, 8.0 ] },
						"up": { "texture": "#hide", "uv": [ 8.5, 5.5, 9.5, 11.5 ] }
					}
				},
				{
					"name": "Cube12",
					"from": [ 6.0, 0.0, 0.0 ],
					"to": [ 7.0, 1.0, 6.0 ],
					"rotationOrigin": [ 6.0, 0.0, 0.0 ],
					"faces": {
						"north": { "texture": "#hide", "uv": [ 10.0, 11.0, 11.0, 12.0 ] },
						"east": { "texture": "#hide", "uv": [ 5.5, 11.0, 11.5, 12.0 ] },
						"south": { "texture": "#hide", "uv": [ 6.0, 8.5, 7.0, 9.5 ] },
						"up": { "texture": "#hide", "uv": [ 7.5, 3.0, 8.5, 9.0 ] }
					}
				}
			]
		},
		{
			"name": "Cube13",
			"from": [ 6.0, 6.5, 6.0 ],
			"to": [ 10.0, 8.0, 10.0 ],
			"rotationOrigin": [ 10.0, 7.0, 10.0 ],
			"faces": {
				"north": { "texture": "#hide", "uv": [ 6.0, 6.0, 10.0, 7.5 ] },
				"east": { "texture": "#hide", "uv": [ 8.0, 8.5, 12.0, 10.0 ] },
				"south": { "texture": "#hide", "uv": [ 6.5, 6.0, 10.5, 7.5 ] },
				"west": { "texture": "#hide", "uv": [ 6.0, 8.0, 10.0, 9.5 ] },
				"up": { "texture": "#hide", "uv": [ 5.5, 6.5, 9.5, 10.5 ] }
			},
			"children": [
				{
					"name": "Cube14",
					"from": [ 0.0, 0.0, -1.0 ],
					"to": [ 4.0, 0.5, 0.0 ],
					"rotationOrigin": [ 0.0, 0.0, -1.0 ],
					"faces": {
						"north": { "texture": "#hide", "uv": [ 4.0, 4.5, 8.0, 5.0 ] },
						"east": { "texture": "#hide", "uv": [ 5.0, 6.5, 6.0, 7.0 ] },
						"west": { "texture": "#hide", "uv": [ 9.0, 9.0, 10.0, 9.5 ] },
						"up": { "texture": "#hide", "uv": [ 6.5, 10.5, 10.5, 11.5 ] }
					}
				},
				{
					"name": "Cube15",
					"from": [ 0.0, 0.0, 4.0 ],
					"to": [ 4.0, 0.5, 5.0 ],
					"rotationOrigin": [ 0.0, 0.0, 4.0 ],
					"faces": {
						"east": { "texture": "#hide", "uv": [ 8.5, 9.5, 9.5, 10.0 ] },
						"south": { "texture": "#hide", "uv": [ 7.5, 6.5, 11.5, 7.0 ] },
						"west": { "texture": "#hide", "uv": [ 8.5, 8.5, 9.5, 9.0 ] },
						"up": { "texture": "#hide", "uv": [ 6.0, 5.0, 10.0, 6.0 ] }
					}
				},
				{
					"name": "Cube16",
					"from": [ -1.0, 0.0, 0.0 ],
					"to": [ 0.0, 0.5, 4.0 ],
					"rotationOrigin": [ -1.0, 0.0, 0.0 ],
					"faces": {
						"north": { "texture": "#hide", "uv": [ 11.5, 5.0, 12.5, 5.5 ] },
						"south": { "texture": "#hide", "uv": [ 4.5, 6.5, 5.5, 7.0 ] },
						"west": { "texture": "#hide", "uv": [ 8.0, 12.0, 12.0, 12.5 ] },
						"up": { "texture": "#hide", "uv": [ 9.5, 5.5, 10.5, 9.5 ] }
					}
				},
				{
					"name": "Cube17",
					"from": [ 4.0, 0.0, 0.0 ],
					"to": [ 5.0, 0.5, 4.0 ],
					"rotationOrigin": [ 4.0, 0.0, 0.0 ],
					"faces": {
						"north": { "texture": "#hide", "uv": [ 8.5, 8.5, 9.5, 9.0 ] },
						"east": { "texture": "#hide", "uv": [ 6.5, 5.5, 10.5, 6.0 ] },
						"south": { "texture": "#hide", "uv": [ 9.0, 7.5, 10.0, 8.0 ] },
						"up": { "texture": "#hide", "uv": [ 4.5, 5.0, 5.5, 9.0 ] }
					}
				},
				{
					"name": "string",
					"from": [ -0.5, 1.0, -0.5 ],
					"to": [ 0.0, 1.5, 4.5 ],
					"rotationOrigin": [ -1.0, 1.0, 0.0 ],
					"faces": {
						"north": { "texture": "#string", "uv": [ 10.0, 8.5, 10.5, 9.0 ] },
						"south": { "texture": "#string", "uv": [ 5.0, 12.0, 5.5, 12.5 ] },
						"west": { "texture": "#string", "uv": [ 4.5, 8.5, 9.5, 9.0 ] },
						"up": { "texture": "#string", "uv": [ 6.5, 5.5, 7.0, 10.5 ] },
						"down": { "texture": "#string", "uv": [ 10.0, 6.5, 10.5, 11.5 ] }
					},
					"children": [
						{
							"name": "string17",
							"from": [ 4.5, 0.0, 0.0 ],
							"to": [ 5.0, 0.5, 5.0 ],
							"rotationOrigin": [ 4.5, 0.0, 0.5 ],
							"faces": {
								"north": { "texture": "#string", "uv": [ 8.5, 6.5, 9.0, 7.0 ] },
								"east": { "texture": "#string", "uv": [ 5.0, 5.5, 10.0, 6.0 ] },
								"south": { "texture": "#string", "uv": [ 9.5, 9.5, 10.0, 10.0 ] },
								"up": { "texture": "#string", "uv": [ 6.0, 7.0, 6.5, 12.0 ] },
								"down": { "texture": "#string", "uv": [ 8.5, 6.5, 9.0, 11.5 ] }
							}
						},
						{
							"name": "string18",
							"from": [ 0.5, 0.0, 0.0 ],
							"to": [ 4.5, 0.5, 0.5 ],
							"rotationOrigin": [ 0.5, 0.0, 0.5 ],
							"faces": {
								"north": { "texture": "#string", "uv": [ 5.0, 6.0, 9.0, 6.5 ] },
								"east": { "texture": "#string", "uv": [ 10.0, 9.0, 10.5, 9.5 ] },
								"west": { "texture": "#string", "uv": [ 9.5, 6.0, 10.0, 6.5 ] },
								"up": { "texture": "#string", "uv": [ 6.0, 8.5, 10.0, 9.0 ] },
								"down": { "texture": "#string", "uv": [ 5.5, 10.0, 9.5, 10.5 ] }
							}
						},
						{
							"name": "string19",
							"from": [ 0.5, 0.0, 4.5 ],
							"to": [ 4.5, 0.5, 5.0 ],
							"rotationOrigin": [ 0.5, 0.0, 5.5 ],
							"faces": {
								"east": { "texture": "#string", "uv": [ 6.5, 5.5, 7.0, 6.0 ] },
								"south": { "texture": "#string", "uv": [ 4.5, 5.5, 8.5, 6.0 ] },
								"west": { "texture": "#string", "uv": [ 9.5, 6.5, 10.0, 7.0 ] },
								"up": { "texture": "#string", "uv": [ 5.5, 8.0, 9.5, 8.5 ] },
								"down": { "texture": "#string", "uv": [ 5.5, 3.5, 9.5, 4.0 ] }
							}
						},
						{
							"name": "knot",
							"from": [ -0.5, 0.0, 2.35 ],
							"to": [ 0.0, 0.5, 2.85 ],
							"rotationOrigin": [ -1.0, 0.0, 2.0 ],
							"faces": {
								"north": { "texture": "#string", "uv": [ 8.0, 7.0, 8.5, 7.5 ] },
								"east": { "texture": "#string", "uv": [ 12.5, 11.5, 13.0, 12.0 ] },
								"south": { "texture": "#string", "uv": [ 6.0, 8.5, 6.5, 9.0 ] },
								"west": { "texture": "#string", "uv": [ 5.0, 5.0, 5.5, 5.5 ] },
								"up": { "texture": "#string", "uv": [ 5.0, 4.5, 5.5, 5.0 ] },
								"down": { "texture": "#string", "uv": [ 3.5, 8.5, 4.0, 9.0 ] }
							},
							"children": [
								{
									"name": "up",
									"from": [ -0.5, 0.0, 0.0 ],
									"to": [ 0.0, 0.5, 0.5 ],
									"renderPass": 2,
									"rotationOrigin": [ 0.0, 0.5, 0.0 ],
									"rotationZ": -22.5,
									"faces": {
										"up": { "texture": "#string", "uv": [ 5.5, 8.5, 6.0, 9.0 ] }
									}
								},
								{
									"name": "north",
									"from": [ -0.5, 0.0, 0.0 ],
									"to": [ 0.0, 0.5, 0.5 ],
									"renderPass": 2,
									"rotationOrigin": [ 0.0, 0.0, 0.0 ],
									"rotationY": -22.5,
									"faces": {
										"north": { "texture": "#string", "uv": [ 13.0, 7.0, 13.5, 7.5 ] }
									}
								},
								{
									"name": "down",
									"from": [ -0.5, 0.0, 0.0 ],
									"to": [ 0.0, 0.5, 0.5 ],
									"renderPass": 2,
									"rotationOrigin": [ 0.0, 0.0, 0.0 ],
									"rotationZ": 22.5,
									"faces": {
										"down": { "texture": "#string", "uv": [ 5.5, 8.0, 6.0, 8.5 ] }
									}
								},
								{
									"name": "south",
									"from": [ -0.5, 0.0, 0.0 ],
									"to": [ 0.0, 0.5, 0.5 ],
									"renderPass": 2,
									"rotationOrigin": [ 0.0, 0.0, 0.5 ],
									"rotationY": 22.5,
									"faces": {
										"south": { "texture": "#string", "uv": [ 10.5, 1.5, 11.0, 2.0 ] }
									}
								}
							]
						}
					]
				},
				{
					"name": "flair",
					"from": [ 0.0, 1.5, 0.0 ],
					"to": [ 4.0, 3.5, 1.0 ],
					"renderPass": 2,
					"rotationOrigin": [ 2.0, 1.5, 0.0 ],
					"faces": {
					},
					"children": [
						{
							"name": "flair21",
							"from": [ 0.0, 0.0, 3.0 ],
							"to": [ 4.0, 2.0, 4.0 ],
							"renderPass": 2,
							"renderInEditor": false,
							"rotationOrigin": [ 2.0, 0.0, 4.0 ],
							"rotationX": 22.5,
							"faces": {
								"south": { "texture": "#hide", "uv": [ 8.0, 3.0, 12.0, 5.0 ] }
							}
						},
						{
							"name": "flair22",
							"from": [ 0.0, 0.0, 0.0 ],
							"to": [ 1.0, 2.0, 4.0 ],
							"renderPass": 2,
							"rotationOrigin": [ 0.0, 0.0, 2.0 ],
							"rotationZ": 22.5,
							"faces": {
								"west": { "texture": "#hide", "uv": [ 5.5, 1.0, 9.5, 3.0 ] }
							}
						},
						{
							"name": "flair23",
							"from": [ 3.0, 0.0, 0.0 ],
							"to": [ 4.0, 2.0, 4.0 ],
							"renderPass": 2,
							"rotationOrigin": [ 4.0, 0.0, 2.0 ],
							"rotationZ": -22.5,
							"faces": {
								"east": { "texture": "#hide", "uv": [ 8.0, 2.5, 12.0, 4.5 ] }
							}
						},
						{
							"name": "flair24",
							"from": [ 0.0, 0.0, 0.0 ],
							"to": [ 4.0, 2.0, 1.0 ],
							"renderPass": 2,
							"rotationOrigin": [ 2.0, 0.0, 0.0 ],
							"rotationX": -22.5,
							"faces": {
								"north": { "texture": "#hide", "uv": [ 5.5, 1.5, 9.5, 3.5 ] }
							}
						}
					]
				}
			]
		},
		{
			"name": "ORIGINHEAD",
			"from": [ 4.8, 11.44, 9.4 ],
			"to": [ 12.3, 20.44, 15.4 ],
			"rotationOrigin": [ 8.3, 11.4, 9.4 ],
			"rotationX": 193.0,
			"rotationY": 180.0,
			"faces": {
			},
			"children": [
				{
					"name": "mouth",
					"from": [ 2.5, 0.2, 5.8 ],
					"to": [ 5.0, 1.7, 8.3 ],
					"rotationOrigin": [ 4.3, 1.7, 5.8 ],
					"rotationX": -10.0,
					"faces": {
						"north": { "texture": "#bear", "uv": [ 53.5, 13.5, 56.0, 15.0 ], "rotation": 180 },
						"east": { "texture": "#bear", "uv": [ 57.0, 15.0, 58.5, 17.5 ], "rotation": 90 },
						"south": { "texture": "#bear", "uv": [ 53.5, 18.5, 56.0, 20.0 ] },
						"west": { "texture": "#bear", "uv": [ 52.0, 15.0, 53.5, 17.5 ], "rotation": 270 },
						"up": { "texture": "#bear", "uv": [ 53.5, 15.0, 56.0, 17.5 ], "snapUv": false },
						"down": { "texture": "#bear", "uv": [ 59.0, 16.0, 61.5, 18.5 ] }
					},
					"children": [
						{
							"name": "nose",
							"from": [ 0.9, 0.7, 2.2 ],
							"to": [ 1.7, 1.7, 2.7 ],
							"rotationOrigin": [ 0.9, 0.7, 2.2 ],
							"faces": {
								"north": { "texture": "#bear", "uv": [ 85.0, 0.0, 85.5, 1.0 ], "rotation": 180 },
								"east": { "texture": "#bear", "uv": [ 85.5, 1.0, 86.5, 1.5 ], "rotation": 90 },
								"south": { "texture": "#bear", "uv": [ 85.0, 1.5, 85.5, 2.5 ] },
								"west": { "texture": "#bear", "uv": [ 84.0, 1.0, 85.0, 1.5 ], "rotation": 270 },
								"up": { "texture": "#bear", "uv": [ 85.0, 1.0, 85.5, 1.5 ] },
								"down": { "texture": "#bear", "uv": [ 86.5, 1.0, 87.0, 1.5 ] }
							}
						},
						{
							"name": "RMouthFlap",
							"from": [ -0.5, 0.0, 0.49 ],
							"to": [ 0.0, 0.5, 2.49 ],
							"rotationOrigin": [ 0.0, 0.5, 0.5 ],
							"rotationZ": 30.0,
							"faces": {
								"south": { "texture": "#bear", "uv": [ 51.0, 18.0, 51.5, 18.5 ], "rotation": 180 },
								"west": { "texture": "#bear", "uv": [ 51.5, 16.0, 52.0, 18.0 ], "rotation": 270 },
								"up": { "texture": "#bear", "uv": [ 52.0, 16.0, 52.5, 18.0 ] },
								"down": { "texture": "#bear", "uv": [ 51.0, 16.0, 51.5, 18.0 ] }
							}
						},
						{
							"name": "LMouthFlap",
							"from": [ 2.5, 0.0, 0.49 ],
							"to": [ 3.0, 0.5, 2.49 ],
							"rotationOrigin": [ 2.5, 0.5, 0.5 ],
							"rotationZ": -30.0,
							"faces": {
								"east": { "texture": "#bear", "uv": [ 51.5, 16.0, 52.0, 18.0 ], "rotation": 90 },
								"south": { "texture": "#bear", "uv": [ 51.0, 18.0, 51.5, 18.5 ] },
								"up": { "texture": "#bear", "uv": [ 51.0, 16.0, 51.5, 18.0 ] },
								"down": { "texture": "#bear", "uv": [ 52.0, 16.0, 52.5, 18.0 ] }
							}
						},
						{
							"name": "Rfang",
							"from": [ 0.3, -0.3, 2.2 ],
							"to": [ 0.6, 0.1, 2.4 ],
							"rotationOrigin": [ 0.3, -0.3, 2.2 ],
							"faces": {
								"north": { "texture": "#bear", "uv": [ 91.5, 123.0, 92.0, 123.5 ] },
								"east": { "texture": "#bear", "uv": [ 92.0, 123.0, 92.5, 123.5 ] },
								"south": { "texture": "#bear", "uv": [ 92.5, 123.0, 93.0, 123.5 ] },
								"west": { "texture": "#bear", "uv": [ 93.0, 123.0, 93.5, 123.5 ] },
								"down": { "texture": "#bear", "uv": [ 91.5, 122.5, 92.0, 123.0 ] }
							}
						},
						{
							"name": "Lfang",
							"from": [ 2.0, -0.3, 2.1 ],
							"to": [ 2.3, 0.1, 2.4 ],
							"rotationOrigin": [ 2.0, -0.3, 2.1 ],
							"faces": {
								"north": { "texture": "#bear", "uv": [ 92.0, 125.0, 92.5, 125.5 ] },
								"east": { "texture": "#bear", "uv": [ 92.5, 125.0, 93.0, 125.5 ] },
								"south": { "texture": "#bear", "uv": [ 93.0, 125.0, 93.5, 125.5 ] },
								"west": { "texture": "#bear", "uv": [ 93.5, 125.0, 94.0, 125.5 ] },
								"down": { "texture": "#bear", "uv": [ 92.0, 124.5, 92.5, 125.0 ] }
							}
						}
					]
				},
				{
					"name": "FaceLower",
					"from": [ 1.0, 0.0, 5.5 ],
					"to": [ 6.5, 2.0, 6.0 ],
					"rotationOrigin": [ 1.0, 3.0, 5.5 ],
					"rotationX": -9.0,
					"faces": {
						"north": { "texture": "#furside", "uv": [ 4.5, 13.0, 10.0, 15.0 ] },
						"east": { "texture": "#bear", "uv": [ 81.5, 30.0, 82.0, 32.0 ] },
						"south": { "texture": "#bear", "uv": [ 74.0, 30.0, 79.5, 32.0 ] },
						"west": { "texture": "#bear", "uv": [ 73.5, 30.0, 74.0, 32.0 ] },
						"up": { "texture": "#bear", "uv": [ 74.0, 29.5, 79.5, 30.0 ] },
						"down": { "texture": "#furside", "uv": [ 5.5, 15.5, 11.0, 16.0 ], "rotation": 180 }
					},
					"children": [
						{
							"name": "RFaceSide",
							"from": [ 0.0, 2.0, 0.0 ],
							"to": [ 1.0, 3.0, 0.5 ],
							"rotationOrigin": [ 0.0, 2.0, 0.0 ],
							"faces": {
								"north": { "texture": "#furside", "uv": [ 1.5, 14.5, 2.5, 15.5 ], "autoUv": false },
								"east": { "texture": "#bear", "uv": [ 75.0, 29.0, 75.5, 30.0 ] },
								"south": { "texture": "#bear", "uv": [ 74.0, 29.0, 75.0, 30.0 ] },
								"west": { "texture": "#bear", "uv": [ 73.5, 29.0, 74.0, 30.0 ] }
							}
						},
						{
							"name": "RFaceSide2",
							"from": [ 4.5, 2.0, 0.0 ],
							"to": [ 5.5, 3.0, 0.5 ],
							"rotationOrigin": [ 4.5, 2.0, 0.0 ],
							"faces": {
								"north": { "texture": "#furside", "uv": [ 4.0, 15.0, 5.0, 16.0 ] },
								"east": { "texture": "#bear", "uv": [ 81.5, 29.0, 82.0, 30.0 ] },
								"south": { "texture": "#bear", "uv": [ 80.5, 29.0, 81.5, 30.0 ] },
								"west": { "texture": "#bear", "uv": [ 80.0, 29.0, 80.5, 30.0 ] }
							}
						},
						{
							"name": "FaceCenter",
							"from": [ 2.0, 2.0, 0.0 ],
							"to": [ 3.5, 3.0, 0.5 ],
							"rotationOrigin": [ 2.0, 2.0, 0.0 ],
							"faces": {
								"north": { "texture": "#furside", "uv": [ 2.0, 13.0, 3.5, 14.0 ], "windMode": [-1,-1,-1,-1] },
								"east": { "texture": "#bear", "uv": [ 79.0, 28.5, 79.5, 29.5 ] },
								"south": { "texture": "#bear", "uv": [ 76.5, 28.5, 78.0, 29.5 ] },
								"west": { "texture": "#bear", "uv": [ 76.0, 28.5, 76.5, 29.5 ] }
							}
						}
					]
				},
				{
					"name": "TopHead",
					"from": [ 1.0, 3.0, 1.0 ],
					"to": [ 6.5, 3.5, 6.0 ],
					"rotationOrigin": [ 1.0, 3.0, 1.0 ],
					"faces": {
						"north": { "texture": "#bear", "uv": [ 74.0, 21.5, 79.5, 22.0 ], "rotation": 180 },
						"east": { "texture": "#bear", "uv": [ 81.5, 22.0, 82.0, 27.0 ], "rotation": 90 },
						"south": { "texture": "#bear", "uv": [ 74.0, 28.0, 79.5, 28.5 ] },
						"west": { "texture": "#bear", "uv": [ 73.5, 22.0, 74.0, 27.0 ], "rotation": 270 },
						"up": { "texture": "#bear", "uv": [ 74.0, 22.0, 79.5, 27.0 ] },
						"down": { "texture": "#furside", "uv": [ 12.0, 13.0, 4.5, 7.0 ], "autoUv": false, "windMode": [-1,-1,-1,-1] }
					},
					"children": [
						{
							"name": "R ear",
							"from": [ -0.5, 0.5, 2.0 ],
							"to": [ 1.5, 2.0, 3.0 ],
							"rotationOrigin": [ 2.5, 0.5, 2.5 ],
							"rotationZ": 13.5,
							"faces": {
								"north": { "texture": "#bear", "uv": [ 4.5, 1.5, 6.5, 3.0 ] },
								"east": { "texture": "#bear", "uv": [ 3.5, 1.5, 4.5, 3.0 ] },
								"south": { "texture": "#bear", "uv": [ 1.5, 1.5, 3.5, 3.0 ] },
								"west": { "texture": "#bear", "uv": [ 0.5, 1.5, 1.5, 3.0 ] },
								"up": { "texture": "#bear", "uv": [ 1.5, 0.5, 3.5, 1.5 ] }
							}
						},
						{
							"name": "L ear",
							"from": [ 3.8, 0.3, 2.0 ],
							"to": [ 5.8, 1.8, 3.0 ],
							"rotationOrigin": [ 3.8, 0.3, 2.5 ],
							"rotationZ": -13.5,
							"faces": {
								"north": { "texture": "#bear", "uv": [ 4.5, 7.0, 6.5, 8.5 ] },
								"east": { "texture": "#bear", "uv": [ 3.5, 7.0, 4.5, 8.5 ] },
								"south": { "texture": "#bear", "uv": [ 1.5, 7.0, 3.5, 8.5 ] },
								"west": { "texture": "#bear", "uv": [ 0.5, 7.0, 1.5, 8.5 ] },
								"up": { "texture": "#bear", "uv": [ 1.5, 6.0, 3.5, 7.0 ] }
							}
						}
					]
				},
				{
					"name": "Lheadside",
					"from": [ 1.0, 0.0, 1.0 ],
					"to": [ 1.5, 3.0, 6.0 ],
					"rotationOrigin": [ 1.5, 3.0, 1.0 ],
					"rotationZ": -12.0,
					"faces": {
						"north": { "texture": "#bear", "uv": [ 71.0, 28.0, 74.0, 28.5 ], "rotation": 90, "windMode": [-1,-1,-1,-1] },
						"east": { "texture": "#furside", "uv": [ 1.5, 7.0, 4.5, 12.0 ], "rotation": 270 },
						"south": { "texture": "#bear", "uv": [ 71.0, 21.5, 74.0, 22.0 ], "rotation": 90, "windMode": [-1,-1,-1,-1] },
						"west": { "texture": "#bear", "uv": [ 71.0, 22.0, 74.0, 27.0 ], "rotation": 90 },
						"down": { "texture": "#furside", "uv": [ 1.0, 7.0, 1.5, 12.0 ], "rotation": 180, "windMode": [-1,-1,-1,-1] }
					},
					"children": [
						{
							"name": "RsideFlap1",
							"from": [ -1.0, 0.0, 0.0 ],
							"to": [ 0.0, 0.5, 5.0 ],
							"rotationOrigin": [ 0.0, 0.5, 0.0 ],
							"rotationZ": 21.0,
							"faces": {
								"north": { "texture": "#bear", "uv": [ 70.0, 22.0, 71.0, 22.5 ], "rotation": 180 },
								"south": { "texture": "#bear", "uv": [ 70.0, 27.5, 71.0, 28.0 ] },
								"west": { "texture": "#bear", "uv": [ 69.5, 22.5, 70.0, 27.5 ], "rotation": 270 },
								"up": { "texture": "#bear", "uv": [ 70.0, 22.5, 71.0, 27.5 ] },
								"down": { "texture": "#furside", "uv": [ 0.0, 7.5, 1.0, 12.5 ] }
							},
							"children": [
								{
									"name": "RsideFlap2",
									"from": [ -1.0, 0.0, 1.0 ],
									"to": [ 0.0, 0.5, 4.0 ],
									"rotationOrigin": [ 0.0, 0.0, 1.0 ],
									"rotationZ": -8.0,
									"faces": {
										"north": { "texture": "#bear", "uv": [ 69.0, 23.0, 70.0, 23.5 ], "rotation": 180 },
										"south": { "texture": "#bear", "uv": [ 69.0, 26.5, 70.0, 27.0 ] },
										"west": { "texture": "#bear", "uv": [ 68.5, 23.5, 69.0, 26.5 ], "rotation": 270 },
										"up": { "texture": "#bear", "uv": [ 69.0, 23.5, 70.0, 26.5 ] },
										"down": { "texture": "#furside", "uv": [ 0.0, 13.0, 1.0, 16.0 ], "autoUv": false, "windMode": [-1,-1,-1,-1] }
									}
								}
							]
						}
					]
				},
				{
					"name": "Lheadside2",
					"from": [ 6.0, 0.0, 1.0 ],
					"to": [ 6.5, 3.0, 6.0 ],
					"rotationOrigin": [ 6.0, 3.0, 1.0 ],
					"rotationZ": 13.0,
					"faces": {
						"north": { "texture": "#bear", "uv": [ 83.5, 29.5, 86.5, 30.0 ], "rotation": 90, "windMode": [-1,-1,-1,-1] },
						"east": { "texture": "#bear", "uv": [ 83.5, 23.5, 86.5, 28.5 ], "rotation": 270 },
						"south": { "texture": "#bear", "uv": [ 83.5, 23.0, 86.5, 23.5 ], "rotation": 90, "windMode": [-1,-1,-1,-1] },
						"west": { "texture": "#furside", "uv": [ 11.5, 7.0, 14.5, 12.0 ], "rotation": 90 },
						"down": { "texture": "#furside", "uv": [ 14.5, 7.0, 15.0, 12.0 ], "rotation": 180 }
					},
					"children": [
						{
							"name": "LsideFlap1",
							"from": [ 0.5, 0.0, 0.0 ],
							"to": [ 1.5, 0.5, 5.0 ],
							"rotationOrigin": [ 0.5, 0.5, 0.0 ],
							"rotationZ": -23.0,
							"faces": {
								"north": { "texture": "#bear", "uv": [ 86.5, 23.5, 87.5, 24.0 ], "rotation": 180 },
								"east": { "texture": "#bear", "uv": [ 87.5, 24.0, 88.0, 29.0 ], "rotation": 90 },
								"south": { "texture": "#bear", "uv": [ 86.5, 29.0, 87.5, 29.5 ] },
								"up": { "texture": "#bear", "uv": [ 86.5, 24.0, 87.5, 29.0 ] },
								"down": { "texture": "#furside", "uv": [ 15.0, 7.5, 16.0, 12.5 ], "windMode": [-1,-1,-1,-1] }
							},
							"children": [
								{
									"name": "LsideFlap2",
									"from": [ 1.0, 0.0, 0.5 ],
									"to": [ 2.0, 0.5, 4.0 ],
									"rotationOrigin": [ 1.0, 0.0, 0.5 ],
									"rotationZ": 9.0,
									"faces": {
										"north": { "texture": "#bear", "uv": [ 88.0, 22.5, 89.0, 23.0 ], "rotation": 180 },
										"east": { "texture": "#bear", "uv": [ 89.0, 23.0, 89.5, 26.5 ], "rotation": 90 },
										"south": { "texture": "#bear", "uv": [ 88.0, 26.5, 89.0, 27.0 ] },
										"up": { "texture": "#bear", "uv": [ 88.0, 23.0, 89.0, 26.5 ] },
										"down": { "texture": "#furside", "uv": [ 15.0, 12.5, 16.0, 16.0 ], "windMode": [-1,-1,-1,-1] }
									}
								}
							]
						}
					]
				}
			]
		}
	],
	"animations": [
		{
			"name": "Idle",
			"code": "idle",
			"quantityframes": 30,
			"onActivityStopped": "EaseOut",
			"onAnimationEnd": "Repeat",
			"keyframes": [
				{
					"frame": 0,
					"elements": {
						"ORIGINHEAD": { "rotationX": 0.0, "rotationY": 0.0, "rotationZ": 0.0 }
					}
				},
				{
					"frame": 15,
					"elements": {
						"ORIGINHEAD": { "rotationX": -1.0, "rotationY": 0.0, "rotationZ": 0.0 }
					}
				}
			]
		},

		{
			"name": "Walk",
			"code": "walk",
			"quantityframes": 31,
			"onActivityStopped": "EaseOut",
			"onAnimationEnd": "Repeat",
			"keyframes": [
				{
					"frame": 4,
					"elements": {
						"ORIGINHEAD": { "rotationX": -17.0, "rotationY": 0.0, "rotationZ": 0.0 }
					}
				}
			]
		},

		{
			"name": "Run",
			"code": "run",
			"quantityframes": 30,
			"onActivityStopped": "EaseOut",
			"onAnimationEnd": "Repeat",
			"keyframes": [
				{
					"frame": 0,
					"elements": {
						"ORIGINHEAD": { "offsetX": 0.0, "offsetY": -0.1, "offsetZ": 0.0, "rotationX": 5.0, "rotationY": 0.0, "rotationZ": 0.0 }
					}
				},
				{
					"frame": 15,
					"elements": {
						"ORIGINHEAD": { "offsetX": 0.0, "offsetY": -0.1, "offsetZ": 0.0, "rotationX": -10.0, "rotationY": 0.0, "rotationZ": 0.0 }
					}
				}
			]
		},

		{
			"name": "Attack",
			"code": "attack",
			"quantityframes": 30,
			"onActivityStopped": "PlayTillEnd",
			"onAnimationEnd": "Stop",
			"keyframes": [
				{
					"frame": 0,
					"elements": {
						"ORIGINHEAD": { "rotationX": 0.0, "rotationY": 0.0, "rotationZ": 0.0 }
					}
				},
				{
					"frame": 8,
					"elements": {
						"ORIGINHEAD": { "rotationX": 22.0, "rotationY": 19.0, "rotationZ": 0.0 }
					}
				},
				{
					"frame": 14,
					"elements": {
						"ORIGINHEAD": { "rotationX": 6.0, "rotationY": -28.0, "rotationZ": 0.0 }
					}
				}
			]
		},

		{
			"name": "Stand",
			"code": "stand",
			"quantityframes": 140,
			"onActivityStopped": "EaseOut",
			"onAnimationEnd": "Stop",
			"keyframes": [
				{
					"frame": 0,
					"elements": {
						"ORIGINHEAD": { "offsetX": 0.0, "offsetY": 0.0, "offsetZ": 0.0, "rotationX": 0.0, "rotationY": 0.0, "rotationZ": 0.0 }
					}
				},
				{
					"frame": 20,
					"elements": {
						"ORIGINHEAD": { "rotationX": 53.0, "rotationY": 0.0, "rotationZ": 0.0 }
					}
				},
				{
					"frame": 30,
					"elements": {
						"ORIGINHEAD": { "offsetX": 0.0, "offsetY": 1.0, "offsetZ": 2.0 }
					}
				},
				{
					"frame": 35,
					"elements": {
						"ORIGINHEAD": { "rotationX": 36.0, "rotationY": 0.0, "rotationZ": 0.0 }
					}
				},
				{
					"frame": 45,
					"elements": {
						"ORIGINHEAD": { "offsetX": 0.0, "offsetY": 1.0, "offsetZ": 2.0, "rotationX": 36.0, "rotationY": 0.0, "rotationZ": 0.0 }
					}
				},
				{
					"frame": 55,
					"elements": {
						"ORIGINHEAD": { "offsetX": 0.0, "offsetY": 1.0, "offsetZ": 2.0 }
					}
				},
				{
					"frame": 65,
					"elements": {
						"ORIGINHEAD": { "offsetX": 0.0, "offsetY": 1.0, "offsetZ": 2.0 }
					}
				},
				{
					"frame": 85,
					"elements": {
						"ORIGINHEAD": { "offsetX": 0.0, "offsetY": 1.0, "offsetZ": 2.0, "rotationX": 36.0, "rotationY": 0.0, "rotationZ": 0.0 }
					}
				},
				{
					"frame": 105,
					"elements": {
						"ORIGINHEAD": { "offsetX": 0.0, "offsetY": 1.0, "offsetZ": 2.0, "rotationX": 36.0, "rotationY": 0.0, "rotationZ": 0.0 }
					}
				}
			]
		},

		{
			"name": "Sit",
			"code": "sit",
			"quantityframes": 30,
			"onActivityStopped": "EaseOut",
			"onAnimationEnd": "Repeat",
			"keyframes": [
				{
					"frame": 0,
					"elements": {
						"ORIGINHEAD": { "offsetX": 0.0, "offsetY": -1.0, "offsetZ": 0.0, "rotationX": -17.0, "rotationY": 0.0, "rotationZ": 0.0 }
					}
				},
				{
					"frame": 15,
					"elements": {
						"ORIGINHEAD": { "offsetX": 0.0, "offsetY": -1.0, "offsetZ": 0.0, "rotationX": -17.0, "rotationY": 0.0, "rotationZ": 0.0 }
					}
				}
			]
		},

		{
			"name": "Sleep",
			"code": "sleep",
			"quantityframes": 30,
			"onActivityStopped": "EaseOut",
			"onAnimationEnd": "Repeat",
			"keyframes": [
				{
					"frame": 0,
					"elements": {
						"ORIGINHEAD": { "offsetX": -0.2, "offsetY": 1.0, "offsetZ": 0.0, "rotationX": 17.0, "rotationY": 19.0, "rotationZ": 13.0 }
					}
				},
				{
					"frame": 15,
					"elements": {
						"ORIGINHEAD": { "offsetX": -0.2, "offsetY": 1.0, "offsetZ": 0.0, "rotationX": 17.0, "rotationY": 19.0, "rotationZ": 13.0 }
					}
				}
			]
		},

		{
			"name": "Lie",
			"code": "lie",
			"quantityframes": 30,
			"onActivityStopped": "EaseOut",
			"onAnimationEnd": "Repeat",
			"keyframes": [
				{
					"frame": 0,
					"elements": {
						"ORIGINHEAD": { "offsetX": -0.2, "offsetY": 0.5, "offsetZ": 0.0, "rotationX": 17.0, "rotationY": 3.0, "rotationZ": 3.0 }
					}
				},
				{
					"frame": 15,
					"elements": {
						"ORIGINHEAD": { "offsetX": -0.2, "offsetY": 0.5, "offsetZ": 0.0, "rotationX": 17.0, "rotationY": 3.0, "rotationZ": 3.0 }
					}
				}
			]
		},

		{
			"name": "Eat",
			"code": "eat",
			"quantityframes": 60,
			"onActivityStopped": "EaseOut",
			"onAnimationEnd": "Repeat",
			"keyframes": [
				{
					"frame": 0,
					"elements": {
						"ORIGINHEAD": { "offsetX": -0.2, "offsetY": 0.5, "offsetZ": 0.0, "rotationX": 22.0, "rotationY": 3.0, "rotationZ": 3.0 }
					}
				},
				{
					"frame": 10,
					"elements": {
						"ORIGINHEAD": { "offsetX": -0.2, "offsetY": 0.5, "offsetZ": 0.0, "rotationX": 8.0, "rotationY": 3.0, "rotationZ": 3.0 }
					}
				},
				{
					"frame": 25,
					"elements": {
						"ORIGINHEAD": { "offsetX": -0.2, "offsetY": 0.5, "offsetZ": 0.0, "rotationX": 11.0, "rotationY": 3.0, "rotationZ": 3.0 }
					}
				},
				{
					"frame": 30,
					"elements": {
						"ORIGINHEAD": { "offsetX": -0.2, "offsetY": 0.5, "offsetZ": 0.0, "rotationX": 25.0, "rotationY": 3.0, "rotationZ": 3.0 }
					}
				}
			]
		},

		{
			"name": "Climb",
			"code": "climb",
			"quantityframes": 31,
			"onActivityStopped": "EaseOut",
			"onAnimationEnd": "Repeat",
			"keyframes": [
				{
					"frame": 4,
					"elements": {
						"ORIGINHEAD": { "rotationX": -17.0, "rotationY": 0.0, "rotationZ": 0.0 }
					}
				}
			]
		},

		{
			"name": "Swim",
			"code": "swim",
			"quantityframes": 40,
			"onActivityStopped": "Rewind",
			"onAnimationEnd": "Repeat",
			"keyframes": [
				{
					"frame": 0,
					"elements": {
						"ORIGINHEAD": { "offsetX": 0.0, "offsetY": 0.0, "offsetZ": 0.25, "rotationX": -3.0, "rotationY": 0.0, "rotationZ": 3.0 }
					}
				},
				{
					"frame": 20,
					"elements": {
						"ORIGINHEAD": { "offsetX": 0.0, "offsetY": 0.0, "offsetZ": 0.25, "rotationX": -3.0, "rotationY": 0.0, "rotationZ": -3.0 }
					}
				}
			]
		},

		{
			"name": "Die",
			"code": "die",
			"quantityframes": 90,
			"onActivityStopped": "EaseOut",
			"onAnimationEnd": "Hold",
			"keyframes": [
				{
					"frame": 0,
					"elements": {
						"ORIGINHEAD": { "offsetX": 0.0, "offsetY": 0.0, "offsetZ": 0.0, "rotationX": 0.0, "rotationY": 0.0, "rotationZ": 0.0 }
					}
				},
				{
					"frame": 3,
					"elements": {
						"ORIGINHEAD": { "offsetX": 0.0, "offsetY": 0.0, "offsetZ": 0.0, "rotationX": 0.0, "rotationY": 0.0, "rotationZ": 0.0 }
					}
				},
				{
					"frame": 40,
					"elements": {
						"ORIGINHEAD": { "offsetX": 0.0, "offsetY": 0.0, "offsetZ": 0.0, "rotationX": 0.0, "rotationY": 0.0, "rotationZ": 0.0 }
					}
				},
				{
					"frame": 50,
					"elements": {
						"ORIGINHEAD": { "rotationX": -3.0, "rotationY": -5.0, "rotationZ": 0.0 }
					}
				},
				{
					"frame": 55,
					"elements": {
						"ORIGINHEAD": { "offsetX": 0.0, "offsetY": 0.0, "offsetZ": 0.0, "rotationX": 14.0, "rotationY": -11.0, "rotationZ": 0.0 }
					}
				},
				{
					"frame": 89,
					"elements": {
						"ORIGINHEAD": { "offsetX": 0.0, "offsetY": 0.0, "offsetZ": 0.0, "rotationX": 14.0, "rotationY": -11.0, "rotationZ": 0.0 }
					}
				}
			]
		},

		{
			"name": "Hurt",
			"code": "hurt",
			"quantityframes": 30,
			"onActivityStopped": "EaseOut",
			"onAnimationEnd": "Stop",
			"keyframes": [
				{
					"frame": 0,
					"elements": {
						"ORIGINHEAD": { "offsetX": 0.0, "offsetY": 0.0, "offsetZ": 0.0, "rotationX": 0.0, "rotationY": 0.0, "rotationZ": 0.0 }
					}
				},
				{
					"frame": 3,
					"elements": {
						"ORIGINHEAD": { "offsetX": 0.0, "offsetY": 0.0, "offsetZ": 0.0, "rotationX": 0.0, "rotationY": 0.0, "rotationZ": 0.0 }
					}
				},
				{
					"frame": 25,
					"elements": {
						"ORIGINHEAD": { "offsetX": 0.0, "offsetY": 0.0, "offsetZ": 0.0, "rotationX": 0.0, "rotationY": 0.0, "rotationZ": 0.0 }
					}
				}
			]
		}
	]
}