﻿{
  "code": "frontbag",
  "enabled": true,
  "class": "Item",
  "tags": [],
  "variantgroups": [{ "code": "category", "states": ["front"] }, { "code": "subtype", "states": ["pouch"] }, { "code": "type", "states": ["flute"] }],
  "shape": { "base": "quiversandsheaths:flutecase/empty/flute" },
  "texturesByType": { "*": { "seraph": { "base": "game:block/transparent" } } },
  "storageFlags": 128,
  "behaviors": [
    {
      "name": "QuiversAndSheaths:Sheath",
      "properties": {
        "toolSlot": { "slotColor": "#61c8ff", "canHoldWildcards": ["game:instrument-flute1"], "canHoldItemTags": ["flute"], "slotsIcon": "quiversandsheaths:flute", "SlotBackpackCategory": "weapon-tool" },
        "takeOutColor": "#999999",
        "hotkey": { "hotkeyCode": "quiversandsheaths-swap-tool", "hotkeyName": "(CO) Swap tool", "hotkeyKey": "R" },
        "takeOutSlotIcon": "quiversandsheaths:takeout"
      }
    },
    {
      "name": "QuiversAndSheaths:ShapeTexturesFromAttributes",
      "properties": {
        "addOverlayPrefix": false,
        "shape": {
          "right_slot-*::right_slot_state-empty": { "base": "quiversandsheaths:flutecase/{right_slot_state}/flute" },
          "right_slot-*::right_slot_state-*": { "base": "quiversandsheaths:flutecase/{right_slot_state}/flute" },
          "*": { "base": "quiversandsheaths:flutecase/empty/flute" }
        },
        "textures": { "metal-*::cloth-*": { "flutecase-cloth": { "base": "game:block/cloth/linen/{cloth}" }, "flutecase-metal": { "base": "game:block/metal/plate/{metal}" } } }
      }
    },
    {
      "name": "QuiversAndSheaths:ShapeReplacement",
      "properties": {
        "addOverlayPrefix": false,
        "renderTargets": ["Gui", "HandTp", "HandTpOff", "Ground"],
        "shape": { "*": { "base": "quiversandsheaths:gui/flutecase" } },
        "textures": { "metal-*::cloth-*": { "flutecase-cloth": { "base": "game:block/cloth/linen/{cloth}" }, "flutecase-metal": { "base": "game:block/metal/plate/{metal}" } } }
      }
    },
    { "name": "CombatOverhaul:GoesIntoSlotsInfo" }
  ],
  "attributes": { "wearableAttachment": true, "clothescategories": ["frontgear"], "warmthByType": { "*": 0 }, "handbook": { "groupBy": ["frontbag-{category}-{subtype}-{type}"] } },
  "creativeinventory": { "general": ["*"], "quiversandsheaths": ["*"] },
  "creativeinventoryStacks": [
    {
      "tabs": ["quiversandsheaths-colors"],
      "stacks": [
        { "type": "item", "code": "frontbag-{category}-{subtype}-{type}" },
        { "type": "item", "code": "frontbag-{category}-{subtype}-{type}", "attributes": { "types": { "cloth": "plain", "metal": "brass" } } },
        { "type": "item", "code": "frontbag-{category}-{subtype}-{type}", "attributes": { "types": { "cloth": "orange", "metal": "brass" } } },
        { "type": "item", "code": "frontbag-{category}-{subtype}-{type}", "attributes": { "types": { "cloth": "black", "metal": "brass" } } },
        { "type": "item", "code": "frontbag-{category}-{subtype}-{type}", "attributes": { "types": { "cloth": "red", "metal": "brass" } } },
        { "type": "item", "code": "frontbag-{category}-{subtype}-{type}", "attributes": { "types": { "cloth": "blue", "metal": "brass" } } },
        { "type": "item", "code": "frontbag-{category}-{subtype}-{type}", "attributes": { "types": { "cloth": "purple", "metal": "brass" } } },
        { "type": "item", "code": "frontbag-{category}-{subtype}-{type}", "attributes": { "types": { "cloth": "pink", "metal": "brass" } } },
        { "type": "item", "code": "frontbag-{category}-{subtype}-{type}", "attributes": { "types": { "cloth": "white", "metal": "brass" } } },
        { "type": "item", "code": "frontbag-{category}-{subtype}-{type}", "attributes": { "types": { "cloth": "yellow", "metal": "brass" } } },
        { "type": "item", "code": "frontbag-{category}-{subtype}-{type}", "attributes": { "types": { "cloth": "gray", "metal": "brass" } } },
        { "type": "item", "code": "frontbag-{category}-{subtype}-{type}", "attributes": { "types": { "cloth": "green", "metal": "brass" } } },
        { "type": "item", "code": "frontbag-{category}-{subtype}-{type}", "attributes": { "types": { "cloth": "plain", "metal": "copper" } } },
        { "type": "item", "code": "frontbag-{category}-{subtype}-{type}", "attributes": { "types": { "cloth": "orange", "metal": "copper" } } },
        { "type": "item", "code": "frontbag-{category}-{subtype}-{type}", "attributes": { "types": { "cloth": "black", "metal": "copper" } } },
        { "type": "item", "code": "frontbag-{category}-{subtype}-{type}", "attributes": { "types": { "cloth": "red", "metal": "copper" } } },
        { "type": "item", "code": "frontbag-{category}-{subtype}-{type}", "attributes": { "types": { "cloth": "blue", "metal": "copper" } } },
        { "type": "item", "code": "frontbag-{category}-{subtype}-{type}", "attributes": { "types": { "cloth": "purple", "metal": "copper" } } },
        { "type": "item", "code": "frontbag-{category}-{subtype}-{type}", "attributes": { "types": { "cloth": "pink", "metal": "copper" } } },
        { "type": "item", "code": "frontbag-{category}-{subtype}-{type}", "attributes": { "types": { "cloth": "white", "metal": "copper" } } },
        { "type": "item", "code": "frontbag-{category}-{subtype}-{type}", "attributes": { "types": { "cloth": "yellow", "metal": "copper" } } },
        { "type": "item", "code": "frontbag-{category}-{subtype}-{type}", "attributes": { "types": { "cloth": "gray", "metal": "copper" } } },
        { "type": "item", "code": "frontbag-{category}-{subtype}-{type}", "attributes": { "types": { "cloth": "green", "metal": "copper" } } },
        { "type": "item", "code": "frontbag-{category}-{subtype}-{type}", "attributes": { "types": { "cloth": "plain", "metal": "tinbronze" } } },
        { "type": "item", "code": "frontbag-{category}-{subtype}-{type}", "attributes": { "types": { "cloth": "orange", "metal": "tinbronze" } } },
        { "type": "item", "code": "frontbag-{category}-{subtype}-{type}", "attributes": { "types": { "cloth": "black", "metal": "tinbronze" } } },
        { "type": "item", "code": "frontbag-{category}-{subtype}-{type}", "attributes": { "types": { "cloth": "red", "metal": "tinbronze" } } },
        { "type": "item", "code": "frontbag-{category}-{subtype}-{type}", "attributes": { "types": { "cloth": "blue", "metal": "tinbronze" } } },
        { "type": "item", "code": "frontbag-{category}-{subtype}-{type}", "attributes": { "types": { "cloth": "purple", "metal": "tinbronze" } } },
        { "type": "item", "code": "frontbag-{category}-{subtype}-{type}", "attributes": { "types": { "cloth": "pink", "metal": "tinbronze" } } },
        { "type": "item", "code": "frontbag-{category}-{subtype}-{type}", "attributes": { "types": { "cloth": "white", "metal": "tinbronze" } } },
        { "type": "item", "code": "frontbag-{category}-{subtype}-{type}", "attributes": { "types": { "cloth": "yellow", "metal": "tinbronze" } } },
        { "type": "item", "code": "frontbag-{category}-{subtype}-{type}", "attributes": { "types": { "cloth": "gray", "metal": "tinbronze" } } },
        { "type": "item", "code": "frontbag-{category}-{subtype}-{type}", "attributes": { "types": { "cloth": "green", "metal": "tinbronze" } } },
        { "type": "item", "code": "frontbag-{category}-{subtype}-{type}", "attributes": { "types": { "cloth": "plain", "metal": "bismuthbronze" } } },
        { "type": "item", "code": "frontbag-{category}-{subtype}-{type}", "attributes": { "types": { "cloth": "orange", "metal": "bismuthbronze" } } },
        { "type": "item", "code": "frontbag-{category}-{subtype}-{type}", "attributes": { "types": { "cloth": "black", "metal": "bismuthbronze" } } },
        { "type": "item", "code": "frontbag-{category}-{subtype}-{type}", "attributes": { "types": { "cloth": "red", "metal": "bismuthbronze" } } },
        { "type": "item", "code": "frontbag-{category}-{subtype}-{type}", "attributes": { "types": { "cloth": "blue", "metal": "bismuthbronze" } } },
        { "type": "item", "code": "frontbag-{category}-{subtype}-{type}", "attributes": { "types": { "cloth": "purple", "metal": "bismuthbronze" } } },
        { "type": "item", "code": "frontbag-{category}-{subtype}-{type}", "attributes": { "types": { "cloth": "pink", "metal": "bismuthbronze" } } },
        { "type": "item", "code": "frontbag-{category}-{subtype}-{type}", "attributes": { "types": { "cloth": "white", "metal": "bismuthbronze" } } },
        { "type": "item", "code": "frontbag-{category}-{subtype}-{type}", "attributes": { "types": { "cloth": "yellow", "metal": "bismuthbronze" } } },
        { "type": "item", "code": "frontbag-{category}-{subtype}-{type}", "attributes": { "types": { "cloth": "gray", "metal": "bismuthbronze" } } },
        { "type": "item", "code": "frontbag-{category}-{subtype}-{type}", "attributes": { "types": { "cloth": "green", "metal": "bismuthbronze" } } },
        { "type": "item", "code": "frontbag-{category}-{subtype}-{type}", "attributes": { "types": { "cloth": "plain", "metal": "blackbronze" } } },
        { "type": "item", "code": "frontbag-{category}-{subtype}-{type}", "attributes": { "types": { "cloth": "orange", "metal": "blackbronze" } } },
        { "type": "item", "code": "frontbag-{category}-{subtype}-{type}", "attributes": { "types": { "cloth": "black", "metal": "blackbronze" } } },
        { "type": "item", "code": "frontbag-{category}-{subtype}-{type}", "attributes": { "types": { "cloth": "red", "metal": "blackbronze" } } },
        { "type": "item", "code": "frontbag-{category}-{subtype}-{type}", "attributes": { "types": { "cloth": "blue", "metal": "blackbronze" } } },
        { "type": "item", "code": "frontbag-{category}-{subtype}-{type}", "attributes": { "types": { "cloth": "purple", "metal": "blackbronze" } } },
        { "type": "item", "code": "frontbag-{category}-{subtype}-{type}", "attributes": { "types": { "cloth": "pink", "metal": "blackbronze" } } },
        { "type": "item", "code": "frontbag-{category}-{subtype}-{type}", "attributes": { "types": { "cloth": "white", "metal": "blackbronze" } } },
        { "type": "item", "code": "frontbag-{category}-{subtype}-{type}", "attributes": { "types": { "cloth": "yellow", "metal": "blackbronze" } } },
        { "type": "item", "code": "frontbag-{category}-{subtype}-{type}", "attributes": { "types": { "cloth": "gray", "metal": "blackbronze" } } },
        { "type": "item", "code": "frontbag-{category}-{subtype}-{type}", "attributes": { "types": { "cloth": "green", "metal": "blackbronze" } } },
        { "type": "item", "code": "frontbag-{category}-{subtype}-{type}", "attributes": { "types": { "cloth": "plain", "metal": "gold" } } },
        { "type": "item", "code": "frontbag-{category}-{subtype}-{type}", "attributes": { "types": { "cloth": "orange", "metal": "gold" } } },
        { "type": "item", "code": "frontbag-{category}-{subtype}-{type}", "attributes": { "types": { "cloth": "black", "metal": "gold" } } },
        { "type": "item", "code": "frontbag-{category}-{subtype}-{type}", "attributes": { "types": { "cloth": "red", "metal": "gold" } } },
        { "type": "item", "code": "frontbag-{category}-{subtype}-{type}", "attributes": { "types": { "cloth": "blue", "metal": "gold" } } },
        { "type": "item", "code": "frontbag-{category}-{subtype}-{type}", "attributes": { "types": { "cloth": "purple", "metal": "gold" } } },
        { "type": "item", "code": "frontbag-{category}-{subtype}-{type}", "attributes": { "types": { "cloth": "pink", "metal": "gold" } } },
        { "type": "item", "code": "frontbag-{category}-{subtype}-{type}", "attributes": { "types": { "cloth": "white", "metal": "gold" } } },
        { "type": "item", "code": "frontbag-{category}-{subtype}-{type}", "attributes": { "types": { "cloth": "yellow", "metal": "gold" } } },
        { "type": "item", "code": "frontbag-{category}-{subtype}-{type}", "attributes": { "types": { "cloth": "gray", "metal": "gold" } } },
        { "type": "item", "code": "frontbag-{category}-{subtype}-{type}", "attributes": { "types": { "cloth": "green", "metal": "gold" } } },
        { "type": "item", "code": "frontbag-{category}-{subtype}-{type}", "attributes": { "types": { "cloth": "plain", "metal": "silver" } } },
        { "type": "item", "code": "frontbag-{category}-{subtype}-{type}", "attributes": { "types": { "cloth": "orange", "metal": "silver" } } },
        { "type": "item", "code": "frontbag-{category}-{subtype}-{type}", "attributes": { "types": { "cloth": "black", "metal": "silver" } } },
        { "type": "item", "code": "frontbag-{category}-{subtype}-{type}", "attributes": { "types": { "cloth": "red", "metal": "silver" } } },
        { "type": "item", "code": "frontbag-{category}-{subtype}-{type}", "attributes": { "types": { "cloth": "blue", "metal": "silver" } } },
        { "type": "item", "code": "frontbag-{category}-{subtype}-{type}", "attributes": { "types": { "cloth": "purple", "metal": "silver" } } },
        { "type": "item", "code": "frontbag-{category}-{subtype}-{type}", "attributes": { "types": { "cloth": "pink", "metal": "silver" } } },
        { "type": "item", "code": "frontbag-{category}-{subtype}-{type}", "attributes": { "types": { "cloth": "white", "metal": "silver" } } },
        { "type": "item", "code": "frontbag-{category}-{subtype}-{type}", "attributes": { "types": { "cloth": "yellow", "metal": "silver" } } },
        { "type": "item", "code": "frontbag-{category}-{subtype}-{type}", "attributes": { "types": { "cloth": "gray", "metal": "silver" } } },
        { "type": "item", "code": "frontbag-{category}-{subtype}-{type}", "attributes": { "types": { "cloth": "green", "metal": "silver" } } },
        { "type": "item", "code": "frontbag-{category}-{subtype}-{type}", "attributes": { "types": { "cloth": "plain", "metal": "iron" } } },
        { "type": "item", "code": "frontbag-{category}-{subtype}-{type}", "attributes": { "types": { "cloth": "orange", "metal": "iron" } } },
        { "type": "item", "code": "frontbag-{category}-{subtype}-{type}", "attributes": { "types": { "cloth": "black", "metal": "iron" } } },
        { "type": "item", "code": "frontbag-{category}-{subtype}-{type}", "attributes": { "types": { "cloth": "red", "metal": "iron" } } },
        { "type": "item", "code": "frontbag-{category}-{subtype}-{type}", "attributes": { "types": { "cloth": "blue", "metal": "iron" } } },
        { "type": "item", "code": "frontbag-{category}-{subtype}-{type}", "attributes": { "types": { "cloth": "purple", "metal": "iron" } } },
        { "type": "item", "code": "frontbag-{category}-{subtype}-{type}", "attributes": { "types": { "cloth": "pink", "metal": "iron" } } },
        { "type": "item", "code": "frontbag-{category}-{subtype}-{type}", "attributes": { "types": { "cloth": "white", "metal": "iron" } } },
        { "type": "item", "code": "frontbag-{category}-{subtype}-{type}", "attributes": { "types": { "cloth": "yellow", "metal": "iron" } } },
        { "type": "item", "code": "frontbag-{category}-{subtype}-{type}", "attributes": { "types": { "cloth": "gray", "metal": "iron" } } },
        { "type": "item", "code": "frontbag-{category}-{subtype}-{type}", "attributes": { "types": { "cloth": "green", "metal": "iron" } } },
        { "type": "item", "code": "frontbag-{category}-{subtype}-{type}", "attributes": { "types": { "cloth": "plain", "metal": "meteoriciron" } } },
        { "type": "item", "code": "frontbag-{category}-{subtype}-{type}", "attributes": { "types": { "cloth": "orange", "metal": "meteoriciron" } } },
        { "type": "item", "code": "frontbag-{category}-{subtype}-{type}", "attributes": { "types": { "cloth": "black", "metal": "meteoriciron" } } },
        { "type": "item", "code": "frontbag-{category}-{subtype}-{type}", "attributes": { "types": { "cloth": "red", "metal": "meteoriciron" } } },
        { "type": "item", "code": "frontbag-{category}-{subtype}-{type}", "attributes": { "types": { "cloth": "blue", "metal": "meteoriciron" } } },
        { "type": "item", "code": "frontbag-{category}-{subtype}-{type}", "attributes": { "types": { "cloth": "purple", "metal": "meteoriciron" } } },
        { "type": "item", "code": "frontbag-{category}-{subtype}-{type}", "attributes": { "types": { "cloth": "pink", "metal": "meteoriciron" } } },
        { "type": "item", "code": "frontbag-{category}-{subtype}-{type}", "attributes": { "types": { "cloth": "white", "metal": "meteoriciron" } } },
        { "type": "item", "code": "frontbag-{category}-{subtype}-{type}", "attributes": { "types": { "cloth": "yellow", "metal": "meteoriciron" } } },
        { "type": "item", "code": "frontbag-{category}-{subtype}-{type}", "attributes": { "types": { "cloth": "gray", "metal": "meteoriciron" } } },
        { "type": "item", "code": "frontbag-{category}-{subtype}-{type}", "attributes": { "types": { "cloth": "green", "metal": "meteoriciron" } } },
        { "type": "item", "code": "frontbag-{category}-{subtype}-{type}", "attributes": { "types": { "cloth": "plain", "metal": "steel" } } },
        { "type": "item", "code": "frontbag-{category}-{subtype}-{type}", "attributes": { "types": { "cloth": "orange", "metal": "steel" } } },
        { "type": "item", "code": "frontbag-{category}-{subtype}-{type}", "attributes": { "types": { "cloth": "black", "metal": "steel" } } },
        { "type": "item", "code": "frontbag-{category}-{subtype}-{type}", "attributes": { "types": { "cloth": "red", "metal": "steel" } } },
        { "type": "item", "code": "frontbag-{category}-{subtype}-{type}", "attributes": { "types": { "cloth": "blue", "metal": "steel" } } },
        { "type": "item", "code": "frontbag-{category}-{subtype}-{type}", "attributes": { "types": { "cloth": "purple", "metal": "steel" } } },
        { "type": "item", "code": "frontbag-{category}-{subtype}-{type}", "attributes": { "types": { "cloth": "pink", "metal": "steel" } } },
        { "type": "item", "code": "frontbag-{category}-{subtype}-{type}", "attributes": { "types": { "cloth": "white", "metal": "steel" } } },
        { "type": "item", "code": "frontbag-{category}-{subtype}-{type}", "attributes": { "types": { "cloth": "yellow", "metal": "steel" } } },
        { "type": "item", "code": "frontbag-{category}-{subtype}-{type}", "attributes": { "types": { "cloth": "gray", "metal": "steel" } } },
        { "type": "item", "code": "frontbag-{category}-{subtype}-{type}", "attributes": { "types": { "cloth": "green", "metal": "steel" } } }
      ]
    }
  ],
  "renderAlphaTest": "0.25",
  "tpHandTransform": { "translation": { "x": 0, "y": "-0.05", "z": 0 }, "rotation": { "x": 0, "y": 180, "z": 48 }, "origin": { "x": 0, "y": 0, "z": 0 }, "scale": 1 },
  "guiTransform": { "translation": { "x": 0, "y": 0, "z": 0 }, "rotation": { "x": 163, "y": -2, "z": 7 }, "origin": { "x": "0.02", "y": "0.05", "z": 0 }, "scaleXyz": { "x": -6, "y": 6, "z": 6 } },
  "groundTransform": { "translation": { "x": 0, "y": 0, "z": 0 }, "rotation": { "x": 90, "y": 0, "z": 0 }, "origin": { "x": 0, "y": 0, "z": "0.1" }, "scale": 4 }
}
