{
    "code": "aa-bladehead",
    "creativeinventory": { "general": ["*"], "items": ["*"], "ancientarmorycrafting": ["*"] },
    "variantgroups": [
        { "code": "type", "states": ["gladius", "arming", "claymore", "sabre"] },
        { "code": "metal", "states": ["tinbronze", "bismuthbronze", "blackbronze", "iron", "meteoriciron", "steel"] }
    ],
    "allowedVariants": [
        "*-arming-iron",
        "*-arming-meteoriciron",
        "*-arming-steel",
        "*-claymore-iron",
        "*-claymore-meteoriciron",
        "*-claymore-steel",
        "*-sabre-iron",
        "*-sabre-meteoriciron",
        "*-sabre-steel",
        "*-gladius-*"
        ],
    "attributes": {
        "handbook": { "groupBy": ["aa-bladehead-{type}-*"] },
        "groundStorageTransformByType": {
            "*-gladius-*": { "translation": { "x": 0, "y": 0.07, "z": -0.02}, "rotation": { "x": 24, "y": 90, "z": -87 }, "scale": 0.63 },
            "*-arming-*": { "translation": { "x": 0, "y": 0.49, "z": 0.11 }, "rotation": { "x": 24, "y": 90, "z": -87 }, "scale": 0.55 },
            "*-claymore-*": { "translation": { "x": 0, "y": 0.65, "z": -0.04 }, "rotation": { "x": 24, "y": 90, "z": -87 }, "scale": 0.55 },
            "*-sabre-*": { "translation": { "x": 0.1, "y": 0.41, "z": 0.07 }, "rotation": { "x": 24, "y": 68, "z": -87 }, "scale": 0.52 }
        },
        "onTongTransformByType": {
            "*-gladius-*": {
                "translation": { "x": -1.4, "y": -1.4, "z": -0.36 },
                "rotation": { "x": 90, "y": 105, "z": -18 },
                "scale": 0.63
            },
            "*-arming-*": {
                "translation": { "x": -1.6, "y": -1.2, "z": -0.4 },
                "rotation": { "x": 90, "y": 105, "z": -18 },
                "scale": 0.52
            },
            "*-claymore-*": {
                "translation": { "x": -1.6, "y": -1.45, "z": -0.48 },
                "rotation": { "x": 90, "y": 105, "z": -18 },
                "scale": 0.52
            },
            "*-sabre-*": {
                "translation": { "x": -1.6, "y": -1.39, "z": -0.47 },
                "rotation": { "x": 90, "y": 105, "z": -18 },
                "scale": 0.52
            }
    }
    },
    "behaviors": [
        {
            "name": "GroundStorable",
            "properties": {
                "layout": "WallHalves",
                "wallOffYByType": {
                    "*-claymore-*": 2,
                    "*-arming-*": 2,
                    "*": 1
                },
                "sprintKey": true,
                "selectionBox": { "x1": 0, "y1": 0, "z1": 0, "x2": 1, "y2": 0.1, "z2": 1 },
                "collisionBox": { "x1": 0, "y1": 0, "z1": 0, "x2": 0, "y2": 0, "z2": 0 }
            }
        }
    ],
    "shape": { "base": "shapes/crafting/{type}blade" },
    "textures": {
        "blackbronze": { "base": "game:block/metal/ingot/{metal}" },
        "rubble": { "base": "game:block/transparent" }
    },
    "heldTpUseAnimation": "interactstatic",
    "maxstacksize": 4,
    "guiTransformByType": {
        "*-claymore-*": {
            "translation": { "x": 12, "y": 11, "z": 0 },
            "rotation": { "x": -80, "y": -15, "z": 75 },
            "origin": { "x": 1.15, "y": -0.1, "z": 0.57 },
            "scale": 2.48
        },
        "*-sabre-*": {
            "translation": { "x": 11, "y": 6, "z": 0 },
            "rotation": { "x": -85, "y": -20, "z": 79 },
            "origin": { "x": 1.15, "y": -0.1, "z": 0.57 },
            "scale": 2.48
        },
        "*-gladius-*": {
            "translation": { "x": 19, "y": 20, "z": 0 },
            "rotation": { "x": -80, "y": -24, "z": 69 },
            "origin": { "x": 1.15, "y": -0.1, "z": 0.57 },
            "scale": 2.48
        },
        "*": {
            "translation": { "x": 10, "y": 10, "z": 0 },
            "rotation": { "x": -80, "y": -15, "z": 75 },
            "origin": { "x": 1.15, "y": -0.1, "z": 0.57 },
            "scale": 2.48
        }
    },
    "fpHandTransformByType": {
        "*-arming-*": {
            "translation": { "x": -0.2, "y": -0.3, "z": 0 },
            "rotation": { "x": -18, "y": 15, "z": 90 },
            "scale": 1.8
        },
        "*-sabre-*": {
            "translation": { "x": -0.2, "y": -0.3, "z": 0 },
            "rotation": { "x": -35, "y": -3, "z": 85 },
            "scale": 1.6
        },
        "*-claymore-*": {
            "translation": { "x": -0.2, "y": -0.4, "z": 0 },
            "rotation": { "x": -25, "y": 5, "z": 85 },
            "scale": 2
        },
        "*": {
            "translation": { "x": -0.2, "y": -0.3, "z": 0 },
            "rotation": { "x": -18, "y": 15, "z": 90 },
            "scale": 1.9
        }
    },
    "groundTransformByType": {
        "*-claymore-*": {
            "translation": { "x": 0, "y": 0.05, "z": 0 },
            "rotation": { "x": 14, "y": 0, "z": 0 },
            "origin": { "x": 0.5, "y": 0, "z": 0.5 },
            "scale": 2.8
        },
        "*-sabre-*": {
            "translation": { "x": 0, "y": 0.05, "z": 0 },
            "rotation": { "x": 14, "y": 0, "z": 0 },
            "origin": { "x": 0.5, "y": 0, "z": 0.5 },
            "scale": 2.5
        },
        "*-arming-*": {
            "translation": { "x": 0, "y": 0.05, "z": 0 },
            "rotation": { "x": 14, "y": 0, "z": 0 },
            "origin": { "x": 0.5, "y": 0, "z": 0.5 },
            "scale": 2.5
        },
        "*": {
            "translation": { "x": 0, "y": 0.04, "z": 0 },
            "rotation": { "x": 0, "y": 0, "z": 0 },
            "origin": { "x": 0.5, "y": 0, "z": 0.5 },
            "scale": 2.5
        }
    },
    "tpHandTransformByType": {
        "*-claymore-*": {
            "translation": { "x": -0.65, "y": 0.05, "z": -0.82 },
            "rotation": { "x": 85, "y": -8, "z": -2 },
            "origin": { "x": 0.46, "y": -0.11, "z": 0.43 },
            "scale": 0.57
        },
        "*-arming-*": {
            "translation": { "x": -0.55, "y": 0.04, "z": -0.83 },
            "rotation": { "x": 85, "y": 0, "z": 2 },
            "origin": { "x": 0.43, "y": -0.1, "z": 0.39 },
            "scale": 0.52
        },
        "*-sabre-*": {
            "translation": { "x": -0.43, "y": -0.05, "z": -0.78 },
            "rotation": { "x": 85, "y": 0, "z": 2 },
            "origin": { "x": 0.315, "y": -0.05, "z": 0.37 },
            "scale": 0.50
        },
        "*": {
            "translation": { "x": -0.85, "y": -0.02, "z": -0.79 },
            "rotation": { "x": 85, "y": 0, "z": 2 },
            "origin": { "x": 0.5, "y": 0, "z": 0.5 },
            "scale": 0.63
        }
    }
}
