{
    "code": "aa-knifeblade",
    "creativeinventory": { "general": ["*"], "items": ["*"], "ancientarmorycrafting": ["*"] },
    "variantgroups": [
        { "code": "type", "states": ["dagger", "stiletto", "khanjar", "baselard"] },
        { "code": "metal", "states": ["tinbronze", "bismuthbronze", "blackbronze", "gold", "silver", "iron", "meteoriciron", "steel"] }
    ],
    "allowedVariants": [
        "*-dagger-iron",
        "*-dagger-meteoriciron",
        "*-dagger-steel",
        "*-stiletto-iron",
        "*-stiletto-meteoriciron",
        "*-stiletto-steel",
        "*-khanjar-*",
        "*-baselard-*"
        ],
    "attributes": {
        "handbook": { "groupBy": ["aa-knifeblade-{type}-*"] },
        "groundStorageTransformByType": {
            "*-khanjar-*": { "translation": { "x": 0.32, "y": -0.26, "z": 0.29 }, "rotation": { "x": 26, "y": 0, "z": -97 }, "scale": 0.75 },
            "*-baselard-*": { "translation": { "x": 0.32, "y": -0.18, "z": 0.32 }, "rotation": { "x": 26, "y": 0, "z": -87 }, "scale": 0.75 },
            "*-stiletto-*": { "translation": { "x": 0.32, "y": -0.24, "z": 0.34 }, "rotation": { "x": 26, "y": 0, "z": -87 }, "scale": 0.8 },
            "*-dagger-*": { "translation": { "x": 0.32, "y": -0.19, "z": 0.29 }, "rotation": { "x": 26, "y": 0, "z": -90 }, "scale": 0.75 }
        },
        "onTongTransformByType": {
            "*-dagger-*": {
                "translation": { "x": -1.58, "y": -1.36, "z": -0.43 },
                "rotation": { "x": 90, "y": 105, "z": -6 },
                "scale": 0.57
            },
            "*-stiletto-*": {
                "translation": { "x": -1.58, "y": -1.36, "z": -0.43 },
                "rotation": { "x": 90, "y": 105, "z": -6 },
                "scale": 0.57
            },
            "*-khanjar-*": {
                "translation": { "x": -1.58, "y": -1.39, "z": -0.47 },
                "rotation": { "x": 90, "y": 105, "z": -12 },
                "scale": 0.57
            },
            "*-baselard-*": {
                "translation": { "x": -1.58, "y": -1.36, "z": -0.45 },
                "rotation": { "x": 90, "y": 105, "z": -8 },
                "scale": 0.57
            }
        }
    },
    "behaviors": [
        {
            "name": "GroundStorable",
            "properties": {
                "layout": "WallHalves",
                "wallOffY": 1,
                "sprintKey": true,
                "selectionBox": { "x1": 0, "y1": 0, "z1": 0, "x2": 1, "y2": 0.1, "z2": 1 },
                "collisionBox": { "x1": 0, "y1": 0, "z1": 0, "x2": 0, "y2": 0, "z2": 0 }
            }
        }
    ],
    "shape": { "base": "shapes/crafting/{type}blade" },
    "textures": {
        "meteoriciron": { "base": "game:block/metal/ingot/{metal}" },
        "ingot-silver": { "base": "game:block/metal/ingot/{metal}" },
        "blackbronze": { "base": "game:block/metal/ingot/{metal}" },
        "handle": { "base": "game:block/transparent" },
        "debarked/oak": { "base": "game:block/transparent" }
    },
    "heldTpUseAnimation": "interactstatic",
    "maxstacksize": 4,
    "fpHandTransform": {
        "translation": { "x": 0.2, "y": 0, "z": 0.5 },
        "rotation": { "x": 140, "y": 93, "z": -75 },
        "scale": 2.5
    },
    "guiTransformByType": {
        "*-dagger-*": {
            "translation": { "x": -4, "y": -6, "z": 0 },
            "rotation": { "x": -150, "y": -23, "z": 49 },
            "origin": { "x": 0.7799, "y": 0.2, "z": 0.9 },
            "scale": 2.45
        },
        "*-stiletto-*": {
            "translation": { "x": -4, "y": -9, "z": 0 },
            "rotation": { "x": -150, "y": -23, "z": 49 },
            "origin": { "x": 0.78, "y": 0.2, "z": 0.9 },
            "scale": 3
        },
        "*-khanjar-*": {
            "translation": { "x": -4, "y": -6, "z": 0 },
            "rotation": { "x": -150, "y": -23, "z": 49 },
            "origin": { "x": 0.7799, "y": 0.2, "z": 0.9 },
            "scale": 2.45
        },
        "*-baselard-*": {
            "translation": { "x": -4, "y": -6, "z": 0 },
            "rotation": { "x": -150, "y": -23, "z": 49 },
            "origin": { "x": 0.7799, "y": 0.2, "z": 0.9 },
            "scale": 2.45
        }
    },
    "groundTransform": {
        "translation": { "x": 0, "y": 0, "z": 0 },
        "rotation": { "x": -90, "y": 0, "z": 0 },
        "origin": { "x": 0.5, "y": 0.5, "z": 0.45 },
        "scale": 3.6
    },
    "tpHandTransformByType": {
        "*-dagger-*": {
            "translation": { "x": -0.78, "y": -0.19, "z": -0.65 },
            "rotation": { "x": 0, "y": 0, "z": -3 },
            "scale": 0.75
        },
        "*-stiletto-*": {
            "translation": { "x": -0.68, "y": -0.12, "z": -0.75 },
            "rotation": { "x": -18, "y": 0, "z": -3 },
            "scale": 0.85
        },
        "*-baselard-*": {
            "translation": { "x": -0.85, "y": -0.21, "z": -0.83 },
            "rotation": { "x": -19, "y": 0, "z": -3 },
            "scale": 0.75
        },
        "*": {
            "translation": { "x": -0.9, "y": -0.19, "z": -0.66 },
            "rotation": { "x": 0, "y": 0, "z": -3 },
            "scale": 0.75
        }
    }
}
