{
	"editor": {
		"allAngles": false,
		"entityTextureMode": false
	},
	"textureWidth": 16,
	"textureHeight": 16,
	"textureSizes": {
	},
	"textures": {
		"log": "T:/Vintage Story/VintageStory 1.20.5/assets/survival/textures/block/wood/bark/oak",
		"oak": "T:/Vintage Story/VintageStory 1.20.5/assets/survival/textures/block/wood/debarked/oak",
		"logupper": "T:/Vintage Story/VintageStory 1.20.5/assets/survival/textures/block/wood/treetrunk/oak"
	},
	"elements": [
		{
			"name": "Origin",
			"from": [ 8.0, 0.0, 8.0 ],
			"to": [ 9.0, 1.0, 9.0 ],
			"rotationOrigin": [ 8.0, 0.0, 8.0 ],
			"faces": {
			},
			"children": [
				{
					"name": "WestOuter",
					"from": [ -8.0, 0.0, -8.0 ],
					"to": [ -7.0, 16.0, 8.0 ],
					"rotationOrigin": [ -8.0, 0.0, -8.0 ],
					"faces": {
						"north": { "texture": "#log", "uv": [ 0.0, 0.0, 1.0, 16.0 ] },
						"east": { "texture": "#oak", "uv": [ 0.0, 0.0, 16.0, 16.0 ], "rotation": 90 },
						"south": { "texture": "#log", "uv": [ 0.0, 0.0, 1.0, 16.0 ] },
						"west": { "texture": "#log", "uv": [ 0.0, 0.0, 16.0, 16.0 ] },
						"up": { "texture": "#logupper", "uv": [ 0.0, 0.0, 1.0, 16.0 ] },
						"down": { "texture": "#logupper", "uv": [ 0.0, 0.0, 1.0, 16.0 ] }
					}
				},
				{
					"name": "EastOuter",
					"from": [ 7.0, 0.0, -8.0 ],
					"to": [ 8.0, 16.0, 8.0 ],
					"rotationOrigin": [ 7.0, 0.0, -8.0 ],
					"faces": {
						"north": { "texture": "#log", "uv": [ 0.0, 0.0, 1.0, 16.0 ] },
						"east": { "texture": "#log", "uv": [ 0.0, 0.0, 16.0, 16.0 ] },
						"south": { "texture": "#log", "uv": [ 0.0, 0.0, 1.0, 16.0 ] },
						"west": { "texture": "#oak", "uv": [ 0.0, 0.0, 16.0, 16.0 ], "rotation": 90 },
						"up": { "texture": "#logupper", "uv": [ 15.0, 0.0, 16.0, 16.0 ] },
						"down": { "texture": "#logupper", "uv": [ 15.0, 0.0, 16.0, 16.0 ] }
					}
				},
				{
					"name": "NorthOuter",
					"from": [ -7.0, 0.0, -8.0 ],
					"to": [ 7.0, 16.0, -7.0 ],
					"rotationOrigin": [ -7.0, 0.0, -8.0 ],
					"faces": {
						"north": { "texture": "#log", "uv": [ 1.0, 0.0, 15.0, 16.0 ] },
						"south": { "texture": "#oak", "uv": [ 0.0, 1.0, 16.0, 15.0 ], "rotation": 90 },
						"up": { "texture": "#logupper", "uv": [ 1.0, 0.0, 15.0, 1.0 ] },
						"down": { "texture": "#logupper", "uv": [ 1.0, 0.0, 15.0, 1.0 ] }
					}
				},
				{
					"name": "SouthOuter",
					"from": [ -7.0, 0.0, 7.0 ],
					"to": [ 7.0, 16.0, 8.0 ],
					"rotationOrigin": [ -7.0, 0.0, 7.0 ],
					"faces": {
						"north": { "texture": "#oak", "uv": [ 0.0, 1.0, 16.0, 15.0 ], "rotation": 90 },
						"south": { "texture": "#log", "uv": [ 1.0, 0.0, 15.0, 16.0 ] },
						"up": { "texture": "#logupper", "uv": [ 1.0, 15.0, 15.0, 16.0 ] },
						"down": { "texture": "#logupper", "uv": [ 1.0, 15.0, 15.0, 16.0 ] }
					}
				},
				{
					"name": "Bottom",
					"from": [ -7.0, 0.0, -7.0 ],
					"to": [ 7.0, 12.0, 7.0 ],
					"rotationOrigin": [ -7.0, 0.0, -7.0 ],
					"faces": {
						"up": { "texture": "#oak", "uv": [ 1.0, 1.0, 15.0, 15.0 ] },
						"down": { "texture": "#logupper", "uv": [ 1.0, 1.0, 15.0, 15.0 ] }
					},
					"children": [
						{
							"name": "WestInner1",
							"from": [ 0.0, 12.0, 0.0 ],
							"to": [ 1.0, 15.01, 14.0 ],
							"rotationOrigin": [ 0.0, 12.0, 0.0 ],
							"faces": {
								"east": { "texture": "#oak", "uv": [ 1.0, 1.0, 4.0, 15.0 ], "rotation": 90 },
								"up": { "texture": "#oak", "uv": [ 1.0, 1.0, 2.0, 15.0 ] }
							},
							"children": [
								{
									"name": "WestInner2",
									"from": [ 1.0, 0.0, 1.0 ],
									"to": [ 2.0, 2.01, 13.0 ],
									"rotationOrigin": [ 1.0, 0.0, 1.0 ],
									"faces": {
										"east": { "texture": "#oak", "uv": [ 2.0, 2.0, 4.0, 14.0 ], "rotation": 90 },
										"up": { "texture": "#oak", "uv": [ 2.0, 2.0, 3.0, 14.0 ] }
									}
								}
							]
						},
						{
							"name": "EastInner1",
							"from": [ 13.0, 12.0, 0.0 ],
							"to": [ 14.0, 15.01, 14.0 ],
							"rotationOrigin": [ 13.0, 12.0, 0.0 ],
							"faces": {
								"west": { "texture": "#oak", "uv": [ 12.0, 1.0, 15.0, 15.0 ], "rotation": 90 },
								"up": { "texture": "#oak", "uv": [ 14.0, 1.0, 15.0, 15.0 ] }
							},
							"children": [
								{
									"name": "EastInner2",
									"from": [ -1.0, 0.0, 1.0 ],
									"to": [ 0.0, 2.01, 13.0 ],
									"rotationOrigin": [ -1.0, 0.0, 1.0 ],
									"faces": {
										"west": { "texture": "#oak", "uv": [ 12.0, 2.0, 14.0, 14.0 ], "rotation": 90 },
										"up": { "texture": "#oak", "uv": [ 13.0, 2.0, 14.0, 14.0 ] }
									}
								}
							]
						},
						{
							"name": "NorthInner1",
							"from": [ 1.0, 12.0, 0.0 ],
							"to": [ 13.0, 15.01, 1.0 ],
							"rotationOrigin": [ 1.0, 12.0, 0.0 ],
							"faces": {
								"south": { "texture": "#oak", "uv": [ 1.0, 2.0, 4.0, 14.0 ], "rotation": 90 },
								"up": { "texture": "#oak", "uv": [ 1.0, 2.0, 2.0, 14.0 ], "rotation": 90 }
							},
							"children": [
								{
									"name": "NorthInner2",
									"from": [ 1.0, 0.0, 1.0 ],
									"to": [ 11.0, 2.01, 2.0 ],
									"rotationOrigin": [ 1.0, 0.0, 1.0 ],
									"faces": {
										"south": { "texture": "#oak", "uv": [ 2.0, 3.0, 4.0, 13.0 ], "rotation": 90 },
										"up": { "texture": "#oak", "uv": [ 2.0, 3.0, 3.0, 13.0 ], "rotation": 90 }
									}
								}
							]
						},
						{
							"name": "SouthInner1",
							"from": [ 1.0, 12.0, 13.0 ],
							"to": [ 13.0, 15.01, 14.0 ],
							"rotationOrigin": [ 1.0, 12.0, 13.0 ],
							"faces": {
								"north": { "texture": "#oak", "uv": [ 12.0, 2.0, 15.0, 14.0 ], "rotation": 90 },
								"up": { "texture": "#oak", "uv": [ 14.0, 2.0, 15.0, 14.0 ], "rotation": 90 }
							},
							"children": [
								{
									"name": "SouthInner2",
									"from": [ 1.0, 0.0, -1.0 ],
									"to": [ 11.0, 2.01, 0.0 ],
									"rotationOrigin": [ 1.0, 0.0, -1.0 ],
									"faces": {
										"north": { "texture": "#oak", "uv": [ 12.0, 3.0, 14.0, 13.0 ], "rotation": 90 },
										"up": { "texture": "#oak", "uv": [ 13.0, 3.0, 14.0, 13.0 ], "rotation": 90 }
									}
								}
							]
						}
					]
				}
			]
		}
	]}