{
	"editor": {
		"allAngles": false,
		"entityTextureMode": false
	},
	"textureWidth": 16,
	"textureHeight": 16,
	"textureSizes": {
	},
	"textures": {
	},
	"elements": [
		{
			"name": "food",
			"from": [ 0.0, 0.0, 0.0 ],
			"to": [ 1.0, 1.0, 1.0 ],
			"faces": {
			},
			"children": [
				{
					"name": "contents",
					"from": [ 1.3, 1.0, 1.8 ],
					"to": [ 14.8, 2.0, 14.3 ],
					"rotationOrigin": [ -0.7, 1.0, -0.2 ],
					"faces": {
						"up": { "texture": "#flax", "uv": [ 1.5, 0.0, 15.0, 12.5 ], "windMode": [-1,-1,-1,-1] }
					}
				},
				{
					"name": "Origin grain pile",
					"from": [ 8.0, 2.0, 8.0 ],
					"to": [ 8.0, 2.0, 8.0 ],
					"rotationOrigin": [ 8.0, 2.0, 8.0 ],
					"faces": {
					},
					"children": [
						{
							"name": "Cube1",
							"from": [ -1.0, 0.0, 0.0 ],
							"to": [ 4.0, 1.0, 5.0 ],
							"rotationOrigin": [ 0.0, 0.0, 2.0 ],
							"faces": {
								"north": { "texture": "#flax", "uv": [ 6.5, 5.5, 11.5, 6.5 ] },
								"east": { "texture": "#flax", "uv": [ 2.0, 8.0, 7.0, 9.0 ] },
								"south": { "texture": "#flax", "uv": [ 10.0, 7.5, 15.0, 8.5 ] },
								"west": { "texture": "#flax", "uv": [ 9.5, 5.0, 14.5, 6.0 ] },
								"up": { "texture": "#flax", "uv": [ 2.5, 2.0, 7.5, 7.0 ] }
							}
						},
						{
							"name": "Cube3",
							"from": [ -2.5, 0.0, -3.5 ],
							"to": [ -0.5, 1.0, -0.5 ],
							"rotationOrigin": [ -0.5, 0.0, -1.5 ],
							"faces": {
								"north": { "texture": "#flax", "uv": [ 12.0, 9.5, 14.0, 10.5 ] },
								"east": { "texture": "#flax", "uv": [ 0.5, 2.5, 3.5, 3.5 ] },
								"south": { "texture": "#flax", "uv": [ 3.5, 4.0, 5.5, 5.0 ] },
								"west": { "texture": "#flax", "uv": [ 5.5, 14.0, 8.5, 15.0 ] },
								"up": { "texture": "#flax", "uv": [ 5.0, 4.5, 7.0, 7.5 ] }
							}
						},
						{
							"name": "Cube5",
							"from": [ -4.0, 0.0, -4.5 ],
							"to": [ 3.0, 0.5, 2.0 ],
							"rotationOrigin": [ -1.0, 0.0, -2.5 ],
							"faces": {
								"north": { "texture": "#flax", "uv": [ 1.5, 12.5, 8.5, 13.0 ] },
								"east": { "texture": "#flax", "uv": [ 3.0, 6.0, 9.5, 6.5 ] },
								"south": { "texture": "#flax", "uv": [ 1.5, 15.0, 8.5, 15.5 ] },
								"west": { "texture": "#flax", "uv": [ 8.0, 5.5, 14.5, 6.0 ] },
								"up": { "texture": "#flax", "uv": [ 7.0, 8.5, 14.0, 15.0 ] }
							}
						},
						{
							"name": "Cube11",
							"from": [ -4.5, 0.0, -0.5 ],
							"to": [ -4.0, 0.5, 1.0 ],
							"rotationOrigin": [ -2.5, 0.0, -1.0 ],
							"faces": {
								"north": { "texture": "#flax", "uv": [ 5.0, 4.0, 5.5, 4.5 ] },
								"south": { "texture": "#flax", "uv": [ 9.0, 2.5, 9.5, 3.0 ] },
								"west": { "texture": "#flax", "uv": [ 0.5, 5.0, 2.0, 5.5 ] },
								"up": { "texture": "#flax", "uv": [ 8.0, 4.0, 8.5, 5.5 ] }
							}
						},
						{
							"name": "Cube13",
							"from": [ -0.5, 0.0, -3.0 ],
							"to": [ 2.5, 1.5, 3.0 ],
							"rotationOrigin": [ 1.0, -1.5, -3.5 ],
							"faces": {
								"north": { "texture": "#flax", "uv": [ 1.0, 8.0, 4.0, 9.5 ] },
								"east": { "texture": "#flax", "uv": [ 9.5, 11.5, 15.5, 13.0 ] },
								"south": { "texture": "#flax", "uv": [ 0.0, 0.0, 3.0, 1.5 ] },
								"west": { "texture": "#flax", "uv": [ 5.5, 10.0, 11.5, 11.5 ] },
								"up": { "texture": "#flax", "uv": [ 7.0, 7.5, 10.0, 13.5 ] }
							}
						},
						{
							"name": "Cube15",
							"from": [ 3.5, 0.1, -3.1 ],
							"to": [ 4.5, 0.6, -2.1 ],
							"rotationOrigin": [ 2.5, 0.6, -3.6 ],
							"faces": {
								"north": { "texture": "#flax", "uv": [ 13.5, 5.5, 14.5, 6.0 ] },
								"east": { "texture": "#flax", "uv": [ 9.0, 2.0, 10.0, 2.5 ] },
								"south": { "texture": "#flax", "uv": [ 14.5, 10.5, 15.5, 11.0 ] },
								"up": { "texture": "#flax", "uv": [ 7.5, 13.5, 8.5, 14.5 ] }
							}
						},
						{
							"name": "Cube16",
							"from": [ -2.5, 0.0, 0.5 ],
							"to": [ -1.0, 1.0, 1.5 ],
							"rotationOrigin": [ 0.5, 0.5, -4.0 ],
							"faces": {
								"north": { "texture": "#flax", "uv": [ 13.5, 4.0, 15.0, 5.0 ] },
								"south": { "texture": "#flax", "uv": [ 2.5, 11.5, 4.0, 12.5 ] },
								"west": { "texture": "#flax", "uv": [ 8.5, 12.0, 9.5, 13.0 ] },
								"up": { "texture": "#flax", "uv": [ 12.0, 8.0, 13.5, 9.0 ] }
							}
						},
						{
							"name": "Cube17",
							"from": [ -3.5, 0.0, 3.0 ],
							"to": [ 0.0, 0.5, 5.5 ],
							"rotationOrigin": [ -0.5, 0.5, -2.5 ],
							"faces": {
								"north": { "texture": "#flax", "uv": [ 4.5, 10.5, 8.0, 11.0 ] },
								"east": { "texture": "#flax", "uv": [ 7.5, 14.5, 10.0, 15.0 ] },
								"south": { "texture": "#flax", "uv": [ 12.0, 11.5, 15.5, 12.0 ] },
								"west": { "texture": "#flax", "uv": [ 12.5, 3.5, 15.0, 4.0 ] },
								"up": { "texture": "#flax", "uv": [ 11.5, 11.5, 15.0, 14.0 ] }
							}
						},
						{
							"name": "Cube18",
							"from": [ 0.5, 0.0, 5.0 ],
							"to": [ 2.0, 0.5, 6.0 ],
							"rotationOrigin": [ 3.5, 0.5, -0.5 ],
							"faces": {
								"east": { "texture": "#flax", "uv": [ 6.0, 3.5, 7.0, 4.0 ] },
								"south": { "texture": "#flax", "uv": [ 3.5, 8.5, 5.0, 9.0 ] },
								"west": { "texture": "#flax", "uv": [ 9.0, 3.0, 10.0, 3.5 ] },
								"up": { "texture": "#flax", "uv": [ 13.5, 10.0, 15.0, 11.0 ] }
							}
						},
						{
							"name": "Cube19",
							"from": [ 1.5, 0.0, -3.5 ],
							"to": [ 3.5, 1.0, -1.5 ],
							"rotationOrigin": [ 4.5, 0.5, -9.0 ],
							"faces": {
								"north": { "texture": "#flax", "uv": [ 8.5, 13.0, 10.5, 14.0 ] },
								"east": { "texture": "#flax", "uv": [ 13.5, 9.0, 15.5, 10.0 ] },
								"south": { "texture": "#flax", "uv": [ 0.5, 10.0, 2.5, 11.0 ] },
								"west": { "texture": "#flax", "uv": [ 6.5, 6.5, 8.5, 7.5 ] },
								"up": { "texture": "#flax", "uv": [ 2.0, 11.5, 4.0, 13.5 ] }
							}
						},
						{
							"name": "Cube20",
							"from": [ 2.5, 0.0, -1.5 ],
							"to": [ 5.5, 0.5, 1.5 ],
							"rotationOrigin": [ 1.5, 0.5, -2.0 ],
							"faces": {
								"north": { "texture": "#flax", "uv": [ 7.0, 1.5, 10.0, 2.0 ] },
								"east": { "texture": "#flax", "uv": [ 11.5, 6.0, 14.5, 6.5 ] },
								"south": { "texture": "#flax", "uv": [ 5.5, 7.5, 8.5, 8.0 ] },
								"up": { "texture": "#flax", "uv": [ 10.0, 11.0, 13.0, 14.0 ] }
							}
						},
						{
							"name": "Cube21",
							"from": [ 3.5, 0.0, -4.5 ],
							"to": [ 4.5, 0.5, -3.5 ],
							"rotationOrigin": [ 2.5, 0.5, -5.0 ],
							"faces": {
								"north": { "texture": "#flax", "uv": [ 6.5, 5.0, 7.5, 5.5 ] },
								"east": { "texture": "#flax", "uv": [ 2.0, 10.0, 3.0, 10.5 ] },
								"south": { "texture": "#flax", "uv": [ 0.0, 13.5, 1.0, 14.0 ] },
								"west": { "texture": "#flax", "uv": [ 14.5, 9.5, 15.5, 10.0 ] },
								"up": { "texture": "#flax", "uv": [ 3.5, 8.0, 4.5, 9.0 ] }
							}
						},
						{
							"name": "Cube22",
							"from": [ -4.5, 0.1, -4.0 ],
							"to": [ -4.0, 0.6, -3.0 ],
							"rotationOrigin": [ -2.5, -1.4, -2.5 ],
							"faces": {
								"north": { "texture": "#flax", "uv": [ 6.5, 2.5, 7.0, 3.0 ] },
								"east": { "texture": "#flax", "uv": [ 0.0, 5.5, 1.0, 6.0 ] },
								"west": { "texture": "#flax", "uv": [ 14.5, 8.5, 15.5, 9.0 ] },
								"up": { "texture": "#flax", "uv": [ 11.0, 5.5, 11.5, 6.5 ] }
							}
						},
						{
							"name": "Cube23",
							"from": [ -5.0, 0.0, -3.0 ],
							"to": [ -3.0, 1.0, -1.0 ],
							"rotationOrigin": [ -3.0, -2.5, -2.5 ],
							"faces": {
								"north": { "texture": "#flax", "uv": [ 2.5, 12.0, 4.5, 13.0 ] },
								"east": { "texture": "#flax", "uv": [ 9.0, 11.0, 11.0, 12.0 ] },
								"south": { "texture": "#flax", "uv": [ 13.0, 1.0, 15.0, 2.0 ] },
								"west": { "texture": "#flax", "uv": [ 7.0, 10.5, 9.0, 11.5 ] },
								"up": { "texture": "#flax", "uv": [ 3.0, 9.0, 5.0, 11.0 ] }
							}
						},
						{
							"name": "Cube24",
							"from": [ -5.5, 0.0, 3.0 ],
							"to": [ -5.0, 0.5, 3.5 ],
							"rotationOrigin": [ -2.5, 0.5, -2.5 ],
							"faces": {
								"north": { "texture": "#flax", "uv": [ 7.0, 5.0, 7.5, 5.5 ] },
								"east": { "texture": "#flax", "uv": [ 10.5, 6.5, 11.0, 7.0 ] },
								"south": { "texture": "#flax", "uv": [ 5.5, 0.0, 6.0, 0.5 ] },
								"west": { "texture": "#flax", "uv": [ 2.0, 9.5, 2.5, 10.0 ] },
								"up": { "texture": "#flax", "uv": [ 12.5, 12.0, 13.0, 12.5 ] }
							}
						},
						{
							"name": "Cube25",
							"from": [ -4.5, 0.1, 1.5 ],
							"to": [ -4.0, 0.6, 2.0 ],
							"rotationOrigin": [ -1.5, 0.6, -4.0 ],
							"faces": {
								"north": { "texture": "#flax", "uv": [ 10.5, 10.0, 11.0, 10.5 ] },
								"west": { "texture": "#flax", "uv": [ 10.5, 14.0, 11.0, 14.5 ] },
								"up": { "texture": "#flax", "uv": [ 5.0, 15.0, 5.5, 15.5 ] }
							}
						},
						{
							"name": "Cube26",
							"from": [ -5.0, 0.0, 2.0 ],
							"to": [ -3.5, 0.5, 3.0 ],
							"rotationOrigin": [ -6.0, 0.5, 1.5 ],
							"faces": {
								"north": { "texture": "#flax", "uv": [ 13.5, 7.5, 15.0, 8.0 ] },
								"east": { "texture": "#flax", "uv": [ 10.5, 4.0, 11.5, 4.5 ] },
								"south": { "texture": "#flax", "uv": [ 10.5, 0.0, 12.0, 0.5 ] },
								"west": { "texture": "#flax", "uv": [ 5.0, 4.5, 6.0, 5.0 ] },
								"up": { "texture": "#flax", "uv": [ 1.0, 3.5, 2.5, 4.5 ] }
							}
						},
						{
							"name": "Cube27",
							"from": [ -5.5, 0.0, -1.0 ],
							"to": [ -5.0, 0.5, -0.5 ],
							"rotationOrigin": [ -2.5, -2.5, -6.5 ],
							"faces": {
								"north": { "texture": "#flax", "uv": [ 3.5, 9.0, 4.0, 9.5 ] },
								"east": { "texture": "#flax", "uv": [ 0.0, 1.5, 0.5, 2.0 ] },
								"south": { "texture": "#flax", "uv": [ 1.0, 11.0, 1.5, 11.5 ] },
								"west": { "texture": "#flax", "uv": [ 12.5, 14.0, 13.0, 14.5 ] },
								"up": { "texture": "#flax", "uv": [ 6.5, 11.0, 7.0, 11.5 ] }
							}
						},
						{
							"name": "Cube30",
							"from": [ 4.0, 0.0, 2.0 ],
							"to": [ 4.5, 1.0, 2.5 ],
							"rotationOrigin": [ 7.0, -2.5, -3.5 ],
							"faces": {
								"north": { "texture": "#flax", "uv": [ 12.5, 3.0, 13.0, 4.0 ] },
								"east": { "texture": "#flax", "uv": [ 14.5, 10.0, 15.0, 11.0 ] },
								"south": { "texture": "#flax", "uv": [ 1.5, 3.5, 2.0, 4.5 ] },
								"up": { "texture": "#flax", "uv": [ 1.5, 2.0, 2.0, 2.5 ] }
							}
						},
						{
							"name": "Cube32",
							"from": [ 4.5, 0.0, -2.0 ],
							"to": [ 5.0, 0.5, -1.5 ],
							"rotationOrigin": [ 5.5, -3.5, -7.5 ],
							"faces": {
								"north": { "texture": "#flax", "uv": [ 13.0, 7.5, 13.5, 8.0 ] },
								"east": { "texture": "#flax", "uv": [ 8.0, 3.5, 8.5, 4.0 ] },
								"west": { "texture": "#flax", "uv": [ 13.0, 9.0, 13.5, 9.5 ] },
								"up": { "texture": "#flax", "uv": [ 0.5, 6.5, 1.0, 7.0 ] }
							}
						},
						{
							"name": "Cube33",
							"from": [ 1.5, 0.0, -5.5 ],
							"to": [ 2.0, 0.5, -5.0 ],
							"rotationOrigin": [ 2.5, -3.5, -11.0 ],
							"faces": {
								"north": { "texture": "#flax", "uv": [ 0.0, 10.5, 0.5, 11.0 ] },
								"east": { "texture": "#flax", "uv": [ 10.5, 11.0, 11.0, 11.5 ] },
								"west": { "texture": "#flax", "uv": [ 8.0, 9.0, 8.5, 9.5 ] },
								"up": { "texture": "#flax", "uv": [ 6.5, 12.0, 7.0, 12.5 ] }
							}
						},
						{
							"name": "Cube34",
							"from": [ 4.0, 0.1, -4.0 ],
							"to": [ 5.5, 1.1, -3.0 ],
							"rotationOrigin": [ 6.0, -2.4, -3.5 ],
							"faces": {
								"north": { "texture": "#flax", "uv": [ 11.5, 3.0, 13.0, 4.0 ] },
								"east": { "texture": "#flax", "uv": [ 13.5, 11.0, 14.5, 12.0 ] },
								"south": { "texture": "#flax", "uv": [ 4.0, 13.0, 5.5, 14.0 ] },
								"west": { "texture": "#flax", "uv": [ 1.5, 9.5, 2.5, 10.5 ] },
								"up": { "texture": "#flax", "uv": [ 8.0, 0.5, 9.5, 1.5 ] }
							}
						},
						{
							"name": "Cube35",
							"from": [ 0.5, 0.0, -5.5 ],
							"to": [ 1.0, 0.5, -5.0 ],
							"rotationOrigin": [ 1.5, -3.5, -11.0 ],
							"faces": {
								"north": { "texture": "#flax", "uv": [ 4.5, 13.0, 5.0, 13.5 ] },
								"east": { "texture": "#flax", "uv": [ 0.0, 2.0, 0.5, 2.5 ] },
								"south": { "texture": "#flax", "uv": [ 9.0, 11.0, 9.5, 11.5 ] },
								"west": { "texture": "#flax", "uv": [ 10.5, 8.0, 11.0, 8.5 ] },
								"up": { "texture": "#flax", "uv": [ 5.0, 14.5, 5.5, 15.0 ] }
							}
						},
						{
							"name": "Cube36",
							"from": [ -4.5, 0.0, -5.0 ],
							"to": [ -4.0, 0.5, -4.5 ],
							"rotationOrigin": [ -3.5, -3.5, -10.5 ],
							"faces": {
								"north": { "texture": "#flax", "uv": [ 1.5, 4.0, 2.0, 4.5 ] },
								"east": { "texture": "#flax", "uv": [ 10.0, 10.5, 10.5, 11.0 ] },
								"south": { "texture": "#flax", "uv": [ 1.5, 8.0, 2.0, 8.5 ] },
								"west": { "texture": "#flax", "uv": [ 10.0, 3.0, 10.5, 3.5 ] },
								"up": { "texture": "#flax", "uv": [ 13.5, 4.5, 14.0, 5.0 ] }
							}
						},
						{
							"name": "Cube39",
							"from": [ 1.0, 0.0, -5.0 ],
							"to": [ 2.5, 0.5, -4.5 ],
							"rotationOrigin": [ 2.0, -3.5, -10.5 ],
							"faces": {
								"north": { "texture": "#flax", "uv": [ 14.0, 7.5, 15.5, 8.0 ] },
								"east": { "texture": "#flax", "uv": [ 4.0, 9.5, 4.5, 10.0 ] },
								"west": { "texture": "#flax", "uv": [ 11.0, 8.5, 11.5, 9.0 ] },
								"up": { "texture": "#flax", "uv": [ 7.5, 8.5, 9.0, 9.0 ] }
							}
						},
						{
							"name": "Cube41",
							"from": [ -4.5, 0.1, 3.5 ],
							"to": [ -3.5, 0.6, 5.0 ],
							"rotationOrigin": [ -1.5, 0.6, -2.0 ],
							"faces": {
								"north": { "texture": "#flax", "uv": [ 4.0, 4.0, 5.0, 4.5 ] },
								"south": { "texture": "#flax", "uv": [ 3.5, 11.0, 4.5, 11.5 ] },
								"west": { "texture": "#flax", "uv": [ 8.0, 0.5, 9.5, 1.0 ] },
								"up": { "texture": "#flax", "uv": [ 13.5, 1.0, 14.5, 2.5 ] }
							}
						},
						{
							"name": "Cube42",
							"from": [ -3.0, 0.0, 5.5 ],
							"to": [ -2.0, 0.5, 6.0 ],
							"rotationOrigin": [ 0.0, 0.5, 0.0 ],
							"faces": {
								"east": { "texture": "#flax", "uv": [ 3.0, 0.5, 3.5, 1.0 ] },
								"south": { "texture": "#flax", "uv": [ 2.5, 1.5, 3.5, 2.0 ] },
								"west": { "texture": "#flax", "uv": [ 13.0, 13.0, 13.5, 13.5 ] },
								"up": { "texture": "#flax", "uv": [ 10.0, 13.0, 11.0, 13.5 ] }
							}
						},
						{
							"name": "Cube43",
							"from": [ -2.5, 0.0, 2.5 ],
							"to": [ -1.5, 0.5, 3.0 ],
							"rotationOrigin": [ 0.5, 0.5, -3.0 ],
							"faces": {
								"north": { "texture": "#flax", "uv": [ 7.0, 2.5, 8.0, 3.0 ] },
								"east": { "texture": "#flax", "uv": [ 4.5, 0.5, 5.0, 1.0 ] },
								"west": { "texture": "#flax", "uv": [ 5.0, 13.5, 5.5, 14.0 ] },
								"up": { "texture": "#flax", "uv": [ 5.5, 5.0, 6.5, 5.5 ] }
							}
						},
						{
							"name": "Cube44",
							"from": [ -6.0, 0.1, -3.5 ],
							"to": [ -5.5, 0.6, -2.5 ],
							"rotationOrigin": [ -3.0, 0.6, -9.0 ],
							"faces": {
								"north": { "texture": "#flax", "uv": [ 5.5, 5.0, 6.0, 5.5 ] },
								"east": { "texture": "#flax", "uv": [ 2.0, 6.5, 3.0, 7.0 ] },
								"south": { "texture": "#flax", "uv": [ 11.0, 4.0, 11.5, 4.5 ] },
								"west": { "texture": "#flax", "uv": [ 8.0, 0.0, 9.0, 0.5 ] },
								"up": { "texture": "#flax", "uv": [ 10.5, 3.0, 11.0, 4.0 ] }
							}
						},
						{
							"name": "Cube45",
							"from": [ -3.0, 0.0, -5.5 ],
							"to": [ -2.5, 0.5, -5.0 ],
							"rotationOrigin": [ 0.0, -2.5, -11.0 ],
							"faces": {
								"north": { "texture": "#flax", "uv": [ 3.0, 1.0, 3.5, 1.5 ] },
								"south": { "texture": "#flax", "uv": [ 4.5, 13.5, 5.0, 14.0 ] },
								"west": { "texture": "#flax", "uv": [ 12.5, 3.5, 13.0, 4.0 ] },
								"up": { "texture": "#flax", "uv": [ 12.0, 0.0, 12.5, 0.5 ] }
							}
						},
						{
							"name": "Cube47",
							"from": [ 4.0, 0.0, 2.5 ],
							"to": [ 5.0, 0.5, 4.0 ],
							"rotationOrigin": [ 5.0, -3.5, -3.0 ],
							"faces": {
								"north": { "texture": "#flax", "uv": [ 1.5, 10.0, 2.5, 10.5 ] },
								"east": { "texture": "#flax", "uv": [ 7.0, 5.0, 8.5, 5.5 ] },
								"south": { "texture": "#flax", "uv": [ 10.5, 6.5, 11.5, 7.0 ] },
								"up": { "texture": "#flax", "uv": [ 4.0, 13.0, 5.0, 14.5 ] }
							}
						},
						{
							"name": "Cube48",
							"from": [ 5.5, 0.0, 0.5 ],
							"to": [ 6.0, 0.5, 1.0 ],
							"rotationOrigin": [ 6.5, -3.5, -5.0 ],
							"faces": {
								"north": { "texture": "#flax", "uv": [ 12.5, 12.5, 13.0, 13.0 ] },
								"east": { "texture": "#flax", "uv": [ 4.5, 4.0, 5.0, 4.5 ] },
								"south": { "texture": "#flax", "uv": [ 6.5, 3.0, 7.0, 3.5 ] },
								"up": { "texture": "#flax", "uv": [ 9.5, 0.0, 10.0, 0.5 ] }
							}
						},
						{
							"name": "Cube40",
							"from": [ -2.5, 0.0, -5.5 ],
							"to": [ -0.5, 0.5, -4.5 ],
							"rotationOrigin": [ -0.5, -2.5, -5.0 ],
							"faces": {
								"north": { "texture": "#flax", "uv": [ 0.5, 7.0, 2.5, 7.5 ] },
								"east": { "texture": "#flax", "uv": [ 14.0, 8.0, 15.0, 8.5 ] },
								"west": { "texture": "#flax", "uv": [ 1.5, 9.0, 2.5, 9.5 ] },
								"up": { "texture": "#flax", "uv": [ 5.5, 7.0, 7.5, 8.0 ] }
							}
						},
						{
							"name": "Cube46",
							"from": [ -2.5, 0.0, 3.5 ],
							"to": [ -1.5, 1.0, 5.0 ],
							"rotationOrigin": [ 0.5, 0.5, -1.0 ],
							"faces": {
								"north": { "texture": "#flax", "uv": [ 12.0, 4.0, 13.0, 5.0 ] },
								"east": { "texture": "#flax", "uv": [ 8.0, 9.0, 9.5, 10.0 ] },
								"south": { "texture": "#flax", "uv": [ 3.0, 11.0, 4.0, 12.0 ] },
								"west": { "texture": "#flax", "uv": [ 14.0, 4.0, 15.5, 5.0 ] },
								"up": { "texture": "#flax", "uv": [ 14.5, 3.5, 15.5, 5.0 ] }
							}
						},
						{
							"name": "Cube49",
							"from": [ 2.5, 0.5, -1.5 ],
							"to": [ 3.0, 1.5, 0.0 ],
							"rotationOrigin": [ 1.5, 1.0, -2.0 ],
							"faces": {
								"north": { "texture": "#flax", "uv": [ 7.0, 11.0, 7.5, 12.0 ] },
								"east": { "texture": "#flax", "uv": [ 2.0, 3.0, 3.5, 4.0 ] },
								"south": { "texture": "#flax", "uv": [ 14.0, 8.5, 14.5, 9.5 ] },
								"up": { "texture": "#flax", "uv": [ 1.5, 0.0, 2.0, 1.5 ] }
							}
						},
						{
							"name": "Cube50",
							"from": [ -1.5, 0.0, 2.0 ],
							"to": [ -1.0, 0.5, 2.5 ],
							"rotationOrigin": [ 1.5, 0.5, -3.5 ],
							"faces": {
								"south": { "texture": "#flax", "uv": [ 6.5, 8.5, 7.0, 9.0 ] },
								"west": { "texture": "#flax", "uv": [ 1.0, 13.0, 1.5, 13.5 ] },
								"up": { "texture": "#flax", "uv": [ 7.0, 14.5, 7.5, 15.0 ] }
							}
						},
						{
							"name": "Cube51",
							"from": [ 3.0, 0.0, 4.0 ],
							"to": [ 4.5, 0.5, 5.5 ],
							"rotationOrigin": [ 4.0, -3.5, -1.5 ],
							"faces": {
								"east": { "texture": "#flax", "uv": [ 5.5, 5.5, 7.0, 6.0 ] },
								"south": { "texture": "#flax", "uv": [ 12.0, 4.5, 13.5, 5.0 ] },
								"west": { "texture": "#flax", "uv": [ 0.5, 2.5, 2.0, 3.0 ] },
								"up": { "texture": "#flax", "uv": [ 11.0, 4.5, 12.5, 6.0 ] }
							}
						},
						{
							"name": "Cube52",
							"from": [ 5.0, 0.0, 3.5 ],
							"to": [ 5.5, 0.5, 4.0 ],
							"rotationOrigin": [ 6.0, -3.5, -2.0 ],
							"faces": {
								"north": { "texture": "#flax", "uv": [ 14.5, 2.0, 15.0, 2.5 ] },
								"east": { "texture": "#flax", "uv": [ 11.5, 7.5, 12.0, 8.0 ] },
								"south": { "texture": "#flax", "uv": [ 14.0, 3.5, 14.5, 4.0 ] },
								"up": { "texture": "#flax", "uv": [ 12.5, 5.0, 13.0, 5.5 ] },
								"down": { "texture": "#flax", "uv": [ 2.0, 2.0, 2.5, 2.5 ] }
							}
						},
						{
							"name": "Cube53",
							"from": [ -1.5, 1.0, -2.5 ],
							"to": [ -0.5, 1.5, -1.0 ],
							"rotationOrigin": [ 1.5, 1.5, -7.0 ],
							"faces": {
								"north": { "texture": "#flax", "uv": [ 1.5, 11.5, 2.5, 12.0 ] },
								"south": { "texture": "#flax", "uv": [ 4.5, 3.5, 5.5, 4.0 ] },
								"west": { "texture": "#flax", "uv": [ 9.5, 1.5, 11.0, 2.0 ] },
								"up": { "texture": "#flax", "uv": [ 3.0, 6.5, 4.0, 8.0 ] }
							}
						}
					]
				}
			]
		}
	]}