{
	"editor": {
		"backDropShape": "E:/Programs/VSModelCreator/thin",
		"collapsedPaths": "Root/Bow,Root/Waist-Quiver/Quiver,Root/Waist-Belt/Quiver/quiver_1,Root/Sowrd/Handle,Root/Waist/buckle-bottom,Root/Waist-Quiver/Pouch_1,Root/Waist-Quiver/Pouch_0,Root/Waist-Belt/Saydak/saydak_0/Bow,Root/Waist-Belt/Saydak/saydak_0/saydak_3,Root/Sowrd/Metal,Root/Waist-Belt/Sheath,Root/Waist-Belt/Pouch_1,Root/Waist-Quiver/Sheath_0,Root/Waist-Quiver/Belt,Root/Waist-Belt/Saydak/Bow,Root/Waist-Quiver/Saydak,Root/Waist-Quiver/Sheath/sheath_0,Root/Waist-Quiver/Sheath/sheath_0/Sowrd/Handle2,Root/Waist-Belt/Quiver/arrow_7,Root/Waist-Belt/Saydak/saydak_0/quiver_1,Root/Waist-Belt/Quiver/arrow_6,Root/Waist-Belt/Quiver/arrow_5,Root/Waist-Quiver/Quiver/arrow_3,Root/Waist-Quiver/Quiver/arrow_2,Root/Waist-Quiver/Quiver/arrow_1,Root/Waist-Quiver/Bow,Root/Waist-Quiver/Quiver/arrow_0,Root/Waist-Belt/Quiver/arrow_0,Root/Waist-Quiver/Sheath/sheath_0/Handle2/Guard_2,Root/Waist-Belt/Quiver/arrow_4,Root/Waist-Belt/Quiver/arrow_3,Root/Waist-Belt/Quiver/arrow_2,Root/Waist-Belt/Quiver/arrow_1",
		"allAngles": true,
		"entityTextureMode": false
	},
	"textureWidth": 16,
	"textureHeight": 16,
	"textureSizes": {
	},
	"textures": {
		"quiverarrows-string": "game:block/cloth/burlap/string",
		"quiverbolts-black": "game:block/leather/black",
		"belt-waist-plain-material": "game:block/leather/plain",
		"belt-waist-plain-metal": "game:block/metal/plate/brass",
		"quiverarrows-aged": "game:block/wood/debarked/aged",
		"quiverarrows-larch": "game:block/wood/debarked/larch"
	},
	"elements": [
		{
			"name": "Waist-Belt",
			"stepParentName": "LowerTorso",
			"from": [ -0.1, 1.9, -0.2 ],
			"to": [ 5.1, 3.0, 6.2 ],
			"rotationOrigin": [ 2.9, 1.9, 3.0 ],
			"faces": {
			},
			"children": [
				{
					"name": "Saydak",
					"from": [ 2.6, -0.9, -0.1 ],
					"to": [ 2.6, -0.9, -0.1 ],
					"rotationOrigin": [ 2.6, -0.9, -0.1 ],
					"faces": {
						"north": { "texture": "#belt-waist-plain-material", "uv": [ 0.0, 0.0, 0.5, 0.5 ] },
						"east": { "texture": "#belt-waist-plain-material", "uv": [ 0.0, 0.0, 0.5, 0.5 ] },
						"south": { "texture": "#belt-waist-plain-material", "uv": [ 0.0, 0.0, 0.5, 0.5 ] },
						"west": { "texture": "#belt-waist-plain-material", "uv": [ 0.0, 0.0, 0.5, 0.5 ] },
						"up": { "texture": "#belt-waist-plain-material", "uv": [ 0.0, 0.0, 0.5, 0.5 ] },
						"down": { "texture": "#belt-waist-plain-material", "uv": [ 0.0, 0.0, 0.5, 0.5 ] }
					},
					"children": [
						{
							"name": "saydak_0",
							"from": [ -1.6, -1.8, -1.8 ],
							"to": [ -1.6, -1.8, -1.8 ],
							"rotationOrigin": [ -1.6, -1.8, -1.8 ],
							"rotationX": -3.0,
							"rotationY": 37.0,
							"rotationZ": -49.0,
							"faces": {
								"north": { "texture": "#belt-waist-plain-material", "uv": [ 0.0, 0.0, 0.5, 0.5 ] },
								"east": { "texture": "#belt-waist-plain-material", "uv": [ 0.0, 0.0, 0.5, 0.5 ] },
								"south": { "texture": "#belt-waist-plain-material", "uv": [ 0.0, 0.0, 0.5, 0.5 ] },
								"west": { "texture": "#belt-waist-plain-material", "uv": [ 0.0, 0.0, 0.5, 0.5 ] },
								"up": { "texture": "#belt-waist-plain-material", "uv": [ 0.0, 0.0, 0.5, 0.5 ] },
								"down": { "texture": "#belt-waist-plain-material", "uv": [ 0.0, 0.0, 0.5, 0.5 ] }
							},
							"children": [
								{
									"name": "saydak_1",
									"from": [ -0.3, -3.0, -0.5 ],
									"to": [ 1.2, -0.5, 0.7 ],
									"rotationOrigin": [ -0.3, -3.0, -0.5 ],
									"faces": {
										"north": { "texture": "#belt-waist-plain-material", "uv": [ 0.0, 0.0, 1.5, 2.5 ] },
										"east": { "texture": "#belt-waist-plain-material", "uv": [ 0.0, 0.0, 1.0, 2.5 ] },
										"south": { "texture": "#belt-waist-plain-material", "uv": [ 0.0, 0.0, 1.5, 2.5 ] },
										"west": { "texture": "#belt-waist-plain-material", "uv": [ 0.0, 0.0, 1.0, 2.5 ] },
										"up": { "texture": "#belt-waist-plain-material", "uv": [ 0.0, 0.0, 1.5, 1.0 ] },
										"down": { "texture": "#belt-waist-plain-material", "uv": [ 0.0, 0.0, 1.5, 1.0 ] }
									}
								},
								{
									"name": "saydak_2",
									"from": [ 1.2, -1.5, -0.5 ],
									"to": [ 7.2, -0.5, 0.7 ],
									"rotationOrigin": [ 1.2, -1.5, -0.5 ],
									"faces": {
										"north": { "texture": "#belt-waist-plain-material", "uv": [ 0.0, 0.0, 6.0, 1.0 ] },
										"east": { "texture": "#belt-waist-plain-material", "uv": [ 0.0, 0.0, 1.0, 1.0 ] },
										"south": { "texture": "#belt-waist-plain-material", "uv": [ 0.0, 0.0, 6.0, 1.0 ] },
										"west": { "texture": "#belt-waist-plain-material", "uv": [ 0.0, 0.0, 1.0, 1.0 ] },
										"up": { "texture": "#belt-waist-plain-material", "uv": [ 0.0, 0.0, 6.0, 1.0 ] },
										"down": { "texture": "#belt-waist-plain-material", "uv": [ 0.0, 0.0, 6.0, 1.0 ] }
									}
								},
								{
									"name": "saydak_3",
									"from": [ 1.2, -3.0, -0.49 ],
									"to": [ 7.4, -2.0, 0.69 ],
									"rotationOrigin": [ 1.2, -3.0, -0.5 ],
									"rotationZ": 11.0,
									"faces": {
										"north": { "texture": "#belt-waist-plain-material", "uv": [ 0.0, 0.0, 6.0, 1.0 ] },
										"east": { "texture": "#belt-waist-plain-material", "uv": [ 0.0, 0.0, 1.0, 1.0 ] },
										"south": { "texture": "#belt-waist-plain-material", "uv": [ 0.0, 0.0, 6.0, 1.0 ] },
										"west": { "texture": "#belt-waist-plain-material", "uv": [ 0.0, 0.0, 1.0, 1.0 ] },
										"up": { "texture": "#belt-waist-plain-material", "uv": [ 0.0, 0.0, 6.0, 1.0 ] },
										"down": { "texture": "#belt-waist-plain-material", "uv": [ 0.0, 0.0, 6.0, 1.0 ] }
									},
									"children": [
										{
											"name": "saydak_4",
											"from": [ 0.0, 1.0, 0.0 ],
											"to": [ 3.9, 1.5, 1.18 ],
											"rotationOrigin": [ 0.0, 1.0, 0.0 ],
											"faces": {
												"north": { "texture": "#belt-waist-plain-material", "uv": [ 2.5, 4.0, 6.0, 4.5 ] },
												"east": { "texture": "#belt-waist-plain-material", "uv": [ 2.5, 1.5, 3.5, 2.0 ] },
												"south": { "texture": "#belt-waist-plain-material", "uv": [ 2.0, 2.5, 5.5, 3.0 ] },
												"west": { "texture": "#belt-waist-plain-material", "uv": [ 4.5, 2.5, 5.5, 3.0 ] },
												"up": { "texture": "#belt-waist-plain-material", "uv": [ 3.5, 3.0, 7.0, 4.0 ] },
												"down": { "texture": "#belt-waist-plain-material", "uv": [ 1.0, 1.0, 4.5, 2.0 ] }
											}
										},
										{
											"name": "saydak_8",
											"from": [ 0.0, 1.5, 0.0 ],
											"to": [ 0.9, 2.0, 1.18 ],
											"rotationOrigin": [ 0.0, 1.5, 0.0 ],
											"faces": {
												"north": { "texture": "#belt-waist-plain-material", "uv": [ 5.5, 5.5, 6.0, 6.0 ] },
												"east": { "texture": "#belt-waist-plain-material", "uv": [ 9.5, 6.5, 10.5, 7.0 ] },
												"south": { "texture": "#belt-waist-plain-material", "uv": [ 5.0, 6.0, 5.5, 6.5 ] },
												"west": { "texture": "#belt-waist-plain-material", "uv": [ 4.0, 3.5, 5.0, 4.0 ] },
												"up": { "texture": "#belt-waist-plain-material", "uv": [ 6.5, 7.0, 7.0, 8.0 ] },
												"down": { "texture": "#belt-waist-plain-material", "uv": [ 8.0, 6.5, 8.5, 7.5 ] }
											}
										}
									]
								},
								{
									"name": "saydak_5",
									"from": [ 6.3, -2.1, -0.6 ],
									"to": [ 6.8, -0.4, 0.8 ],
									"rotationOrigin": [ 6.3, -2.1, -0.6 ],
									"rotationZ": 8.0,
									"faces": {
										"north": { "texture": "#belt-waist-plain-metal", "uv": [ 0.0, 0.0, 0.5, 1.5 ] },
										"east": { "texture": "#belt-waist-plain-metal", "uv": [ 0.0, 0.0, 1.0, 1.5 ] },
										"south": { "texture": "#belt-waist-plain-metal", "uv": [ 0.0, 0.0, 0.5, 1.5 ] },
										"west": { "texture": "#belt-waist-plain-metal", "uv": [ 0.0, 0.0, 1.0, 1.5 ] },
										"up": { "texture": "#belt-waist-plain-metal", "uv": [ 0.0, 0.0, 0.5, 1.0 ] },
										"down": { "texture": "#belt-waist-plain-metal", "uv": [ 0.0, 0.0, 0.5, 1.0 ] }
									}
								},
								{
									"name": "saydak_6",
									"from": [ 0.2, -0.5, 0.5 ],
									"to": [ 0.8, 4.0, 0.7 ],
									"rotationOrigin": [ 0.8, -0.5, 0.5 ],
									"rotationX": 36.0,
									"rotationY": 2.0,
									"rotationZ": 50.0,
									"faces": {
										"north": { "texture": "#belt-waist-plain-material", "uv": [ 0.0, 0.0, 0.5, 4.5 ] },
										"east": { "texture": "#belt-waist-plain-material", "uv": [ 0.0, 0.0, 0.5, 4.5 ] },
										"south": { "texture": "#belt-waist-plain-material", "uv": [ 0.0, 0.0, 0.5, 4.5 ] },
										"west": { "texture": "#belt-waist-plain-material", "uv": [ 0.0, 0.0, 0.5, 4.5 ] },
										"up": { "texture": "#belt-waist-plain-material", "uv": [ 0.0, 0.0, 0.5, 0.5 ] },
										"down": { "texture": "#belt-waist-plain-material", "uv": [ 0.0, 0.0, 0.5, 0.5 ] }
									}
								},
								{
									"name": "saydak_7",
									"from": [ 5.2, -0.5, 0.5 ],
									"to": [ 5.8, 8.3, 0.7 ],
									"rotationOrigin": [ 5.8, -0.5, 0.5 ],
									"rotationX": 42.0,
									"rotationZ": 53.0,
									"faces": {
										"north": { "texture": "#belt-waist-plain-material", "uv": [ 0.0, 0.0, 0.5, 8.5 ] },
										"east": { "texture": "#belt-waist-plain-material", "uv": [ 0.0, 0.0, 0.5, 8.5 ] },
										"south": { "texture": "#belt-waist-plain-material", "uv": [ 0.0, 0.0, 0.5, 8.5 ] },
										"west": { "texture": "#belt-waist-plain-material", "uv": [ 0.0, 0.0, 0.5, 8.5 ] },
										"up": { "texture": "#belt-waist-plain-material", "uv": [ 0.0, 0.0, 0.5, 0.5 ] },
										"down": { "texture": "#belt-waist-plain-material", "uv": [ 0.0, 0.0, 0.5, 0.5 ] }
									}
								},
								{
									"name": "quiver_1",
									"from": [ -0.3, -3.1, -0.5 ],
									"to": [ 2.4, -2.6, 0.7 ],
									"rotationOrigin": [ -0.3, -3.1, -0.5 ],
									"rotationZ": 90.0,
									"faces": {
										"north": { "texture": "#belt-waist-plain-metal", "uv": [ 0.0, 0.0, 2.5, 0.5 ] },
										"east": { "texture": "#belt-waist-plain-metal", "uv": [ 0.0, 0.0, 1.0, 0.5 ] },
										"south": { "texture": "#belt-waist-plain-metal", "uv": [ 0.0, 0.0, 2.5, 0.5 ] },
										"west": { "texture": "#belt-waist-plain-metal", "uv": [ 0.0, 0.0, 1.0, 0.5 ] },
										"up": { "texture": "#belt-waist-plain-metal", "uv": [ 0.0, 0.0, 2.5, 1.0 ] },
										"down": { "texture": "#belt-waist-plain-metal", "uv": [ 0.0, 0.0, 2.5, 1.0 ] }
									},
									"children": [
										{
											"name": "quiver_5",
											"from": [ 0.1, 0.5, 0.9 ],
											"to": [ 2.6, 1.0, 1.2 ],
											"rotationOrigin": [ 0.1, 0.5, 0.9 ],
											"rotationX": 30.0,
											"faces": {
												"north": { "texture": "#belt-waist-plain-material", "uv": [ 0.0, 0.0, 2.5, 0.5 ] },
												"east": { "texture": "#belt-waist-plain-material", "uv": [ 0.0, 0.0, 0.5, 0.5 ] },
												"south": { "texture": "#belt-waist-plain-material", "uv": [ 0.0, 0.0, 2.5, 0.5 ] },
												"west": { "texture": "#belt-waist-plain-material", "uv": [ 0.0, 0.0, 0.5, 0.5 ] },
												"up": { "texture": "#belt-waist-plain-material", "uv": [ 0.0, 0.0, 2.5, 0.5 ] },
												"down": { "texture": "#belt-waist-plain-material", "uv": [ 0.0, 0.0, 2.5, 0.5 ] }
											}
										},
										{
											"name": "quiver_6",
											"from": [ 0.1, 0.5, 0.1 ],
											"to": [ 0.4, 1.0, 1.2 ],
											"rotationOrigin": [ 0.4, 0.5, 0.1 ],
											"rotationZ": 30.0,
											"faces": {
												"north": { "texture": "#belt-waist-plain-material", "uv": [ 0.0, 0.0, 0.5, 0.5 ] },
												"east": { "texture": "#belt-waist-plain-material", "uv": [ 0.0, 0.0, 1.0, 0.5 ] },
												"south": { "texture": "#belt-waist-plain-material", "uv": [ 0.0, 0.0, 0.5, 0.5 ] },
												"west": { "texture": "#belt-waist-plain-material", "uv": [ 12.5, 3.0, 13.5, 3.5 ] },
												"up": { "texture": "#belt-waist-plain-material", "uv": [ 0.0, 0.0, 0.5, 1.0 ] },
												"down": { "texture": "#belt-waist-plain-material", "uv": [ 0.0, 0.0, 0.5, 1.0 ] }
											}
										},
										{
											"name": "quiver_4",
											"from": [ 0.1, 0.5, 0.1 ],
											"to": [ 2.6, 1.0, 0.4 ],
											"rotationOrigin": [ 0.1, 0.5, 0.4 ],
											"rotationX": -30.0,
											"faces": {
												"north": { "texture": "#belt-waist-plain-material", "uv": [ 0.0, 0.0, 2.5, 0.5 ] },
												"east": { "texture": "#belt-waist-plain-material", "uv": [ 0.0, 0.0, 0.5, 0.5 ] },
												"south": { "texture": "#belt-waist-plain-material", "uv": [ 0.0, 0.0, 2.5, 0.5 ] },
												"west": { "texture": "#belt-waist-plain-material", "uv": [ 0.0, 0.0, 0.5, 0.5 ] },
												"up": { "texture": "#belt-waist-plain-material", "uv": [ 0.0, 0.0, 2.5, 0.5 ] },
												"down": { "texture": "#belt-waist-plain-material", "uv": [ 0.0, 0.0, 2.5, 0.5 ] }
											}
										},
										{
											"name": "quiver_7",
											"from": [ 2.3, 0.5, 0.1 ],
											"to": [ 2.6, 1.0, 1.2 ],
											"rotationOrigin": [ 2.3, 0.5, 0.1 ],
											"rotationZ": -30.0,
											"faces": {
												"north": { "texture": "#belt-waist-plain-material", "uv": [ 0.0, 0.0, 0.5, 0.5 ] },
												"east": { "texture": "#belt-waist-plain-material", "uv": [ 12.0, 6.0, 13.0, 6.5 ] },
												"south": { "texture": "#belt-waist-plain-material", "uv": [ 0.0, 0.0, 0.5, 0.5 ] },
												"west": { "texture": "#belt-waist-plain-material", "uv": [ 7.5, 3.0, 8.5, 3.5 ] },
												"up": { "texture": "#belt-waist-plain-material", "uv": [ 0.0, 0.0, 0.5, 1.0 ] },
												"down": { "texture": "#belt-waist-plain-material", "uv": [ 0.0, 0.0, 0.5, 1.0 ] }
											}
										},
										{
											"name": "quiver_8",
											"from": [ 0.3, 0.51, 0.3 ],
											"to": [ 2.4, 0.51, 1.0 ],
											"rotationOrigin": [ 0.3, 0.5, 0.3 ],
											"faces": {
												"up": { "texture": "#quiverbolts-black", "uv": [ 7.0, 9.5, 9.0, 10.0 ] }
											}
										}
									]
								},
								{
									"name": "Bow",
									"from": [ -7.0, -2.8, -0.3 ],
									"to": [ -7.0, -2.8, -0.3 ],
									"rotationOrigin": [ -0.4, -2.2, 0.2 ],
									"rotationX": -90.0,
									"faces": {
										"north": { "texture": "#quiverarrows-larch", "uv": [ 0.0, 0.0, 0.5, 0.5 ], "autoUv": false },
										"east": { "texture": "#quiverarrows-larch", "uv": [ 0.0, 0.0, 0.5, 0.5 ], "autoUv": false },
										"south": { "texture": "#quiverarrows-larch", "uv": [ 0.0, 0.0, 0.5, 0.5 ], "autoUv": false },
										"west": { "texture": "#quiverarrows-larch", "uv": [ 0.0, 0.0, 0.5, 0.5 ], "autoUv": false },
										"up": { "texture": "#quiverarrows-larch", "uv": [ 0.0, 0.0, 0.5, 0.5 ], "autoUv": false },
										"down": { "texture": "#quiverarrows-larch", "uv": [ 0.0, 0.0, 0.5, 0.5 ], "autoUv": false }
									},
									"children": [
										{
											"name": "Bow_limbs",
											"from": [ 6.0, 0.24, 0.0 ],
											"to": [ 7.6, 1.04, 0.64 ],
											"rotationOrigin": [ 6.8, 0.56, 0.4 ],
											"faces": {
												"north": { "texture": "#quiverarrows-larch", "uv": [ 0.0, 0.0, 2.0, 1.0 ], "autoUv": false },
												"east": { "texture": "#quiverarrows-larch", "uv": [ 0.0, 0.0, 0.5, 1.0 ], "autoUv": false },
												"south": { "texture": "#quiverarrows-larch", "uv": [ 0.0, 0.0, 2.0, 1.0 ], "autoUv": false },
												"west": { "texture": "#quiverarrows-larch", "uv": [ 0.0, 0.0, 0.5, 1.0 ], "autoUv": false },
												"up": { "texture": "#quiverarrows-larch", "uv": [ 0.0, 0.0, 2.0, 0.5 ], "autoUv": false },
												"down": { "texture": "#quiverarrows-larch", "uv": [ 0.0, 0.0, 2.0, 0.5 ], "autoUv": false }
											},
											"children": [
												{
													"name": "Bow_right_limb",
													"from": [ 1.6, 0.0, 0.0 ],
													"to": [ 2.8, 0.8, 0.72 ],
													"rotationOrigin": [ 1.6, 0.4, 0.4 ],
													"faces": {
														"north": { "texture": "#quiverarrows-aged", "uv": [ 12.5, 0.5, 14.0, 1.5 ], "autoUv": false },
														"east": { "texture": "#quiverarrows-aged", "uv": [ 1.0, 0.0, 1.5, 1.0 ], "autoUv": false },
														"south": { "texture": "#quiverarrows-aged", "uv": [ 0.5, 2.5, 2.0, 3.5 ], "autoUv": false },
														"west": { "texture": "#quiverarrows-aged", "uv": [ 1.5, 0.0, 2.0, 1.0 ], "autoUv": false },
														"up": { "texture": "#quiverarrows-aged", "uv": [ 3.0, 2.0, 4.5, 3.1 ], "autoUv": false },
														"down": { "texture": "#quiverarrows-aged", "uv": [ 4.5, 2.0, 6.0, 3.1 ], "autoUv": false }
													},
													"children": [
														{
															"name": "Bow_right_limb_14",
															"from": [ 1.2, 0.008, 0.0 ],
															"to": [ 2.4, 0.792, 0.64 ],
															"rotationOrigin": [ 1.2, 0.0, 0.0 ],
															"rotationY": -5.0,
															"faces": {
																"north": { "texture": "#quiverarrows-aged", "uv": [ 1.0, 13.5, 2.5, 14.5 ], "autoUv": false },
																"east": { "texture": "#quiverarrows-aged", "uv": [ 3.5, 0.0, 4.0, 0.5 ], "autoUv": false },
																"south": { "texture": "#quiverarrows-aged", "uv": [ 3.0, 5.0, 4.5, 6.0 ], "autoUv": false },
																"west": { "texture": "#quiverarrows-aged", "uv": [ 3.0, 0.0, 3.5, 0.5 ], "autoUv": false },
																"up": { "texture": "#quiverarrows-aged", "uv": [ 5.0, 2.0, 6.5, 3.0 ], "autoUv": false },
																"down": { "texture": "#quiverarrows-aged", "uv": [ 5.0, 2.0, 6.5, 3.0 ], "autoUv": false }
															},
															"children": [
																{
																	"name": "Bow_right_limb_15",
																	"from": [ 1.2, 0.008, 0.0 ],
																	"to": [ 2.4, 0.776, 0.64 ],
																	"rotationOrigin": [ 1.2, 0.0, 0.0 ],
																	"rotationY": -5.0,
																	"faces": {
																		"north": { "texture": "#quiverarrows-aged", "uv": [ 11.0, 14.0, 12.5, 15.0 ], "autoUv": false, "windMode": [-1,-1,-1,-1] },
																		"east": { "texture": "#quiverarrows-aged", "uv": [ 0.0, 0.0, 0.5, 1.0 ], "autoUv": false, "windMode": [-1,-1,-1,-1] },
																		"south": { "texture": "#quiverarrows-aged", "uv": [ 3.0, 5.5, 4.5, 6.5 ], "autoUv": false, "windMode": [-1,-1,-1,-1] },
																		"west": { "texture": "#quiverarrows-aged", "uv": [ 0.0, 0.0, 0.5, 1.0 ], "autoUv": false, "windMode": [-1,-1,-1,-1] },
																		"up": { "texture": "#quiverarrows-aged", "uv": [ 12.0, 2.0, 13.5, 3.0 ], "autoUv": false, "windMode": [-1,-1,-1,-1] },
																		"down": { "texture": "#quiverarrows-aged", "uv": [ 12.0, 2.0, 13.5, 3.0 ], "autoUv": false, "windMode": [-1,-1,-1,-1] }
																	},
																	"children": [
																		{
																			"name": "Bow_right_limb_16",
																			"from": [ 1.2, 0.008, 0.0 ],
																			"to": [ 2.4, 0.76, 0.56 ],
																			"rotationOrigin": [ 1.2, 0.0, 0.0 ],
																			"rotationY": -5.0,
																			"faces": {
																				"north": { "texture": "#quiverarrows-aged", "uv": [ 11.0, 14.0, 12.5, 15.0 ], "autoUv": false, "windMode": [-1,-1,-1,-1] },
																				"east": { "texture": "#quiverarrows-aged", "uv": [ 0.0, 0.0, 0.5, 1.0 ], "autoUv": false, "windMode": [-1,-1,-1,-1] },
																				"south": { "texture": "#quiverarrows-aged", "uv": [ 10.5, 5.5, 12.0, 6.5 ], "autoUv": false, "windMode": [-1,-1,-1,-1] },
																				"west": { "texture": "#quiverarrows-aged", "uv": [ 0.0, 0.0, 0.5, 1.0 ], "autoUv": false, "windMode": [-1,-1,-1,-1] },
																				"up": { "texture": "#quiverarrows-aged", "uv": [ 14.0, 2.0, 15.5, 3.0 ], "autoUv": false, "windMode": [-1,-1,-1,-1] },
																				"down": { "texture": "#quiverarrows-aged", "uv": [ 14.0, 2.0, 15.5, 3.0 ], "autoUv": false, "windMode": [-1,-1,-1,-1] }
																			},
																			"children": [
																				{
																					"name": "Bow_right_limb_17",
																					"from": [ 1.2, 0.008, 0.0 ],
																					"to": [ 2.4, 0.744, 0.56 ],
																					"rotationOrigin": [ 1.2, 0.0, 0.0 ],
																					"rotationY": -5.0,
																					"faces": {
																						"north": { "texture": "#quiverarrows-aged", "uv": [ 10.3, 14.5, 12.0, 15.5 ], "autoUv": false, "windMode": [-1,-1,-1,-1] },
																						"east": { "texture": "#quiverarrows-aged", "uv": [ 0.0, 0.0, 1.0, 1.0 ], "autoUv": false, "windMode": [-1,-1,-1,-1] },
																						"south": { "texture": "#quiverarrows-aged", "uv": [ 7.5, 7.0, 9.2, 8.0 ], "autoUv": false, "windMode": [-1,-1,-1,-1] },
																						"west": { "texture": "#quiverarrows-aged", "uv": [ 0.0, 0.0, 0.5, 1.0 ], "autoUv": false, "windMode": [-1,-1,-1,-1] },
																						"up": { "texture": "#quiverarrows-aged", "uv": [ 13.5, 2.0, 15.2, 3.0 ], "autoUv": false, "windMode": [-1,-1,-1,-1] },
																						"down": { "texture": "#quiverarrows-aged", "uv": [ 13.5, 2.0, 15.2, 3.0 ], "autoUv": false, "windMode": [-1,-1,-1,-1] }
																					},
																					"children": [
																						{
																							"name": "Bow_right_limb_18",
																							"from": [ 1.2, 0.12, 0.0 ],
																							"to": [ 2.0, 0.6, 0.56 ],
																							"rotationOrigin": [ 1.2, 0.08, 0.56 ],
																							"rotationY": 10.0,
																							"faces": {
																								"north": { "texture": "#quiverarrows-aged", "uv": [ 0.0, 0.0, 1.5, 1.0 ], "autoUv": false, "windMode": [-1,-1,-1,-1] },
																								"east": { "texture": "#quiverarrows-aged", "uv": [ 0.0, 0.0, 1.0, 1.0 ], "autoUv": false, "windMode": [-1,-1,-1,-1] },
																								"south": { "texture": "#quiverarrows-aged", "uv": [ 0.0, 0.0, 1.5, 1.0 ], "autoUv": false, "windMode": [-1,-1,-1,-1] },
																								"west": { "texture": "#quiverarrows-aged", "uv": [ 0.0, 0.0, 1.0, 1.0 ], "autoUv": false, "windMode": [-1,-1,-1,-1] },
																								"up": { "texture": "#quiverarrows-aged", "uv": [ 3.5, 1.0, 5.0, 2.0 ], "autoUv": false, "windMode": [-1,-1,-1,-1] },
																								"down": { "texture": "#quiverarrows-aged", "uv": [ 0.0, 0.0, 1.5, 1.0 ], "autoUv": false, "windMode": [-1,-1,-1,-1] }
																							}
																						}
																					]
																				}
																			]
																		}
																	]
																}
															]
														}
													]
												},
												{
													"name": "Bow_left_limb",
													"from": [ 0.0, 0.0, 0.0 ],
													"to": [ 1.2, 0.8, 0.72 ],
													"rotationOrigin": [ 0.0, 0.4, 0.4 ],
													"rotationZ": 180.0,
													"faces": {
														"north": { "texture": "#quiverarrows-aged", "uv": [ 12.5, 0.5, 14.0, 1.5 ], "autoUv": false },
														"east": { "texture": "#quiverarrows-aged", "uv": [ 1.0, 0.0, 1.5, 1.0 ], "autoUv": false },
														"south": { "texture": "#quiverarrows-aged", "uv": [ 0.5, 2.5, 2.0, 3.5 ], "autoUv": false },
														"west": { "texture": "#quiverarrows-aged", "uv": [ 1.5, 0.0, 2.0, 1.0 ], "autoUv": false },
														"up": { "texture": "#quiverarrows-aged", "uv": [ 3.0, 2.0, 4.5, 3.1 ], "autoUv": false },
														"down": { "texture": "#quiverarrows-aged", "uv": [ 4.5, 2.0, 6.0, 3.1 ], "autoUv": false }
													},
													"children": [
														{
															"name": "Bow_right_limb_19",
															"from": [ 1.2, 0.008, 0.0 ],
															"to": [ 2.4, 0.792, 0.64 ],
															"rotationOrigin": [ 1.2, 0.0, 0.0 ],
															"rotationY": -5.0,
															"faces": {
																"north": { "texture": "#quiverarrows-aged", "uv": [ 1.0, 13.5, 2.5, 14.5 ], "autoUv": false },
																"east": { "texture": "#quiverarrows-aged", "uv": [ 3.5, 0.0, 4.0, 0.5 ], "autoUv": false },
																"south": { "texture": "#quiverarrows-aged", "uv": [ 3.0, 5.0, 4.5, 6.0 ], "autoUv": false },
																"west": { "texture": "#quiverarrows-aged", "uv": [ 3.0, 0.0, 3.5, 0.5 ], "autoUv": false },
																"up": { "texture": "#quiverarrows-aged", "uv": [ 5.0, 2.0, 6.5, 3.0 ], "autoUv": false },
																"down": { "texture": "#quiverarrows-aged", "uv": [ 5.0, 2.0, 6.5, 3.0 ], "autoUv": false }
															},
															"children": [
																{
																	"name": "Bow_right_limb_20",
																	"from": [ 1.2, 0.008, 0.0 ],
																	"to": [ 2.4, 0.776, 0.64 ],
																	"rotationOrigin": [ 1.2, 0.0, 0.0 ],
																	"rotationY": -5.0,
																	"faces": {
																		"north": { "texture": "#quiverarrows-aged", "uv": [ 11.0, 14.0, 12.5, 15.0 ], "autoUv": false },
																		"east": { "texture": "#quiverarrows-aged", "uv": [ 0.0, 0.0, 0.5, 1.0 ], "autoUv": false },
																		"south": { "texture": "#quiverarrows-aged", "uv": [ 3.0, 5.5, 4.5, 6.5 ], "autoUv": false },
																		"west": { "texture": "#quiverarrows-aged", "uv": [ 0.0, 0.0, 0.5, 1.0 ], "autoUv": false },
																		"up": { "texture": "#quiverarrows-aged", "uv": [ 12.0, 2.0, 13.5, 3.0 ], "autoUv": false },
																		"down": { "texture": "#quiverarrows-aged", "uv": [ 12.0, 2.0, 13.5, 3.0 ], "autoUv": false }
																	},
																	"children": [
																		{
																			"name": "Bow_right_limb_21",
																			"from": [ 1.2, 0.008, 0.0 ],
																			"to": [ 2.4, 0.76, 0.56 ],
																			"rotationOrigin": [ 1.2, 0.0, 0.0 ],
																			"rotationY": -5.0,
																			"faces": {
																				"north": { "texture": "#quiverarrows-aged", "uv": [ 11.0, 14.0, 12.5, 15.0 ], "autoUv": false },
																				"east": { "texture": "#quiverarrows-aged", "uv": [ 0.0, 0.0, 0.5, 1.0 ], "autoUv": false },
																				"south": { "texture": "#quiverarrows-aged", "uv": [ 10.5, 5.5, 12.0, 6.5 ], "autoUv": false },
																				"west": { "texture": "#quiverarrows-aged", "uv": [ 0.0, 0.0, 0.5, 1.0 ], "autoUv": false },
																				"up": { "texture": "#quiverarrows-aged", "uv": [ 14.0, 2.0, 15.5, 3.0 ], "autoUv": false },
																				"down": { "texture": "#quiverarrows-aged", "uv": [ 14.0, 2.0, 15.5, 3.0 ], "autoUv": false }
																			},
																			"children": [
																				{
																					"name": "Bow_right_limb_22",
																					"from": [ 1.2, 0.008, 0.0 ],
																					"to": [ 2.4, 0.744, 0.56 ],
																					"rotationOrigin": [ 1.2, 0.0, 0.0 ],
																					"rotationY": -5.0,
																					"faces": {
																						"north": { "texture": "#quiverarrows-aged", "uv": [ 10.3, 14.5, 12.0, 15.5 ], "autoUv": false },
																						"east": { "texture": "#quiverarrows-aged", "uv": [ 0.0, 0.0, 1.0, 1.0 ], "autoUv": false },
																						"south": { "texture": "#quiverarrows-aged", "uv": [ 7.5, 7.0, 9.2, 8.0 ], "autoUv": false },
																						"west": { "texture": "#quiverarrows-aged", "uv": [ 0.0, 0.0, 0.5, 1.0 ], "autoUv": false },
																						"up": { "texture": "#quiverarrows-aged", "uv": [ 13.5, 2.0, 15.2, 3.0 ], "autoUv": false },
																						"down": { "texture": "#quiverarrows-aged", "uv": [ 13.3, 2.0, 15.0, 3.0 ], "autoUv": false }
																					},
																					"children": [
																						{
																							"name": "Bow_right_limb_23",
																							"from": [ 1.2, 0.12, 0.0 ],
																							"to": [ 2.0, 0.6, 0.56 ],
																							"rotationOrigin": [ 1.2, 0.08, 0.56 ],
																							"rotationY": 10.0,
																							"faces": {
																								"north": { "texture": "#quiverarrows-aged", "uv": [ 0.0, 0.0, 1.5, 1.0 ], "autoUv": false },
																								"east": { "texture": "#quiverarrows-aged", "uv": [ 0.0, 0.0, 1.0, 1.0 ], "autoUv": false },
																								"south": { "texture": "#quiverarrows-aged", "uv": [ 0.0, 0.0, 1.5, 1.0 ], "autoUv": false },
																								"west": { "texture": "#quiverarrows-aged", "uv": [ 0.0, 0.0, 1.0, 1.0 ], "autoUv": false },
																								"up": { "texture": "#quiverarrows-aged", "uv": [ 3.5, 1.0, 5.0, 2.0 ], "autoUv": false },
																								"down": { "texture": "#quiverarrows-aged", "uv": [ 0.0, 0.0, 1.5, 1.0 ], "autoUv": false }
																							}
																						}
																					]
																				}
																			]
																		}
																	]
																}
															]
														}
													]
												}
											]
										},
										{
											"name": "Bow_String",
											"from": [ 5.6, 0.32, 1.52 ],
											"to": [ 8.0, 0.88, 2.08 ],
											"rotationOrigin": [ 6.8, 0.64, 1.84 ],
											"faces": {
											},
											"children": [
												{
													"name": "Bpw_String_right",
													"from": [ 0.4, -0.24, 0.0 ],
													"to": [ 1.2, 0.168, 0.4 ],
													"rotationOrigin": [ 1.2, 0.16, 0.4 ],
													"rotationZ": -180.0,
													"faces": {
														"north": { "texture": "#quiverarrows-string", "uv": [ 12.0, 4.5, 13.5, 5.0 ], "autoUv": false },
														"east": { "texture": "#quiverarrows-string", "uv": [ 10.0, 2.5, 10.5, 3.0 ], "autoUv": false },
														"south": { "texture": "#quiverarrows-string", "uv": [ 12.5, 4.5, 14.0, 5.0 ], "autoUv": false },
														"west": { "texture": "#quiverarrows-string", "uv": [ 12.5, 4.0, 13.0, 4.5 ], "autoUv": false },
														"up": { "texture": "#quiverarrows-string", "uv": [ 12.0, 4.5, 13.5, 5.0 ], "autoUv": false },
														"down": { "texture": "#quiverarrows-string", "uv": [ 12.5, 4.5, 14.0, 5.0 ], "autoUv": false }
													},
													"children": [
														{
															"name": "String_8",
															"from": [ 0.0, -0.16, 0.08 ],
															"to": [ 6.0, 0.08, 0.32 ],
															"rotationOrigin": [ 0.0, 0.08, 0.32 ],
															"rotationZ": -180.0,
															"faces": {
																"north": { "texture": "#quiverarrows-string", "uv": [ 0.0, 1.0, 12.0, 1.5 ], "autoUv": false },
																"east": { "texture": "#quiverarrows-string", "uv": [ 0.0, 0.0, 0.5, 0.5 ], "autoUv": false },
																"south": { "texture": "#quiverarrows-string", "uv": [ 0.0, 1.5, 12.0, 2.0 ], "autoUv": false },
																"west": { "texture": "#quiverarrows-string", "uv": [ 0.0, 0.0, 0.5, 0.5 ], "autoUv": false },
																"up": { "texture": "#quiverarrows-string", "uv": [ 0.0, 1.5, 12.0, 2.0 ], "autoUv": false },
																"down": { "texture": "#quiverarrows-string", "uv": [ 0.0, 2.5, 12.0, 3.0 ], "autoUv": false }
															},
															"children": [
																{
																	"name": "String_7",
																	"from": [ 6.0, -0.24, -0.08 ],
																	"to": [ 6.88, 0.4, 0.24 ],
																	"rotationOrigin": [ 6.0, 0.4, 0.24 ],
																	"rotationY": 70.0,
																	"faces": {
																		"north": { "texture": "#quiverarrows-string", "uv": [ 12.5, 2.5, 13.5, 4.0 ], "autoUv": false },
																		"east": { "texture": "#quiverarrows-string", "uv": [ 12.5, 3.0, 13.0, 4.5 ], "autoUv": false },
																		"south": { "texture": "#quiverarrows-string", "uv": [ 11.5, 3.0, 13.5, 4.5 ], "autoUv": false },
																		"west": { "texture": "#quiverarrows-string", "uv": [ 11.5, 3.5, 11.9, 5.0 ], "autoUv": false },
																		"up": { "texture": "#quiverarrows-string", "uv": [ 12.0, 4.5, 13.9, 5.0 ], "autoUv": false },
																		"down": { "texture": "#quiverarrows-string", "uv": [ 13.0, 4.5, 15.0, 5.0 ], "autoUv": false }
																	}
																}
															]
														}
													]
												},
												{
													"name": "Bpw_String_left",
													"from": [ 0.4, 0.16, 0.0 ],
													"to": [ 1.2, 0.568, 0.4 ],
													"rotationOrigin": [ 1.2, 0.56, 0.4 ],
													"faces": {
														"north": { "texture": "#quiverarrows-string", "uv": [ 12.0, 4.5, 13.5, 5.0 ], "autoUv": false },
														"east": { "texture": "#quiverarrows-string", "uv": [ 10.0, 2.5, 10.5, 3.0 ], "autoUv": false },
														"south": { "texture": "#quiverarrows-string", "uv": [ 12.5, 4.5, 14.0, 5.0 ], "autoUv": false },
														"west": { "texture": "#quiverarrows-string", "uv": [ 12.5, 4.0, 13.0, 4.5 ], "autoUv": false },
														"up": { "texture": "#quiverarrows-string", "uv": [ 12.0, 4.5, 13.5, 5.0 ], "autoUv": false },
														"down": { "texture": "#quiverarrows-string", "uv": [ 12.5, 4.5, 14.0, 5.0 ], "autoUv": false }
													},
													"children": [
														{
															"name": "String_9",
															"from": [ 0.0, -0.16, 0.08 ],
															"to": [ 6.0, 0.08, 0.32 ],
															"rotationOrigin": [ 0.0, 0.08, 0.32 ],
															"rotationZ": -180.0,
															"faces": {
																"north": { "texture": "#quiverarrows-string", "uv": [ 0.0, 1.0, 12.0, 1.5 ], "autoUv": false },
																"east": { "texture": "#quiverarrows-string", "uv": [ 0.0, 0.0, 0.5, 0.5 ], "autoUv": false },
																"south": { "texture": "#quiverarrows-string", "uv": [ 0.0, 1.5, 12.0, 2.0 ], "autoUv": false },
																"west": { "texture": "#quiverarrows-string", "uv": [ 0.0, 0.0, 0.5, 0.5 ], "autoUv": false },
																"up": { "texture": "#quiverarrows-string", "uv": [ 0.0, 1.5, 12.0, 2.0 ], "autoUv": false },
																"down": { "texture": "#quiverarrows-string", "uv": [ 0.0, 2.5, 12.0, 3.0 ], "autoUv": false }
															},
															"children": [
																{
																	"name": "String_10",
																	"from": [ 6.0, -0.16, -0.08 ],
																	"to": [ 6.88, 0.48, 0.24 ],
																	"rotationOrigin": [ 6.0, 0.48, 0.24 ],
																	"rotationY": 70.0,
																	"faces": {
																		"north": { "texture": "#quiverarrows-string", "uv": [ 12.5, 2.5, 13.5, 4.0 ], "autoUv": false },
																		"east": { "texture": "#quiverarrows-string", "uv": [ 12.5, 3.0, 13.0, 4.5 ], "autoUv": false },
																		"south": { "texture": "#quiverarrows-string", "uv": [ 11.5, 3.0, 13.5, 4.5 ], "autoUv": false },
																		"west": { "texture": "#quiverarrows-string", "uv": [ 11.5, 3.5, 11.9, 5.0 ], "autoUv": false },
																		"up": { "texture": "#quiverarrows-string", "uv": [ 12.0, 4.5, 13.9, 5.0 ], "autoUv": false },
																		"down": { "texture": "#quiverarrows-string", "uv": [ 13.0, 4.5, 15.0, 5.0 ], "autoUv": false }
																	}
																}
															]
														}
													]
												},
												{
													"name": "Arrow",
													"from": [ 1.2, 0.56, 0.0 ],
													"to": [ 1.2, 0.56, 0.0 ],
													"rotationOrigin": [ 1.2, 0.56, 0.0 ],
													"rotationY": 90.0,
													"faces": {
														"north": { "texture": "#quiverarrows-string", "uv": [ 0.0, 0.0, 0.5, 0.5 ], "autoUv": false },
														"east": { "texture": "#quiverarrows-string", "uv": [ 0.0, 0.0, 0.5, 0.5 ], "autoUv": false },
														"south": { "texture": "#quiverarrows-string", "uv": [ 0.0, 0.0, 0.5, 0.5 ], "autoUv": false },
														"west": { "texture": "#quiverarrows-string", "uv": [ 0.0, 0.0, 0.5, 0.5 ], "autoUv": false },
														"up": { "texture": "#quiverarrows-string", "uv": [ 0.0, 0.0, 0.5, 0.5 ], "autoUv": false },
														"down": { "texture": "#quiverarrows-string", "uv": [ 0.0, 0.0, 0.5, 0.5 ], "autoUv": false }
													},
													"children": [
														{
															"name": "arrow_origin",
															"from": [ 0.0, 0.0, 0.0 ],
															"to": [ 0.0, 0.0, 0.0 ],
															"faces": {
																"north": { "texture": "#quiverarrows-string", "uv": [ 0.0, 0.0, 0.5, 0.5 ], "autoUv": false },
																"east": { "texture": "#quiverarrows-string", "uv": [ 0.0, 0.0, 0.5, 0.5 ], "autoUv": false },
																"south": { "texture": "#quiverarrows-string", "uv": [ 0.0, 0.0, 0.5, 0.5 ], "autoUv": false },
																"west": { "texture": "#quiverarrows-string", "uv": [ 0.0, 0.0, 0.5, 0.5 ], "autoUv": false },
																"up": { "texture": "#quiverarrows-string", "uv": [ 0.0, 0.0, 0.5, 0.5 ], "autoUv": false },
																"down": { "texture": "#quiverarrows-string", "uv": [ 0.0, 0.0, 0.5, 0.5 ], "autoUv": false }
															},
															"attachmentpoints": [
																{
																	"code": "Arrow",
																	"posX": "0.0","posY": "0.0","posZ": "0.0",
																	"rotationX": "0.0","rotationY": "0.0","rotationZ": "0.0"
																}
															]
														}
													]
												}
											]
										},
										{
											"name": "Bow_handle",
											"from": [ 5.2, 0.16, -0.08 ],
											"to": [ 8.0, 1.12, 0.8 ],
											"rotationOrigin": [ 5.2, 0.88, 0.72 ],
											"faces": {
												"north": { "texture": "#quiverarrows-string", "uv": [ 9.5, 2.0, 14.0, 3.5 ], "autoUv": false },
												"east": { "texture": "#quiverarrows-string", "uv": [ 5.0, 2.5, 6.5, 3.9 ], "autoUv": false },
												"south": { "texture": "#quiverarrows-string", "uv": [ 8.0, 2.0, 12.5, 3.5 ], "autoUv": false },
												"west": { "texture": "#quiverarrows-string", "uv": [ 0.0, 0.0, 1.5, 1.5 ], "autoUv": false },
												"up": { "texture": "#quiverarrows-string", "uv": [ 3.0, 1.5, 7.5, 3.0 ], "autoUv": false },
												"down": { "texture": "#quiverarrows-string", "uv": [ 8.0, 2.5, 12.5, 4.0 ], "autoUv": false }
											}
										}
									]
								}
							]
						}
					]
				}
			]
		}
	],
	"animations": [
		{
			"name": "Draw",
			"code": "draw",
			"quantityframes": 15,
			"onActivityStopped": "Rewind",
			"onAnimationEnd": "Hold",
			"keyframes": [
				{
					"frame": 0,
					"elements": {
						"Bow_String": { "offsetX": 0.0, "offsetY": 0.0, "offsetZ": 0.0 },
						"String_9": { "rotationX": 0.0, "rotationY": 0.0, "rotationZ": 0.0 },
						"String_10": { "rotationX": 0.0, "rotationY": 0.0, "rotationZ": 0.0 }
					}
				},
				{
					"frame": 5,
					"elements": {
						"String_9": { "rotationX": 0.0, "rotationY": -9.0, "rotationZ": 0.0 }
					}
				},
				{
					"frame": 10,
					"elements": {
						"String_9": { "rotationX": 0.0, "rotationY": -14.0, "rotationZ": 0.0 }
					}
				},
				{
					"frame": 14,
					"elements": {
						"Bow_String": { "offsetX": 0.0, "offsetY": 0.0, "offsetZ": 7.84 },
						"String_9": { "rotationX": 0.0, "rotationY": -21.5, "rotationZ": 0.0 },
						"String_10": { "rotationX": 0.0, "rotationY": -70.0, "rotationZ": 0.0 }
					}
				}
			]
		},

		{
			"name": "Release",
			"code": "release",
			"quantityframes": 15,
			"onActivityStopped": "Rewind",
			"onAnimationEnd": "Hold",
			"keyframes": [
				{
					"frame": 0,
					"elements": {
						"Bow_String": { "offsetX": 0.0, "offsetY": 0.0, "offsetZ": 7.84 },
						"String_9": { "rotationX": 0.0, "rotationY": -21.5, "rotationZ": 0.0 },
						"String_10": { "rotationX": 0.0, "rotationY": -70.0, "rotationZ": 0.0 }
					}
				},
				{
					"frame": 5,
					"elements": {
						"String_9": { "rotationX": 0.0, "rotationY": -14.0, "rotationZ": 0.0 }
					}
				},
				{
					"frame": 10,
					"elements": {
						"String_9": { "rotationX": 0.0, "rotationY": -9.0, "rotationZ": 0.0 }
					}
				},
				{
					"frame": 14,
					"elements": {
						"Bow_String": { "offsetX": 0.0, "offsetY": 0.0, "offsetZ": 0.0 },
						"String_9": { "rotationX": 0.0, "rotationY": 0.0, "rotationZ": 0.0 },
						"String_10": { "rotationX": 0.0, "rotationY": 0.0, "rotationZ": 0.0 }
					}
				}
			]
		}
	]
}