﻿[
	{
		"op": "addmerge",
		"path": "/behaviorConfigs",
		"value": {},
		"file": "game:entities/animal/mammal/fox-adult",
		"side": "Server",
		"condition": { "when": "DisableBrainDrops", "isValue": "false" }
	},
	{
		"op": "addmerge",
		"path": "/behaviorConfigs/harvestable",
		"value": {},
		"file": "game:entities/animal/mammal/fox-adult",
		"side": "Server",
		"condition": { "when": "DisableBrainDrops", "isValue": "false" }
	},
	{
		"op": "addmerge",
		"path": "/behaviorConfigs/harvestable/drops",
		"value": [],
		"file": "game:entities/animal/mammal/fox-adult",
		"side": "Server",
		"condition": { "when": "DisableBrainDrops", "isValue": "false" }
	},
	{
		"op": "addmerge",
		"path": "/behaviorConfigs/harvestable/quantitySlots",
		"value": 8,
		"file": "game:entities/animal/mammal/fox-adult",
		"side": "Server",
		"condition": { "when": "DisableBrainDrops", "isValue": "false" }
	},
	{
		"op": "add",
		"path": "/behaviorConfigs/harvestable/drops/-",
		"value": {
			type: "item",
			code: "ancienttools:brain",
			"quantity": { avg: 0.25, var: 0 }
		},
		"file": "game:entities/animal/mammal/fox-adult",
		"side": "Server",
		"condition": { "when": "DisableBrainDrops", "isValue": "false" }
	}
]