[
    {
      "file": "game:entities/humanoid/player",
      "op": "addmerge",
      "path": "/client/animations/-",
      "value": {
        "code": "falxslow",
        "animation": "falxslow",
        "animationSpeed": 1.5,
        "blendMode": "Add",
        "attributes": {
            "soundAtFrame": 9,
            "damageAtFrame": 15,
            "authorative": true
      },
        "easeOutSpeed": 100,
        "elementWeight": {"UpperArmR": 20, "LowerArmR": 20, "UpperArmL": 20, "LowerArmL": 20},
        "elementBlendMode": {
          "UpperArmR": "AddAverage",
          "LowerArmR": "AddAverage",
          "UpperArmL": "AddAverage",
          "LowerArmL": "AddAverage"
        }
      }
    },
    {
      "file": "game:entities/humanoid/player",
      "op": "addmerge",
      "path": "/client/animations/-",
      "value": {
        "code": "falxslow-fp",
        "animation": "falxslow-fp",
        "animationSpeed": 1.5,
        "blendMode": "Add",
        "attributes": {
            "soundAtFrame": 9,
            "damageAtFrame": 15,
            "authorative": true
      },
        "elementWeight": {"UpperArmR": 20, "LowerArmR": 20, "UpperArmL": 20, "LowerArmL": 20},
        "elementBlendMode": {
          "UpperArmR": "AddAverage",
          "LowerArmR": "AddAverage",
          "UpperArmL": "AddAverage",
          "LowerArmL": "AddAverage"
        }
      }
    },
    {
      "file": "game:shapes/entity/humanoid/seraph-faceless",
      "op": "add",
      "path": "/animations/-",
      "value": {
              "name": "falxSlow",
              "code": "falxslow",
              "quantityframes": 47,
              "onActivityStopped": "PlayTillEnd",
              "onAnimationEnd": "EaseOut",
              "keyframes": [
                  {
                      "frame": 0,
                      "elements": {
                          "LowerTorso": { "offsetX": 0.0, "offsetY": 0.0, "offsetZ": 0.0, "rotationX": 0.0, "rotationY": 0.0, "rotationZ": 0.0 },
                          "UpperTorso": { "offsetX": 0.0, "offsetY": 0.0, "offsetZ": 0.0, "rotationX": 0.0, "rotationY": 0.0, "rotationZ": 0.0 },
                          "UpperArmR": { "offsetX": 0.0, "offsetY": 0.0, "offsetZ": 0.0, "rotationX": 0.0, "rotationY": 0.0, "rotationZ": 0.0 },
                          "LowerArmR": { "offsetX": 0.0, "offsetY": 0.0, "offsetZ": 0.0, "rotationX": 0.0, "rotationY": 0.0, "rotationZ": 0.0 },
                          "ItemAnchor": { "rotationX": 0.0, "rotationY": 0.0, "rotationZ": 0.0 },
                          "UpperArmL": { "rotationX": 0.0, "rotationY": 0.0, "rotationZ": 0.0 },
                          "LowerArmL": { "rotationX": 0.0, "rotationY": 0.0, "rotationZ": 0.0 },
                          "Neck": { "rotationX": 0.0, "rotationY": 0.0, "rotationZ": 0.0 },
                          "Head": { "rotationX": 0.0, "rotationY": 0.0, "rotationZ": 0.0 },
                          "UpperFootL": { "offsetX": 0.0, "offsetY": 0.0, "offsetZ": 0.0, "rotationX": 0.0, "rotationY": 0.0, "rotationZ": 0.0 },
                          "LowerFootL": { "rotationX": 0.0, "rotationY": 0.0, "rotationZ": 0.0 },
                          "UpperFootR": { "offsetX": 0.0, "offsetY": 0.0, "offsetZ": 0.0, "rotationX": 0.0, "rotationY": 0.0, "rotationZ": 0.0 },
                          "LowerFootR": { "rotationX": 0.0, "rotationY": 0.0, "rotationZ": 0.0 }
                      }
                  },
                  {
                      "frame": 4,
                      "elements": {
                          "UpperFootR": { "offsetX": 0.0, "offsetY": 0.0, "offsetZ": 0.0 }
                      }
                  },
                  {
                      "frame": 8,
                      "elements": {
                          "LowerTorso": { "offsetX": 0.6, "offsetY": 0.0, "offsetZ": -0.4, "rotationX": 6.0, "rotationY": -14.0, "rotationZ": 0.0 },
                          "UpperTorso": { "offsetX": 0.0, "offsetY": 0.0, "offsetZ": 0.0, "rotationX": -6.0, "rotationY": -14.0, "rotationZ": -8.0 },
                          "UpperArmR": { "offsetX": 0.0, "offsetY": 1.0, "offsetZ": 0.0, "rotationX": -25.0, "rotationY": -8.0, "rotationZ": -127.0 },
                          "LowerArmR": { "offsetX": 0.0, "offsetY": 0.5, "offsetZ": 0.0, "rotationX": 0.0, "rotationY": 0.0, "rotationZ": -30.0 },
                          "ItemAnchor": { "rotationX": 0.0, "rotationY": 0.0, "rotationZ": 0.0 },
                          "UpperArmL": { "rotationX": -14.0, "rotationY": 0.0, "rotationZ": -22.0 },
                          "LowerArmL": { "rotationX": 0.0, "rotationY": 0.0, "rotationZ": 0.0 },
                          "Neck": { "rotationX": 0.0, "rotationY": 0.0, "rotationZ": 0.0 },
                          "Head": { "rotationX": 0.0, "rotationY": 22.0, "rotationZ": 17.0 },
                          "UpperFootL": { "offsetX": 0.0, "offsetY": 0.0, "offsetZ": 0.0, "rotationX": -8.0, "rotationY": 17.0, "rotationZ": 0.0 },
                          "LowerFootL": { "rotationX": 0.0, "rotationY": 0.0, "rotationZ": 0.0 },
                          "UpperFootR": { "offsetX": 0.0, "offsetY": -0.4, "offsetZ": 0.0, "rotationX": -2.0, "rotationY": 0.0, "rotationZ": -8.0 },
                          "LowerFootR": { "rotationX": 0.0, "rotationY": 0.0, "rotationZ": 14.0 }
                      }
                  },
                  {
                      "frame": 12,
                      "elements": {
                          "LowerTorso": { "offsetX": 0.0, "offsetY": 0.0, "offsetZ": 0.0, "rotationX": -4.0, "rotationY": 8.0, "rotationZ": 3.0 },
                          "UpperTorso": { "offsetX": 0.0, "offsetY": 0.0, "offsetZ": 0.0, "rotationX": -6.0, "rotationY": 11.0, "rotationZ": 19.0 },
                          "UpperArmR": { "offsetX": 0.0, "offsetY": 0.0, "offsetZ": 0.0, "rotationX": 3.0, "rotationY": -21.0, "rotationZ": -47.0 },
                          "LowerArmR": { "offsetX": 0.0, "offsetY": 0.0, "offsetZ": 0.0, "rotationX": 0.0, "rotationY": 0.0, "rotationZ": -17.0 },
                          "ItemAnchor": { "rotationX": 0.0, "rotationY": 0.0, "rotationZ": 16.0 },
                          "UpperArmL": { "rotationX": -14.0, "rotationY": 0.0, "rotationZ": 0.0 },
                          "LowerArmL": { "rotationX": 0.0, "rotationY": 0.0, "rotationZ": 0.0 },
                          "Neck": { "rotationX": 0.0, "rotationY": 0.0, "rotationZ": 0.0 },
                          "Head": { "rotationX": 0.0, "rotationY": -14.0, "rotationZ": 10.0 },
                          "UpperFootL": { "offsetX": 0.0, "offsetY": 0.0, "offsetZ": 0.0, "rotationX": 3.0, "rotationY": 3.0, "rotationZ": -14.0 },
                          "LowerFootL": { "rotationX": 0.0, "rotationY": 0.0, "rotationZ": 14.0 },
                          "UpperFootR": { "offsetX": 0.0, "offsetY": -0.3, "offsetZ": 0.0, "rotationX": 6.0, "rotationY": 0.0, "rotationZ": 6.0 },
                          "LowerFootR": { "rotationX": 0.0, "rotationY": 0.0, "rotationZ": 0.0 }
                      }
                  },
                  {
                      "frame": 13,
                      "elements": {
                          "LowerTorso": { "offsetX": -0.1, "offsetY": -0.1, "offsetZ": 0.0, "rotationX": -4.0, "rotationY": 8.0, "rotationZ": 4.0 },
                          "UpperTorso": { "offsetX": 0.0, "offsetY": 0.0, "offsetZ": 0.0, "rotationX": -6.0, "rotationY": 11.0, "rotationZ": 20.0 },
                          "UpperArmR": { "offsetX": 0.0, "offsetY": 0.0, "offsetZ": 0.0, "rotationX": 3.0, "rotationY": -21.0, "rotationZ": -47.0 },
                          "LowerArmR": { "offsetX": 0.0, "offsetY": 0.0, "offsetZ": 0.0, "rotationX": 0.0, "rotationY": 0.0, "rotationZ": -17.0 },
                          "UpperArmL": { "rotationX": -14.0, "rotationY": 0.0, "rotationZ": 0.0 },
                          "LowerArmL": { "rotationX": 0.0, "rotationY": 0.0, "rotationZ": 0.0 },
                          "Neck": { "rotationX": 0.0, "rotationY": 0.0, "rotationZ": 0.0 },
                          "Head": { "rotationX": 0.0, "rotationY": -14.0, "rotationZ": 8.0 },
                          "UpperFootL": { "offsetX": 0.0, "offsetY": 0.0, "offsetZ": 0.0, "rotationX": 3.0, "rotationY": 3.0, "rotationZ": -15.0 },
                          "LowerFootL": { "rotationX": 0.0, "rotationY": 0.0, "rotationZ": 14.0 },
                          "UpperFootR": { "offsetX": 0.0, "offsetY": -0.3, "offsetZ": 0.0, "rotationX": 6.0, "rotationY": 0.0, "rotationZ": 5.0 },
                          "LowerFootR": { "rotationX": 0.0, "rotationY": 0.0, "rotationZ": 1.0 }
                      }
                  },
                  {
                      "frame": 19,
                      "elements": {
                          "LowerTorso": { "offsetX": -0.5, "offsetY": 0.0, "offsetZ": 0.0, "rotationX": -4.0, "rotationY": 8.0, "rotationZ": -1.0 },
                          "UpperTorso": { "offsetX": 0.0, "offsetY": 0.0, "offsetZ": 0.0, "rotationX": -7.0, "rotationY": 12.0, "rotationZ": 25.0 },
                          "UpperArmR": { "offsetX": 0.0, "offsetY": 0.0, "offsetZ": 0.0, "rotationX": 3.0, "rotationY": -21.0, "rotationZ": -41.0 },
                          "LowerArmR": { "offsetX": 0.0, "offsetY": 0.0, "offsetZ": 0.0, "rotationX": 0.0, "rotationY": 0.0, "rotationZ": -31.0 },
                          "UpperArmL": { "rotationX": -14.0, "rotationY": 0.0, "rotationZ": -9.0 },
                          "LowerArmL": { "rotationX": 0.0, "rotationY": 0.0, "rotationZ": -7.0 },
                          "Neck": { "rotationX": 0.0, "rotationY": 0.0, "rotationZ": 0.0 },
                          "Head": { "rotationX": 0.0, "rotationY": -13.0, "rotationZ": 6.0 },
                          "UpperFootL": { "offsetX": 0.0, "offsetY": 0.0, "offsetZ": 0.0, "rotationX": 3.0, "rotationY": 3.0, "rotationZ": -5.0 },
                          "LowerFootL": { "rotationX": 0.0, "rotationY": 0.0, "rotationZ": 8.0 },
                          "UpperFootR": { "offsetX": 0.0, "offsetY": -0.3, "offsetZ": 0.0, "rotationX": 6.0, "rotationY": 0.0, "rotationZ": 6.0 },
                          "LowerFootR": { "rotationX": 0.0, "rotationY": 0.0, "rotationZ": 4.0 }
                      }
                  },
                  {
                      "frame": 26,
                      "elements": {
                          "LowerTorso": { "offsetX": 0.2, "offsetY": -0.2, "offsetZ": 0.0, "rotationX": -4.0, "rotationY": -2.0, "rotationZ": 2.0 },
                          "UpperTorso": { "offsetX": 0.0, "offsetY": 0.0, "offsetZ": 0.0, "rotationX": -7.0, "rotationY": -3.0, "rotationZ": 21.0 },
                          "UpperArmR": { "offsetX": 0.0, "offsetY": -1.0, "offsetZ": 0.0, "rotationX": 15.0, "rotationY": 3.0, "rotationZ": -2.0 },
                          "LowerArmR": { "offsetX": 0.0, "offsetY": 1.0, "offsetZ": 0.0, "rotationX": 0.0, "rotationY": 0.0, "rotationZ": -76.0 },
                          "ItemAnchor": { "rotationX": 0.0, "rotationY": 0.0, "rotationZ": 16.0 },
                          "UpperArmL": { "rotationX": -14.0, "rotationY": 0.0, "rotationZ": -17.0 },
                          "LowerArmL": { "rotationX": 0.0, "rotationY": 0.0, "rotationZ": -17.0 },
                          "Neck": { "rotationX": 0.0, "rotationY": 0.0, "rotationZ": 0.0 },
                          "Head": { "rotationX": 0.0, "rotationY": -7.0, "rotationZ": 2.0 },
                          "UpperFootL": { "offsetX": 0.0, "offsetY": 0.0, "offsetZ": 0.0, "rotationX": 3.0, "rotationY": 3.0, "rotationZ": -9.0 },
                          "LowerFootL": { "rotationX": -2.0, "rotationY": 0.0, "rotationZ": 7.0 },
                          "UpperFootR": { "offsetX": 0.0, "offsetY": 0.0, "offsetZ": 0.0, "rotationX": 6.0, "rotationY": 0.0, "rotationZ": -14.0 },
                          "LowerFootR": { "rotationX": 0.0, "rotationY": 0.0, "rotationZ": 27.0 }
                      }
                  },
                  {
                      "frame": 30,
                      "elements": {
                          "UpperFootR": { "offsetX": 0.0, "offsetY": 0.4, "offsetZ": 0.0 }
                      }
                  }
              ]
          }
    },
        {
      "file": "game:shapes/entity/humanoid/seraph-faceless",
      "op": "add",
      "path": "/animations/-",
      "value": {
              "name": "falxSlow-fp",
              "code": "falxslow-fp",
              "quantityframes": 47,
              "onActivityStopped": "PlayTillEnd",
              "onAnimationEnd": "EaseOut",
              "keyframes": [
                {
					"frame": 0,
					"elements": {
						"LowerTorso": { "offsetX": 0.0, "offsetY": 0.0, "offsetZ": 0.0, "rotationX": 0.0, "rotationY": 0.0, "rotationZ": 0.0 },
						"UpperTorso": { "offsetX": 0.0, "offsetY": 0.0, "offsetZ": 0.0, "rotationX": 0.0, "rotationY": 0.0, "rotationZ": 0.0 },
						"UpperArmR": { "offsetX": 1.0, "offsetY": 0.0, "offsetZ": -3.0, "rotationX": 0.0, "rotationY": 0.0, "rotationZ": 0.0 },
						"LowerArmR": { "offsetX": 0.0, "offsetY": 0.0, "offsetZ": 0.0, "rotationX": 0.0, "rotationY": 0.0, "rotationZ": 0.0 },
						"ItemAnchor": { "rotationX": 0.0, "rotationY": 0.0, "rotationZ": 0.0 },
						"LowerArmL": { "rotationX": 0.0, "rotationY": 0.0, "rotationZ": 0.0 },
						"Neck": { "rotationX": 0.0, "rotationY": 0.0, "rotationZ": 0.0 },
						"UpperArmL": { "offsetX": 0.0, "offsetY": 0.0, "offsetZ": 3.0, "rotationX": 0.0, "rotationY": 0.0, "rotationZ": 0.0 }
					}
				},
				{
					"frame": 8,
					"elements": {
						"LowerTorso": { "offsetX": 0.6, "offsetY": 0.0, "offsetZ": -0.4 },
						"UpperTorso": { "offsetX": 0.0, "offsetY": 0.0, "offsetZ": 0.0 },
						"UpperArmR": { "offsetX": 0.0, "offsetY": 2.0, "offsetZ": -3.0, "rotationX": -25.0, "rotationY": -8.0, "rotationZ": -127.0 },
						"LowerArmR": { "offsetX": 0.0, "offsetY": 0.5, "offsetZ": 0.0, "rotationX": 0.0, "rotationY": 0.0, "rotationZ": -30.0 },
						"ItemAnchor": { "rotationX": 0.0, "rotationY": 0.0, "rotationZ": 0.0 },
						"UpperArmL": { "offsetX": 3.0, "offsetY": -1.0, "offsetZ": 3.0, "rotationX": -14.0, "rotationY": 0.0, "rotationZ": -22.0 },
						"LowerArmL": { "rotationX": 0.0, "rotationY": 0.0, "rotationZ": 0.0 },
						"Neck": { "rotationX": 0.0, "rotationY": 0.0, "rotationZ": 0.0 }
					}
				},
				{
					"frame": 12,
					"elements": {
						"LowerTorso": { "offsetX": 0.0, "offsetY": 0.0, "offsetZ": 0.0 },
						"UpperTorso": { "offsetX": 0.0, "offsetY": 0.0, "offsetZ": 0.0 },
						"UpperArmR": { "offsetX": 2.0, "offsetY": -2.0, "offsetZ": -3.0, "rotationX": 2.0, "rotationY": 4.0, "rotationZ": -72.0 },
						"LowerArmR": { "offsetX": 0.0, "offsetY": 0.0, "offsetZ": 0.0, "rotationX": 0.0, "rotationY": 0.0, "rotationZ": -17.0 },
						"ItemAnchor": { "rotationX": 0.0, "rotationY": 0.0, "rotationZ": 30.0 },
						"UpperArmL": { "offsetX": 0.0, "offsetY": -2.0, "offsetZ": 3.0, "rotationX": -14.0, "rotationY": 0.0, "rotationZ": 0.0 },
						"LowerArmL": { "rotationX": 0.0, "rotationY": 0.0, "rotationZ": 0.0 },
						"Neck": { "rotationX": 0.0, "rotationY": 0.0, "rotationZ": 0.0 }
					}
				},
				{
					"frame": 13,
					"elements": {
						"LowerTorso": { "offsetX": -0.1, "offsetY": -0.1, "offsetZ": 0.0 },
						"UpperTorso": { "offsetX": 0.0, "offsetY": 0.0, "offsetZ": 0.0 },
						"UpperArmR": { "offsetX": 2.0, "offsetY": -2.0, "offsetZ": -3.0, "rotationX": 2.0, "rotationY": 4.0, "rotationZ": -66.0 },
						"LowerArmR": { "offsetX": 0.0, "offsetY": 0.0, "offsetZ": 0.0, "rotationX": 0.0, "rotationY": 0.0, "rotationZ": -17.0 },
						"UpperArmL": { "rotationX": -14.0, "rotationY": 0.0, "rotationZ": 0.0 },
						"LowerArmL": { "rotationX": 0.0, "rotationY": 0.0, "rotationZ": 0.0 },
						"Neck": { "rotationX": 0.0, "rotationY": 0.0, "rotationZ": 0.0 }
					}
				},
				{
					"frame": 19,
					"elements": {
						"LowerTorso": { "offsetX": -0.5, "offsetY": 0.0, "offsetZ": 0.0 },
						"UpperTorso": { "offsetX": 0.0, "offsetY": 0.0, "offsetZ": 0.0 },
						"UpperArmR": { "offsetX": 2.0, "offsetY": -2.0, "offsetZ": -3.0, "rotationX": 2.0, "rotationY": 4.0, "rotationZ": -56.0 },
						"LowerArmR": { "offsetX": 0.0, "offsetY": 0.0, "offsetZ": 0.0, "rotationX": 0.0, "rotationY": 0.0, "rotationZ": -31.0 },
						"UpperArmL": { "rotationX": -14.0, "rotationY": 0.0, "rotationZ": -9.0 },
						"LowerArmL": { "rotationX": 0.0, "rotationY": 0.0, "rotationZ": -7.0 },
						"Neck": { "rotationX": 0.0, "rotationY": 0.0, "rotationZ": 0.0 }
					}
				},
				{
					"frame": 26,
					"elements": {
						"LowerTorso": { "offsetX": 0.2, "offsetY": -0.2, "offsetZ": 0.0 },
						"UpperTorso": { "offsetX": 0.0, "offsetY": 0.0, "offsetZ": 0.0 },
						"UpperArmR": { "offsetX": 1.0, "offsetY": -2.0, "offsetZ": -3.0, "rotationX": 11.0, "rotationY": 5.0, "rotationZ": 17.0 },
						"LowerArmR": { "offsetX": 0.0, "offsetY": 1.0, "offsetZ": 0.0, "rotationX": 0.0, "rotationY": 0.0, "rotationZ": -36.0 },
						"ItemAnchor": { "rotationX": 0.0, "rotationY": 0.0, "rotationZ": 16.0 },
						"UpperArmL": { "rotationX": -14.0, "rotationY": 0.0, "rotationZ": -17.0 },
						"LowerArmL": { "rotationX": 0.0, "rotationY": 0.0, "rotationZ": -17.0 },
						"Neck": { "rotationX": 0.0, "rotationY": 0.0, "rotationZ": 0.0 }
					}
				},
                {
                    "frame": 30,
                    "elements": {
                        "UpperFootR": { "offsetX": 0.0, "offsetY": 0.4, "offsetZ": 0.0 }
                    }
                }
              ]
          }
    }
  ]