[
  {
    "file": "game:entities/humanoid/player",
    "op": "add",
    "path": "/client/animations/-",
    "value": {
		"code": "readyidle",
		"animation": "readyidle", 
		"animationSpeed": 1,
		"blendMode": "Add",
		"elementWeight": {
			"UpperArmR": 15,
			"LowerArmR": 15,
			"UpperArmL": 15,
			"LowerArmL": 15,
			"ItemAnchor": 15
		},
		"elementBlendMode": {
			"UpperArmR": "AddAverage",
			"LowerArmR": "AddAverage",
			"UpperArmL": "AddAverage",
			"LowerArmL": "AddAverage"
		}
    }
  },
{
    "file": "game:entities/humanoid/player",
    "op": "add",
    "path": "/client/animations/-",
    "value": {
		"code": "readyidle-fp",
		"animation": "readyidle-fp", 
		"animationSpeed": 1,
		"blendMode": "Add",
		"elementWeight": {
			"UpperArmR": 15,
			"LowerArmR": 15,
			"UpperArmL": 15,
			"LowerArmL": 15,
			"ItemAnchor": 15
		},
		"elementBlendMode": {
			"UpperArmR": "AddAverage",
			"LowerArmR": "AddAverage",
			"UpperArmL": "AddAverage",
			"LowerArmL": "AddAverage"
		}
    }
  },
  {
    "file": "game:shapes/entity/humanoid/seraph-faceless",
    "op": "add",
    "path": "/animations/-",
    "value": {
      "name": "readyIdle",
			"code": "readyidle",
			"quantityframes": 90,
			"onActivityStopped": "EaseOut",
			"onAnimationEnd": "Hold",
			"keyframes": 
			[
				{
					"frame": 0,
					"elements": {
						"UpperArmR": { "offsetX": 0.0, "offsetY": 0.0, "offsetZ": 0.0, "rotationX": 8.0, "rotationY": -2.0, "rotationZ": -29.5 },
						"LowerArmR": { "offsetX": 0.0, "offsetY": 0.0, "offsetZ": 0.0, "rotationX": -43.0, "rotationY": 15.0, "rotationZ": -52.0 },
						"UpperArmL": { "offsetX": 0.5, "offsetY": 0.0, "offsetZ": 0.0, "rotationX": 10.0, "rotationY": -14.0, "rotationZ": -30.0 },
						"LowerArmL": { "offsetX": 0.0, "offsetY": 0.8, "offsetZ": 0.0, "rotationX": 18.0, "rotationY": 9.0, "rotationZ": -35.0 },
						"ItemAnchor": { "offsetX": 0.0, "offsetY": 0, "offsetZ": 0.0, "rotationX": 0.0, "rotationY": 0.0, "rotationZ": 0.0 }
					}
				},
				{
					"frame": 80,
					"elements": {
						"UpperArmR": { "offsetX": 0.0, "offsetY": 0.0, "offsetZ": 0.0, "rotationX": 8.0, "rotationY": -2.0, "rotationZ": -29.5 },
						"LowerArmR": { "offsetX": 0.0, "offsetY": 0.0, "offsetZ": 0.0, "rotationX": -43.0, "rotationY": 15.0, "rotationZ": -52.0 },
						"UpperArmL": { "offsetX": 0.5, "offsetY": 0.0, "offsetZ": 0.0, "rotationX": 10.0, "rotationY": -14.0, "rotationZ": -30.0 },
						"LowerArmL": { "offsetX": 0.0, "offsetY": 0.8, "offsetZ": 0.0, "rotationX": 18.0, "rotationY": 9.0, "rotationZ": -35.0 },
						"ItemAnchor": { "offsetX": 0.0, "offsetY": 0, "offsetZ": 0.0, "rotationX": 0.0, "rotationY": 0.0, "rotationZ": 0.0 }
					}
				},
				{
					"frame": 89,
					"elements": {
						"UpperArmR": { "offsetX": 0.0, "offsetY": 0.0, "offsetZ": 0.0, "rotationX": 3.0, "rotationY": -3.0, "rotationZ": -22.0 },
						"LowerArmR": { "offsetX": 0.0, "offsetY": 1.0, "offsetZ": 0.0, "rotationX": 0.0, "rotationY": 0.0, "rotationZ": -66.0 },
						"UpperArmL": { "offsetX": 0.0, "offsetY": 0.0, "offsetZ": 0.0, "rotationX": -3.0, "rotationY": 0.0, "rotationZ": 0.0 },
						"LowerArmL": { "offsetX": 0.0, "offsetY": 0.0, "offsetZ": 0.0, "rotationX": -3.0, "rotationY": 0.0, "rotationZ": -15.0 },
						"ItemAnchor": { "offsetX": -0.8, "offsetY": 0.45, "offsetZ": 0.3, "rotationX": 85.0, "rotationY": -50.0, "rotationZ": 0.0 }
					}
				}
			]
		}
  },
  {
    "file": "game:shapes/entity/humanoid/seraph-faceless",
    "op": "add",
    "path": "/animations/-",
    "value": {
      "name": "readyIdle-fp",
			"code": "readyidle-fp",
			"quantityframes": 90,
			"onActivityStopped": "EaseOut",
			"onAnimationEnd": "Hold",
			"keyframes": 
			[
				{
					"frame": 0,
					"elements": {
						"UpperArmR": { "offsetX": 0.5, "offsetY": -0.5, "offsetZ": -5.0, "rotationX": 8.0, "rotationY": -2.0, "rotationZ": -29.5 },
						"LowerArmR": { "offsetX": 0.0, "offsetY": 0.0, "offsetZ": 0.0, "rotationX": -43.0, "rotationY": 15.0, "rotationZ": -52.0 },
						"UpperArmL": { "offsetX": 1.0, "offsetY": -0.5, "offsetZ": -5.0, "rotationX": 10.0, "rotationY": -14.0, "rotationZ": -30.0 },
						"LowerArmL": { "offsetX": 0.0, "offsetY": 0.8, "offsetZ": 0.0, "rotationX": 29.0, "rotationY": 9.0, "rotationZ": -55.0 },
						"ItemAnchor": { "offsetX": 0.0, "offsetY": 0, "offsetZ": 0.0, "rotationX": 0.0, "rotationY": 0.0, "rotationZ": 0.0 }
					}
				},
				{
					"frame": 80,
					"elements": {
						"UpperArmR": { "offsetX": 0.5, "offsetY": -0.5, "offsetZ": -5.0, "rotationX": 8.0, "rotationY": -2.0, "rotationZ": -29.5 },
						"LowerArmR": { "offsetX": 0.0, "offsetY": 0.0, "offsetZ": 0.0, "rotationX": -43.0, "rotationY": 15.0, "rotationZ": -52.0 },
						"UpperArmL": { "offsetX": 1.0, "offsetY": -0.5, "offsetZ": -5.0, "rotationX": 10.0, "rotationY": -14.0, "rotationZ": -30.0 },
						"LowerArmL": { "offsetX": 0.0, "offsetY": 0.8, "offsetZ": 0.0, "rotationX": 29.0, "rotationY": 9.0, "rotationZ": -55.0 },
						"ItemAnchor": { "offsetX": 0.0, "offsetY": 0, "offsetZ": 0.0, "rotationX": 0.0, "rotationY": 0.0, "rotationZ": 0.0 }
					}
				},
				{
					"frame": 89,
					"elements": {
						"UpperArmR": { "offsetX": 0.5, "offsetY": -0.5, "offsetZ": 0.0, "rotationX": 3.0, "rotationY": -3.0, "rotationZ": -22.0 },
						"LowerArmR": { "offsetX": 0.0, "offsetY": 1.0, "offsetZ": 0.0, "rotationX": 0.0, "rotationY": 0.0, "rotationZ": -66.0 },
						"UpperArmL": { "offsetX": 0.5, "offsetY": -0.5, "offsetZ": 0.0, "rotationX": -3.0, "rotationY": 0.0, "rotationZ": 0.0 },
						"LowerArmL": { "offsetX": 0.0, "offsetY": 0.0, "offsetZ": 0.0, "rotationX": -3.0, "rotationY": 0.0, "rotationZ": -15.0 },
						"ItemAnchor": { "offsetX": -0.8, "offsetY": 0.45, "offsetZ": 0.3, "rotationX": 85.0, "rotationY": -50.0, "rotationZ": 0.0 }
					}
				}
			]
		}
  }
]