[
    {
      "file": "game:entities/humanoid/player",
      "op": "addmerge",
      "path": "/client/animations/-",
      "value": {
        "code": "spearfast",
        "animation": "spearfast",
        "animationSpeed": 1.3,
        "blendMode": "Add",
        "attributes": {
            "soundAtFrame": 5,
            "damageAtFrame": 10,
            "authorative": true
      },
        "elementWeight": {"UpperArmR": 20, "LowerArmR": 20, "UpperArmL": 20, "LowerArmL": 20},
        "elementBlendMode": {
          "UpperArmR": "AddAverage",
          "LowerArmR": "AddAverage",
          "UpperArmL": "AddAverage",
          "LowerArmL": "AddAverage"
        }
      }
    },
    {
      "file": "game:entities/humanoid/player",
      "op": "addmerge",
      "path": "/client/animations/-",
      "value": {
        "code": "spearfast-fp",
        "animation": "spearfast-fp",
        "animationSpeed": 1.3,
        "blendMode": "Add",
        "attributes": {
            "soundAtFrame": 5,
            "damageAtFrame": 10,
            "authorative": true
      },
        "elementWeight": {"UpperArmR": 20, "LowerArmR": 20, "UpperArmL": 20, "LowerArmL": 20},
        "elementBlendMode": {
          "UpperArmR": "AddAverage",
          "LowerArmR": "AddAverage",
          "UpperArmL": "AddAverage",
          "LowerArmL": "AddAverage"
        }
      }
    },
    {
      "file": "game:shapes/entity/humanoid/seraph-faceless",
      "op": "add",
      "path": "/animations/-",
      "value": {
              "name": "spearFast",
              "code": "spearfast",
              "quantityframes": 33,
              "onActivityStopped": "PlayTillEnd",
              "onAnimationEnd": "EaseOut",
              "keyframes": [
                {
					"frame": 0,
					"elements": {
						"LowerTorso": { "offsetX": 0.0, "offsetY": 0.0, "offsetZ": 0.0, "rotationX": 0.0, "rotationY": 0.0, "rotationZ": 0.0 },
						"UpperTorso": { "offsetX": 0.0, "offsetY": 0.0, "offsetZ": 0.0, "rotationX": 0.0, "rotationY": 0.0, "rotationZ": 0.0 },
						"UpperArmR": { "offsetX": 0.0, "offsetY": 0.0, "offsetZ": 0.0, "rotationX": 0.0, "rotationY": 0.0, "rotationZ": 0.0 },
						"LowerArmR": { "offsetX": 0.0, "offsetY": 0.0, "offsetZ": 0.0, "rotationX": 0.0, "rotationY": 0.0, "rotationZ": 0.0 },
						"ItemAnchor": { "rotationX": 0.0, "rotationY": 0.0, "rotationZ": 0.0 },
						"UpperArmL": { "offsetX": 0.0, "offsetY": 0.0, "offsetZ": 0.0, "rotationX": 0.0, "rotationY": 0.0, "rotationZ": 0.0 },
						"LowerArmL": { "offsetX": 0.0, "offsetY": 0.0, "offsetZ": 0.0, "rotationX": 0.0, "rotationY": 0.0, "rotationZ": 0.0 },
						"Neck": { "offsetX": 0.0, "offsetY": 0.0, "offsetZ": 0.0, "rotationX": 0.0, "rotationY": 0.0, "rotationZ": 0.0 },
						"Head": { "offsetX": 0.0, "offsetY": 0.0, "offsetZ": 0.0, "rotationX": 0.0, "rotationY": 0.0, "rotationZ": 0.0 },
						"UpperFootL": { "offsetX": 0.0, "offsetY": 0.0, "offsetZ": 0.0, "rotationX": 0.0, "rotationY": 0.0, "rotationZ": 0.0 },
						"LowerFootL": { "offsetX": 0.0, "offsetY": 0.0, "offsetZ": 0.0, "rotationX": 0.0, "rotationY": 0.0, "rotationZ": 0.0 },
						"UpperFootR": { "offsetX": 0.0, "offsetY": 0.0, "offsetZ": 0.0, "rotationX": 0.0, "rotationY": 0.0, "rotationZ": 0.0 },
						"LowerFootR": { "offsetX": 0.0, "offsetY": 0.0, "offsetZ": 0.0, "rotationX": 0.0, "rotationY": 0.0, "rotationZ": 0.0 }
					}
				},
				{
					"frame": 6,
					"elements": {
						"LowerTorso": { "offsetX": 1.0, "offsetY": 0.0, "offsetZ": -1.0, "rotationX": 0.0, "rotationY": -45.0, "rotationZ": 0.0 },
						"UpperTorso": { "offsetX": 0.0, "offsetY": 0.0, "offsetZ": 0.0, "rotationX": 2.0, "rotationY": -24.0, "rotationZ": -4.0 },
						"UpperArmR": { "offsetX": 0.0, "offsetY": 0.0, "offsetZ": 1.0, "rotationX": 55.0, "rotationY": 72.0, "rotationZ": 19.0 },
						"LowerArmR": { "offsetX": 0.0, "offsetY": 0.0, "offsetZ": 0.0, "rotationX": -11.0, "rotationY": -19.0, "rotationZ": -100.0 },
						"ItemAnchor": { "rotationX": -3.0, "rotationY": 18.0, "rotationZ": 26.0 },
						"UpperArmL": { "offsetX": -0.4, "offsetY": 0.0, "offsetZ": 0.0, "rotationX": -36.0, "rotationY": 17.0, "rotationZ": -11.0 },
						"LowerArmL": { "offsetX": 0.0, "offsetY": 0.0, "offsetZ": 0.0, "rotationX": 0.0, "rotationY": 0.0, "rotationZ": -14.0 },
						"Neck": { "offsetX": 0.0, "offsetY": 0.0, "offsetZ": 0.0, "rotationX": 0.0, "rotationY": 8.0, "rotationZ": 0.0 },
						"Head": { "offsetX": 0.0, "offsetY": 0.0, "offsetZ": 0.0, "rotationX": 2.0, "rotationY": 19.0, "rotationZ": 8.0 },
						"UpperFootL": { "offsetX": 0.0, "offsetY": 0.0, "offsetZ": 0.0, "rotationX": -2.0, "rotationY": 6.0, "rotationZ": -14.0 },
						"LowerFootL": { "offsetX": 0.0, "offsetY": 0.0, "offsetZ": 0.0, "rotationX": 0.0, "rotationY": 0.0, "rotationZ": 25.0 },
						"UpperFootR": { "offsetX": 0.0, "offsetY": 0.0, "offsetZ": 0.0, "rotationX": 2.0, "rotationY": 17.0, "rotationZ": 8.0 },
						"LowerFootR": { "offsetX": 0.0, "offsetY": 0.0, "offsetZ": 0.0, "rotationX": 0.0, "rotationY": 0.0, "rotationZ": 0.0 }
					}
				},
				{
					"frame": 8,
					"elements": {
						"UpperFootR": { "offsetX": 0.0, "offsetY": 0.5, "offsetZ": 0.0 },
						"LowerFootR": { "offsetX": 0.0, "offsetY": 0.5, "offsetZ": 0.0 },
						"UpperArmR": { "offsetX": 0.0, "offsetY": 0.0, "offsetZ": 0.0, "rotationX": 25.0, "rotationY": 6.0, "rotationZ": 17.0 },
						"LowerArmR": { "offsetX": 0.0, "offsetY": 1.0, "offsetZ": 0.0, "rotationX": 0.0, "rotationY": 0.0, "rotationZ": -55.0 }
					}
				},
				{
					"frame": 10,
					"elements": {
						"LowerTorso": { "offsetX": -2.0, "offsetY": 0.0, "offsetZ": -2.0, "rotationX": 0.0, "rotationY": 50.0, "rotationZ": 0.0 },
						"UpperTorso": { "offsetX": 0.0, "offsetY": 0.0, "offsetZ": 0.0, "rotationX": -8.0, "rotationY": 10.0, "rotationZ": -4.0 },
						"UpperArmR": { "offsetX": 0.0, "offsetY": -1.5, "offsetZ": 0.0, "rotationX": 42.0, "rotationY": -50.0, "rotationZ": -33.0 },
						"LowerArmR": { "offsetX": 0.0, "offsetY": 1.0, "offsetZ": 0.0, "rotationX": 0.0, "rotationY": 0.0, "rotationZ": 7.0 },
						"ItemAnchor": { "rotationX": 0.0, "rotationY": 0.0, "rotationZ": 64.0 },
						"UpperArmL": { "offsetX": -0.4, "offsetY": 0.0, "offsetZ": 0.0, "rotationX": -25.0, "rotationY": 14.0, "rotationZ": 14.0 },
						"LowerArmL": { "offsetX": 0.0, "offsetY": 0.0, "offsetZ": 0.0, "rotationX": 0.0, "rotationY": 0.0, "rotationZ": -30.0 },
						"Neck": { "offsetX": 0.0, "offsetY": 0.0, "offsetZ": 0.0, "rotationX": 0.0, "rotationY": -19.0, "rotationZ": 0.0 },
						"Head": { "offsetX": 0.0, "offsetY": 0.0, "offsetZ": 0.0, "rotationX": 0.0, "rotationY": -8.0, "rotationZ": 5.0 },
						"UpperFootL": { "offsetX": 0.0, "offsetY": 0.0, "offsetZ": 0.0, "rotationX": -6.0, "rotationY": 0.0, "rotationZ": 3.0 },
						"LowerFootL": { "offsetX": 0.0, "offsetY": 0.0, "offsetZ": 0.0, "rotationX": 0.0, "rotationY": 0.0, "rotationZ": 0.0 },
						"UpperFootR": { "offsetX": -1.0, "offsetY": -0.5, "offsetZ": 0.0, "rotationX": 6.0, "rotationY": -28.0, "rotationZ": -18.0 },
						"LowerFootR": { "offsetX": 0.0, "offsetY": 0.0, "offsetZ": 0.0, "rotationX": 0.0, "rotationY": 0.0, "rotationZ": 19.0 }
					}
				},
				{
					"frame": 12,
					"elements": {
						"LowerTorso": { "offsetX": -1.8, "offsetY": 0.0, "offsetZ": -1.8 },
						"UpperTorso": { "offsetX": 0.0, "offsetY": 0.0, "offsetZ": -0.1, "rotationX": -9.0, "rotationY": 11.0, "rotationZ": -4.0 },
						"Neck": { "rotationX": 1.0, "rotationY": -18.0, "rotationZ": 0.0 },
						"UpperFootR": { "offsetX": -1.0, "offsetY": -0.5, "offsetZ": 0.0, "rotationX": 6.0, "rotationY": -28.0, "rotationZ": -19.0 },
						"LowerFootR": { "rotationX": 0.0, "rotationY": 0.0, "rotationZ": 20.0 },
						"UpperFootL": { "offsetX": 0.1, "offsetY": 0.0, "offsetZ": 0.0, "rotationX": -6.0, "rotationY": 0.0, "rotationZ": 2.0 },
						"LowerFootL": { "rotationX": 0.0, "rotationY": 0.0, "rotationZ": 1.0 }
					}
				},
				{
					"frame": 27,
					"elements": {
						"LowerTorso": { "offsetX": -2.0, "offsetY": 0.0, "offsetZ": -2.0, "rotationX": 0.0, "rotationY": 50.0, "rotationZ": 0.0 },
						"UpperTorso": { "offsetX": 0.0, "offsetY": 0.0, "offsetZ": 0.0, "rotationX": -8.0, "rotationY": 10.0, "rotationZ": -4.0 },
						"UpperArmR": { "offsetX": 0.0, "offsetY": -1.5, "offsetZ": 0.0, "rotationX": 42.0, "rotationY": -50.0, "rotationZ": -33.0 },
						"LowerArmR": { "offsetX": 0.0, "offsetY": 1.0, "offsetZ": 0.0, "rotationX": 0.0, "rotationY": 0.0, "rotationZ": 7.0 },
						"ItemAnchor": { "rotationX": 0.0, "rotationY": 0.0, "rotationZ": 64.0 },
						"UpperArmL": { "offsetX": -0.4, "offsetY": 0.0, "offsetZ": 0.0, "rotationX": -25.0, "rotationY": 14.0, "rotationZ": 14.0 },
						"LowerArmL": { "offsetX": 0.0, "offsetY": 0.0, "offsetZ": 0.0, "rotationX": 0.0, "rotationY": 0.0, "rotationZ": -30.0 },
						"Neck": { "offsetX": 0.0, "offsetY": 0.0, "offsetZ": 0.0, "rotationX": 0.0, "rotationY": -19.0, "rotationZ": 0.0 },
						"Head": { "offsetX": 0.0, "offsetY": 0.0, "offsetZ": 0.0, "rotationX": 0.0, "rotationY": -8.0, "rotationZ": 5.0 },
						"UpperFootL": { "offsetX": 0.0, "offsetY": 0.0, "offsetZ": 0.0, "rotationX": -6.0, "rotationY": 0.0, "rotationZ": 3.0 },
						"LowerFootL": { "offsetX": 0.0, "offsetY": 0.0, "offsetZ": 0.0, "rotationX": 0.0, "rotationY": 0.0, "rotationZ": 0.0 },
						"UpperFootR": { "offsetX": -1.0, "offsetY": -0.5, "offsetZ": 0.0, "rotationX": 6.0, "rotationY": -28.0, "rotationZ": -18.0 },
						"LowerFootR": { "offsetX": 0.0, "offsetY": 0.0, "offsetZ": 0.0, "rotationX": 0.0, "rotationY": 0.0, "rotationZ": 19.0 }
					}
				}
              ]
          }
    },
        {
      "file": "game:shapes/entity/humanoid/seraph-faceless",
      "op": "add",
      "path": "/animations/-",
      "value": {
              "name": "spearFast-fp",
              "code": "spearfast-fp",
              "quantityframes": 33,
              "onActivityStopped": "PlayTillEnd",
              "onAnimationEnd": "EaseOut",
              "keyframes": [
                {
					"frame": 0,
					"elements": {
						"LowerTorso": { "offsetX": 0.0, "offsetY": 0.0, "offsetZ": 0.0, "rotationX": 0.0, "rotationY": 0.0, "rotationZ": 0.0 },
						"UpperTorso": { "offsetX": 0.0, "offsetY": 0.0, "offsetZ": 0.0, "rotationX": 0.0, "rotationY": 0.0, "rotationZ": 0.0 },
						"UpperArmR": { "offsetX": 2.0, "offsetY": 0.0, "offsetZ": -5.0, "rotationX": 0.0, "rotationY": -55.0, "rotationZ": -3.0 },
						"LowerArmR": { "offsetX": 0.0, "offsetY": 0.0, "offsetZ": 0.0, "rotationX": 0.0, "rotationY": 0.0, "rotationZ": 0.0 },
						"ItemAnchor": { "rotationX": 0.0, "rotationY": 0.0, "rotationZ": 0.0 },
						"UpperArmL": { "offsetX": 2.0, "offsetY": 0.0, "offsetZ": 9.0, "rotationX": 0.0, "rotationY": 0.0, "rotationZ": 0.0 },
						"LowerArmL": { "offsetX": 0.0, "offsetY": 0.0, "offsetZ": 0.0, "rotationX": 0.0, "rotationY": 0.0, "rotationZ": 0.0 },
						"Neck": { "offsetX": 0.0, "offsetY": 0.0, "offsetZ": 0.0, "rotationX": 0.0, "rotationY": 0.0, "rotationZ": 0.0 },
						"Head": { "offsetX": 0.0, "offsetY": 0.0, "offsetZ": 0.0, "rotationX": 0.0, "rotationY": 0.0, "rotationZ": 0.0 },
						"UpperFootL": { "offsetX": 0.0, "offsetY": 0.0, "offsetZ": 0.0, "rotationX": 0.0, "rotationY": 0.0, "rotationZ": 0.0 },
						"LowerFootL": { "offsetX": 0.0, "offsetY": 0.0, "offsetZ": 0.0, "rotationX": 0.0, "rotationY": 0.0, "rotationZ": 0.0 },
						"UpperFootR": { "offsetX": 0.0, "offsetY": 0.0, "offsetZ": 0.0, "rotationX": 0.0, "rotationY": 0.0, "rotationZ": 0.0 },
						"LowerFootR": { "offsetX": 0.0, "offsetY": 0.0, "offsetZ": 0.0, "rotationX": 0.0, "rotationY": 0.0, "rotationZ": 0.0 }
					}
				},
				{
					"frame": 6,
					"elements": {
						"LowerTorso": { "offsetX": 1.0, "offsetY": 0.0, "offsetZ": -1.0, "rotationX": 0.0, "rotationY": -45.0, "rotationZ": 0.0 },
						"UpperTorso": { "offsetX": 0.0, "offsetY": 0.0, "offsetZ": 0.0, "rotationX": 2.0, "rotationY": -24.0, "rotationZ": -4.0 },
						"UpperArmR": { "offsetX": -6.0, "offsetY": -1.0, "offsetZ": -5.0, "rotationX": 55.0, "rotationY": -55.0, "rotationZ": 19.0 },
						"LowerArmR": { "offsetX": 0.0, "offsetY": 0.0, "offsetZ": 0.0, "rotationX": -11.0, "rotationY": -19.0, "rotationZ": -100.0 },
						"ItemAnchor": { "rotationX": -3.0, "rotationY": 18.0, "rotationZ": 26.0 },
						"UpperArmL": { "offsetX": 10.6, "offsetY": 3.0, "offsetZ": 7.0, "rotationX": -36.0, "rotationY": 17.0, "rotationZ": -11.0 },
						"LowerArmL": { "offsetX": 0.0, "offsetY": 0.0, "offsetZ": 0.0, "rotationX": 0.0, "rotationY": 0.0, "rotationZ": -14.0 },
						"Neck": { "offsetX": 0.0, "offsetY": 0.0, "offsetZ": 0.0, "rotationX": 0.0, "rotationY": 8.0, "rotationZ": 0.0 },
						"Head": { "offsetX": 0.0, "offsetY": 0.0, "offsetZ": 0.0, "rotationX": 2.0, "rotationY": 19.0, "rotationZ": 8.0 },
						"UpperFootL": { "offsetX": 0.0, "offsetY": 0.0, "offsetZ": 0.0, "rotationX": -2.0, "rotationY": 6.0, "rotationZ": -14.0 },
						"LowerFootL": { "offsetX": 0.0, "offsetY": 0.0, "offsetZ": 0.0, "rotationX": 0.0, "rotationY": 0.0, "rotationZ": 25.0 },
						"UpperFootR": { "offsetX": 0.0, "offsetY": 0.0, "offsetZ": 0.0, "rotationX": 2.0, "rotationY": 17.0, "rotationZ": 8.0 },
						"LowerFootR": { "offsetX": 0.0, "offsetY": 0.0, "offsetZ": 0.0, "rotationX": 0.0, "rotationY": 0.0, "rotationZ": 0.0 }
					}
				},
				{
					"frame": 8,
					"elements": {
						"UpperFootR": { "offsetX": 0.0, "offsetY": 0.5, "offsetZ": 0.0 },
						"LowerFootR": { "offsetX": 0.0, "offsetY": 0.5, "offsetZ": 0.0 },
						"UpperArmR": { "offsetX": 2.0, "offsetY": -7.0, "offsetZ": -11.0, "rotationX": 25.0, "rotationY": 6.0, "rotationZ": 17.0 },
						"LowerArmR": { "offsetX": 0.0, "offsetY": 1.0, "offsetZ": 0.0, "rotationX": 0.0, "rotationY": 0.0, "rotationZ": -55.0 }
					}
				},
				{
					"frame": 10,
					"elements": {
						"LowerTorso": { "offsetX": 0.0, "offsetY": 0.0, "offsetZ": 0.0, "rotationX": 0.0, "rotationY": 50.0, "rotationZ": 0.0 },
						"UpperTorso": { "offsetX": 0.0, "offsetY": 0.0, "offsetZ": 0.0, "rotationX": -8.0, "rotationY": 22.0, "rotationZ": -4.0 },
						"UpperArmR": { "offsetX": 3.0, "offsetY": 2.5, "offsetZ": -5.5, "rotationX": 42.0, "rotationY": -65.0, "rotationZ": -52.0 },
						"LowerArmR": { "offsetX": 0.0, "offsetY": 1.0, "offsetZ": 0.0, "rotationX": 0.0, "rotationY": 0.0, "rotationZ": 7.0 },
						"ItemAnchor": { "rotationX": 0.0, "rotationY": 0.0, "rotationZ": 64.0 },
						"UpperArmL": { "offsetX": -13.4, "offsetY": 0.0, "offsetZ": 0.0, "rotationX": -25.0, "rotationY": 14.0, "rotationZ": 14.0 },
						"LowerArmL": { "offsetX": 0.0, "offsetY": 0.0, "offsetZ": 0.0, "rotationX": 0.0, "rotationY": 0.0, "rotationZ": -30.0 },
						"Neck": { "offsetX": 0.0, "offsetY": 0.0, "offsetZ": 0.0, "rotationX": 0.0, "rotationY": -19.0, "rotationZ": 0.0 },
						"Head": { "offsetX": 0.0, "offsetY": 0.0, "offsetZ": 0.0, "rotationX": 0.0, "rotationY": -8.0, "rotationZ": 5.0 },
						"UpperFootL": { "offsetX": 0.0, "offsetY": 0.0, "offsetZ": 0.0, "rotationX": -6.0, "rotationY": 0.0, "rotationZ": 3.0 },
						"LowerFootL": { "offsetX": 0.0, "offsetY": 0.0, "offsetZ": 0.0, "rotationX": 0.0, "rotationY": 0.0, "rotationZ": 0.0 },
						"UpperFootR": { "offsetX": -1.0, "offsetY": -0.5, "offsetZ": 0.0, "rotationX": 6.0, "rotationY": -28.0, "rotationZ": -18.0 },
						"LowerFootR": { "offsetX": 0.0, "offsetY": 0.0, "offsetZ": 0.0, "rotationX": 0.0, "rotationY": 0.0, "rotationZ": 19.0 }
					}
				},
				{
					"frame": 12,
					"elements": {
						"LowerTorso": { "offsetX": 0.2, "offsetY": 0.0, "offsetZ": 0.2 },
						"UpperTorso": { "offsetX": 0.0, "offsetY": 0.0, "offsetZ": -0.1, "rotationX": -9.0, "rotationY": 23.0, "rotationZ": -4.0 },
						"Neck": { "rotationX": 1.0, "rotationY": -18.0, "rotationZ": 0.0 },
						"UpperFootR": { "offsetX": -1.0, "offsetY": -0.5, "offsetZ": 0.0, "rotationX": 6.0, "rotationY": -28.0, "rotationZ": -19.0 },
						"LowerFootR": { "rotationX": 0.0, "rotationY": 0.0, "rotationZ": 20.0 },
						"UpperFootL": { "offsetX": 0.1, "offsetY": 0.0, "offsetZ": 0.0, "rotationX": -6.0, "rotationY": 0.0, "rotationZ": 2.0 },
						"LowerFootL": { "rotationX": 0.0, "rotationY": 0.0, "rotationZ": 1.0 }
					}
				},
				{
					"frame": 27,
					"elements": {
						"LowerTorso": { "offsetX": 0.0, "offsetY": 0.0, "offsetZ": 0.0, "rotationX": 0.0, "rotationY": 50.0, "rotationZ": 0.0 },
						"UpperTorso": { "offsetX": 0.0, "offsetY": 0.0, "offsetZ": 0.0, "rotationX": -8.0, "rotationY": 22.0, "rotationZ": -4.0 },
						"UpperArmR": { "offsetX": 3.0, "offsetY": 2.5, "offsetZ": -5.5, "rotationX": 42.0, "rotationY": -65.0, "rotationZ": -52.0 },
						"LowerArmR": { "offsetX": 0.0, "offsetY": 1.0, "offsetZ": 0.0, "rotationX": 0.0, "rotationY": 0.0, "rotationZ": 7.0 },
						"ItemAnchor": { "rotationX": 0.0, "rotationY": 0.0, "rotationZ": 64.0 },
						"UpperArmL": { "offsetX": -13.4, "offsetY": 0.0, "offsetZ": 0.0, "rotationX": -25.0, "rotationY": 14.0, "rotationZ": 14.0 },
						"LowerArmL": { "offsetX": 0.0, "offsetY": 0.0, "offsetZ": 0.0, "rotationX": 0.0, "rotationY": 0.0, "rotationZ": -30.0 },
						"Neck": { "offsetX": 0.0, "offsetY": 0.0, "offsetZ": 0.0, "rotationX": 0.0, "rotationY": -19.0, "rotationZ": 0.0 },
						"Head": { "offsetX": 0.0, "offsetY": 0.0, "offsetZ": 0.0, "rotationX": 0.0, "rotationY": -8.0, "rotationZ": 5.0 },
						"UpperFootL": { "offsetX": 0.0, "offsetY": 0.0, "offsetZ": 0.0, "rotationX": -6.0, "rotationY": 0.0, "rotationZ": 3.0 },
						"LowerFootL": { "offsetX": 0.0, "offsetY": 0.0, "offsetZ": 0.0, "rotationX": 0.0, "rotationY": 0.0, "rotationZ": 0.0 },
						"UpperFootR": { "offsetX": -1.0, "offsetY": -0.5, "offsetZ": 0.0, "rotationX": 6.0, "rotationY": -28.0, "rotationZ": -18.0 },
						"LowerFootR": { "offsetX": 0.0, "offsetY": 0.0, "offsetZ": 0.0, "rotationX": 0.0, "rotationY": 0.0, "rotationZ": 19.0 }
					}
				}
              ]
          }
    }
  ]