[
  {
    "file": "game:entities/humanoid/player",
    "op": "add",
    "path": "/client/animations/-",
    "value": {
		"code": "twohandready",
		"animation": "twohandready", 
		"animationSpeed": 1,
		"blendMode": "Add",
		"elementWeight": {
			"UpperArmR": 99,
			"LowerArmR": 99,
			"UpperArmL": 99,
			"LowerArmL": 99,
			"ItemAnchor": 99
		},
		"elementBlendMode": {
			"UpperArmR": "AddAverage",
			"LowerArmR": "AddAverage",
			"UpperArmL": "AddAverage",
			"LowerArmL": "AddAverage"
		}
    }
  },
{
    "file": "game:entities/humanoid/player",
    "op": "add",
    "path": "/client/animations/-",
    "value": {
		"code": "twohandready-fp",
		"animation": "twohandready-fp", 
		"animationSpeed": 1,
		"blendMode": "Add",
		"elementWeight": {
			"UpperArmR": 99,
			"LowerArmR": 99,
			"UpperArmL": 99,
			"LowerArmL": 99,
			"ItemAnchor": 99
		},
		"elementBlendMode": {
			"UpperArmR": "AddAverage",
			"LowerArmR": "AddAverage",
			"UpperArmL": "AddAverage",
			"LowerArmL": "AddAverage"
		}
    }
  },
  {
    "file": "game:shapes/entity/humanoid/seraph-faceless",
    "op": "add",
    "path": "/animations/-",
    "value": {
      "name": "twoHandReady",
			"code": "twohandready",
			"quantityframes": 80,
			"onActivityStopped": "EaseOut",
			"onAnimationEnd": "EaseOut",
			"keyframes": 
			[
				{
					"frame": 0,
					"elements": {
						"UpperArmR": { "offsetX": 0.0, "offsetY": 0.0, "offsetZ": 0.0, "rotationX": 8.0, "rotationY": -2.0, "rotationZ": -29.5 },
						"LowerArmR": { "offsetX": 0.0, "offsetY": 0.0, "offsetZ": 0.0, "rotationX": -43.0, "rotationY": 15.0, "rotationZ": -52.0 },
						"UpperArmL": { "offsetX": 0.5, "offsetY": 0.0, "offsetZ": 0.0, "rotationX": 10.0, "rotationY": -14.0, "rotationZ": -30.0 },
						"LowerArmL": { "offsetX": 0.0, "offsetY": 0.8, "offsetZ": 0.0, "rotationX": 18.0, "rotationY": 9.0, "rotationZ": -35.0 },
						"ItemAnchor": { "offsetX": 0.0, "offsetY": 0, "offsetZ": 0.0, "rotationX": 0.0, "rotationY": 0.0, "rotationZ": 0.0 }
					}
				},
				{
					"frame": 79,
					"elements": {
						"UpperArmR": { "offsetX": 0.0, "offsetY": 0.0, "offsetZ": 0.0, "rotationX": 8.0, "rotationY": -2.0, "rotationZ": -29.5 },
						"LowerArmR": { "offsetX": 0.0, "offsetY": 0.0, "offsetZ": 0.0, "rotationX": -43.0, "rotationY": 15.0, "rotationZ": -52.0 },
						"UpperArmL": { "offsetX": 0.5, "offsetY": 0.0, "offsetZ": 0.0, "rotationX": 10.0, "rotationY": -14.0, "rotationZ": -30.0 },
						"LowerArmL": { "offsetX": 0.0, "offsetY": 0.8, "offsetZ": 0.0, "rotationX": 18.0, "rotationY": 9.0, "rotationZ": -35.0 },
						"ItemAnchor": { "offsetX": 0.0, "offsetY": 0, "offsetZ": 0.0, "rotationX": 0.0, "rotationY": 0.0, "rotationZ": 0.0 }
					}
				}
			]
		}
  },
  {
    "file": "game:shapes/entity/humanoid/seraph-faceless",
    "op": "add",
    "path": "/animations/-",
    "value": {
      "name": "twoHandReady-fp",
			"code": "twohandready-fp",
			"quantityframes": 80,
			"onActivityStopped": "EaseOut",
			"onAnimationEnd": "EaseOut",
			"keyframes": 
			[
				{
					"frame": 0,
					"elements": {
						"UpperArmR": { "offsetX": 0.5, "offsetY": -0.5, "offsetZ": -5.0, "rotationX": 8.0, "rotationY": -2.0, "rotationZ": -29.5 },
						"LowerArmR": { "offsetX": 0.0, "offsetY": 0.0, "offsetZ": 0.0, "rotationX": -43.0, "rotationY": 15.0, "rotationZ": -52.0 },
						"UpperArmL": { "offsetX": 1.0, "offsetY": -0.5, "offsetZ": -5.0, "rotationX": 10.0, "rotationY": -14.0, "rotationZ": -30.0 },
						"LowerArmL": { "offsetX": 0.0, "offsetY": 0.8, "offsetZ": 0.0, "rotationX": 29.0, "rotationY": 9.0, "rotationZ": -55.0 },
						"ItemAnchor": { "offsetX": 0.0, "offsetY": 0, "offsetZ": 0.0, "rotationX": 0.0, "rotationY": 0.0, "rotationZ": 0.0 }
					}
				},
				{
					"frame": 79,
					"elements": {
						"UpperArmR": { "offsetX": 0.5, "offsetY": -0.5, "offsetZ": -5.0, "rotationX": 8.0, "rotationY": -2.0, "rotationZ": -29.5 },
						"LowerArmR": { "offsetX": 0.0, "offsetY": 0.0, "offsetZ": 0.0, "rotationX": -43.0, "rotationY": 15.0, "rotationZ": -52.0 },
						"UpperArmL": { "offsetX": 1.0, "offsetY": -0.5, "offsetZ": -5.0, "rotationX": 10.0, "rotationY": -14.0, "rotationZ": -30.0 },
						"LowerArmL": { "offsetX": 0.0, "offsetY": 0.8, "offsetZ": 0.0, "rotationX": 29.0, "rotationY": 9.0, "rotationZ": -55.0 },
						"ItemAnchor": { "offsetX": 0.0, "offsetY": 0, "offsetZ": 0.0, "rotationX": 0.0, "rotationY": 0.0, "rotationZ": 0.0 }
					}
				}
			]
		}
  }
]