﻿{
  "code": "shoulderbag",
  "enabled": true,
  "class": "Item",
  "tags": [],
  "variantgroups": [{ "code": "category", "states": ["rightleftfront"] }, { "code": "subtype", "states": ["sling"] }, { "code": "type", "states": ["firearms"] }],
  "shape": { "base": "quiversandsheaths:gui/sling-firearms" },
  "texturesByType": { "*": { "seraph": { "base": "game:block/transparent" } } },
  "storageFlags": 128,
  "behaviors": [
    {
      "name": "QuiversAndSheaths:Sheath",
      "properties": {
        "toolSlot": {
          "slotColor": "#fc9803",
          "canHoldWildcards": ["*:firearm-*", "*:crossbow-*"],
          "canHoldItemTags": ["firearm", "crossbow"],
          "slotsIcon": "quiversandsheaths:pistol",
          "SlotBackpackCategory": "weapon-tool"
        },
        "takeOutColor": "#999999",
        "hotkey": { "hotkeyCode": "combatoverhaul-swap-weapon-right-ranged-shoulder", "hotkeyName": "Swap ranged weapon from shoulder (main hand)", "hotkeyKey": "R" },
        "takeOutSlotIcon": "quiversandsheaths:takeout"
      }
    },
    { "name": "QuiversAndSheaths:VariantFromSlot", "properties": { "targetVariant": "side", "slotsToVariants": { "leftshouldergear": "left", "rightshouldergear": "right", "frontgear": "front" } } },
    {
      "name": "QuiversAndSheaths:ShapeTexturesFromAttributes",
      "properties": {
        "addOverlayPrefix": false,
        "shape": {
          "side-*::right_slot-*::right_slot_state-empty": { "base": "quiversandsheaths:slings/sling-empty" },
          "side-*::right_slot-*::right_slot_state-*": { "base": "quiversandsheaths:slings/weapons/{side}/{right_slot}" },
          "*": { "base": "quiversandsheaths:slings/sling-empty" }
        },
        "textures": {
          "metal-*::leather-*::right_metal-*::right_leather-*::right_wood-*": {
            "shoulder-sling-plain-material": { "base": "game:block/leather/{leather}" },
            "shoulder-sling-plain-metal": { "base": "game:block/metal/plate/{metal}" },
            "shoulder-sling-plain-weapon-metal": { "base": "game:block/metal/plate/{right_metal}" },
            "shoulder-sling-plain-weapon-leather": { "base": "game:block/leather/{right_leather}" },
            "shoulder-sling-plain-weapon-wood": { "base": "game:block/wood/debarked/{right_wood}" }
          },
          "metal-*::leather-*": { "shoulder-sling-plain-material": { "base": "game:block/leather/{leather}" }, "shoulder-sling-plain-metal": { "base": "game:block/metal/plate/{metal}" } },
          "right_metal-*::right_leather-*::right_wood-*": {
            "shoulder-sling-plain-weapon-metal": { "base": "game:block/metal/plate/{right_metal}" },
            "shoulder-sling-plain-weapon-leather": { "base": "game:block/leather/{right_leather}" },
            "shoulder-sling-plain-weapon-wood": { "base": "game:block/wood/debarked/{right_wood}" }
          }
        }
      }
    },
    {
      "name": "QuiversAndSheaths:ShapeReplacement",
      "properties": {
        "addOverlayPrefix": false,
        "renderTargets": ["Gui", "HandTp", "HandTpOff", "Ground"],
        "shape": { "*": { "base": "quiversandsheaths:gui/sling-firearms" } },
        "textures": { "metal-*::leather-*": { "shoulder-sling-plain-material": { "base": "game:block/leather/{leather}" }, "shoulder-sling-plain-metal": { "base": "game:block/metal/plate/{metal}" } } }
      }
    },
    { "name": "CombatOverhaul:GoesIntoSlotsInfo" }
  ],
  "attributes": {
    "wearableAttachment": true,
    "clothescategories": ["rightshouldergear", "leftshouldergear", "frontgear"],
    "warmthByType": { "*": 0 },
    "handbook": { "groupBy": ["shoulderbag-{category}-{subtype}-{type}"] }
  },
  "creativeinventory": { "general": ["*"], "quiversandsheaths": ["*"] },
  "creativeinventoryStacks": [
    {
      "tabs": ["general", "quiversandsheaths-colors"],
      "stacks": [
        { "type": "item", "code": "shoulderbag-{category}-{subtype}-{type}" },
        { "type": "item", "code": "shoulderbag-{category}-{subtype}-{type}", "attributes": { "types": { "leather": "plain", "metal": "brass" } } },
        { "type": "item", "code": "shoulderbag-{category}-{subtype}-{type}", "attributes": { "types": { "leather": "orange", "metal": "brass" } } },
        { "type": "item", "code": "shoulderbag-{category}-{subtype}-{type}", "attributes": { "types": { "leather": "black", "metal": "brass" } } },
        { "type": "item", "code": "shoulderbag-{category}-{subtype}-{type}", "attributes": { "types": { "leather": "red", "metal": "brass" } } },
        { "type": "item", "code": "shoulderbag-{category}-{subtype}-{type}", "attributes": { "types": { "leather": "blue", "metal": "brass" } } },
        { "type": "item", "code": "shoulderbag-{category}-{subtype}-{type}", "attributes": { "types": { "leather": "purple", "metal": "brass" } } },
        { "type": "item", "code": "shoulderbag-{category}-{subtype}-{type}", "attributes": { "types": { "leather": "pink", "metal": "brass" } } },
        { "type": "item", "code": "shoulderbag-{category}-{subtype}-{type}", "attributes": { "types": { "leather": "white", "metal": "brass" } } },
        { "type": "item", "code": "shoulderbag-{category}-{subtype}-{type}", "attributes": { "types": { "leather": "yellow", "metal": "brass" } } },
        { "type": "item", "code": "shoulderbag-{category}-{subtype}-{type}", "attributes": { "types": { "leather": "gray", "metal": "brass" } } },
        { "type": "item", "code": "shoulderbag-{category}-{subtype}-{type}", "attributes": { "types": { "leather": "green", "metal": "brass" } } },
        { "type": "item", "code": "shoulderbag-{category}-{subtype}-{type}", "attributes": { "types": { "leather": "plain", "metal": "copper" } } },
        { "type": "item", "code": "shoulderbag-{category}-{subtype}-{type}", "attributes": { "types": { "leather": "orange", "metal": "copper" } } },
        { "type": "item", "code": "shoulderbag-{category}-{subtype}-{type}", "attributes": { "types": { "leather": "black", "metal": "copper" } } },
        { "type": "item", "code": "shoulderbag-{category}-{subtype}-{type}", "attributes": { "types": { "leather": "red", "metal": "copper" } } },
        { "type": "item", "code": "shoulderbag-{category}-{subtype}-{type}", "attributes": { "types": { "leather": "blue", "metal": "copper" } } },
        { "type": "item", "code": "shoulderbag-{category}-{subtype}-{type}", "attributes": { "types": { "leather": "purple", "metal": "copper" } } },
        { "type": "item", "code": "shoulderbag-{category}-{subtype}-{type}", "attributes": { "types": { "leather": "pink", "metal": "copper" } } },
        { "type": "item", "code": "shoulderbag-{category}-{subtype}-{type}", "attributes": { "types": { "leather": "white", "metal": "copper" } } },
        { "type": "item", "code": "shoulderbag-{category}-{subtype}-{type}", "attributes": { "types": { "leather": "yellow", "metal": "copper" } } },
        { "type": "item", "code": "shoulderbag-{category}-{subtype}-{type}", "attributes": { "types": { "leather": "gray", "metal": "copper" } } },
        { "type": "item", "code": "shoulderbag-{category}-{subtype}-{type}", "attributes": { "types": { "leather": "green", "metal": "copper" } } },
        { "type": "item", "code": "shoulderbag-{category}-{subtype}-{type}", "attributes": { "types": { "leather": "plain", "metal": "tinbronze" } } },
        { "type": "item", "code": "shoulderbag-{category}-{subtype}-{type}", "attributes": { "types": { "leather": "orange", "metal": "tinbronze" } } },
        { "type": "item", "code": "shoulderbag-{category}-{subtype}-{type}", "attributes": { "types": { "leather": "black", "metal": "tinbronze" } } },
        { "type": "item", "code": "shoulderbag-{category}-{subtype}-{type}", "attributes": { "types": { "leather": "red", "metal": "tinbronze" } } },
        { "type": "item", "code": "shoulderbag-{category}-{subtype}-{type}", "attributes": { "types": { "leather": "blue", "metal": "tinbronze" } } },
        { "type": "item", "code": "shoulderbag-{category}-{subtype}-{type}", "attributes": { "types": { "leather": "purple", "metal": "tinbronze" } } },
        { "type": "item", "code": "shoulderbag-{category}-{subtype}-{type}", "attributes": { "types": { "leather": "pink", "metal": "tinbronze" } } },
        { "type": "item", "code": "shoulderbag-{category}-{subtype}-{type}", "attributes": { "types": { "leather": "white", "metal": "tinbronze" } } },
        { "type": "item", "code": "shoulderbag-{category}-{subtype}-{type}", "attributes": { "types": { "leather": "yellow", "metal": "tinbronze" } } },
        { "type": "item", "code": "shoulderbag-{category}-{subtype}-{type}", "attributes": { "types": { "leather": "gray", "metal": "tinbronze" } } },
        { "type": "item", "code": "shoulderbag-{category}-{subtype}-{type}", "attributes": { "types": { "leather": "green", "metal": "tinbronze" } } },
        { "type": "item", "code": "shoulderbag-{category}-{subtype}-{type}", "attributes": { "types": { "leather": "plain", "metal": "bismuthbronze" } } },
        { "type": "item", "code": "shoulderbag-{category}-{subtype}-{type}", "attributes": { "types": { "leather": "orange", "metal": "bismuthbronze" } } },
        { "type": "item", "code": "shoulderbag-{category}-{subtype}-{type}", "attributes": { "types": { "leather": "black", "metal": "bismuthbronze" } } },
        { "type": "item", "code": "shoulderbag-{category}-{subtype}-{type}", "attributes": { "types": { "leather": "red", "metal": "bismuthbronze" } } },
        { "type": "item", "code": "shoulderbag-{category}-{subtype}-{type}", "attributes": { "types": { "leather": "blue", "metal": "bismuthbronze" } } },
        { "type": "item", "code": "shoulderbag-{category}-{subtype}-{type}", "attributes": { "types": { "leather": "purple", "metal": "bismuthbronze" } } },
        { "type": "item", "code": "shoulderbag-{category}-{subtype}-{type}", "attributes": { "types": { "leather": "pink", "metal": "bismuthbronze" } } },
        { "type": "item", "code": "shoulderbag-{category}-{subtype}-{type}", "attributes": { "types": { "leather": "white", "metal": "bismuthbronze" } } },
        { "type": "item", "code": "shoulderbag-{category}-{subtype}-{type}", "attributes": { "types": { "leather": "yellow", "metal": "bismuthbronze" } } },
        { "type": "item", "code": "shoulderbag-{category}-{subtype}-{type}", "attributes": { "types": { "leather": "gray", "metal": "bismuthbronze" } } },
        { "type": "item", "code": "shoulderbag-{category}-{subtype}-{type}", "attributes": { "types": { "leather": "green", "metal": "bismuthbronze" } } },
        { "type": "item", "code": "shoulderbag-{category}-{subtype}-{type}", "attributes": { "types": { "leather": "plain", "metal": "blackbronze" } } },
        { "type": "item", "code": "shoulderbag-{category}-{subtype}-{type}", "attributes": { "types": { "leather": "orange", "metal": "blackbronze" } } },
        { "type": "item", "code": "shoulderbag-{category}-{subtype}-{type}", "attributes": { "types": { "leather": "black", "metal": "blackbronze" } } },
        { "type": "item", "code": "shoulderbag-{category}-{subtype}-{type}", "attributes": { "types": { "leather": "red", "metal": "blackbronze" } } },
        { "type": "item", "code": "shoulderbag-{category}-{subtype}-{type}", "attributes": { "types": { "leather": "blue", "metal": "blackbronze" } } },
        { "type": "item", "code": "shoulderbag-{category}-{subtype}-{type}", "attributes": { "types": { "leather": "purple", "metal": "blackbronze" } } },
        { "type": "item", "code": "shoulderbag-{category}-{subtype}-{type}", "attributes": { "types": { "leather": "pink", "metal": "blackbronze" } } },
        { "type": "item", "code": "shoulderbag-{category}-{subtype}-{type}", "attributes": { "types": { "leather": "white", "metal": "blackbronze" } } },
        { "type": "item", "code": "shoulderbag-{category}-{subtype}-{type}", "attributes": { "types": { "leather": "yellow", "metal": "blackbronze" } } },
        { "type": "item", "code": "shoulderbag-{category}-{subtype}-{type}", "attributes": { "types": { "leather": "gray", "metal": "blackbronze" } } },
        { "type": "item", "code": "shoulderbag-{category}-{subtype}-{type}", "attributes": { "types": { "leather": "green", "metal": "blackbronze" } } },
        { "type": "item", "code": "shoulderbag-{category}-{subtype}-{type}", "attributes": { "types": { "leather": "plain", "metal": "gold" } } },
        { "type": "item", "code": "shoulderbag-{category}-{subtype}-{type}", "attributes": { "types": { "leather": "orange", "metal": "gold" } } },
        { "type": "item", "code": "shoulderbag-{category}-{subtype}-{type}", "attributes": { "types": { "leather": "black", "metal": "gold" } } },
        { "type": "item", "code": "shoulderbag-{category}-{subtype}-{type}", "attributes": { "types": { "leather": "red", "metal": "gold" } } },
        { "type": "item", "code": "shoulderbag-{category}-{subtype}-{type}", "attributes": { "types": { "leather": "blue", "metal": "gold" } } },
        { "type": "item", "code": "shoulderbag-{category}-{subtype}-{type}", "attributes": { "types": { "leather": "purple", "metal": "gold" } } },
        { "type": "item", "code": "shoulderbag-{category}-{subtype}-{type}", "attributes": { "types": { "leather": "pink", "metal": "gold" } } },
        { "type": "item", "code": "shoulderbag-{category}-{subtype}-{type}", "attributes": { "types": { "leather": "white", "metal": "gold" } } },
        { "type": "item", "code": "shoulderbag-{category}-{subtype}-{type}", "attributes": { "types": { "leather": "yellow", "metal": "gold" } } },
        { "type": "item", "code": "shoulderbag-{category}-{subtype}-{type}", "attributes": { "types": { "leather": "gray", "metal": "gold" } } },
        { "type": "item", "code": "shoulderbag-{category}-{subtype}-{type}", "attributes": { "types": { "leather": "green", "metal": "gold" } } },
        { "type": "item", "code": "shoulderbag-{category}-{subtype}-{type}", "attributes": { "types": { "leather": "plain", "metal": "silver" } } },
        { "type": "item", "code": "shoulderbag-{category}-{subtype}-{type}", "attributes": { "types": { "leather": "orange", "metal": "silver" } } },
        { "type": "item", "code": "shoulderbag-{category}-{subtype}-{type}", "attributes": { "types": { "leather": "black", "metal": "silver" } } },
        { "type": "item", "code": "shoulderbag-{category}-{subtype}-{type}", "attributes": { "types": { "leather": "red", "metal": "silver" } } },
        { "type": "item", "code": "shoulderbag-{category}-{subtype}-{type}", "attributes": { "types": { "leather": "blue", "metal": "silver" } } },
        { "type": "item", "code": "shoulderbag-{category}-{subtype}-{type}", "attributes": { "types": { "leather": "purple", "metal": "silver" } } },
        { "type": "item", "code": "shoulderbag-{category}-{subtype}-{type}", "attributes": { "types": { "leather": "pink", "metal": "silver" } } },
        { "type": "item", "code": "shoulderbag-{category}-{subtype}-{type}", "attributes": { "types": { "leather": "white", "metal": "silver" } } },
        { "type": "item", "code": "shoulderbag-{category}-{subtype}-{type}", "attributes": { "types": { "leather": "yellow", "metal": "silver" } } },
        { "type": "item", "code": "shoulderbag-{category}-{subtype}-{type}", "attributes": { "types": { "leather": "gray", "metal": "silver" } } },
        { "type": "item", "code": "shoulderbag-{category}-{subtype}-{type}", "attributes": { "types": { "leather": "green", "metal": "silver" } } },
        { "type": "item", "code": "shoulderbag-{category}-{subtype}-{type}", "attributes": { "types": { "leather": "plain", "metal": "iron" } } },
        { "type": "item", "code": "shoulderbag-{category}-{subtype}-{type}", "attributes": { "types": { "leather": "orange", "metal": "iron" } } },
        { "type": "item", "code": "shoulderbag-{category}-{subtype}-{type}", "attributes": { "types": { "leather": "black", "metal": "iron" } } },
        { "type": "item", "code": "shoulderbag-{category}-{subtype}-{type}", "attributes": { "types": { "leather": "red", "metal": "iron" } } },
        { "type": "item", "code": "shoulderbag-{category}-{subtype}-{type}", "attributes": { "types": { "leather": "blue", "metal": "iron" } } },
        { "type": "item", "code": "shoulderbag-{category}-{subtype}-{type}", "attributes": { "types": { "leather": "purple", "metal": "iron" } } },
        { "type": "item", "code": "shoulderbag-{category}-{subtype}-{type}", "attributes": { "types": { "leather": "pink", "metal": "iron" } } },
        { "type": "item", "code": "shoulderbag-{category}-{subtype}-{type}", "attributes": { "types": { "leather": "white", "metal": "iron" } } },
        { "type": "item", "code": "shoulderbag-{category}-{subtype}-{type}", "attributes": { "types": { "leather": "yellow", "metal": "iron" } } },
        { "type": "item", "code": "shoulderbag-{category}-{subtype}-{type}", "attributes": { "types": { "leather": "gray", "metal": "iron" } } },
        { "type": "item", "code": "shoulderbag-{category}-{subtype}-{type}", "attributes": { "types": { "leather": "green", "metal": "iron" } } },
        { "type": "item", "code": "shoulderbag-{category}-{subtype}-{type}", "attributes": { "types": { "leather": "plain", "metal": "meteoriciron" } } },
        { "type": "item", "code": "shoulderbag-{category}-{subtype}-{type}", "attributes": { "types": { "leather": "orange", "metal": "meteoriciron" } } },
        { "type": "item", "code": "shoulderbag-{category}-{subtype}-{type}", "attributes": { "types": { "leather": "black", "metal": "meteoriciron" } } },
        { "type": "item", "code": "shoulderbag-{category}-{subtype}-{type}", "attributes": { "types": { "leather": "red", "metal": "meteoriciron" } } },
        { "type": "item", "code": "shoulderbag-{category}-{subtype}-{type}", "attributes": { "types": { "leather": "blue", "metal": "meteoriciron" } } },
        { "type": "item", "code": "shoulderbag-{category}-{subtype}-{type}", "attributes": { "types": { "leather": "purple", "metal": "meteoriciron" } } },
        { "type": "item", "code": "shoulderbag-{category}-{subtype}-{type}", "attributes": { "types": { "leather": "pink", "metal": "meteoriciron" } } },
        { "type": "item", "code": "shoulderbag-{category}-{subtype}-{type}", "attributes": { "types": { "leather": "white", "metal": "meteoriciron" } } },
        { "type": "item", "code": "shoulderbag-{category}-{subtype}-{type}", "attributes": { "types": { "leather": "yellow", "metal": "meteoriciron" } } },
        { "type": "item", "code": "shoulderbag-{category}-{subtype}-{type}", "attributes": { "types": { "leather": "gray", "metal": "meteoriciron" } } },
        { "type": "item", "code": "shoulderbag-{category}-{subtype}-{type}", "attributes": { "types": { "leather": "green", "metal": "meteoriciron" } } },
        { "type": "item", "code": "shoulderbag-{category}-{subtype}-{type}", "attributes": { "types": { "leather": "plain", "metal": "steel" } } },
        { "type": "item", "code": "shoulderbag-{category}-{subtype}-{type}", "attributes": { "types": { "leather": "orange", "metal": "steel" } } },
        { "type": "item", "code": "shoulderbag-{category}-{subtype}-{type}", "attributes": { "types": { "leather": "black", "metal": "steel" } } },
        { "type": "item", "code": "shoulderbag-{category}-{subtype}-{type}", "attributes": { "types": { "leather": "red", "metal": "steel" } } },
        { "type": "item", "code": "shoulderbag-{category}-{subtype}-{type}", "attributes": { "types": { "leather": "blue", "metal": "steel" } } },
        { "type": "item", "code": "shoulderbag-{category}-{subtype}-{type}", "attributes": { "types": { "leather": "purple", "metal": "steel" } } },
        { "type": "item", "code": "shoulderbag-{category}-{subtype}-{type}", "attributes": { "types": { "leather": "pink", "metal": "steel" } } },
        { "type": "item", "code": "shoulderbag-{category}-{subtype}-{type}", "attributes": { "types": { "leather": "white", "metal": "steel" } } },
        { "type": "item", "code": "shoulderbag-{category}-{subtype}-{type}", "attributes": { "types": { "leather": "yellow", "metal": "steel" } } },
        { "type": "item", "code": "shoulderbag-{category}-{subtype}-{type}", "attributes": { "types": { "leather": "gray", "metal": "steel" } } },
        { "type": "item", "code": "shoulderbag-{category}-{subtype}-{type}", "attributes": { "types": { "leather": "green", "metal": "steel" } } }
      ]
    }
  ],
  "renderAlphaTest": "0.25",
  "tpHandTransform": { "translation": { "x": 0, "y": "-0.05", "z": 0 }, "rotation": { "x": 0, "y": 180, "z": 48 }, "origin": { "x": 0, "y": 0, "z": 0 }, "scale": 1 },
  "guiTransform": { "translation": { "x": 0, "y": 0, "z": 0 }, "rotation": { "x": 145, "y": -157, "z": 0 }, "origin": { "x": "0.09", "y": "-0.05", "z": 0 }, "scaleXyz": { "x": "-4.05", "y": "4.05", "z": "4.05" } },
  "groundTransform": { "translation": { "x": 0, "y": 0, "z": 0 }, "rotation": { "x": 90, "y": 0, "z": 0 }, "origin": { "x": 0, "y": 0, "z": "0.1" }, "scale": 4 }
}
