{
	"editor": {
		"backDropShape": "entity/land/hooved/deer/elk/female",
		"collapsedPaths": ",Root/origin/handle",
		"allAngles": false,
		"entityTextureMode": true
	},
	"textureWidth": 16,
	"textureHeight": 16,
	"textureSizes": {
		"metal": [16,16],
		"wood": [16,16],
		"handle": [16,16],
		"bismuthbronze": [16,16],
		"debarked/oak": [16,16],
		"blackbronze": [16,16],
		"iron": [16,16]
	},
	"textures": {
		"plain": "game:block/leather/plain",
		"handle": "block/wood/debarked/acacia"
	},
	"elements": [
		{
			"name": "origin",
			"stepParentName": "LeftFrontStorage",
			"from": [ 3.55, 8.5, 1.0 ],
			"to": [ 3.55, 10.1887, 1.0 ],
			"uv": [ 999.0, 999.0 ],
			"rotationOrigin": [ 3.62, 8.7, 2.6601 ],
			"rotationX": 90.0,
			"rotationY": -80.0,
			"rotationZ": -8.0,
			"faces": {
			},
			"children": [
				{
					"name": "blade1",
					"from": [ 2.5, 0.17, 1.55 ],
					"to": [ 4.5, 1.49, 2.99 ],
					"autoUnwrap": false,
					"uv": [ 0.0, 6.0 ],
					"rotationOrigin": [ 4.5173, 0.2803, 1.9486 ],
					"rotationX": 180.0,
					"faces": {
						"north": { "texture": "#plain", "uv": [ 5.0, 6.0, 30.5, 7.0 ], "autoUv": false },
						"east": { "texture": "#plain", "uv": [ 2.5, 11.0, 4.5, 12.0 ], "autoUv": false },
						"south": { "texture": "#plain", "uv": [ 1.0, 1.5, 26.5, 2.5 ], "autoUv": false },
						"up": { "texture": "#plain", "uv": [ 5.0, 0.5, 30.5, 2.5 ], "autoUv": false },
						"down": { "texture": "#plain", "uv": [ 3.0, 6.0, 28.5, 8.0 ], "autoUv": false }
					},
					"children": [
						{
							"name": "Cube3",
							"from": [ 0.4, 0.5, 0.6 ],
							"to": [ 1.4, 0.93, 4.5 ],
							"uv": [ 0.0, 0.0 ],
							"rotationOrigin": [ 0.44, 0.7, 1.23 ],
							"rotationX": -40.0,
							"rotationY": -35.0,
							"faces": {
								"north": { "texture": "#plain", "uv": [ 0.0, 3.5, 1.0, 4.0 ], "autoUv": false },
								"east": { "texture": "#plain", "uv": [ 1.0, 3.5, 4.5, 4.0 ], "autoUv": false },
								"south": { "texture": "#plain", "uv": [ 4.5, 3.5, 5.5, 4.0 ], "autoUv": false },
								"west": { "texture": "#plain", "uv": [ 5.5, 3.5, 9.0, 4.0 ], "autoUv": false },
								"up": { "texture": "#plain", "uv": [ 0.0, 0.0, 1.0, 3.5 ], "autoUv": false },
								"down": { "texture": "#plain", "uv": [ 1.0, 0.0, 2.0, 3.5 ], "autoUv": false }
							}
						}
					]
				},
				{
					"name": "handle",
					"from": [ 5.4817, -0.8214, 1.008 ],
					"to": [ 10.7317, 0.3036, 2.133 ],
					"uv": [ 0.0, 2.5 ],
					"rotationOrigin": [ 10.7317, -0.2589, 1.5705 ],
					"rotationX": -84.8518,
					"rotationY": -0.6052,
					"rotationZ": -179.6127,
					"faces": {
						"north": { "texture": "#handle", "uv": [ 2.5, 13.0, 9.5, 14.5 ], "autoUv": false },
						"south": { "texture": "#handle", "uv": [ 0.0, 2.5, 7.0, 4.0 ], "autoUv": false },
						"up": { "texture": "#handle", "uv": [ 1.5, 12.0, 8.5, 13.5 ], "autoUv": false },
						"down": { "texture": "#handle", "uv": [ 3.5, 9.0, 10.5, 10.5 ], "autoUv": false }
					},
					"children": [
						{
							"name": "pommel",
							"from": [ -0.75, -0.15, -0.15 ],
							"to": [ 0.0, 1.275, 1.275 ],
							"uv": [ 2.0, 0.0 ],
							"rotationOrigin": [ 0.0, 0.6, 0.6 ],
							"faces": {
								"north": { "texture": "#blackbronze", "uv": [ 3.5, 9.5, 4.5, 11.0 ], "autoUv": false },
								"east": { "texture": "#blackbronze", "uv": [ 2.5, 6.5, 4.0, 8.0 ], "autoUv": false },
								"south": { "texture": "#blackbronze", "uv": [ 4.5, 3.0, 5.5, 4.5 ], "autoUv": false },
								"west": { "texture": "#blackbronze", "uv": [ 2.0, 0.0, 3.5, 1.5 ], "autoUv": false },
								"up": { "texture": "#blackbronze", "uv": [ 10.5, 9.5, 11.5, 11.0 ], "autoUv": false },
								"down": { "texture": "#blackbronze", "uv": [ 4.5, 2.0, 5.5, 3.5 ], "autoUv": false }
							},
							"children": [
								{
									"name": "cap2",
									"from": [ -0.375, 0.3375, 0.3375 ],
									"to": [ 0.0, 1.0125, 1.0125 ],
									"uv": [ 5.0, 6.5 ],
									"rotationOrigin": [ -0.375, 0.675, 0.675 ],
									"rotationX": 45.0,
									"faces": {
										"north": { "texture": "#blackbronze", "uv": [ 10.0, 7.5, 10.5, 8.0 ], "autoUv": false },
										"south": { "texture": "#blackbronze", "uv": [ 5.0, 9.5, 5.5, 10.0 ], "autoUv": false },
										"west": { "texture": "#blackbronze", "uv": [ 6.0, 7.0, 6.5, 7.5 ], "autoUv": false },
										"up": { "texture": "#blackbronze", "uv": [ 6.5, 6.5, 7.0, 7.0 ], "autoUv": false },
										"down": { "texture": "#blackbronze", "uv": [ 5.5, 13.0, 6.0, 13.5 ], "autoUv": false }
									}
								}
							]
						},
						{
							"name": "collar",
							"from": [ 5.25, -0.15, -0.1125 ],
							"to": [ 6.0, 1.275, 1.3125 ],
							"uv": [ 0.0, 3.0 ],
							"rotationOrigin": [ 5.25, 0.5625, 0.75 ],
							"faces": {
								"north": { "texture": "#blackbronze", "uv": [ 10.5, 7.0, 11.5, 8.5 ], "autoUv": false },
								"east": { "texture": "#blackbronze", "uv": [ 2.5, 6.5, 4.0, 8.0 ], "autoUv": false },
								"south": { "texture": "#blackbronze", "uv": [ 12.0, 3.0, 13.0, 4.5 ], "autoUv": false },
								"west": { "texture": "#blackbronze", "uv": [ 2.0, 12.0, 3.5, 13.5 ], "autoUv": false },
								"up": { "texture": "#blackbronze", "uv": [ 2.5, 10.0, 3.5, 11.5 ], "autoUv": false },
								"down": { "texture": "#blackbronze", "uv": [ 0.0, 13.0, 1.0, 14.5 ], "autoUv": false }
							},
							"children": [
								{
									"name": "shaft",
									"from": [ 0.75, 0.3375, 0.3375 ],
									"to": [ 8.25, 1.0875, 1.0875 ],
									"uv": [ 0.0, 8.0 ],
									"rotationOrigin": [ 0.75, 0.675, 0.75 ],
									"faces": {
										"north": { "texture": "#blackbronze", "uv": [ 2.0, 9.0, 12.0, 10.0 ], "autoUv": false },
										"south": { "texture": "#blackbronze", "uv": [ 0.0, 11.5, 10.0, 12.5 ], "autoUv": false },
										"up": { "texture": "#blackbronze", "uv": [ 4.5, 8.0, 14.5, 9.0 ], "autoUv": false },
										"down": { "texture": "#blackbronze", "uv": [ 5.5, 8.5, 15.5, 9.5 ], "autoUv": false }
									},
									"children": [
										{
											"name": "head",
											"from": [ 7.5, -0.375, -0.375 ],
											"to": [ 11.25, 1.125, 1.125 ],
											"uv": [ 0.0, 0.5 ],
											"rotationOrigin": [ 7.5, 0.375, 0.375 ],
											"faces": {
												"north": { "texture": "#blackbronze", "uv": [ 2.5, 10.5, 7.5, 12.5 ], "autoUv": false },
												"east": { "texture": "#blackbronze", "uv": [ 6.0, 10.0, 8.0, 12.0 ], "autoUv": false },
												"south": { "texture": "#blackbronze", "uv": [ 0.5, 0.5, 5.5, 2.5 ], "autoUv": false },
												"west": { "texture": "#blackbronze", "uv": [ 0.5, 2.0, 2.5, 4.0 ], "autoUv": false },
												"up": { "texture": "#blackbronze", "uv": [ 8.0, 12.5, 13.0, 14.5 ], "autoUv": false },
												"down": { "texture": "#blackbronze", "uv": [ 0.0, 5.0, 5.0, 7.0 ], "autoUv": false }
											},
											"children": [
												{
													"name": "flangeV",
													"from": [ 0.75, -0.75, 0.45 ],
													"to": [ 3.0, 2.25, 1.05 ],
													"uv": [ 5.5, 4.5 ],
													"rotationOrigin": [ 1.875, 0.75, 0.75 ],
													"faces": {
														"north": { "texture": "#blackbronze", "uv": [ 6.0, 4.5, 9.0, 8.5 ], "autoUv": false },
														"east": { "texture": "#blackbronze", "uv": [ 14.5, 8.0, 15.0, 12.0 ], "autoUv": false },
														"south": { "texture": "#blackbronze", "uv": [ 5.5, 7.0, 8.5, 11.0 ], "autoUv": false },
														"west": { "texture": "#blackbronze", "uv": [ 13.5, 8.0, 14.0, 12.0 ], "autoUv": false },
														"up": { "texture": "#blackbronze", "uv": [ 9.5, 9.5, 12.5, 10.0 ], "autoUv": false },
														"down": { "texture": "#blackbronze", "uv": [ 5.5, 9.5, 8.5, 10.0 ], "autoUv": false }
													},
													"children": [
														{
															"name": "taper1",
															"from": [ 0.0, 0.0, 0.075 ],
															"to": [ 0.75, 1.05, 0.525 ],
															"uv": [ 5.5, 0.0 ],
															"rotationOrigin": [ 0.0, 0.0, 0.375 ],
															"rotationZ": 45.0,
															"faces": {
																"north": { "texture": "#blackbronze", "uv": [ 5.5, 6.0, 6.5, 7.0 ], "autoUv": false },
																"south": { "texture": "#blackbronze", "uv": [ 13.0, 1.0, 14.0, 2.0 ], "autoUv": false },
																"west": { "texture": "#blackbronze", "uv": [ 13.5, 0.0, 14.0, 1.0 ], "autoUv": false }
															}
														},
														{
															"name": "taper2",
															"from": [ 1.5, 0.0, 0.075 ],
															"to": [ 2.25, 1.05, 0.525 ],
															"uv": [ 5.0, 3.0 ],
															"rotationOrigin": [ 2.25, 0.0, 0.375 ],
															"rotationZ": -45.0,
															"faces": {
																"north": { "texture": "#blackbronze", "uv": [ 11.0, 13.0, 12.0, 14.0 ], "autoUv": false },
																"east": { "texture": "#blackbronze", "uv": [ 5.0, 4.0, 5.5, 5.0 ], "autoUv": false, "windMode": [-1,-1,-1,-1] },
																"south": { "texture": "#blackbronze", "uv": [ 6.5, 3.0, 7.5, 4.0 ], "autoUv": false }
															}
														},
														{
															"name": "taper3",
															"from": [ -1.05, 2.25, 0.075 ],
															"to": [ 0.0, 3.0, 0.525 ],
															"uv": [ 5.5, 0.0 ],
															"rotationOrigin": [ 0.0, 3.0, 0.375 ],
															"rotationZ": 45.0,
															"faces": {
																"north": { "texture": "#blackbronze", "uv": [ 5.5, 13.0, 6.5, 14.0 ], "autoUv": false },
																"south": { "texture": "#blackbronze", "uv": [ 10.5, 0.0, 11.5, 1.0 ], "autoUv": false },
																"up": { "texture": "#blackbronze", "uv": [ 6.0, 8.0, 7.0, 8.5 ], "autoUv": false }
															}
														},
														{
															"name": "taper4",
															"from": [ 2.25, 2.25, 0.075 ],
															"to": [ 3.3, 3.0, 0.525 ],
															"uv": [ 1.5, 4.5 ],
															"rotationOrigin": [ 2.25, 3.0, 0.375 ],
															"rotationZ": -45.0,
															"faces": {
																"north": { "texture": "#blackbronze", "uv": [ 6.0, 7.0, 7.0, 8.0 ], "autoUv": false },
																"south": { "texture": "#blackbronze", "uv": [ 10.5, 8.0, 11.5, 9.0 ], "autoUv": false },
																"up": { "texture": "#blackbronze", "uv": [ 1.5, 4.5, 2.5, 5.0 ], "autoUv": false, "windMode": [-1,-1,-1,-1] }
															}
														},
														{
															"name": "spike1",
															"from": [ 0.6, 2.475, 0.075 ],
															"to": [ 1.65, 3.525, 0.525 ],
															"uv": [ 0.5, 2.5 ],
															"rotationOrigin": [ 1.125, 3.0, 0.225 ],
															"rotationZ": -45.0,
															"faces": {
																"north": { "texture": "#blackbronze", "uv": [ 10.0, 2.5, 11.0, 3.5 ], "autoUv": false },
																"south": { "texture": "#blackbronze", "uv": [ 6.5, 7.0, 7.5, 8.0 ], "autoUv": false },
																"west": { "texture": "#blackbronze", "uv": [ 0.5, 7.0, 1.0, 8.0 ], "autoUv": false },
																"up": { "texture": "#blackbronze", "uv": [ 9.0, 7.5, 10.0, 8.0 ], "autoUv": false }
															}
														},
														{
															"name": "spike2",
															"from": [ 0.6, -0.525, 0.075 ],
															"to": [ 1.65, 0.525, 0.525 ],
															"uv": [ 8.5, 2.0 ],
															"rotationOrigin": [ 1.125, 0.0, 0.225 ],
															"rotationZ": -45.0,
															"faces": {
																"north": { "texture": "#blackbronze", "uv": [ 11.0, 6.5, 12.0, 7.5 ], "autoUv": false },
																"east": { "texture": "#blackbronze", "uv": [ 9.5, 11.5, 10.0, 12.5 ], "autoUv": false },
																"south": { "texture": "#blackbronze", "uv": [ 8.5, 9.0, 9.5, 10.0 ], "autoUv": false },
																"down": { "texture": "#blackbronze", "uv": [ 11.0, 2.0, 12.0, 2.5 ], "autoUv": false }
															}
														}
													]
												},
												{
													"name": "flangeH",
													"from": [ 0.75, 0.45, -0.75 ],
													"to": [ 3.0, 1.05, 2.25 ],
													"uv": [ 0.0, 2.5 ],
													"rotationOrigin": [ 1.875, 0.75, 0.75 ],
													"faces": {
														"north": { "texture": "#blackbronze", "uv": [ 7.5, 6.0, 10.5, 6.5 ], "autoUv": false },
														"east": { "texture": "#blackbronze", "uv": [ 5.0, 2.5, 9.0, 3.0 ], "autoUv": false },
														"south": { "texture": "#blackbronze", "uv": [ 7.5, 13.0, 10.5, 13.5 ], "autoUv": false },
														"west": { "texture": "#blackbronze", "uv": [ 0.0, 10.0, 4.0, 10.5 ], "autoUv": false },
														"up": { "texture": "#blackbronze", "uv": [ 5.5, 6.0, 8.5, 10.0 ], "autoUv": false },
														"down": { "texture": "#blackbronze", "uv": [ 7.0, 11.0, 10.0, 15.0 ], "autoUv": false }
													},
													"children": [
														{
															"name": "taper5",
															"from": [ -1.05, 0.075, 0.0 ],
															"to": [ 0.0, 0.525, 0.75 ],
															"uv": [ 7.5, 2.0 ],
															"rotationOrigin": [ 0.0, 0.375, 0.0 ],
															"rotationY": 45.0,
															"faces": {
																"north": { "texture": "#blackbronze", "uv": [ 8.0, 2.5, 9.0, 3.0 ], "autoUv": false },
																"up": { "texture": "#blackbronze", "uv": [ 7.5, 2.0, 8.5, 3.0 ], "autoUv": false },
																"down": { "texture": "#blackbronze", "uv": [ 9.5, 10.0, 10.5, 11.0 ], "autoUv": false }
															}
														},
														{
															"name": "taper6",
															"from": [ 2.25, 0.075, 0.0 ],
															"to": [ 3.3, 0.525, 0.75 ],
															"uv": [ 0.0, 0.5 ],
															"rotationOrigin": [ 2.25, 0.375, 0.0 ],
															"rotationY": -45.0,
															"faces": {
																"north": { "texture": "#blackbronze", "uv": [ 0.5, 10.5, 1.5, 11.0 ], "autoUv": false },
																"up": { "texture": "#blackbronze", "uv": [ 3.5, 14.5, 4.5, 15.5 ], "autoUv": false },
																"down": { "texture": "#blackbronze", "uv": [ 0.0, 0.5, 1.0, 1.5 ], "autoUv": false }
															}
														},
														{
															"name": "taper8",
															"from": [ 2.25, 0.075, 2.25 ],
															"to": [ 3.3, 0.525, 3.0 ],
															"uv": [ 1.0, 0.0 ],
															"rotationOrigin": [ 2.25, 0.375, 3.0 ],
															"rotationY": 45.0,
															"faces": {
																"south": { "texture": "#blackbronze", "uv": [ 1.0, 14.0, 2.0, 14.5 ], "autoUv": false },
																"up": { "texture": "#blackbronze", "uv": [ 11.0, 10.0, 12.0, 11.0 ], "autoUv": false },
																"down": { "texture": "#blackbronze", "uv": [ 7.0, 0.0, 8.0, 1.0 ], "autoUv": false }
															}
														},
														{
															"name": "taper7",
															"from": [ -1.05, 0.075, 2.25 ],
															"to": [ 0.0, 0.525, 3.0 ],
															"uv": [ 7.5, 2.5 ],
															"rotationOrigin": [ 0.0, 0.375, 3.0 ],
															"rotationY": -45.0,
															"faces": {
																"south": { "texture": "#blackbronze", "uv": [ 7.5, 2.5, 8.5, 3.0 ], "autoUv": false },
																"up": { "texture": "#blackbronze", "uv": [ 10.5, 14.0, 11.5, 15.0 ], "autoUv": false },
																"down": { "texture": "#blackbronze", "uv": [ 8.0, 3.5, 9.0, 4.5 ], "autoUv": false }
															}
														},
														{
															"name": "spike3",
															"from": [ 0.525, 0.075, -0.45 ],
															"to": [ 1.575, 0.525, 0.6 ],
															"uv": [ 2.0, 4.5 ],
															"rotationOrigin": [ 1.05, 0.3, 0.0 ],
															"rotationY": -45.0,
															"faces": {
																"north": { "texture": "#blackbronze", "uv": [ 11.0, 15.0, 12.0, 15.5 ], "autoUv": false },
																"west": { "texture": "#blackbronze", "uv": [ 2.0, 4.5, 3.0, 5.0 ], "autoUv": false },
																"up": { "texture": "#blackbronze", "uv": [ 11.0, 5.0, 12.0, 6.0 ], "autoUv": false },
																"down": { "texture": "#blackbronze", "uv": [ 4.0, 11.5, 5.0, 12.5 ], "autoUv": false }
															}
														},
														{
															"name": "spike4",
															"from": [ 0.525, 0.075, 2.475 ],
															"to": [ 1.575, 0.525, 3.525 ],
															"uv": [ 2.0, 1.0 ],
															"rotationOrigin": [ 1.05, 0.3, 2.925 ],
															"rotationY": -45.0,
															"faces": {
																"east": { "texture": "#blackbronze", "uv": [ 10.0, 10.0, 11.0, 10.5 ], "autoUv": false },
																"south": { "texture": "#blackbronze", "uv": [ 6.5, 9.0, 7.5, 9.5 ], "autoUv": false, "windMode": [-1,-1,-1,-1] },
																"up": { "texture": "#blackbronze", "uv": [ 2.0, 10.0, 3.0, 11.0 ], "autoUv": false },
																"down": { "texture": "#blackbronze", "uv": [ 6.5, 1.0, 7.5, 2.0 ], "autoUv": false }
															}
														}
													]
												},
												{
													"name": "cap1",
													"from": [ 3.75, 0.375, 0.375 ],
													"to": [ 4.125, 1.125, 1.125 ],
													"uv": [ 3.5, 0.5 ],
													"rotationOrigin": [ 3.75, 0.75, 0.75 ],
													"faces": {
														"north": { "texture": "#blackbronze", "uv": [ 9.0, 14.5, 9.5, 15.5 ], "autoUv": false },
														"east": { "texture": "#blackbronze", "uv": [ 3.5, 11.0, 4.5, 12.0 ], "autoUv": false, "windMode": [-1,-1,-1,-1] },
														"south": { "texture": "#blackbronze", "uv": [ 7.0, 2.0, 7.5, 3.0 ], "autoUv": false },
														"up": { "texture": "#blackbronze", "uv": [ 9.0, 2.5, 9.5, 3.5 ], "autoUv": false },
														"down": { "texture": "#blackbronze", "uv": [ 11.0, 0.5, 11.5, 1.5 ], "autoUv": false }
													}
												},
												{
													"name": "flangeD1",
													"from": [ 0.75, 0.45, -0.75 ],
													"to": [ 3.0, 1.05, 2.25 ],
													"uv": [ 0.5, 2.0 ],
													"rotationOrigin": [ 1.875, 0.75, 0.75 ],
													"rotationX": -45.0,
													"faces": {
														"north": { "texture": "#blackbronze", "uv": [ 8.5, 2.0, 11.5, 2.5 ], "autoUv": false },
														"east": { "texture": "#blackbronze", "uv": [ 3.5, 3.5, 7.5, 4.0 ], "autoUv": false },
														"south": { "texture": "#blackbronze", "uv": [ 11.5, 13.0, 14.5, 13.5 ], "autoUv": false },
														"west": { "texture": "#blackbronze", "uv": [ 11.0, 6.0, 15.0, 6.5 ], "autoUv": false },
														"up": { "texture": "#blackbronze", "uv": [ 9.5, 10.0, 12.5, 14.0 ], "autoUv": false },
														"down": { "texture": "#blackbronze", "uv": [ 0.5, 11.5, 3.5, 15.5 ], "autoUv": false }
													},
													"children": [
														{
															"name": "taper9",
															"from": [ -1.05, 0.075, 0.0 ],
															"to": [ 0.0, 0.525, 0.75 ],
															"uv": [ 5.5, 3.0 ],
															"rotationOrigin": [ 0.0, 0.375, 0.0 ],
															"rotationY": 45.0,
															"faces": {
																"north": { "texture": "#blackbronze", "uv": [ 13.0, 3.0, 14.0, 3.5 ], "autoUv": false },
																"up": { "texture": "#blackbronze", "uv": [ 13.5, 3.5, 14.5, 4.5 ], "autoUv": false },
																"down": { "texture": "#blackbronze", "uv": [ 5.5, 3.5, 6.5, 4.5 ], "autoUv": false }
															}
														},
														{
															"name": "taper10",
															"from": [ 2.25, 0.075, 0.0 ],
															"to": [ 3.3, 0.525, 0.75 ],
															"uv": [ 7.0, 6.0 ],
															"rotationOrigin": [ 2.25, 0.375, 0.0 ],
															"rotationY": -45.0,
															"faces": {
																"north": { "texture": "#blackbronze", "uv": [ 8.5, 6.0, 9.5, 6.5 ], "autoUv": false },
																"up": { "texture": "#blackbronze", "uv": [ 7.0, 11.5, 8.0, 12.5 ], "autoUv": false },
																"down": { "texture": "#blackbronze", "uv": [ 7.0, 13.5, 8.0, 14.5 ], "autoUv": false }
															}
														},
														{
															"name": "taper11",
															"from": [ 2.25, 0.075, 2.25 ],
															"to": [ 3.3, 0.525, 3.0 ],
															"uv": [ 1.0, 2.5 ],
															"rotationOrigin": [ 2.25, 0.375, 3.0 ],
															"rotationY": 45.0,
															"faces": {
																"south": { "texture": "#blackbronze", "uv": [ 1.0, 6.5, 2.0, 7.0 ], "autoUv": false },
																"up": { "texture": "#blackbronze", "uv": [ 2.0, 2.5, 3.0, 3.5 ], "autoUv": false },
																"down": { "texture": "#blackbronze", "uv": [ 8.0, 3.0, 9.0, 4.0 ], "autoUv": false }
															}
														},
														{
															"name": "taper12",
															"from": [ -1.05, 0.075, 2.25 ],
															"to": [ 0.0, 0.525, 3.0 ],
															"uv": [ 4.0, 0.0 ],
															"rotationOrigin": [ 0.0, 0.375, 3.0 ],
															"rotationY": -45.0,
															"faces": {
																"south": { "texture": "#blackbronze", "uv": [ 12.0, 5.0, 13.0, 5.5 ], "autoUv": false },
																"up": { "texture": "#blackbronze", "uv": [ 12.0, 0.0, 13.0, 1.0 ], "autoUv": false },
																"down": { "texture": "#blackbronze", "uv": [ 4.0, 2.0, 5.0, 3.0 ], "autoUv": false }
															}
														},
														{
															"name": "spike5",
															"from": [ 0.75, 0.075, 2.475 ],
															"to": [ 1.8, 0.525, 3.525 ],
															"uv": [ 5.5, 5.5 ],
															"rotationOrigin": [ 1.2, 0.3, 2.925 ],
															"rotationY": -45.0,
															"faces": {
																"east": { "texture": "#blackbronze", "uv": [ 6.5, 9.0, 7.5, 9.5 ], "autoUv": false },
																"south": { "texture": "#blackbronze", "uv": [ 6.0, 8.5, 7.0, 9.0 ], "autoUv": false },
																"up": { "texture": "#blackbronze", "uv": [ 5.5, 10.5, 6.5, 11.5 ], "autoUv": false },
																"down": { "texture": "#blackbronze", "uv": [ 12.5, 5.5, 13.5, 6.5 ], "autoUv": false }
															}
														},
														{
															"name": "spike6",
															"from": [ 0.75, 0.075, -0.525 ],
															"to": [ 1.8, 0.525, 0.525 ],
															"uv": [ 3.5, 5.0 ],
															"rotationOrigin": [ 1.2, 0.3, -0.075 ],
															"rotationY": -45.0,
															"faces": {
																"north": { "texture": "#blackbronze", "uv": [ 13.0, 5.0, 14.0, 5.5 ], "autoUv": false, "windMode": [-1,-1,-1,-1] },
																"west": { "texture": "#blackbronze", "uv": [ 5.0, 12.5, 6.0, 13.0 ], "autoUv": false, "windMode": [-1,-1,-1,-1] },
																"up": { "texture": "#blackbronze", "uv": [ 11.5, 13.5, 12.5, 14.5 ], "autoUv": false },
																"down": { "texture": "#blackbronze", "uv": [ 3.5, 11.0, 4.5, 12.0 ], "autoUv": false }
															}
														}
													]
												},
												{
													"name": "flangeD2",
													"from": [ 0.75, -0.75, 0.45 ],
													"to": [ 3.0, 2.25, 1.05 ],
													"uv": [ 0.5, 3.5 ],
													"rotationOrigin": [ 1.875, 0.75, 0.75 ],
													"rotationX": -45.0,
													"faces": {
														"north": { "texture": "#blackbronze", "uv": [ 4.0, 9.0, 7.0, 13.0 ], "autoUv": false },
														"east": { "texture": "#blackbronze", "uv": [ 11.0, 8.5, 11.5, 12.5 ], "autoUv": false },
														"south": { "texture": "#blackbronze", "uv": [ 0.5, 8.5, 3.5, 12.5 ], "autoUv": false },
														"west": { "texture": "#blackbronze", "uv": [ 14.0, 3.5, 14.5, 7.5 ], "autoUv": false },
														"up": { "texture": "#blackbronze", "uv": [ 6.0, 6.5, 9.0, 7.0 ], "autoUv": false },
														"down": { "texture": "#blackbronze", "uv": [ 7.0, 8.5, 10.0, 9.0 ], "autoUv": false }
													},
													"children": [
														{
															"name": "taper13",
															"from": [ 0.0, 0.0, 0.075 ],
															"to": [ 0.75, 1.05, 0.525 ],
															"uv": [ 2.0, 2.0 ],
															"rotationOrigin": [ 0.0, 0.0, 0.375 ],
															"rotationZ": 45.0,
															"faces": {
																"north": { "texture": "#blackbronze", "uv": [ 2.0, 6.5, 3.0, 7.5 ], "autoUv": false },
																"south": { "texture": "#blackbronze", "uv": [ 8.5, 9.0, 9.5, 10.0 ], "autoUv": false },
																"west": { "texture": "#blackbronze", "uv": [ 14.0, 2.0, 14.5, 3.0 ], "autoUv": false }
															}
														},
														{
															"name": "taper14",
															"from": [ 1.5, 0.0, 0.075 ],
															"to": [ 2.25, 1.05, 0.525 ],
															"uv": [ 3.5, 6.0 ],
															"rotationOrigin": [ 2.25, 0.0, 0.375 ],
															"rotationZ": -45.0,
															"faces": {
																"north": { "texture": "#blackbronze", "uv": [ 3.5, 10.0, 4.5, 11.0 ], "autoUv": false },
																"east": { "texture": "#blackbronze", "uv": [ 15.0, 6.0, 15.5, 7.0 ], "autoUv": false },
																"south": { "texture": "#blackbronze", "uv": [ 12.5, 14.0, 13.5, 15.0 ], "autoUv": false }
															}
														},
														{
															"name": "taper15",
															"from": [ -1.05, 2.25, 0.075 ],
															"to": [ 0.0, 3.0, 0.525 ],
															"uv": [ 6.5, 3.5 ],
															"rotationOrigin": [ 0.0, 3.0, 0.375 ],
															"rotationZ": 45.0,
															"faces": {
																"north": { "texture": "#blackbronze", "uv": [ 14.0, 12.0, 15.0, 13.0 ], "autoUv": false },
																"south": { "texture": "#blackbronze", "uv": [ 6.5, 3.5, 7.5, 4.5 ], "autoUv": false },
																"up": { "texture": "#blackbronze", "uv": [ 10.5, 5.0, 11.5, 5.5 ], "autoUv": false }
															}
														},
														{
															"name": "taper16",
															"from": [ 2.25, 2.25, 0.075 ],
															"to": [ 3.3, 3.0, 0.525 ],
															"uv": [ 2.0, 8.5 ],
															"rotationOrigin": [ 2.25, 3.0, 0.375 ],
															"rotationZ": -45.0,
															"faces": {
																"north": { "texture": "#blackbronze", "uv": [ 9.0, 9.5, 10.0, 10.5 ], "autoUv": false },
																"south": { "texture": "#blackbronze", "uv": [ 2.0, 8.5, 3.0, 9.5 ], "autoUv": false },
																"up": { "texture": "#blackbronze", "uv": [ 4.5, 12.5, 5.5, 13.0 ], "autoUv": false }
															}
														},
														{
															"name": "spike7",
															"from": [ 0.75, 2.475, 0.075 ],
															"to": [ 1.8, 3.525, 0.525 ],
															"uv": [ 0.0, 1.5 ],
															"rotationOrigin": [ 1.2, 2.925, 0.225 ],
															"rotationZ": 45.0,
															"faces": {
																"north": { "texture": "#blackbronze", "uv": [ 9.5, 1.5, 10.5, 2.5 ], "autoUv": false },
																"east": { "texture": "#blackbronze", "uv": [ 11.0, 9.5, 11.5, 10.5 ], "autoUv": false },
																"south": { "texture": "#blackbronze", "uv": [ 0.0, 5.5, 1.0, 6.5 ], "autoUv": false },
																"up": { "texture": "#blackbronze", "uv": [ 2.5, 9.5, 3.5, 10.0 ], "autoUv": false }
															}
														},
														{
															"name": "spike8",
															"from": [ 0.75, -0.45, 0.075 ],
															"to": [ 1.8, 0.6, 0.525 ],
															"uv": [ 4.0, 0.0 ],
															"rotationOrigin": [ 1.2, 0.0, 0.225 ],
															"rotationZ": -45.0,
															"faces": {
																"north": { "texture": "#blackbronze", "uv": [ 6.0, 12.5, 7.0, 13.5 ], "autoUv": false },
																"east": { "texture": "#blackbronze", "uv": [ 13.0, 0.0, 13.5, 1.0 ], "autoUv": false },
																"south": { "texture": "#blackbronze", "uv": [ 4.0, 7.5, 5.0, 8.5 ], "autoUv": false },
																"up": { "texture": "#blackbronze", "uv": [ 5.5, 5.5, 6.5, 6.0 ], "autoUv": false }
															}
														}
													]
												}
											]
										}
									]
								}
							]
						}
					]
				}
			]
		}
	]}