{
	"editor": {
		"backDropShape": "entity/land/hooved/deer/elk/female",
		"collapsedPaths": "Root/origin/handle1/hilt1/hilt2S,Root/origin/handle1/hilt1/blademiddle1,Root/origin/handle/pommel,Root/origin/handle/hilt",
		"allAngles": false,
		"entityTextureMode": true
	},
	"textureWidth": 16,
	"textureHeight": 16,
	"textureSizes": {
		"blackbronze": [16,16],
		"metal": [16,16],
		"wood": [16,16],
		"handle": [16,16]
	},
	"textures": {
		"plain": "game:block/leather/plain",
		"handle": "block/wood/debarked/acacia"
	},
	"elements": [
		{
			"name": "origin",
			"stepParentName": "LeftFrontStorage",
			"from": [ 4.3, 4.3, 0.4 ],
			"to": [ 4.3, 4.3, 0.4 ],
			"uv": [ 0.0, 0.0 ],
			"rotationOrigin": [ 5.25, 5.0, 0.65 ],
			"rotationX": -90.0,
			"rotationY": 60.0,
			"rotationZ": 6.0,
			"faces": {
			},
			"children": [
				{
					"name": "blade1",
					"from": [ -2.88, -0.22, -0.46 ],
					"to": [ -0.38, 0.71, 1.11 ],
					"autoUnwrap": false,
					"uv": [ 0.0, 6.0 ],
					"rotationOrigin": [ -2.25, -0.25, 0.4 ],
					"faces": {
						"north": { "texture": "#plain", "uv": [ 5.0, 6.0, 7.5, 6.5 ] },
						"east": { "texture": "#plain", "uv": [ 2.5, 11.0, 4.0, 11.5 ] },
						"south": { "texture": "#plain", "uv": [ 1.0, 1.5, 3.5, 2.0 ] },
						"up": { "texture": "#plain", "uv": [ 5.0, 0.5, 7.5, 2.0 ] },
						"down": { "texture": "#plain", "uv": [ 3.0, 6.0, 5.5, 7.5 ] }
					},
					"children": [
						{
							"name": "Cube2",
							"from": [ 16.28, -0.01, 3.2 ],
							"to": [ 17.38, 0.94, 4.3 ],
							"uv": [ 5.5, 3.5 ],
							"rotationOrigin": [ 16.28, 0.0, 3.2 ],
							"rotationY": -72.0,
							"faces": {
								"north": { "texture": "#plain", "uv": [ 5.5, 4.5, 6.5, 5.0 ] },
								"east": { "texture": "#plain", "uv": [ 6.5, 4.5, 7.5, 5.0 ] },
								"south": { "texture": "#plain", "uv": [ 7.5, 4.5, 8.5, 5.0 ] },
								"west": { "texture": "#plain", "uv": [ 8.5, 4.5, 9.5, 5.0 ] },
								"up": { "texture": "#plain", "uv": [ 5.5, 0.5, 7.0, 2.0 ], "autoUv": false },
								"down": { "texture": "#plain", "uv": [ 5.5, 3.5, 6.5, 4.5 ] }
							}
						},
						{
							"name": "Cube3",
							"from": [ 1.5, 0.6, 1.0 ],
							"to": [ 2.5, 0.9, 4.5 ],
							"uv": [ 0.0, 0.0 ],
							"rotationOrigin": [ 1.5, 0.3, 1.0 ],
							"rotationX": -12.0,
							"faces": {
								"north": { "texture": "#plain", "uv": [ 0.0, 3.5, 1.0, 4.0 ] },
								"east": { "texture": "#plain", "uv": [ 1.0, 3.5, 4.5, 4.0 ] },
								"south": { "texture": "#plain", "uv": [ 4.5, 3.5, 5.5, 4.0 ] },
								"west": { "texture": "#plain", "uv": [ 5.5, 3.5, 9.0, 4.0 ] },
								"up": { "texture": "#plain", "uv": [ 0.0, 0.0, 1.0, 3.5 ] },
								"down": { "texture": "#plain", "uv": [ 1.0, 0.0, 2.0, 3.5 ] }
							}
						}
					]
				},
				{
					"name": "blade9",
					"from": [ -0.45, -0.21, -0.44 ],
					"to": [ 3.03, 0.7, 1.1 ],
					"autoUnwrap": false,
					"uv": [ 0.0, 6.0 ],
					"rotationOrigin": [ -0.25, -0.25, 0.4 ],
					"rotationY": -5.0,
					"faces": {
						"north": { "texture": "#plain", "uv": [ 5.0, 6.0, 8.0, 6.5 ] },
						"east": { "texture": "#plain", "uv": [ 2.5, 11.0, 4.0, 11.5 ] },
						"south": { "texture": "#plain", "uv": [ 1.0, 1.5, 4.0, 2.0 ] },
						"up": { "texture": "#plain", "uv": [ 5.0, 0.5, 8.0, 2.0 ] },
						"down": { "texture": "#plain", "uv": [ 3.0, 6.0, 6.0, 7.5 ] }
					}
				},
				{
					"name": "blade10",
					"from": [ 2.55, -0.2, -0.18 ],
					"to": [ 8.1, 0.7, 1.36 ],
					"autoUnwrap": false,
					"uv": [ 0.0, 6.0 ],
					"rotationOrigin": [ 2.75, -0.25, 0.4 ],
					"rotationY": -10.0,
					"faces": {
						"north": { "texture": "#plain", "uv": [ 5.0, 6.0, 10.5, 6.5 ] },
						"east": { "texture": "#plain", "uv": [ 2.5, 11.0, 4.0, 11.5 ] },
						"south": { "texture": "#plain", "uv": [ 1.0, 1.5, 6.5, 2.0 ] },
						"up": { "texture": "#plain", "uv": [ 5.0, 0.5, 10.5, 2.0 ] },
						"down": { "texture": "#plain", "uv": [ 3.0, 6.0, 8.5, 7.5 ] }
					}
				},
				{
					"name": "blade11",
					"from": [ 7.9, -0.19, 0.66 ],
					"to": [ 12.38, 0.69, 2.2 ],
					"autoUnwrap": false,
					"uv": [ 0.0, 6.0 ],
					"rotationOrigin": [ 7.75, -0.25, 1.4 ],
					"rotationY": -19.0,
					"faces": {
						"north": { "texture": "#plain", "uv": [ 5.0, 6.0, 9.0, 6.5 ] },
						"east": { "texture": "#plain", "uv": [ 2.5, 11.0, 4.0, 11.5 ] },
						"south": { "texture": "#plain", "uv": [ 1.0, 1.5, 5.0, 2.0 ] },
						"up": { "texture": "#plain", "uv": [ 5.0, 0.5, 9.0, 2.0 ] },
						"down": { "texture": "#plain", "uv": [ 3.0, 6.0, 7.0, 7.5 ] }
					}
				},
				{
					"name": "blade12",
					"from": [ 12.2, -0.21, 1.95 ],
					"to": [ 13.4, 0.7, 3.49 ],
					"autoUnwrap": false,
					"uv": [ 0.0, 6.0 ],
					"rotationOrigin": [ 11.75, -0.25, 2.4 ],
					"rotationY": -28.0,
					"faces": {
						"north": { "texture": "#plain", "uv": [ 5.0, 6.0, 6.0, 6.5 ] },
						"east": { "texture": "#plain", "uv": [ 2.5, 11.0, 4.0, 11.5 ] },
						"south": { "texture": "#plain", "uv": [ 1.0, 1.5, 2.0, 2.0 ] },
						"up": { "texture": "#plain", "uv": [ 5.0, 0.5, 6.0, 2.0 ] },
						"down": { "texture": "#plain", "uv": [ 3.0, 6.0, 4.0, 7.5 ] }
					}
				},
				{
					"name": "handle1",
					"from": [ -5.269, -0.1283, -0.1271 ],
					"to": [ -3.269, 0.6217, 0.6229 ],
					"uv": [ 2.0, 3.5 ],
					"rotationOrigin": [ -3.269, 0.2217, 0.2479 ],
					"rotationX": -0.5767,
					"rotationY": -5.4698,
					"rotationZ": -0.0275,
					"faces": {
						"north": { "texture": "#handle", "uv": [ 6.5, 6.0, 10.5, 7.5 ], "autoUv": false },
						"south": { "texture": "#handle", "uv": [ 2.0, 14.0, 6.0, 15.5 ], "autoUv": false },
						"west": { "texture": "#handle", "uv": [ 10.5, 3.5, 12.0, 5.0 ], "autoUv": false, "windMode": [-1,-1,-1,-1] },
						"up": { "texture": "#handle", "uv": [ 3.5, 6.5, 7.5, 8.0 ], "autoUv": false },
						"down": { "texture": "#handle", "uv": [ 10.5, 9.5, 14.5, 11.0 ], "autoUv": false }
					},
					"children": [
						{
							"name": "handle2",
							"from": [ -1.9, 0.005, 0.0 ],
							"to": [ 0.1, 0.755, 0.75 ],
							"uv": [ 0.0, 6.0 ],
							"rotationOrigin": [ 0.1, 0.375, 0.375 ],
							"rotationY": -15.0,
							"faces": {
								"north": { "texture": "#handle", "uv": [ 0.0, 13.0, 4.0, 14.5 ], "autoUv": false },
								"south": { "texture": "#handle", "uv": [ 7.5, 7.0, 11.5, 8.5 ], "autoUv": false },
								"west": { "texture": "#handle", "uv": [ 11.5, 6.0, 13.0, 7.5 ], "autoUv": false },
								"up": { "texture": "#handle", "uv": [ 8.0, 8.5, 12.0, 10.0 ], "autoUv": false },
								"down": { "texture": "#handle", "uv": [ 3.0, 9.5, 7.0, 11.0 ], "autoUv": false }
							},
							"children": [
								{
									"name": "pommel",
									"from": [ -0.9, -0.1, -0.1 ],
									"to": [ 0.1, 0.85, 0.85 ],
									"uv": [ 1.5, 0.5 ],
									"rotationOrigin": [ 0.1, 0.375, 0.375 ],
									"rotationY": -10.0,
									"faces": {
										"north": { "texture": "#blackbronze", "uv": [ 2.5, 2.0, 4.5, 3.5 ], "autoUv": false },
										"east": { "texture": "#blackbronze", "uv": [ 14.0, 0.5, 15.5, 2.0 ], "autoUv": false },
										"south": { "texture": "#blackbronze", "uv": [ 13.5, 1.0, 15.5, 2.5 ], "autoUv": false },
										"west": { "texture": "#blackbronze", "uv": [ 9.5, 11.5, 11.0, 13.0 ], "autoUv": false },
										"up": { "texture": "#blackbronze", "uv": [ 1.5, 2.0, 3.5, 3.5 ], "autoUv": false },
										"down": { "texture": "#blackbronze", "uv": [ 7.5, 9.0, 9.5, 10.5 ], "autoUv": false }
									},
									"children": [
										{
											"name": "pommelcap",
											"from": [ -0.25, 0.25, 0.25 ],
											"to": [ 0.0, 0.75, 0.75 ],
											"uv": [ 0.0, 5.5 ],
											"rotationOrigin": [ 0.0, 0.5, 0.5 ],
											"rotationX": -45.0,
											"faces": {
												"north": { "texture": "#blackbronze", "uv": [ 11.0, 9.0, 11.5, 10.0 ], "autoUv": false },
												"south": { "texture": "#blackbronze", "uv": [ 7.5, 5.5, 8.0, 6.5 ], "autoUv": false },
												"west": { "texture": "#blackbronze", "uv": [ 0.0, 13.5, 1.0, 14.5 ], "autoUv": false },
												"up": { "texture": "#blackbronze", "uv": [ 13.5, 10.0, 14.0, 11.0 ], "autoUv": false },
												"down": { "texture": "#blackbronze", "uv": [ 4.5, 13.5, 5.0, 14.5 ], "autoUv": false }
											}
										}
									]
								}
							]
						},
						{
							"name": "hilt1",
							"from": [ 1.9, -0.1, -0.75 ],
							"to": [ 2.4, 0.85, 1.5 ],
							"uv": [ 3.0, 0.5 ],
							"rotationOrigin": [ 1.9, 0.375, 0.375 ],
							"rotationY": 5.0,
							"faces": {
								"north": { "texture": "#blackbronze", "uv": [ 7.5, 9.0, 8.5, 10.5 ], "autoUv": false },
								"east": { "texture": "#blackbronze", "uv": [ 3.0, 10.5, 7.5, 12.0 ], "autoUv": false },
								"south": { "texture": "#blackbronze", "uv": [ 11.0, 1.0, 12.0, 2.5 ], "autoUv": false },
								"west": { "texture": "#blackbronze", "uv": [ 9.0, 0.5, 13.5, 2.0 ], "autoUv": false },
								"up": { "texture": "#blackbronze", "uv": [ 3.0, 9.0, 4.0, 13.5 ], "autoUv": false },
								"down": { "texture": "#blackbronze", "uv": [ 11.5, 2.5, 12.5, 7.0 ], "autoUv": false }
							},
							"children": [
								{
									"name": "hilt2N",
									"from": [ 0.0, 0.1, -1.0 ],
									"to": [ 0.5, 0.85, 0.0 ],
									"uv": [ 3.0, 0.5 ],
									"rotationOrigin": [ 0.5, 0.5, 0.0 ],
									"rotationY": 30.0,
									"faces": {
										"north": { "texture": "#blackbronze", "uv": [ 9.0, 9.5, 10.0, 11.0 ], "autoUv": false },
										"east": { "texture": "#blackbronze", "uv": [ 9.5, 3.0, 11.5, 4.5 ], "autoUv": false },
										"west": { "texture": "#blackbronze", "uv": [ 13.0, 13.0, 15.0, 14.5 ], "autoUv": false },
										"up": { "texture": "#blackbronze", "uv": [ 8.0, 10.0, 9.0, 12.0 ], "autoUv": false },
										"down": { "texture": "#blackbronze", "uv": [ 3.0, 0.5, 4.0, 2.5 ], "autoUv": false }
									},
									"children": [
										{
											"name": "hilt3N",
											"from": [ 0.0, 0.005, -1.0 ],
											"to": [ 0.5, 0.755, 0.0 ],
											"uv": [ 0.5, 1.0 ],
											"rotationOrigin": [ 0.5, 0.375, 0.0 ],
											"rotationY": 22.5,
											"faces": {
												"north": { "texture": "#blackbronze", "uv": [ 0.5, 9.0, 1.5, 10.5 ], "autoUv": false },
												"east": { "texture": "#blackbronze", "uv": [ 3.0, 11.0, 5.0, 12.5 ], "autoUv": false, "windMode": [-1,-1,-1,-1] },
												"west": { "texture": "#blackbronze", "uv": [ 3.5, 1.0, 5.5, 2.5 ], "autoUv": false },
												"up": { "texture": "#blackbronze", "uv": [ 6.5, 1.0, 7.5, 3.0 ], "autoUv": false },
												"down": { "texture": "#blackbronze", "uv": [ 4.0, 4.5, 5.0, 6.5 ], "autoUv": false }
											},
											"children": [
												{
													"name": "hilt4N",
													"from": [ 0.0, -0.005, -1.0 ],
													"to": [ 0.5, 0.745, 0.0 ],
													"uv": [ 1.0, 0.5 ],
													"rotationOrigin": [ 0.5, 0.375, 0.0 ],
													"rotationY": 30.0,
													"faces": {
														"north": { "texture": "#blackbronze", "uv": [ 14.5, 0.5, 15.5, 2.0 ], "autoUv": false },
														"east": { "texture": "#blackbronze", "uv": [ 1.0, 2.0, 3.0, 3.5 ], "autoUv": false },
														"west": { "texture": "#blackbronze", "uv": [ 8.5, 1.5, 10.5, 3.0 ], "autoUv": false },
														"up": { "texture": "#blackbronze", "uv": [ 3.0, 12.0, 4.0, 14.0 ], "autoUv": false },
														"down": { "texture": "#blackbronze", "uv": [ 10.0, 12.5, 11.0, 14.5 ], "autoUv": false }
													}
												}
											]
										}
									]
								},
								{
									"name": "hilt2S",
									"from": [ 0.0, 0.105, 2.25 ],
									"to": [ 0.5, 0.855, 3.0 ],
									"uv": [ 0.5, 1.0 ],
									"rotationOrigin": [ 0.0, 0.475, 2.25 ],
									"rotationY": 30.0,
									"faces": {
										"east": { "texture": "#blackbronze", "uv": [ 4.5, 12.0, 6.0, 13.5 ], "autoUv": false },
										"south": { "texture": "#blackbronze", "uv": [ 11.5, 7.5, 12.5, 9.0 ], "autoUv": false },
										"west": { "texture": "#blackbronze", "uv": [ 12.0, 1.0, 13.5, 2.5 ], "autoUv": false },
										"up": { "texture": "#blackbronze", "uv": [ 0.5, 1.5, 1.5, 3.0 ], "autoUv": false },
										"down": { "texture": "#blackbronze", "uv": [ 10.0, 12.0, 11.0, 13.5 ], "autoUv": false }
									},
									"children": [
										{
											"name": "hilt3S",
											"from": [ 0.0, -0.005, 0.75 ],
											"to": [ 0.5, 0.745, 1.75 ],
											"uv": [ 3.5, 2.5 ],
											"rotationOrigin": [ 0.0, 0.4, 0.75 ],
											"rotationY": 30.0,
											"faces": {
												"east": { "texture": "#blackbronze", "uv": [ 8.5, 4.5, 10.5, 6.0 ], "autoUv": false },
												"south": { "texture": "#blackbronze", "uv": [ 3.5, 2.5, 4.5, 4.0 ], "autoUv": false },
												"west": { "texture": "#blackbronze", "uv": [ 5.5, 8.5, 7.5, 10.0 ], "autoUv": false },
												"up": { "texture": "#blackbronze", "uv": [ 7.0, 10.0, 8.0, 12.0 ], "autoUv": false },
												"down": { "texture": "#blackbronze", "uv": [ 13.0, 9.0, 14.0, 11.0 ], "autoUv": false }
											},
											"children": [
												{
													"name": "hill4S",
													"from": [ 0.0, 0.005, 1.0 ],
													"to": [ 0.5, 0.755, 1.75 ],
													"uv": [ 0.0, 2.0 ],
													"rotationOrigin": [ 0.0, 0.35, 1.0 ],
													"rotationY": 22.5,
													"faces": {
														"east": { "texture": "#blackbronze", "uv": [ 0.0, 13.5, 1.5, 15.0 ], "autoUv": false },
														"south": { "texture": "#blackbronze", "uv": [ 9.5, 2.0, 10.5, 3.5 ], "autoUv": false },
														"west": { "texture": "#blackbronze", "uv": [ 4.0, 4.5, 5.5, 6.0 ], "autoUv": false },
														"up": { "texture": "#blackbronze", "uv": [ 8.5, 12.5, 9.5, 14.0 ], "autoUv": false },
														"down": { "texture": "#blackbronze", "uv": [ 14.0, 11.0, 15.0, 12.5 ], "autoUv": false }
													}
												}
											]
										}
									]
								},
								{
									"name": "blademiddle1",
									"from": [ 0.45, 0.35, 1.0 ],
									"to": [ 3.45, 0.6, 1.75 ],
									"uv": [ 0.0, 0.5 ],
									"rotationOrigin": [ 0.45, 0.475, 1.25 ],
									"rotationY": -3.0,
									"faces": {
										"north": { "texture": "#blackbronze", "uv": [ 0.0, 6.5, 11.0, 7.0 ], "autoUv": false },
										"east": { "texture": "#blackbronze", "uv": [ 8.5, 0.5, 10.0, 1.0 ], "autoUv": false },
										"south": { "texture": "#blackbronze", "uv": [ 0.0, 8.5, 11.0, 9.0 ], "autoUv": false },
										"up": { "texture": "#blackbronze", "uv": [ 0.0, 4.5, 11.0, 6.0 ], "autoUv": false },
										"down": { "texture": "#blackbronze", "uv": [ 0.0, 8.0, 11.0, 9.5 ], "autoUv": false }
									},
									"children": [
										{
											"name": "blade1",
											"from": [ 0.0, 0.075, -0.5 ],
											"to": [ 3.0, 0.175, 0.0 ],
											"uv": [ 1.0, 5.0 ],
											"rotationOrigin": [ 0.0, 0.125, -0.5 ],
											"rotationY": -1.0,
											"faces": {
												"north": { "texture": "#blackbronze", "uv": [ 2.5, 8.5, 8.5, 9.0 ], "autoUv": false },
												"west": { "texture": "#blackbronze", "uv": [ 7.5, 9.0, 8.5, 9.5 ], "autoUv": false },
												"up": { "texture": "#blackbronze", "uv": [ 1.0, 5.0, 7.0, 6.0 ], "autoUv": false },
												"down": { "texture": "#blackbronze", "uv": [ 1.0, 11.0, 7.0, 12.0 ], "autoUv": false }
											}
										}
									]
								}
							]
						}
					]
				}
			]
		}
	]}