{
	"editor": {
		"backDropShape": "entity/land/hooved/deer/elk/female",
		"allAngles": false,
		"entityTextureMode": true
	},
	"textureWidth": 16,
	"textureHeight": 16,
	"textureSizes": {
		"metal": [16,16],
		"wood": [16,16],
		"handle": [16,16]
	},
	"textures": {
		"plain": "game:block/leather/plain",
		"handle": "game:block/wood/debarked/acacia"
	},
	"elements": [
		{
			"name": "origin",
			"stepParentName": "RightFrontStorage",
			"from": [ 2.5, 11.72, -1.15 ],
			"to": [ 2.5, 11.72, -1.15 ],
			"uv": [ 999.0, 999.0 ],
			"rotationOrigin": [ 2.71, 11.27, -1.0 ],
			"rotationX": 90.0,
			"rotationY": -55.0,
			"rotationZ": 6.0,
			"faces": {
			},
			"children": [
				{
					"name": "hilt1",
					"from": [ 2.793, -0.3078, -0.7125 ],
					"to": [ 3.3915, 0.2907, 0.7125 ],
					"uv": [ 0.0, 0.0 ],
					"rotationOrigin": [ 2.85, -0.57, -0.57 ],
					"rotationZ": 45.0,
					"faces": {
						"north": { "texture": "#metal", "uv": [ 0.0, 0.0, 1.0, 1.0 ], "autoUv": false },
						"east": { "texture": "#metal", "uv": [ 0.0, 0.0, 2.5, 1.0 ], "autoUv": false },
						"south": { "texture": "#metal", "uv": [ 0.0, 0.0, 1.0, 1.0 ], "autoUv": false },
						"west": { "texture": "#metal", "uv": [ 0.0, 0.0, 2.5, 1.0 ], "autoUv": false },
						"up": { "texture": "#metal", "uv": [ 0.0, 0.0, 1.0, 2.5 ], "autoUv": false },
						"down": { "texture": "#metal", "uv": [ 0.0, 0.0, 1.0, 2.5 ], "autoUv": false }
					}
				},
				{
					"name": "Taper1",
					"from": [ 2.85, -0.114, -0.171 ],
					"to": [ 6.98, 0.114, 0.171 ],
					"uv": [ 0.0, 0.0 ],
					"rotationOrigin": [ 2.85, 0.0, 0.0 ],
					"faces": {
						"north": { "texture": "#metal", "uv": [ 0.0, 0.0, 9.0, 0.5 ], "autoUv": false },
						"east": { "texture": "#metal", "uv": [ 0.0, 0.0, 0.5, 0.5 ], "autoUv": false },
						"south": { "texture": "#metal", "uv": [ 0.0, 0.0, 9.0, 0.5 ], "autoUv": false },
						"west": { "texture": "#metal", "uv": [ 0.0, 0.0, 0.5, 0.5 ], "autoUv": false },
						"up": { "texture": "#metal", "uv": [ 0.0, 0.0, 9.0, 0.5 ], "autoUv": false },
						"down": { "texture": "#metal", "uv": [ 0.0, 0.0, 9.0, 0.5 ], "autoUv": false }
					}
				},
				{
					"name": "handle1",
					"from": [ -2.28, -0.285, -0.171 ],
					"to": [ 2.28, 0.285, 0.342 ],
					"uv": [ 0.0, 0.0 ],
					"rotationOrigin": [ -2.28, -0.285, 0.1425 ],
					"rotationY": -2.0,
					"faces": {
						"north": { "texture": "#handle", "uv": [ 0.0, 0.0, 8.0, 1.0 ], "autoUv": false },
						"east": { "texture": "#handle", "uv": [ 0.0, 0.0, 0.5, 1.0 ], "autoUv": false },
						"south": { "texture": "#handle", "uv": [ 0.0, 0.0, 8.0, 1.0 ], "autoUv": false },
						"west": { "texture": "#handle", "uv": [ 0.0, 0.0, 0.5, 1.0 ], "autoUv": false },
						"up": { "texture": "#handle", "uv": [ 0.0, 0.0, 8.0, 0.5 ], "autoUv": false },
						"down": { "texture": "#handle", "uv": [ 0.0, 0.0, 8.0, 0.5 ], "autoUv": false }
					}
				},
				{
					"name": "handle2",
					"from": [ -2.28, -0.285, -0.342 ],
					"to": [ 2.28, 0.285, 0.171 ],
					"uv": [ 0.0, 0.0 ],
					"rotationOrigin": [ -2.28, -0.285, -0.4275 ],
					"rotationY": 2.0,
					"faces": {
						"north": { "texture": "#handle", "uv": [ 0.0, 0.0, 8.0, 1.0 ], "autoUv": false },
						"east": { "texture": "#handle", "uv": [ 0.0, 0.0, 0.5, 1.0 ], "autoUv": false },
						"south": { "texture": "#handle", "uv": [ 0.0, 0.0, 8.0, 1.0 ], "autoUv": false },
						"west": { "texture": "#handle", "uv": [ 0.0, 0.0, 0.5, 1.0 ], "autoUv": false },
						"up": { "texture": "#handle", "uv": [ 0.0, 0.0, 8.0, 0.5 ], "autoUv": false },
						"down": { "texture": "#handle", "uv": [ 0.0, 0.0, 8.0, 0.5 ], "autoUv": false }
					}
				},
				{
					"name": "crossguard",
					"from": [ 2.4225, -0.1995, -1.9665 ],
					"to": [ 2.8215, 0.1995, -0.2565 ],
					"uv": [ 0.5, 1.0 ],
					"rotationOrigin": [ 2.5935, -0.0285, 0.57 ],
					"faces": {
						"east": { "texture": "#metal", "uv": [ 0.5, 4.5, 3.5, 5.0 ], "autoUv": false },
						"west": { "texture": "#metal", "uv": [ 3.0, 11.0, 6.0, 11.5 ], "autoUv": false },
						"up": { "texture": "#metal", "uv": [ 2.0, 3.5, 2.5, 6.5 ], "autoUv": false },
						"down": { "texture": "#metal", "uv": [ 1.5, 1.0, 2.0, 4.0 ], "autoUv": false }
					},
					"children": [
						{
							"name": "hiltcap1",
							"from": [ -0.0285, -0.057, -0.855 ],
							"to": [ 0.4845, 0.456, -0.342 ],
							"uv": [ 0.5, 1.5 ],
							"rotationOrigin": [ 0.228, 0.228, 0.0 ],
							"rotationY": -22.5,
							"faces": {
								"north": { "texture": "#metal", "uv": [ 13.0, 11.5, 13.5, 12.0 ], "autoUv": false },
								"east": { "texture": "#metal", "uv": [ 13.0, 6.0, 13.5, 6.5 ], "autoUv": false },
								"south": { "texture": "#metal", "uv": [ 8.5, 3.5, 9.0, 4.0 ], "autoUv": false },
								"west": { "texture": "#metal", "uv": [ 1.5, 12.5, 2.0, 13.0 ], "autoUv": false },
								"up": { "texture": "#metal", "uv": [ 0.5, 1.5, 1.0, 2.0 ], "autoUv": false },
								"down": { "texture": "#metal", "uv": [ 13.5, 3.5, 14.0, 4.0 ], "autoUv": false }
							}
						},
						{
							"name": "crossguard3",
							"from": [ 0.1425, 0.0046, -0.513 ],
							"to": [ 0.5415, 0.3979, 0.057 ],
							"uv": [ 0.5, 1.0 ],
							"rotationOrigin": [ 0.1995, 0.1995, -0.3135 ],
							"rotationY": -22.5,
							"faces": {
								"east": { "texture": "#metal", "uv": [ 0.5, 4.5, 1.5, 5.0 ], "autoUv": false },
								"west": { "texture": "#metal", "uv": [ 3.0, 11.0, 4.0, 11.5 ], "autoUv": false },
								"up": { "texture": "#metal", "uv": [ 2.0, 3.5, 2.5, 4.5 ], "autoUv": false },
								"down": { "texture": "#metal", "uv": [ 1.5, 1.0, 2.0, 2.0 ], "autoUv": false }
							}
						}
					]
				},
				{
					"name": "blade1S",
					"from": [ 2.907, -0.057, -0.171 ],
					"to": [ 6.467, 0.057, 0.684 ],
					"uv": [ 0.0, 0.0 ],
					"rotationOrigin": [ 2.964, 0.0, 0.4275 ],
					"rotationY": -1.5,
					"faces": {
						"east": { "texture": "#metal", "uv": [ 7.0, 0.0, 8.5, 0.5 ], "autoUv": false },
						"south": { "texture": "#metal", "uv": [ 0.0, 11.0, 8.0, 11.5 ], "autoUv": false },
						"up": { "texture": "#metal", "uv": [ 0.0, 3.0, 8.0, 4.5 ], "autoUv": false },
						"down": { "texture": "#metal", "uv": [ 0.0, 6.0, 8.0, 7.5 ], "autoUv": false }
					}
				},
				{
					"name": "blade1N",
					"from": [ 2.907, -0.057, -0.6555 ],
					"to": [ 6.467, 0.057, -0.0855 ],
					"uv": [ 0.0, 0.0 ],
					"rotationOrigin": [ 2.964, 0.0, -0.4275 ],
					"rotationY": 0.5,
					"faces": {
						"north": { "texture": "#metal", "uv": [ 0.0, 4.0, 8.0, 4.5 ], "autoUv": false },
						"east": { "texture": "#metal", "uv": [ 5.0, 0.0, 6.0, 0.5 ], "autoUv": false },
						"up": { "texture": "#metal", "uv": [ 0.0, 5.0, 8.0, 6.0 ], "autoUv": false },
						"down": { "texture": "#metal", "uv": [ 0.0, 0.0, 8.0, 1.0 ], "autoUv": false }
					}
				},
				{
					"name": "pommel1",
					"from": [ -2.8215, -0.57, 0.0285 ],
					"to": [ -2.2515, 0.57, 0.5985 ],
					"uv": [ 0.0, 0.0 ],
					"rotationOrigin": [ -2.85, -0.57, 0.0 ],
					"rotationY": 45.0,
					"faces": {
						"north": { "texture": "#metal", "uv": [ 0.0, 0.0, 1.0, 2.0 ], "autoUv": false },
						"east": { "texture": "#metal", "uv": [ 0.0, 0.0, 1.0, 2.0 ], "autoUv": false },
						"south": { "texture": "#metal", "uv": [ 0.0, 0.0, 1.0, 2.0 ], "autoUv": false },
						"west": { "texture": "#metal", "uv": [ 0.0, 0.0, 1.0, 2.0 ], "autoUv": false },
						"up": { "texture": "#metal", "uv": [ 0.0, 0.0, 1.0, 1.0 ], "autoUv": false },
						"down": { "texture": "#metal", "uv": [ 0.0, 0.0, 1.0, 1.0 ], "autoUv": false }
					},
					"children": [
						{
							"name": "pommel2",
							"from": [ -0.2187, 0.1425, -0.2204 ],
							"to": [ 0.8073, 0.9975, 0.8056 ],
							"uv": [ 0.5, 1.0 ],
							"rotationOrigin": [ 0.2939, 1.71, 0.2939 ],
							"rotationY": -89.98,
							"faces": {
								"north": { "texture": "#pommel", "uv": [ 4.0, 1.0, 5.5, 2.5 ], "autoUv": false },
								"east": { "texture": "#pommel", "uv": [ 3.5, 11.5, 5.0, 13.0 ], "autoUv": false },
								"south": { "texture": "#pommel", "uv": [ 5.0, 7.0, 6.5, 8.5 ], "autoUv": false },
								"west": { "texture": "#pommel", "uv": [ 1.0, 11.0, 2.5, 12.5 ], "autoUv": false },
								"up": { "texture": "#pommel", "uv": [ 0.5, 1.5, 2.0, 3.0 ], "autoUv": false },
								"down": { "texture": "#pommel", "uv": [ 2.5, 6.5, 4.0, 8.0 ], "autoUv": false }
							}
						},
						{
							"name": "pommel3",
							"from": [ -0.2187, 0.2086, -0.2204 ],
							"to": [ 0.8073, 0.9211, 0.8056 ],
							"uv": [ 0.5, 1.0 ],
							"rotationOrigin": [ 0.2939, 1.71, 0.2939 ],
							"rotationY": -45.0,
							"faces": {
								"north": { "texture": "#pommel", "uv": [ 4.0, 1.0, 5.5, 2.0 ], "autoUv": false },
								"east": { "texture": "#pommel", "uv": [ 3.5, 11.5, 5.0, 12.5 ], "autoUv": false },
								"south": { "texture": "#pommel", "uv": [ 5.0, 7.0, 6.5, 8.0 ], "autoUv": false },
								"west": { "texture": "#pommel", "uv": [ 1.0, 11.0, 2.5, 12.0 ], "autoUv": false },
								"up": { "texture": "#pommel", "uv": [ 0.5, 1.5, 2.0, 3.0 ], "autoUv": false },
								"down": { "texture": "#pommel", "uv": [ 2.5, 6.5, 4.0, 8.0 ], "autoUv": false }
							}
						}
					]
				},
				{
					"name": "band2",
					"from": [ 2.2002, -0.342, -0.57 ],
					"to": [ 2.6562, 0.342, 0.57 ],
					"uv": [ 0.5, 4.0 ],
					"rotationOrigin": [ 2.28, 0.0, 0.0 ],
					"faces": {
						"north": { "texture": "#metal", "uv": [ 11.5, 4.0, 12.0, 5.0 ], "autoUv": false },
						"east": { "texture": "#metal", "uv": [ 7.0, 7.5, 9.0, 8.5 ], "autoUv": false },
						"south": { "texture": "#metal", "uv": [ 7.0, 8.5, 7.5, 9.5 ], "autoUv": false },
						"west": { "texture": "#metal", "uv": [ 0.5, 4.5, 2.5, 5.5 ], "autoUv": false },
						"up": { "texture": "#metal", "uv": [ 2.0, 5.5, 2.5, 7.5 ], "autoUv": false },
						"down": { "texture": "#metal", "uv": [ 7.0, 6.5, 7.5, 8.5 ], "autoUv": false }
					}
				},
				{
					"name": "crossguard2",
					"from": [ 2.4225, -0.1995, 0.2565 ],
					"to": [ 2.8215, 0.1995, 1.9665 ],
					"uv": [ 0.5, 1.0 ],
					"rotationOrigin": [ 2.5935, -0.0285, 2.85 ],
					"faces": {
						"east": { "texture": "#metal", "uv": [ 0.5, 4.5, 3.5, 5.0 ], "autoUv": false },
						"west": { "texture": "#metal", "uv": [ 3.0, 11.0, 6.0, 11.5 ], "autoUv": false },
						"up": { "texture": "#metal", "uv": [ 2.0, 3.5, 2.5, 6.5 ], "autoUv": false },
						"down": { "texture": "#metal", "uv": [ 1.5, 1.0, 2.0, 4.0 ], "autoUv": false }
					},
					"children": [
						{
							"name": "hiltcap2",
							"from": [ -0.0855, -0.057, 1.995 ],
							"to": [ 0.4275, 0.456, 2.565 ],
							"uv": [ 1.5, 2.5 ],
							"rotationOrigin": [ 0.228, 0.228, 1.71 ],
							"rotationY": -22.5,
							"faces": {
								"north": { "texture": "#metal", "uv": [ 9.0, 9.5, 9.5, 10.0 ], "autoUv": false },
								"east": { "texture": "#metal", "uv": [ 8.0, 5.0, 9.0, 5.5 ], "autoUv": false },
								"south": { "texture": "#metal", "uv": [ 7.5, 12.5, 8.0, 13.0 ], "autoUv": false },
								"west": { "texture": "#metal", "uv": [ 13.0, 2.5, 14.0, 3.0 ], "autoUv": false },
								"up": { "texture": "#metal", "uv": [ 1.5, 4.0, 2.0, 5.0 ], "autoUv": false },
								"down": { "texture": "#metal", "uv": [ 3.0, 11.0, 3.5, 12.0 ], "autoUv": false }
							}
						},
						{
							"name": "crossguard4",
							"from": [ -0.1852, 0.004, 1.425 ],
							"to": [ 0.2137, 0.3973, 1.995 ],
							"uv": [ 0.5, 1.0 ],
							"rotationOrigin": [ -0.3705, 0.1995, 2.0235 ],
							"rotationY": -22.5,
							"faces": {
								"east": { "texture": "#metal", "uv": [ 0.5, 4.5, 1.5, 5.0 ], "autoUv": false },
								"west": { "texture": "#metal", "uv": [ 3.0, 11.0, 4.0, 11.5 ], "autoUv": false },
								"up": { "texture": "#metal", "uv": [ 2.0, 3.5, 2.5, 4.5 ], "autoUv": false },
								"down": { "texture": "#metal", "uv": [ 1.5, 1.0, 2.0, 2.0 ], "autoUv": false }
							}
						}
					]
				},
				{
					"name": "hilt2",
					"from": [ 2.28, -0.285, -0.4275 ],
					"to": [ 3.135, 0.285, 0.4275 ],
					"uv": [ 0.5, 1.0 ],
					"rotationOrigin": [ 2.7075, 0.0, 0.0 ],
					"rotationY": -45.0,
					"faces": {
						"north": { "texture": "#metal", "uv": [ 4.0, 1.0, 5.5, 2.0 ], "autoUv": false },
						"east": { "texture": "#metal", "uv": [ 3.5, 11.5, 5.0, 12.5 ], "autoUv": false },
						"south": { "texture": "#metal", "uv": [ 5.0, 7.0, 6.5, 8.0 ], "autoUv": false },
						"west": { "texture": "#metal", "uv": [ 1.0, 11.0, 2.5, 12.0 ], "autoUv": false },
						"up": { "texture": "#metal", "uv": [ 0.5, 1.5, 2.0, 3.0 ], "autoUv": false },
						"down": { "texture": "#metal", "uv": [ 2.5, 6.5, 4.0, 8.0 ], "autoUv": false }
					}
				},
				{
					"name": "handle3",
					"from": [ -2.28, -0.3135, -0.285 ],
					"to": [ 2.28, 0.3135, 0.285 ],
					"uv": [ 0.0, 0.0 ],
					"rotationOrigin": [ -2.28, -0.285, -0.4275 ],
					"faces": {
						"north": { "texture": "#handle", "uv": [ 0.0, 0.0, 8.0, 1.0 ], "autoUv": false },
						"east": { "texture": "#handle", "uv": [ 0.0, 0.0, 1.0, 1.0 ], "autoUv": false },
						"south": { "texture": "#handle", "uv": [ 0.0, 0.0, 8.0, 1.0 ], "autoUv": false },
						"west": { "texture": "#handle", "uv": [ 0.0, 0.0, 1.0, 1.0 ], "autoUv": false },
						"up": { "texture": "#handle", "uv": [ 0.0, 0.0, 8.0, 1.0 ], "autoUv": false },
						"down": { "texture": "#handle", "uv": [ 0.0, 0.0, 8.0, 1.0 ], "autoUv": false }
					}
				},
				{
					"name": "hilt3",
					"from": [ 2.394, -0.3135, -0.285 ],
					"to": [ 2.964, 0.3135, 0.285 ],
					"uv": [ 0.5, 1.0 ],
					"rotationOrigin": [ 2.679, 0.0285, 0.0 ],
					"rotationY": -45.0,
					"faces": {
						"north": { "texture": "#metal", "uv": [ 4.0, 1.0, 5.0, 2.0 ], "autoUv": false },
						"east": { "texture": "#metal", "uv": [ 3.5, 11.5, 4.5, 12.5 ], "autoUv": false },
						"south": { "texture": "#metal", "uv": [ 5.0, 7.0, 6.0, 8.0 ], "autoUv": false },
						"west": { "texture": "#metal", "uv": [ 1.0, 11.0, 2.0, 12.0 ], "autoUv": false },
						"up": { "texture": "#metal", "uv": [ 0.5, 1.5, 1.5, 2.5 ], "autoUv": false },
						"down": { "texture": "#metal", "uv": [ 2.5, 6.5, 3.5, 7.5 ], "autoUv": false }
					}
				},
				{
					"name": "blade1",
					"from": [ 2.9349, 0.2889, -0.6589 ],
					"to": [ 15.2886, 0.8517, 1.0911 ],
					"autoUnwrap": false,
					"uv": [ 0.0, 6.0 ],
					"rotationOrigin": [ 3.3571, 0.2889, 0.0728 ],
					"rotationX": -180.0,
					"faces": {
						"north": { "texture": "#plain", "uv": [ 5.0, 6.0, 30.5, 7.0 ], "autoUv": false },
						"east": { "texture": "#plain", "uv": [ 2.5, 11.0, 4.5, 12.0 ], "autoUv": false },
						"south": { "texture": "#plain", "uv": [ 1.0, 1.5, 26.5, 2.5 ], "autoUv": false },
						"up": { "texture": "#plain", "uv": [ 5.0, 0.5, 30.5, 2.5 ], "autoUv": false },
						"down": { "texture": "#plain", "uv": [ 3.0, 6.0, 28.5, 8.0 ], "autoUv": false }
					},
					"children": [
						{
							"name": "Cube2",
							"from": [ 12.35, 0.01, 0.0 ],
							"to": [ 13.59, 0.5729, 1.24 ],
							"uv": [ 5.5, 3.5 ],
							"rotationOrigin": [ 12.3537, 0.0, 0.0 ],
							"rotationY": -22.5,
							"faces": {
								"north": { "texture": "#plain", "uv": [ 5.5, 5.0, 7.0, 6.0 ], "autoUv": false },
								"east": { "texture": "#plain", "uv": [ 7.0, 5.0, 8.5, 6.0 ], "autoUv": false },
								"south": { "texture": "#plain", "uv": [ 8.5, 5.0, 10.0, 6.0 ], "autoUv": false },
								"west": { "texture": "#plain", "uv": [ 10.0, 5.0, 11.5, 6.0 ], "autoUv": false },
								"up": { "texture": "#plain", "uv": [ 5.5, 0.5, 7.0, 2.0 ], "autoUv": false },
								"down": { "texture": "#plain", "uv": [ 5.5, 3.5, 7.0, 5.0 ], "autoUv": false }
							}
						},
						{
							"name": "Cube3",
							"from": [ 1.8, 0.06, 1.1258 ],
							"to": [ 2.65, 0.31, 3.0959 ],
							"uv": [ 0.0, 0.0 ],
							"rotationOrigin": [ 1.8443, 0.394, 1.1258 ],
							"rotationX": 13.0,
							"faces": {
								"north": { "texture": "#plain", "uv": [ 0.0, 3.5, 1.0, 4.0 ], "autoUv": false },
								"east": { "texture": "#plain", "uv": [ 1.0, 3.5, 4.5, 4.0 ], "autoUv": false },
								"south": { "texture": "#plain", "uv": [ 4.5, 3.5, 5.5, 4.0 ], "autoUv": false },
								"west": { "texture": "#plain", "uv": [ 5.5, 3.5, 9.0, 4.0 ], "autoUv": false },
								"up": { "texture": "#plain", "uv": [ 0.0, 0.0, 1.0, 3.5 ], "autoUv": false },
								"down": { "texture": "#plain", "uv": [ 1.0, 0.0, 2.0, 3.5 ], "autoUv": false }
							}
						},
						{
							"name": "Cube4",
							"from": [ 11.35, 0.02, 1.53 ],
							"to": [ 13.85, 0.58, 2.25 ],
							"uv": [ 5.5, 3.5 ],
							"rotationOrigin": [ 11.3537, 0.0, 1.0 ],
							"rotationY": 13.0,
							"faces": {
								"north": { "texture": "#plain", "uv": [ 5.5, 5.0, 7.0, 6.0 ], "autoUv": false },
								"east": { "texture": "#plain", "uv": [ 7.0, 5.0, 8.5, 6.0 ], "autoUv": false },
								"south": { "texture": "#plain", "uv": [ 8.5, 5.0, 10.0, 6.0 ], "autoUv": false },
								"west": { "texture": "#plain", "uv": [ 10.0, 5.0, 11.5, 6.0 ], "autoUv": false },
								"up": { "texture": "#plain", "uv": [ 5.5, 0.5, 7.0, 2.0 ], "autoUv": false },
								"down": { "texture": "#plain", "uv": [ 5.5, 3.5, 7.0, 5.0 ], "autoUv": false }
							}
						},
						{
							"name": "Cube5",
							"from": [ 13.8, 0.01, 0.24 ],
							"to": [ 14.77, 0.57, 1.04 ],
							"uv": [ 5.5, 3.5 ],
							"rotationOrigin": [ 13.3537, 0.0, 0.0 ],
							"rotationY": -45.0,
							"faces": {
								"north": { "texture": "#plain", "uv": [ 5.5, 5.0, 7.0, 6.0 ], "autoUv": false },
								"east": { "texture": "#plain", "uv": [ 7.0, 5.0, 8.5, 6.0 ], "autoUv": false },
								"south": { "texture": "#plain", "uv": [ 8.5, 5.0, 10.0, 6.0 ], "autoUv": false },
								"west": { "texture": "#plain", "uv": [ 10.0, 5.0, 11.5, 6.0 ], "autoUv": false },
								"up": { "texture": "#plain", "uv": [ 5.5, 0.5, 7.0, 2.0 ], "autoUv": false },
								"down": { "texture": "#plain", "uv": [ 5.5, 3.5, 7.0, 5.0 ], "autoUv": false }
							}
						},
						{
							"name": "Cube6",
							"from": [ 13.66, 0.05, 0.2 ],
							"to": [ 14.16, 0.59, 0.7 ],
							"uv": [ 5.5, 3.5 ],
							"rotationOrigin": [ 13.3537, 0.0, 1.0 ],
							"rotationY": -79.0,
							"faces": {
								"north": { "texture": "#plain", "uv": [ 5.5, 5.0, 7.0, 6.0 ], "autoUv": false },
								"east": { "texture": "#plain", "uv": [ 7.0, 5.0, 8.5, 6.0 ], "autoUv": false },
								"south": { "texture": "#plain", "uv": [ 8.5, 5.0, 10.0, 6.0 ], "autoUv": false },
								"west": { "texture": "#plain", "uv": [ 10.0, 5.0, 11.5, 6.0 ], "autoUv": false },
								"up": { "texture": "#plain", "uv": [ 5.5, 0.5, 7.0, 2.0 ], "autoUv": false },
								"down": { "texture": "#plain", "uv": [ 5.5, 3.5, 7.0, 5.0 ], "autoUv": false }
							}
						},
						{
							"name": "Cube7",
							"from": [ 0.0, -0.01, 1.2 ],
							"to": [ 11.7, 0.55, 1.85 ],
							"uv": [ 5.5, 3.5 ],
							"rotationOrigin": [ 0.3537, 0.0, 1.0 ],
							"rotationY": -1.9,
							"faces": {
								"north": { "texture": "#plain", "uv": [ 5.5, 5.0, 7.0, 6.0 ], "autoUv": false },
								"east": { "texture": "#plain", "uv": [ 7.0, 5.0, 8.5, 6.0 ], "autoUv": false },
								"south": { "texture": "#plain", "uv": [ 8.5, 5.0, 10.0, 6.0 ], "autoUv": false },
								"west": { "texture": "#plain", "uv": [ 10.0, 5.0, 11.5, 6.0 ], "autoUv": false },
								"up": { "texture": "#plain", "uv": [ 5.5, 0.5, 7.0, 2.0 ], "autoUv": false },
								"down": { "texture": "#plain", "uv": [ 5.5, 3.5, 7.0, 5.0 ], "autoUv": false }
							}
						}
					]
				}
			]
		}
	]}