{
	"editor": {
		"backDropShape": "entity/land/hooved/deer/elk/female",
		"collapsedPaths": ",Root/origin/handle",
		"allAngles": false,
		"entityTextureMode": true
	},
	"textureWidth": 16,
	"textureHeight": 16,
	"textureSizes": {
		"metal": [16,16],
		"wood": [16,16],
		"handle": [16,16],
		"bismuthbronze": [16,16],
		"debarked/oak": [16,16],
		"blackbronze": [16,16],
		"iron": [16,16]
	},
	"textures": {
		"plain": "game:block/leather/plain",
		"handle": "block/wood/debarked/acacia"
	},
	"elements": [
		{
			"name": "origin",
			"stepParentName": "RightFrontStorage",
			"from": [ 3.55, 8.7, -2.4 ],
			"to": [ 3.55, 10.3887, -2.4 ],
			"uv": [ 999.0, 999.0 ],
			"rotationOrigin": [ 3.62, 8.7, -0.74 ],
			"rotationX": 90.0,
			"rotationY": -80.0,
			"rotationZ": 8.0,
			"faces": {
			},
			"children": [
				{
					"name": "blade1",
					"from": [ 2.5, 0.17, 1.55 ],
					"to": [ 4.5, 1.49, 2.99 ],
					"autoUnwrap": false,
					"uv": [ 0.0, 6.0 ],
					"rotationOrigin": [ 4.5173, 0.2803, 1.9486 ],
					"rotationX": 180.0,
					"faces": {
						"north": { "texture": "#plain", "uv": [ 5.0, 6.0, 30.5, 7.0 ], "autoUv": false },
						"east": { "texture": "#plain", "uv": [ 2.5, 11.0, 4.5, 12.0 ], "autoUv": false },
						"south": { "texture": "#plain", "uv": [ 1.0, 1.5, 26.5, 2.5 ], "autoUv": false },
						"up": { "texture": "#plain", "uv": [ 5.0, 0.5, 30.5, 2.5 ], "autoUv": false },
						"down": { "texture": "#plain", "uv": [ 3.0, 6.0, 28.5, 8.0 ], "autoUv": false }
					},
					"children": [
						{
							"name": "Cube3",
							"from": [ 0.4, 0.5, 0.6 ],
							"to": [ 1.4, 0.93, 4.5 ],
							"uv": [ 0.0, 0.0 ],
							"rotationOrigin": [ 0.44, 0.7, 1.23 ],
							"rotationX": 40.0,
							"rotationY": -35.0,
							"faces": {
								"north": { "texture": "#plain", "uv": [ 0.0, 3.5, 1.0, 4.0 ], "autoUv": false },
								"east": { "texture": "#plain", "uv": [ 1.0, 3.5, 4.5, 4.0 ], "autoUv": false },
								"south": { "texture": "#plain", "uv": [ 4.5, 3.5, 5.5, 4.0 ], "autoUv": false },
								"west": { "texture": "#plain", "uv": [ 5.5, 3.5, 9.0, 4.0 ], "autoUv": false },
								"up": { "texture": "#plain", "uv": [ 0.0, 0.0, 1.0, 3.5 ], "autoUv": false },
								"down": { "texture": "#plain", "uv": [ 1.0, 0.0, 2.0, 3.5 ], "autoUv": false }
							}
						}
					]
				},
				{
					"name": "handle",
					"from": [ 2.4996, -0.8501, 1.0529 ],
					"to": [ 14.4996, 0.2749, 2.1779 ],
					"uv": [ 0.0, 8.0 ],
					"rotationOrigin": [ 8.4996, -0.2876, 1.6154 ],
					"rotationX": -91.3848,
					"rotationY": 0.12,
					"rotationZ": -179.9017,
					"faces": {
						"north": { "texture": "#handle", "uv": [ 0.0, 10.0, 16.0, 11.5 ], "autoUv": false },
						"south": { "texture": "#handle", "uv": [ 0.0, 10.0, 16.0, 11.5 ], "autoUv": false },
						"west": { "texture": "#handle", "uv": [ 4.0, 8.0, 5.5, 9.5 ], "autoUv": false },
						"up": { "texture": "#handle", "uv": [ 0.0, 12.5, 16.0, 14.0 ], "autoUv": false },
						"down": { "texture": "#handle", "uv": [ 0.0, 12.5, 16.0, 14.0 ], "autoUv": false }
					},
					"children": [
						{
							"name": "socket",
							"from": [ 12.0, -0.15, -0.15 ],
							"to": [ 13.5, 1.275, 1.275 ],
							"uv": [ 1.0, 3.0 ],
							"rotationOrigin": [ 12.0, 0.5625, 0.5625 ],
							"faces": {
								"north": { "texture": "#blackbronze", "uv": [ 1.0, 8.0, 3.0, 9.5 ], "autoUv": false },
								"south": { "texture": "#blackbronze", "uv": [ 3.5, 6.5, 5.5, 8.0 ], "autoUv": false },
								"west": { "texture": "#blackbronze", "uv": [ 11.5, 3.0, 13.0, 4.5 ], "autoUv": false },
								"up": { "texture": "#blackbronze", "uv": [ 1.0, 9.5, 3.0, 11.0 ], "autoUv": false },
								"down": { "texture": "#blackbronze", "uv": [ 11.0, 3.5, 13.0, 5.0 ], "autoUv": false }
							},
							"children": [
								{
									"name": "head",
									"from": [ 1.5, -0.375, -0.45 ],
									"to": [ 6.75, 1.875, 1.8 ],
									"uv": [ 0.0, 2.5 ],
									"rotationOrigin": [ 1.5, 0.675, 0.675 ],
									"faces": {
										"north": { "texture": "#blackbronze", "uv": [ 5.0, 2.5, 12.0, 5.5 ], "autoUv": false },
										"east": { "texture": "#blackbronze", "uv": [ 0.0, 10.5, 3.0, 13.5 ], "autoUv": false },
										"south": { "texture": "#blackbronze", "uv": [ 4.0, 11.5, 11.0, 14.5 ], "autoUv": false },
										"west": { "texture": "#blackbronze", "uv": [ 3.5, 6.0, 6.5, 9.0 ], "autoUv": false },
										"up": { "texture": "#blackbronze", "uv": [ 8.0, 7.0, 15.0, 10.0 ], "autoUv": false },
										"down": { "texture": "#blackbronze", "uv": [ 5.5, 5.0, 12.5, 8.0 ], "autoUv": false }
									},
									"children": [
										{
											"name": "cap",
											"from": [ 5.25, 0.375, 0.375 ],
											"to": [ 5.625, 1.875, 1.875 ],
											"uv": [ 5.0, 0.5 ],
											"rotationOrigin": [ 5.25, 1.125, 1.125 ],
											"faces": {
												"north": { "texture": "#blackbronze", "uv": [ 9.0, 0.5, 9.5, 2.5 ], "autoUv": false },
												"east": { "texture": "#blackbronze", "uv": [ 13.0, 1.5, 15.0, 3.5 ], "autoUv": false },
												"south": { "texture": "#blackbronze", "uv": [ 7.5, 1.0, 8.0, 3.0 ], "autoUv": false },
												"up": { "texture": "#blackbronze", "uv": [ 9.0, 10.5, 9.5, 12.5 ], "autoUv": false },
												"down": { "texture": "#blackbronze", "uv": [ 5.0, 6.5, 5.5, 8.5 ], "autoUv": false }
											}
										},
										{
											"name": "rotator2",
											"from": [ 0.0, 1.0125, 0.0 ],
											"to": [ 0.0, 1.0125, 0.0 ],
											"uv": [ 999.0, 999.0 ],
											"rotationOrigin": [ 0.0, 1.0125, 1.1625 ],
											"rotationX": 45.0,
											"faces": {
											},
											"children": [
												{
													"name": "spike4",
													"from": [ 0.75, -1.7625, 0.75 ],
													"to": [ 1.5, 1.9875, 1.5 ],
													"uv": [ 7.5, 3.0 ],
													"rotationOrigin": [ 1.125, 0.1125, 1.125 ],
													"rotationY": 45.0,
													"faces": {
														"north": { "texture": "#blackbronze", "uv": [ 7.5, 9.0, 8.5, 14.0 ], "autoUv": false },
														"east": { "texture": "#blackbronze", "uv": [ 9.0, 3.0, 10.0, 8.0 ], "autoUv": false },
														"south": { "texture": "#blackbronze", "uv": [ 11.0, 7.5, 12.0, 12.5 ], "autoUv": false },
														"west": { "texture": "#blackbronze", "uv": [ 11.5, 4.5, 12.5, 9.5 ], "autoUv": false },
														"up": { "texture": "#blackbronze", "uv": [ 13.0, 5.0, 14.0, 6.0 ], "autoUv": false },
														"down": { "texture": "#blackbronze", "uv": [ 11.0, 13.0, 12.0, 14.0 ], "autoUv": false }
													},
													"children": [
														{
															"name": "tip7",
															"from": [ 0.1125, 3.4875, 0.0375 ],
															"to": [ 0.6375, 4.0125, 0.7125 ],
															"uv": [ 5.0, 0.0 ],
															"rotationOrigin": [ 0.375, 3.75, 0.375 ],
															"rotationZ": -45.0,
															"faces": {
																"north": { "texture": "#blackbronze", "uv": [ 10.5, 0.0, 11.0, 0.5 ], "autoUv": false },
																"south": { "texture": "#blackbronze", "uv": [ 12.5, 0.5, 13.0, 1.0 ], "autoUv": false },
																"west": { "texture": "#blackbronze", "uv": [ 6.5, 8.5, 7.0, 9.0 ], "autoUv": false },
																"up": { "texture": "#blackbronze", "uv": [ 5.0, 4.0, 5.5, 4.5 ], "autoUv": false }
															}
														},
														{
															"name": "tip8",
															"from": [ 0.1125, -0.2625, 0.0375 ],
															"to": [ 0.6375, 0.2625, 0.7125 ],
															"uv": [ 0.0, 0.5 ],
															"rotationOrigin": [ 0.375, 0.0, 0.375 ],
															"rotationZ": -45.0,
															"faces": {
																"north": { "texture": "#blackbronze", "uv": [ 13.5, 0.5, 14.0, 1.0 ], "autoUv": false },
																"east": { "texture": "#blackbronze", "uv": [ 7.5, 7.5, 8.0, 8.0 ], "autoUv": false },
																"south": { "texture": "#blackbronze", "uv": [ 2.5, 9.0, 3.0, 9.5 ], "autoUv": false },
																"down": { "texture": "#blackbronze", "uv": [ 0.0, 2.5, 0.5, 3.0 ], "autoUv": false }
															}
														}
													]
												},
												{
													"name": "spike5",
													"from": [ 2.25, -1.7625, 0.75 ],
													"to": [ 3.0, 1.9875, 1.5 ],
													"uv": [ 2.5, 1.0 ],
													"rotationOrigin": [ 2.625, 0.1125, 1.125 ],
													"rotationY": -45.0,
													"faces": {
														"north": { "texture": "#blackbronze", "uv": [ 8.0, 7.0, 9.0, 12.0 ], "autoUv": false },
														"east": { "texture": "#blackbronze", "uv": [ 9.5, 8.0, 10.5, 13.0 ], "autoUv": false },
														"south": { "texture": "#blackbronze", "uv": [ 5.5, 1.0, 6.5, 6.0 ], "autoUv": false },
														"west": { "texture": "#blackbronze", "uv": [ 12.0, 7.0, 13.0, 12.0 ], "autoUv": false },
														"up": { "texture": "#blackbronze", "uv": [ 3.0, 11.5, 4.0, 12.5 ], "autoUv": false },
														"down": { "texture": "#blackbronze", "uv": [ 2.5, 5.5, 3.5, 6.5 ], "autoUv": false }
													},
													"children": [
														{
															"name": "tip9",
															"from": [ 0.1125, 3.4875, 0.0375 ],
															"to": [ 0.6375, 4.0125, 0.7125 ],
															"uv": [ 2.0, 0.0 ],
															"rotationOrigin": [ 0.375, 3.75, 0.375 ],
															"rotationZ": -45.0,
															"faces": {
																"north": { "texture": "#blackbronze", "uv": [ 7.5, 11.5, 8.0, 12.0 ], "autoUv": false },
																"south": { "texture": "#blackbronze", "uv": [ 2.0, 13.5, 2.5, 14.0 ], "autoUv": false },
																"west": { "texture": "#blackbronze", "uv": [ 11.5, 0.0, 12.0, 0.5 ], "autoUv": false },
																"up": { "texture": "#blackbronze", "uv": [ 13.0, 11.5, 13.5, 12.0 ], "autoUv": false }
															}
														},
														{
															"name": "tip10",
															"from": [ 0.1125, -0.2625, 0.0375 ],
															"to": [ 0.6375, 0.2625, 0.7125 ],
															"uv": [ 5.0, 0.0 ],
															"rotationOrigin": [ 0.375, 0.0, 0.375 ],
															"rotationZ": -45.0,
															"faces": {
																"north": { "texture": "#blackbronze", "uv": [ 13.0, 5.0, 13.5, 5.5 ], "autoUv": false },
																"east": { "texture": "#blackbronze", "uv": [ 12.0, 0.0, 12.5, 0.5 ], "autoUv": false },
																"south": { "texture": "#blackbronze", "uv": [ 5.0, 7.5, 5.5, 8.0 ], "autoUv": false },
																"down": { "texture": "#blackbronze", "uv": [ 13.5, 12.0, 14.0, 12.5 ], "autoUv": false }
															}
														}
													]
												},
												{
													"name": "spike6",
													"from": [ 3.75, -1.7625, 0.75 ],
													"to": [ 4.5, 1.9875, 1.5 ],
													"uv": [ 4.0, 1.5 ],
													"rotationOrigin": [ 4.125, 0.1125, 1.125 ],
													"rotationY": 45.0,
													"faces": {
														"north": { "texture": "#blackbronze", "uv": [ 8.0, 2.5, 9.0, 7.5 ], "autoUv": false },
														"east": { "texture": "#blackbronze", "uv": [ 4.0, 1.5, 5.0, 6.5 ], "autoUv": false },
														"south": { "texture": "#blackbronze", "uv": [ 4.5, 8.0, 5.5, 13.0 ], "autoUv": false },
														"west": { "texture": "#blackbronze", "uv": [ 9.0, 6.0, 10.0, 11.0 ], "autoUv": false },
														"up": { "texture": "#blackbronze", "uv": [ 4.0, 10.0, 5.0, 11.0 ], "autoUv": false },
														"down": { "texture": "#blackbronze", "uv": [ 5.5, 4.0, 6.5, 5.0 ], "autoUv": false }
													},
													"children": [
														{
															"name": "tip11",
															"from": [ 0.1125, 3.4875, 0.0375 ],
															"to": [ 0.6375, 4.0125, 0.7125 ],
															"uv": [ 1.0, 0.0 ],
															"rotationOrigin": [ 0.375, 3.75, 0.375 ],
															"rotationZ": -45.0,
															"faces": {
																"north": { "texture": "#blackbronze", "uv": [ 11.5, 1.0, 12.0, 1.5 ], "autoUv": false },
																"south": { "texture": "#blackbronze", "uv": [ 1.0, 10.5, 1.5, 11.0 ], "autoUv": false },
																"west": { "texture": "#blackbronze", "uv": [ 3.5, 0.0, 4.0, 0.5 ], "autoUv": false },
																"up": { "texture": "#blackbronze", "uv": [ 3.0, 13.5, 3.5, 14.0 ], "autoUv": false }
															}
														},
														{
															"name": "tip12",
															"from": [ 0.1125, -0.2625, 0.0375 ],
															"to": [ 0.6375, 0.2625, 0.7125 ],
															"uv": [ 4.0, 6.5 ],
															"rotationOrigin": [ 0.375, 0.0, 0.375 ],
															"rotationZ": -45.0,
															"faces": {
																"north": { "texture": "#blackbronze", "uv": [ 13.0, 9.5, 13.5, 10.0 ], "autoUv": false },
																"east": { "texture": "#blackbronze", "uv": [ 5.5, 7.0, 6.0, 7.5 ], "autoUv": false },
																"south": { "texture": "#blackbronze", "uv": [ 10.5, 8.5, 11.0, 9.0 ], "autoUv": false },
																"down": { "texture": "#blackbronze", "uv": [ 4.0, 6.5, 4.5, 7.0 ], "autoUv": false }
															}
														}
													]
												}
											]
										},
										{
											"name": "rotator1",
											"from": [ 0.0, 0.0, 0.0 ],
											"to": [ 0.0, 0.0, 0.0 ],
											"uv": [ 999.0, 999.0 ],
											"rotationOrigin": [ 0.0, 1.0125, 1.0125 ],
											"rotationX": -45.0,
											"faces": {
											},
											"children": [
												{
													"name": "spike1",
													"from": [ 0.75, -0.75, 0.75 ],
													"to": [ 1.5, 3.0, 1.5 ],
													"uv": [ 1.5, 0.5 ],
													"rotationOrigin": [ 1.125, 1.125, 1.125 ],
													"rotationY": -45.0,
													"faces": {
														"north": { "texture": "#blackbronze", "uv": [ 7.5, 7.0, 8.5, 12.0 ], "autoUv": false },
														"east": { "texture": "#blackbronze", "uv": [ 1.5, 0.5, 2.5, 5.5 ], "autoUv": false },
														"south": { "texture": "#blackbronze", "uv": [ 9.5, 8.0, 10.5, 13.0 ], "autoUv": false },
														"west": { "texture": "#blackbronze", "uv": [ 7.5, 5.5, 8.5, 10.5 ], "autoUv": false },
														"up": { "texture": "#blackbronze", "uv": [ 14.5, 9.0, 15.5, 10.0 ], "autoUv": false },
														"down": { "texture": "#blackbronze", "uv": [ 3.0, 8.0, 4.0, 9.0 ], "autoUv": false }
													},
													"children": [
														{
															"name": "tip1",
															"from": [ 0.1125, 3.4875, 0.0375 ],
															"to": [ 0.6375, 4.0125, 0.7125 ],
															"uv": [ 3.5, 1.5 ],
															"rotationOrigin": [ 0.375, 3.75, 0.375 ],
															"rotationZ": -45.0,
															"faces": {
																"north": { "texture": "#blackbronze", "uv": [ 6.5, 13.5, 7.0, 14.0 ], "autoUv": false },
																"south": { "texture": "#blackbronze", "uv": [ 5.0, 9.5, 5.5, 10.0 ], "autoUv": false },
																"west": { "texture": "#blackbronze", "uv": [ 3.5, 1.5, 4.0, 2.0 ], "autoUv": false },
																"up": { "texture": "#blackbronze", "uv": [ 10.0, 8.5, 10.5, 9.0 ], "autoUv": false }
															}
														},
														{
															"name": "tip2",
															"from": [ 0.1125, -0.2625, 0.0375 ],
															"to": [ 0.6375, 0.2625, 0.7125 ],
															"uv": [ 0.5, 1.0 ],
															"rotationOrigin": [ 0.375, 0.0, 0.375 ],
															"rotationZ": -45.0,
															"faces": {
																"north": { "texture": "#blackbronze", "uv": [ 14.0, 5.0, 14.5, 5.5 ], "autoUv": false },
																"east": { "texture": "#blackbronze", "uv": [ 14.5, 15.0, 15.0, 15.5 ], "autoUv": false, "windMode": [-1,-1,-1,-1] },
																"south": { "texture": "#blackbronze", "uv": [ 11.5, 8.0, 12.0, 8.5 ], "autoUv": false },
																"down": { "texture": "#blackbronze", "uv": [ 0.5, 1.0, 1.0, 1.5 ], "autoUv": false, "windMode": [-1,-1,-1,-1] }
															}
														}
													]
												},
												{
													"name": "spike2",
													"from": [ 2.25, -0.75, 0.75 ],
													"to": [ 3.0, 3.0, 1.5 ],
													"uv": [ 0.0, 1.0 ],
													"rotationOrigin": [ 2.625, 1.125, 1.125 ],
													"rotationY": 45.0,
													"faces": {
														"north": { "texture": "#blackbronze", "uv": [ 5.5, 3.5, 6.5, 8.5 ], "autoUv": false },
														"east": { "texture": "#blackbronze", "uv": [ 0.0, 3.0, 1.0, 8.0 ], "autoUv": false },
														"south": { "texture": "#blackbronze", "uv": [ 2.0, 1.0, 3.0, 6.0 ], "autoUv": false },
														"west": { "texture": "#blackbronze", "uv": [ 12.0, 1.0, 13.0, 6.0 ], "autoUv": false },
														"up": { "texture": "#blackbronze", "uv": [ 2.0, 5.5, 3.0, 6.5 ], "autoUv": false },
														"down": { "texture": "#blackbronze", "uv": [ 8.5, 12.0, 9.5, 13.0 ], "autoUv": false }
													},
													"children": [
														{
															"name": "tip3",
															"from": [ 0.1125, 3.4875, 0.0375 ],
															"to": [ 0.6375, 4.0125, 0.7125 ],
															"uv": [ 2.5, 5.5 ],
															"rotationOrigin": [ 0.375, 3.75, 0.375 ],
															"rotationZ": -45.0,
															"faces": {
																"north": { "texture": "#blackbronze", "uv": [ 2.5, 5.5, 3.0, 6.0 ], "autoUv": false },
																"south": { "texture": "#blackbronze", "uv": [ 6.5, 14.0, 7.0, 14.5 ], "autoUv": false },
																"west": { "texture": "#blackbronze", "uv": [ 12.5, 11.0, 13.0, 11.5 ], "autoUv": false },
																"up": { "texture": "#blackbronze", "uv": [ 3.0, 10.5, 3.5, 11.0 ], "autoUv": false }
															}
														},
														{
															"name": "tip4",
															"from": [ 0.1125, -0.2625, 0.0375 ],
															"to": [ 0.6375, 0.2625, 0.7125 ],
															"uv": [ 0.0, 0.0 ],
															"rotationOrigin": [ 0.375, 0.0, 0.375 ],
															"rotationZ": -45.0,
															"faces": {
																"north": { "texture": "#blackbronze", "uv": [ 10.5, 0.0, 11.0, 0.5 ], "autoUv": false },
																"east": { "texture": "#blackbronze", "uv": [ 0.0, 10.0, 0.5, 10.5 ], "autoUv": false },
																"south": { "texture": "#blackbronze", "uv": [ 11.0, 0.5, 11.5, 1.0 ], "autoUv": false },
																"down": { "texture": "#blackbronze", "uv": [ 12.0, 14.0, 12.5, 14.5 ], "autoUv": false }
															}
														}
													]
												},
												{
													"name": "spike3",
													"from": [ 3.75, -0.75, 0.75 ],
													"to": [ 4.5, 3.0, 1.5 ],
													"uv": [ 0.0, 0.5 ],
													"rotationOrigin": [ 4.125, 1.125, 1.125 ],
													"rotationY": -45.0,
													"faces": {
														"north": { "texture": "#blackbronze", "uv": [ 2.5, 5.0, 3.5, 10.0 ], "autoUv": false },
														"east": { "texture": "#blackbronze", "uv": [ 0.0, 1.0, 1.0, 6.0 ], "autoUv": false },
														"south": { "texture": "#blackbronze", "uv": [ 13.5, 5.0, 14.5, 10.0 ], "autoUv": false },
														"west": { "texture": "#blackbronze", "uv": [ 6.5, 0.5, 7.5, 5.5 ], "autoUv": false },
														"up": { "texture": "#blackbronze", "uv": [ 12.5, 3.5, 13.5, 4.5 ], "autoUv": false },
														"down": { "texture": "#blackbronze", "uv": [ 6.5, 3.5, 7.5, 4.5 ], "autoUv": false }
													},
													"children": [
														{
															"name": "tip5",
															"from": [ 0.1125, 3.4875, 0.0375 ],
															"to": [ 0.6375, 4.0125, 0.7125 ],
															"uv": [ 0.5, 7.0 ],
															"rotationOrigin": [ 0.375, 3.75, 0.375 ],
															"rotationZ": -45.0,
															"faces": {
																"north": { "texture": "#blackbronze", "uv": [ 12.5, 12.0, 13.0, 12.5 ], "autoUv": false },
																"south": { "texture": "#blackbronze", "uv": [ 0.5, 7.0, 1.0, 7.5 ], "autoUv": false },
																"west": { "texture": "#blackbronze", "uv": [ 6.0, 7.0, 6.5, 7.5 ], "autoUv": false },
																"up": { "texture": "#blackbronze", "uv": [ 7.5, 12.0, 8.0, 12.5 ], "autoUv": false }
															}
														},
														{
															"name": "tip6",
															"from": [ 0.1125, -0.2625, 0.0375 ],
															"to": [ 0.6375, 0.2625, 0.7125 ],
															"uv": [ 8.0, 2.0 ],
															"rotationOrigin": [ 0.375, 0.0, 0.375 ],
															"rotationZ": -45.0,
															"faces": {
																"north": { "texture": "#blackbronze", "uv": [ 8.0, 5.5, 8.5, 6.0 ], "autoUv": false },
																"east": { "texture": "#blackbronze", "uv": [ 13.0, 2.0, 13.5, 2.5 ], "autoUv": false },
																"south": { "texture": "#blackbronze", "uv": [ 10.0, 14.5, 10.5, 15.0 ], "autoUv": false },
																"down": { "texture": "#blackbronze", "uv": [ 13.5, 15.0, 14.0, 15.5 ], "autoUv": false }
															}
														}
													]
												}
											]
										},
										{
											"name": "flange",
											"from": [ 0.375, 0.0, 0.0 ],
											"to": [ 4.875, 2.25, 2.25 ],
											"uv": [ 0.0, 0.0 ],
											"rotationOrigin": [ 0.375, 1.125, 1.125 ],
											"rotationX": -45.0,
											"faces": {
												"north": { "texture": "#blackbronze", "uv": [ 0.0, 0.0, 6.0, 3.0 ], "autoUv": false },
												"east": { "texture": "#blackbronze", "uv": [ 0.0, 0.0, 3.0, 3.0 ], "autoUv": false },
												"south": { "texture": "#blackbronze", "uv": [ 0.0, 0.0, 6.0, 3.0 ], "autoUv": false },
												"west": { "texture": "#blackbronze", "uv": [ 0.0, 0.0, 3.0, 3.0 ], "autoUv": false },
												"up": { "texture": "#blackbronze", "uv": [ 0.0, 0.0, 6.0, 3.0 ], "autoUv": false },
												"down": { "texture": "#blackbronze", "uv": [ 0.0, 0.0, 6.0, 3.0 ], "autoUv": false }
											}
										}
									]
								}
							]
						}
					]
				}
			]
		}
	]}