{
	"editor": {
		"backDropShape": "entity/land/hooved/deer/elk/female",
		"collapsedPaths": "",
		"allAngles": false,
		"entityTextureMode": true
	},
	"textureWidth": 16,
	"textureHeight": 16,
	"textureSizes": {
		"metal": [16,16],
		"wood": [16,16],
		"handle": [16,16],
		"bismuthbronze": [16,16],
		"debarked/oak": [16,16]
	},
	"textures": {
		"plain": "game:block/leather/plain",
		"handle": "block/wood/debarked/acacia"
	},
	"elements": [
		{
			"name": "origin",
			"stepParentName": "RightFrontStorage",
			"from": [ 3.6, 8.85, -1.2 ],
			"to": [ 3.6, 10.5387, -1.2 ],
			"uv": [ 999.0, 999.0 ],
			"rotationOrigin": [ 3.42, 8.8, -0.3399 ],
			"rotationX": 90.0,
			"rotationY": -55.0,
			"rotationZ": 8.0,
			"faces": {
			},
			"children": [
				{
					"name": "blade1",
					"from": [ 1.5, 0.23, 1.18 ],
					"to": [ 5.5, 1.55, 2.62 ],
					"autoUnwrap": false,
					"uv": [ 0.0, 6.0 ],
					"rotationOrigin": [ 3.5173, 0.2803, 1.9486 ],
					"rotationX": 180.0,
					"faces": {
						"north": { "texture": "#plain", "uv": [ 5.0, 6.0, 30.5, 7.0 ], "autoUv": false },
						"east": { "texture": "#plain", "uv": [ 2.5, 11.0, 4.5, 12.0 ], "autoUv": false },
						"south": { "texture": "#plain", "uv": [ 1.0, 1.5, 26.5, 2.5 ], "autoUv": false },
						"up": { "texture": "#plain", "uv": [ 5.0, 0.5, 30.5, 2.5 ], "autoUv": false },
						"down": { "texture": "#plain", "uv": [ 3.0, 6.0, 28.5, 8.0 ], "autoUv": false }
					},
					"children": [
						{
							"name": "Cube2",
							"from": [ -2.0, 0.35, -1.8 ],
							"to": [ -1.28, 0.95, -0.08 ],
							"uv": [ 5.5, 3.5 ],
							"rotationOrigin": [ -2.0, 0.0, -1.8 ],
							"faces": {
								"north": { "texture": "#plain", "uv": [ 5.5, 5.0, 7.0, 6.0 ], "autoUv": false },
								"east": { "texture": "#plain", "uv": [ 7.0, 5.0, 8.5, 6.0 ], "autoUv": false },
								"south": { "texture": "#plain", "uv": [ 8.5, 5.0, 10.0, 6.0 ], "autoUv": false },
								"west": { "texture": "#plain", "uv": [ 10.0, 5.0, 11.5, 6.0 ], "autoUv": false },
								"up": { "texture": "#plain", "uv": [ 5.5, 0.5, 7.0, 2.0 ], "autoUv": false },
								"down": { "texture": "#plain", "uv": [ 5.5, 3.5, 7.0, 5.0 ], "autoUv": false }
							}
						},
						{
							"name": "Cube3",
							"from": [ 1.4, 0.5, 0.92 ],
							"to": [ 2.4, 0.93, 4.11 ],
							"uv": [ 0.0, 0.0 ],
							"rotationOrigin": [ 1.44, 0.7, 1.23 ],
							"rotationX": 20.0,
							"rotationY": -25.0,
							"faces": {
								"north": { "texture": "#plain", "uv": [ 0.0, 3.5, 1.0, 4.0 ], "autoUv": false },
								"east": { "texture": "#plain", "uv": [ 1.0, 3.5, 4.5, 4.0 ], "autoUv": false },
								"south": { "texture": "#plain", "uv": [ 4.5, 3.5, 5.5, 4.0 ], "autoUv": false },
								"west": { "texture": "#plain", "uv": [ 5.5, 3.5, 9.0, 4.0 ], "autoUv": false },
								"up": { "texture": "#plain", "uv": [ 0.0, 0.0, 1.0, 3.5 ], "autoUv": false },
								"down": { "texture": "#plain", "uv": [ 1.0, 0.0, 2.0, 3.5 ], "autoUv": false }
							}
						},
						{
							"name": "Cube4",
							"from": [ -2.0, -0.24, -0.16 ],
							"to": [ -1.36, 1.55, 1.61 ],
							"uv": [ 5.5, 3.5 ],
							"rotationOrigin": [ -2.0, -1.0, 0.2 ],
							"rotationY": -5.0,
							"faces": {
								"north": { "texture": "#plain", "uv": [ 5.5, 5.0, 7.0, 6.0 ], "autoUv": false },
								"east": { "texture": "#plain", "uv": [ 7.0, 5.0, 8.5, 6.0 ], "autoUv": false },
								"south": { "texture": "#plain", "uv": [ 8.5, 5.0, 10.0, 6.0 ], "autoUv": false },
								"west": { "texture": "#plain", "uv": [ 10.0, 5.0, 11.5, 6.0 ], "autoUv": false },
								"up": { "texture": "#plain", "uv": [ 5.5, 0.5, 7.0, 2.0 ], "autoUv": false },
								"down": { "texture": "#plain", "uv": [ 5.5, 3.5, 7.0, 5.0 ], "autoUv": false }
							}
						}
					]
				},
				{
					"name": "Handle1",
					"from": [ 1.7342, -0.9635, 1.3569 ],
					"to": [ 15.3342, 0.3115, 2.6319 ],
					"uv": [ 0.0, 1.5 ],
					"rotationOrigin": [ 6.8342, -0.9635, 1.9944 ],
					"faces": {
						"north": { "texture": "#debarked/oak", "uv": [ 0.0, 1.5, 16.0, 3.0 ], "autoUv": false },
						"east": { "texture": "#debarked/oak", "uv": [ 9.0, 10.5, 10.5, 12.0 ], "autoUv": false },
						"south": { "texture": "#debarked/oak", "uv": [ 0.0, 9.5, 16.0, 11.0 ], "autoUv": false },
						"up": { "texture": "#debarked/oak", "uv": [ 0.0, 1.5, 16.0, 3.0 ], "autoUv": false },
						"down": { "texture": "#debarked/oak", "uv": [ 0.0, 8.0, 16.0, 9.5 ], "autoUv": false }
					},
					"children": [
						{
							"name": "Handle2",
							"from": [ -3.4, 0.0, 0.0 ],
							"to": [ 0.0, 1.275, 1.275 ],
							"uv": [ 0.0, 1.0 ],
							"rotationOrigin": [ -3.4, 0.0, 0.0 ],
							"faces": {
								"north": { "texture": "#debarked/oak", "uv": [ 2.5, 11.0, 6.5, 12.5 ], "autoUv": false },
								"south": { "texture": "#debarked/oak", "uv": [ 7.5, 1.0, 11.5, 2.5 ], "autoUv": false },
								"west": { "texture": "#debarked/oak", "uv": [ 10.5, 6.5, 12.0, 8.0 ], "autoUv": false },
								"up": { "texture": "#debarked/oak", "uv": [ 0.0, 13.5, 4.0, 15.0 ], "autoUv": false },
								"down": { "texture": "#debarked/oak", "uv": [ 11.5, 12.5, 15.5, 14.0 ], "autoUv": false }
							}
						},
						{
							"name": "socket",
							"from": [ -2.975, -0.17, -0.17 ],
							"to": [ -0.425, 1.445, 1.445 ],
							"uv": [ 7.0, 8.5 ],
							"rotationOrigin": [ -2.975, 0.68, 0.68 ],
							"faces": {
								"north": { "texture": "#iron", "uv": [ 12.0, 14.0, 15.0, 15.5 ], "autoUv": false },
								"east": { "texture": "#iron", "uv": [ 11.5, 10.0, 13.0, 11.5 ], "autoUv": false },
								"south": { "texture": "#iron", "uv": [ 12.5, 11.0, 15.5, 12.5 ], "autoUv": false },
								"west": { "texture": "#iron", "uv": [ 7.5, 9.5, 9.0, 11.0 ], "autoUv": false },
								"up": { "texture": "#iron", "uv": [ 7.0, 13.5, 10.0, 15.0 ], "autoUv": false },
								"down": { "texture": "#iron", "uv": [ 11.0, 8.5, 14.0, 10.0 ], "autoUv": false }
							},
							"children": [
								{
									"name": "bladeneck",
									"from": [ 0.17, 0.595, 1.615 ],
									"to": [ 2.295, 1.02, 2.89 ],
									"uv": [ 0.5, 1.0 ],
									"rotationOrigin": [ 0.17, 0.85, 1.615 ],
									"faces": {
										"east": { "texture": "#iron", "uv": [ 10.0, 5.5, 11.5, 6.0 ], "autoUv": false },
										"south": { "texture": "#iron", "uv": [ 0.5, 4.0, 3.0, 4.5 ], "autoUv": false },
										"west": { "texture": "#iron", "uv": [ 13.0, 1.0, 14.5, 1.5 ], "autoUv": false },
										"up": { "texture": "#iron", "uv": [ 5.0, 2.0, 7.5, 3.5 ], "autoUv": false },
										"down": { "texture": "#iron", "uv": [ 2.0, 13.0, 4.5, 14.5 ], "autoUv": false }
									},
									"children": [
										{
											"name": "blademid",
											"from": [ -0.45, -0.03, 1.22 ],
											"to": [ 3.12, 0.47, 3.005 ],
											"uv": [ 2.5, 1.5 ],
											"rotationOrigin": [ 0.0, 0.2677, 1.3387 ],
											"faces": {
												"north": { "texture": "#plain", "uv": [ 11.5, 5.0, 15.5, 5.5 ], "autoUv": false },
												"east": { "texture": "#plain", "uv": [ 2.5, 14.5, 4.5, 15.0 ], "autoUv": false },
												"south": { "texture": "#plain", "uv": [ 4.0, 5.5, 8.0, 6.0 ], "autoUv": false },
												"west": { "texture": "#plain", "uv": [ 13.5, 1.5, 15.5, 2.0 ], "autoUv": false },
												"up": { "texture": "#plain", "uv": [ 11.0, 6.0, 15.0, 8.0 ], "autoUv": false },
												"down": { "texture": "#plain", "uv": [ 9.0, 11.0, 13.0, 13.0 ], "autoUv": false }
											},
											"children": [
												{
													"name": "bladehorn1",
													"from": [ -0.4462, 0.0, 0.0 ],
													"to": [ 0.0, 0.5, 1.785 ],
													"uv": [ 0.5, 0.5 ],
													"rotationOrigin": [ 0.0, 0.0892, 1.785 ],
													"rotationY": -14.0,
													"rotationZ": 1.0,
													"faces": {
														"north": { "texture": "#plain", "uv": [ 14.0, 1.5, 14.5, 2.0 ], "autoUv": false },
														"south": { "texture": "#plain", "uv": [ 0.5, 0.5, 1.0, 1.0 ], "autoUv": false },
														"west": { "texture": "#plain", "uv": [ 9.0, 4.5, 11.0, 5.0 ], "autoUv": false },
														"up": { "texture": "#plain", "uv": [ 14.5, 7.5, 15.0, 9.5 ], "autoUv": false },
														"down": { "texture": "#plain", "uv": [ 0.5, 13.0, 1.0, 15.0 ], "autoUv": false }
													},
													"children": [
														{
															"name": "bladehorn2",
															"from": [ -0.4462, 0.0, 0.8925 ],
															"to": [ 0.0, 0.5, 1.785 ],
															"uv": [ 3.0, 2.0 ],
															"rotationOrigin": [ 0.0, 0.0892, 1.785 ],
															"rotationY": -27.0,
															"rotationZ": 1.0,
															"faces": {
																"south": { "texture": "#plain", "uv": [ 7.0, 2.0, 7.5, 2.5 ], "autoUv": false },
																"west": { "texture": "#plain", "uv": [ 3.0, 12.0, 4.0, 12.5 ], "autoUv": false },
																"up": { "texture": "#plain", "uv": [ 11.0, 8.5, 11.5, 9.5 ], "autoUv": false },
																"down": { "texture": "#plain", "uv": [ 14.5, 9.0, 15.0, 10.0 ], "autoUv": false }
															}
														}
													]
												},
												{
													"name": "bladebeard1",
													"from": [ 3.57, 0.0, 0.0 ],
													"to": [ 4.9087, 0.5, 1.785 ],
													"uv": [ 4.5, 3.5 ],
													"rotationOrigin": [ 3.57, 0.0892, 1.785 ],
													"rotationY": 10.0,
													"rotationZ": 1.0,
													"faces": {
														"north": { "texture": "#plain", "uv": [ 8.0, 3.5, 9.5, 4.0 ], "autoUv": false },
														"east": { "texture": "#plain", "uv": [ 4.5, 7.5, 6.5, 8.0 ], "autoUv": false },
														"south": { "texture": "#plain", "uv": [ 10.0, 4.0, 11.5, 4.5 ], "autoUv": false },
														"up": { "texture": "#plain", "uv": [ 6.0, 7.0, 7.5, 9.0 ], "autoUv": false },
														"down": { "texture": "#plain", "uv": [ 5.5, 12.0, 7.0, 14.0 ], "autoUv": false }
													},
													"children": [
														{
															"name": "bladebeard2",
															"from": [ 1.3387, 0.0, 0.4462 ],
															"to": [ 2.6775, 0.5, 1.785 ],
															"uv": [ 1.0, 0.0 ],
															"rotationOrigin": [ 1.3387, 0.0892, 1.785 ],
															"rotationY": 10.0,
															"rotationZ": -1.0,
															"faces": {
																"north": { "texture": "#plain", "uv": [ 5.5, 0.0, 7.0, 0.5 ], "autoUv": false },
																"east": { "texture": "#plain", "uv": [ 5.5, 1.5, 7.0, 2.0 ], "autoUv": false },
																"south": { "texture": "#plain", "uv": [ 7.5, 11.5, 9.0, 12.0 ], "autoUv": false },
																"up": { "texture": "#plain", "uv": [ 1.0, 7.0, 2.5, 8.5 ], "autoUv": false },
																"down": { "texture": "#plain", "uv": [ 12.5, 12.5, 14.0, 14.0 ], "autoUv": false }
															},
															"children": [
																{
																	"name": "bladebeard3",
																	"from": [ 1.3387, 0.0, 0.4462 ],
																	"to": [ 2.6775, 0.5, 1.3387 ],
																	"uv": [ 5.0, 1.0 ],
																	"rotationOrigin": [ 1.3387, 0.0892, 1.3387 ],
																	"faces": {
																		"north": { "texture": "#plain", "uv": [ 5.5, 4.5, 7.0, 5.0 ], "autoUv": false },
																		"east": { "texture": "#plain", "uv": [ 5.0, 1.0, 6.0, 1.5 ], "autoUv": false },
																		"south": { "texture": "#plain", "uv": [ 7.0, 10.5, 8.5, 11.0 ], "autoUv": false },
																		"up": { "texture": "#plain", "uv": [ 9.0, 2.5, 10.5, 3.5 ], "autoUv": false },
																		"down": { "texture": "#plain", "uv": [ 6.0, 8.0, 7.5, 9.0 ], "autoUv": false }
																	}
																}
															]
														}
													]
												}
											]
										}
									]
								}
							]
						}
					]
				}
			]
		}
	]}