{
	"editor": {
		"backDropShape": "entity/land/hooved/deer/elk/female",
		"collapsedPaths": "",
		"allAngles": false,
		"entityTextureMode": true
	},
	"textureWidth": 16,
	"textureHeight": 16,
	"textureSizes": {
		"metal": [16,16],
		"wood": [16,16],
		"handle": [16,16],
		"pommel": [16,16],
		"plain": [16,32]
	},
	"textures": {
		"plain": "game:block/leather/plain",
		"handle": "game:block/wood/debarked/acacia"
	},
	"elements": [
		{
			"name": "origin",
			"stepParentName": "LeftFrontStorage",
			"from": [ 2.4, 11.64, 1.4 ],
			"to": [ 2.4, 13.3287, 1.4 ],
			"uv": [ 999.0, 999.0 ],
			"rotationOrigin": [ 2.223, 11.5571, 1.6601 ],
			"rotationX": 90.0,
			"rotationY": -55.0,
			"rotationZ": -6.0,
			"faces": {
			},
			"children": [
				{
					"name": "hilt1",
					"from": [ 2.7582, -0.304, -0.9851 ],
					"to": [ 3.3492, 0.2871, 0.9851 ],
					"uv": [ 0.0, 0.0 ],
					"rotationOrigin": [ 2.8144, -0.5629, -1.1258 ],
					"rotationZ": 45.0,
					"faces": {
						"north": { "texture": "#metal", "uv": [ 0.0, 0.0, 1.0, 1.0 ], "autoUv": false },
						"east": { "texture": "#metal", "uv": [ 0.0, 0.0, 3.5, 1.0 ], "autoUv": false },
						"south": { "texture": "#metal", "uv": [ 0.0, 0.0, 1.0, 1.0 ], "autoUv": false },
						"west": { "texture": "#metal", "uv": [ 0.0, 0.0, 3.5, 1.0 ], "autoUv": false },
						"up": { "texture": "#metal", "uv": [ 0.0, 0.0, 1.0, 3.5 ], "autoUv": false },
						"down": { "texture": "#metal", "uv": [ 0.0, 0.0, 1.0, 3.5 ], "autoUv": false }
					},
					"children": [
						{
							"name": "hilt2",
							"from": [ -0.1165, 0.4205, 0.2814 ],
							"to": [ 0.4464, 0.9834, 1.6887 ],
							"uv": [ 0.0, 0.0 ],
							"rotationOrigin": [ -0.3417, 0.139, 0.4222 ],
							"rotationZ": -45.0,
							"faces": {
								"north": { "texture": "#metal", "uv": [ 0.0, 0.0, 1.0, 1.0 ], "autoUv": false },
								"east": { "texture": "#metal", "uv": [ 0.0, 0.0, 2.5, 1.0 ], "autoUv": false },
								"south": { "texture": "#metal", "uv": [ 0.0, 0.0, 1.0, 1.0 ], "autoUv": false },
								"west": { "texture": "#metal", "uv": [ 0.0, 0.0, 2.5, 1.0 ], "autoUv": false },
								"up": { "texture": "#metal", "uv": [ 0.0, 0.0, 1.0, 2.5 ], "autoUv": false },
								"down": { "texture": "#metal", "uv": [ 0.0, 0.0, 1.0, 2.5 ], "autoUv": false }
							}
						}
					]
				},
				{
					"name": "Taper1",
					"from": [ 2.8144, -0.1126, -0.1689 ],
					"to": [ 5.5691, 0.1126, 0.1689 ],
					"uv": [ 0.0, 0.0 ],
					"rotationOrigin": [ 2.8144, 0.0, 0.0 ],
					"faces": {
						"north": { "texture": "#metal", "uv": [ 0.0, 0.5, 12.0, 1.0 ], "autoUv": false },
						"east": { "texture": "#metal", "uv": [ 12.0, 0.5, 12.5, 1.0 ], "autoUv": false },
						"south": { "texture": "#metal", "uv": [ 12.5, 0.5, 24.5, 1.0 ], "autoUv": false },
						"west": { "texture": "#metal", "uv": [ 24.5, 0.5, 25.0, 1.0 ], "autoUv": false },
						"up": { "texture": "#metal", "uv": [ 0.0, 0.0, 12.0, 0.5 ], "autoUv": false },
						"down": { "texture": "#metal", "uv": [ 12.0, 0.0, 24.0, 0.5 ], "autoUv": false }
					}
				},
				{
					"name": "band",
					"from": [ -0.2814, -0.3377, -0.4785 ],
					"to": [ 0.1126, 0.3377, 0.4785 ],
					"uv": [ 0.5, 4.0 ],
					"faces": {
						"north": { "texture": "#metal", "uv": [ 11.5, 4.0, 12.0, 5.0 ], "autoUv": false },
						"east": { "texture": "#metal", "uv": [ 7.0, 7.5, 8.5, 8.5 ], "autoUv": false },
						"south": { "texture": "#metal", "uv": [ 7.0, 8.5, 7.5, 9.5 ], "autoUv": false },
						"west": { "texture": "#metal", "uv": [ 0.5, 4.5, 2.0, 5.5 ], "autoUv": false },
						"up": { "texture": "#metal", "uv": [ 2.0, 5.5, 2.5, 7.0 ], "autoUv": false },
						"down": { "texture": "#metal", "uv": [ 7.0, 6.5, 7.5, 8.0 ], "autoUv": false }
					}
				},
				{
					"name": "handle1",
					"from": [ -0.1126, -0.2814, -0.4222 ],
					"to": [ 2.4767, 0.2814, 0.0844 ],
					"uv": [ 0.0, 0.0 ],
					"rotationOrigin": [ 0.0, -0.2814, -0.4222 ],
					"rotationY": -1.0,
					"faces": {
						"north": { "texture": "#handle", "uv": [ 0.0, 0.0, 4.5, 1.0 ], "autoUv": false },
						"east": { "texture": "#handle", "uv": [ 0.0, 0.0, 0.5, 1.0 ], "autoUv": false },
						"south": { "texture": "#handle", "uv": [ 0.0, 0.0, 4.5, 1.0 ], "autoUv": false },
						"west": { "texture": "#handle", "uv": [ 0.0, 0.0, 0.5, 1.0 ], "autoUv": false },
						"up": { "texture": "#handle", "uv": [ 0.0, 0.0, 4.5, 0.5 ], "autoUv": false },
						"down": { "texture": "#handle", "uv": [ 0.0, 0.0, 4.5, 0.5 ], "autoUv": false }
					}
				},
				{
					"name": "handle2",
					"from": [ -0.1126, -0.2809, -0.0844 ],
					"to": [ 2.4767, 0.2764, 0.4222 ],
					"uv": [ 0.0, 0.0 ],
					"rotationOrigin": [ 0.0, -0.2814, 0.1407 ],
					"rotationY": 1.0,
					"faces": {
						"north": { "texture": "#handle", "uv": [ 0.0, 0.0, 4.5, 0.5 ], "autoUv": false },
						"east": { "texture": "#handle", "uv": [ 0.0, 0.0, 0.5, 0.5 ], "autoUv": false },
						"south": { "texture": "#handle", "uv": [ 0.0, 0.0, 4.5, 0.5 ], "autoUv": false },
						"west": { "texture": "#handle", "uv": [ 0.0, 0.0, 0.5, 0.5 ], "autoUv": false },
						"up": { "texture": "#handle", "uv": [ 0.0, 0.0, 4.5, 0.5 ], "autoUv": false },
						"down": { "texture": "#handle", "uv": [ 0.0, 0.0, 4.5, 0.5 ], "autoUv": false }
					}
				},
				{
					"name": "handle4",
					"from": [ -2.8144, -0.2809, -0.2252 ],
					"to": [ 0.0, 0.2764, 0.2814 ],
					"uv": [ 0.0, 0.0 ],
					"rotationOrigin": [ -2.8144, -0.2814, 0.1407 ],
					"rotationY": -3.0,
					"faces": {
						"north": { "texture": "#handle", "uv": [ 0.0, 0.0, 5.0, 0.5 ], "autoUv": false },
						"east": { "texture": "#handle", "uv": [ 0.0, 0.0, 0.5, 0.5 ], "autoUv": false },
						"south": { "texture": "#handle", "uv": [ 0.0, 0.0, 5.0, 0.5 ], "autoUv": false },
						"west": { "texture": "#handle", "uv": [ 0.0, 0.0, 0.5, 0.5 ], "autoUv": false },
						"up": { "texture": "#handle", "uv": [ 0.0, 0.0, 5.0, 0.5 ], "autoUv": false },
						"down": { "texture": "#handle", "uv": [ 0.0, 0.0, 5.0, 0.5 ], "autoUv": false }
					}
				},
				{
					"name": "handle3",
					"from": [ -2.8144, -0.2814, -0.2814 ],
					"to": [ 0.0, 0.2814, 0.2252 ],
					"uv": [ 0.0, 0.0 ],
					"rotationOrigin": [ -2.8144, -0.2814, -0.4222 ],
					"rotationY": 3.0,
					"faces": {
						"north": { "texture": "#handle", "uv": [ 0.0, 0.0, 5.0, 1.0 ], "autoUv": false },
						"east": { "texture": "#handle", "uv": [ 0.0, 0.0, 0.5, 1.0 ], "autoUv": false },
						"south": { "texture": "#handle", "uv": [ 0.0, 0.0, 5.0, 1.0 ], "autoUv": false },
						"west": { "texture": "#handle", "uv": [ 0.0, 0.0, 0.5, 1.0 ], "autoUv": false },
						"up": { "texture": "#handle", "uv": [ 0.0, 0.0, 5.0, 0.5 ], "autoUv": false },
						"down": { "texture": "#handle", "uv": [ 0.0, 0.0, 5.0, 0.5 ], "autoUv": false }
					}
				},
				{
					"name": "crossguard",
					"from": [ 2.3472, -0.2533, -3.0677 ],
					"to": [ 2.7976, 0.197, -0.8162 ],
					"uv": [ 0.5, 1.0 ],
					"rotationOrigin": [ 2.5893, 0.0, -0.5629 ],
					"rotationY": -5.0,
					"rotationZ": -45.0,
					"faces": {
						"east": { "texture": "#metal", "uv": [ 0.5, 4.5, 4.5, 5.0 ], "autoUv": false },
						"west": { "texture": "#metal", "uv": [ 3.0, 11.0, 7.0, 11.5 ], "autoUv": false },
						"up": { "texture": "#metal", "uv": [ 2.0, 3.5, 2.5, 7.5 ], "autoUv": false },
						"down": { "texture": "#metal", "uv": [ 1.5, 1.0, 2.0, 5.0 ], "autoUv": false }
					},
					"children": [
						{
							"name": "hiltcap1",
							"from": [ -0.0563, -0.0563, -0.0563 ],
							"to": [ 0.5066, 0.5066, 0.5066 ],
							"uv": [ 0.5, 1.5 ],
							"rotationOrigin": [ 0.2252, 0.2252, 0.5629 ],
							"faces": {
								"north": { "texture": "#metal", "uv": [ 13.0, 11.5, 14.0, 12.5 ], "autoUv": false },
								"east": { "texture": "#metal", "uv": [ 13.0, 6.0, 14.0, 7.0 ], "autoUv": false },
								"south": { "texture": "#metal", "uv": [ 8.5, 3.5, 9.5, 4.5 ], "autoUv": false },
								"west": { "texture": "#metal", "uv": [ 1.5, 12.5, 2.5, 13.5 ], "autoUv": false },
								"up": { "texture": "#metal", "uv": [ 0.5, 1.5, 1.5, 2.5 ], "autoUv": false },
								"down": { "texture": "#metal", "uv": [ 13.5, 3.5, 14.5, 4.5 ], "autoUv": false }
							}
						}
					]
				},
				{
					"name": "blade1S",
					"from": [ 2.8707, -0.0563, 0.0844 ],
					"to": [ 5.4996, 0.0563, 0.6473 ],
					"uv": [ 0.0, 0.0 ],
					"rotationOrigin": [ 2.927, 0.0, 0.4222 ],
					"rotationY": 0.5,
					"faces": {
						"east": { "texture": "#metal", "uv": [ 7.0, 0.0, 8.0, 0.5 ], "autoUv": false },
						"south": { "texture": "#metal", "uv": [ 0.0, 11.0, 10.0, 11.5 ], "autoUv": false },
						"up": { "texture": "#metal", "uv": [ 0.0, 3.0, 10.0, 4.0 ], "autoUv": false },
						"down": { "texture": "#metal", "uv": [ 0.0, 6.0, 10.0, 7.0 ], "autoUv": false }
					}
				},
				{
					"name": "blade1N",
					"from": [ 2.8707, -0.0563, -0.6473 ],
					"to": [ 5.4996, 0.0563, -0.0844 ],
					"uv": [ 0.0, 0.0 ],
					"rotationOrigin": [ 2.927, 0.0, -0.4222 ],
					"rotationY": -0.5,
					"faces": {
						"north": { "texture": "#metal", "uv": [ 0.0, 4.0, 10.0, 4.5 ], "autoUv": false },
						"east": { "texture": "#metal", "uv": [ 5.0, 0.0, 6.0, 0.5 ], "autoUv": false },
						"up": { "texture": "#metal", "uv": [ 0.0, 5.0, 10.0, 6.0 ], "autoUv": false },
						"down": { "texture": "#metal", "uv": [ 0.0, 0.0, 10.0, 1.0 ], "autoUv": false }
					}
				},
				{
					"name": "pommel1",
					"from": [ -3.3492, -0.5629, 0.0281 ],
					"to": [ -2.7863, 0.5571, 0.591 ],
					"uv": [ 0.0, 0.0 ],
					"rotationOrigin": [ -3.3773, -0.5629, 0.0 ],
					"rotationY": 45.0,
					"faces": {
						"north": { "texture": "#metal", "uv": [ 0.0, 0.0, 1.0, 1.0 ], "autoUv": false },
						"east": { "texture": "#metal", "uv": [ 0.0, 0.0, 1.0, 1.0 ], "autoUv": false },
						"south": { "texture": "#metal", "uv": [ 0.0, 0.0, 1.0, 1.0 ], "autoUv": false },
						"west": { "texture": "#metal", "uv": [ 0.0, 0.0, 1.0, 1.0 ], "autoUv": false },
						"up": { "texture": "#metal", "uv": [ 0.0, 0.0, 1.0, 1.0 ], "autoUv": false },
						"down": { "texture": "#metal", "uv": [ 0.0, 0.0, 1.0, 1.0 ], "autoUv": false }
					},
					"children": [
						{
							"name": "pommel2",
							"from": [ -0.216, 0.1407, -0.2177 ],
							"to": [ 0.7972, 0.9851, 0.7956 ],
							"uv": [ 0.5, 1.0 ],
							"rotationOrigin": [ 0.2902, 1.6887, 0.2902 ],
							"rotationY": -89.98,
							"faces": {
								"north": { "texture": "#pommel", "uv": [ 4.0, 1.0, 5.5, 2.5 ], "autoUv": false },
								"east": { "texture": "#pommel", "uv": [ 3.5, 11.5, 5.0, 13.0 ], "autoUv": false },
								"south": { "texture": "#pommel", "uv": [ 5.0, 7.0, 6.5, 8.5 ], "autoUv": false },
								"west": { "texture": "#pommel", "uv": [ 1.0, 11.0, 2.5, 12.5 ], "autoUv": false },
								"up": { "texture": "#pommel", "uv": [ 0.5, 1.5, 2.0, 3.0 ], "autoUv": false },
								"down": { "texture": "#pommel", "uv": [ 2.5, 6.5, 4.0, 8.0 ], "autoUv": false }
							}
						}
					]
				},
				{
					"name": "band2",
					"from": [ 2.1728, -0.3377, -0.4785 ],
					"to": [ 2.6231, 0.3377, 0.4785 ],
					"uv": [ 0.5, 4.0 ],
					"rotationOrigin": [ 2.2516, 0.0, 0.0 ],
					"faces": {
						"north": { "texture": "#metal", "uv": [ 11.5, 4.0, 12.0, 5.0 ], "autoUv": false },
						"east": { "texture": "#metal", "uv": [ 7.0, 7.5, 8.5, 8.5 ], "autoUv": false },
						"south": { "texture": "#metal", "uv": [ 7.0, 8.5, 7.5, 9.5 ], "autoUv": false },
						"west": { "texture": "#metal", "uv": [ 0.5, 4.5, 2.0, 5.5 ], "autoUv": false },
						"up": { "texture": "#metal", "uv": [ 2.0, 5.5, 2.5, 7.0 ], "autoUv": false },
						"down": { "texture": "#metal", "uv": [ 7.0, 6.5, 7.5, 8.0 ], "autoUv": false }
					}
				},
				{
					"name": "crossguard2",
					"from": [ 2.5105, -0.0788, 0.8162 ],
					"to": [ 2.9608, 0.3715, 3.0677 ],
					"uv": [ 0.5, 1.0 ],
					"rotationOrigin": [ 2.5893, 0.0, 3.3773 ],
					"rotationY": 5.0,
					"rotationZ": -45.0,
					"faces": {
						"east": { "texture": "#metal", "uv": [ 0.5, 4.5, 4.5, 5.0 ], "autoUv": false },
						"west": { "texture": "#metal", "uv": [ 3.0, 11.0, 7.0, 11.5 ], "autoUv": false },
						"up": { "texture": "#metal", "uv": [ 2.0, 3.5, 2.5, 7.5 ], "autoUv": false },
						"down": { "texture": "#metal", "uv": [ 1.5, 1.0, 2.0, 5.0 ], "autoUv": false }
					},
					"children": [
						{
							"name": "hiltcap2",
							"from": [ -0.0563, -0.0563, 1.745 ],
							"to": [ 0.5066, 0.5066, 2.3078 ],
							"uv": [ 1.5, 2.5 ],
							"rotationOrigin": [ 0.2252, 0.2252, 1.6887 ],
							"faces": {
								"north": { "texture": "#metal", "uv": [ 9.0, 9.5, 10.0, 10.5 ], "autoUv": false },
								"east": { "texture": "#metal", "uv": [ 8.0, 5.0, 9.0, 6.0 ], "autoUv": false },
								"south": { "texture": "#metal", "uv": [ 7.5, 12.5, 8.5, 13.5 ], "autoUv": false },
								"west": { "texture": "#metal", "uv": [ 13.0, 2.5, 14.0, 3.5 ], "autoUv": false },
								"up": { "texture": "#metal", "uv": [ 1.5, 4.0, 2.5, 5.0 ], "autoUv": false },
								"down": { "texture": "#metal", "uv": [ 3.0, 11.0, 4.0, 12.0 ], "autoUv": false }
							}
						}
					]
				},
				{
					"name": "handlecover",
					"from": [ -2.533, -0.2955, -0.2814 ],
					"to": [ 2.2516, 0.2955, 0.2814 ],
					"uv": [ 0.0, 0.0 ],
					"rotationOrigin": [ -2.2516, -0.2814, -0.4222 ],
					"faces": {
						"north": { "texture": "#handle", "uv": [ 0.0, 0.0, 8.5, 1.0 ], "autoUv": false },
						"east": { "texture": "#handle", "uv": [ 0.0, 0.0, 1.0, 1.0 ], "autoUv": false },
						"south": { "texture": "#handle", "uv": [ 0.0, 0.0, 8.5, 1.0 ], "autoUv": false },
						"west": { "texture": "#handle", "uv": [ 0.0, 0.0, 1.0, 1.0 ], "autoUv": false },
						"up": { "texture": "#handle", "uv": [ 0.0, 0.0, 8.5, 1.0 ], "autoUv": false },
						"down": { "texture": "#handle", "uv": [ 0.0, 0.0, 8.5, 1.0 ], "autoUv": false }
					}
				},
				{
					"name": "blade1",
					"from": [ 3.0951, 0.2803, -0.82 ],
					"to": [ 8.0951, 0.8431, 0.62 ],
					"autoUnwrap": false,
					"uv": [ 0.0, 6.0 ],
					"rotationOrigin": [ 3.5173, 0.2803, -0.0514 ],
					"rotationX": 180.0,
					"faces": {
						"north": { "texture": "#plain", "uv": [ 5.0, 6.0, 30.5, 7.0 ], "autoUv": false },
						"east": { "texture": "#plain", "uv": [ 2.5, 11.0, 4.5, 12.0 ], "autoUv": false },
						"south": { "texture": "#plain", "uv": [ 1.0, 1.5, 26.5, 2.5 ], "autoUv": false },
						"up": { "texture": "#plain", "uv": [ 5.0, 0.5, 30.5, 2.5 ], "autoUv": false },
						"down": { "texture": "#plain", "uv": [ 3.0, 6.0, 28.5, 8.0 ], "autoUv": false }
					},
					"children": [
						{
							"name": "Cube2",
							"from": [ 17.0, -0.02, 0.2 ],
							"to": [ 17.72, 0.58, 0.92 ],
							"uv": [ 5.5, 3.5 ],
							"rotationOrigin": [ 17.0, 0.0, 0.2 ],
							"rotationY": -45.0,
							"faces": {
								"north": { "texture": "#plain", "uv": [ 5.5, 5.0, 7.0, 6.0 ], "autoUv": false },
								"east": { "texture": "#plain", "uv": [ 7.0, 5.0, 8.5, 6.0 ], "autoUv": false },
								"south": { "texture": "#plain", "uv": [ 8.5, 5.0, 10.0, 6.0 ], "autoUv": false },
								"west": { "texture": "#plain", "uv": [ 10.0, 5.0, 11.5, 6.0 ], "autoUv": false },
								"up": { "texture": "#plain", "uv": [ 5.5, 0.5, 7.0, 2.0 ], "autoUv": false },
								"down": { "texture": "#plain", "uv": [ 5.5, 3.5, 7.0, 5.0 ], "autoUv": false }
							}
						},
						{
							"name": "Cube3",
							"from": [ 1.8, 0.394, 1.1258 ],
							"to": [ 2.65, 0.644, 3.0959 ],
							"uv": [ 0.0, 0.0 ],
							"rotationOrigin": [ 1.8443, 0.394, 1.1258 ],
							"rotationX": -13.0,
							"faces": {
								"north": { "texture": "#plain", "uv": [ 0.0, 3.5, 1.0, 4.0 ], "autoUv": false },
								"east": { "texture": "#plain", "uv": [ 1.0, 3.5, 4.5, 4.0 ], "autoUv": false },
								"south": { "texture": "#plain", "uv": [ 4.5, 3.5, 5.5, 4.0 ], "autoUv": false },
								"west": { "texture": "#plain", "uv": [ 5.5, 3.5, 9.0, 4.0 ], "autoUv": false },
								"up": { "texture": "#plain", "uv": [ 0.0, 0.0, 1.0, 3.5 ], "autoUv": false },
								"down": { "texture": "#plain", "uv": [ 1.0, 0.0, 2.0, 3.5 ], "autoUv": false }
							}
						}
					]
				},
				{
					"name": "blade2",
					"from": [ 8.05, 0.31, -0.82 ],
					"to": [ 20.05, 0.86, -0.07 ],
					"autoUnwrap": false,
					"uv": [ 0.0, 6.0 ],
					"rotationOrigin": [ 8.05, 0.29, -0.0514 ],
					"rotationX": 180.0,
					"rotationY": -1.0,
					"faces": {
						"north": { "texture": "#plain", "uv": [ 5.0, 6.0, 30.5, 7.0 ], "autoUv": false },
						"east": { "texture": "#plain", "uv": [ 2.5, 11.0, 4.5, 12.0 ], "autoUv": false },
						"south": { "texture": "#plain", "uv": [ 1.0, 1.5, 26.5, 2.5 ], "autoUv": false },
						"up": { "texture": "#plain", "uv": [ 5.0, 0.5, 30.5, 2.5 ], "autoUv": false },
						"down": { "texture": "#plain", "uv": [ 3.0, 6.0, 28.5, 8.0 ], "autoUv": false }
					}
				},
				{
					"name": "blade3",
					"from": [ 8.05, 0.33, -0.14 ],
					"to": [ 20.05, 0.88, 0.61 ],
					"autoUnwrap": false,
					"uv": [ 0.0, 6.0 ],
					"rotationOrigin": [ 8.05, 0.3, -0.0514 ],
					"rotationX": 180.0,
					"rotationY": 1.0,
					"faces": {
						"north": { "texture": "#plain", "uv": [ 5.0, 6.0, 30.5, 7.0 ], "autoUv": false },
						"east": { "texture": "#plain", "uv": [ 2.5, 11.0, 4.5, 12.0 ], "autoUv": false },
						"south": { "texture": "#plain", "uv": [ 1.0, 1.5, 26.5, 2.5 ], "autoUv": false },
						"up": { "texture": "#plain", "uv": [ 5.0, 0.5, 30.5, 2.5 ], "autoUv": false },
						"down": { "texture": "#plain", "uv": [ 3.0, 6.0, 28.5, 8.0 ], "autoUv": false }
					}
				},
				{
					"name": "blade4",
					"from": [ 3.0951, 0.27, -0.5 ],
					"to": [ 20.0951, 0.85, 0.25 ],
					"autoUnwrap": false,
					"uv": [ 0.0, 6.0 ],
					"rotationOrigin": [ 3.5173, 0.2803, -0.0514 ],
					"rotationX": 180.0,
					"faces": {
						"north": { "texture": "#plain", "uv": [ 5.0, 6.0, 30.5, 7.0 ], "autoUv": false },
						"east": { "texture": "#plain", "uv": [ 2.5, 11.0, 4.5, 12.0 ], "autoUv": false },
						"south": { "texture": "#plain", "uv": [ 1.0, 1.5, 26.5, 2.5 ], "autoUv": false },
						"up": { "texture": "#plain", "uv": [ 5.0, 0.5, 30.5, 2.5 ], "autoUv": false },
						"down": { "texture": "#plain", "uv": [ 3.0, 6.0, 28.5, 8.0 ], "autoUv": false }
					}
				}
			]
		}
	]}