{
	"editor": {
		"backDropShape": "entity/land/hooved/deer/elk/female",
		"collapsedPaths": "Root/origin/handle/pommel,Root/origin/handle/hilt",
		"allAngles": false,
		"entityTextureMode": true
	},
	"textureWidth": 16,
	"textureHeight": 16,
	"textureSizes": {
		"blackbronze": [16,16],
		"metal": [16,16],
		"wood": [16,16],
		"handle": [16,16]
	},
	"textures": {
		"plain": "game:block/leather/plain",
		"handle": "block/wood/debarked/acacia"
	},
	"elements": [
		{
			"name": "origin",
			"stepParentName": "LeftFrontStorage",
			"from": [ 5.25, 4.3, 0.4 ],
			"to": [ 5.25, 4.3, 0.4 ],
			"uv": [ 0.0, 0.0 ],
			"rotationOrigin": [ 5.25, 5.0, 0.65 ],
			"rotationX": -90.0,
			"rotationY": 67.5,
			"rotationZ": 6.0,
			"faces": {
			},
			"children": [
				{
					"name": "blade1",
					"from": [ -3.0, -0.21, -0.75 ],
					"to": [ 7.5, 0.71, 1.25 ],
					"autoUnwrap": false,
					"uv": [ 0.0, 6.0 ],
					"rotationOrigin": [ -2.25, -0.25, 0.4 ],
					"faces": {
						"north": { "texture": "#plain", "uv": [ 5.0, 6.0, 15.5, 6.5 ] },
						"east": { "texture": "#plain", "uv": [ 2.5, 11.0, 4.5, 11.5 ] },
						"south": { "texture": "#plain", "uv": [ 1.0, 1.5, 11.5, 2.0 ] },
						"up": { "texture": "#plain", "uv": [ 5.0, 0.5, 15.5, 2.5 ] },
						"down": { "texture": "#plain", "uv": [ 3.0, 6.0, 13.5, 8.0 ] }
					},
					"children": [
						{
							"name": "Cube2",
							"from": [ 10.5, -0.01, 0.0 ],
							"to": [ 11.9, 0.93, 1.4 ],
							"uv": [ 5.5, 3.5 ],
							"rotationOrigin": [ 10.5, 0.0, 0.0 ],
							"rotationY": -45.0,
							"faces": {
								"north": { "texture": "#plain", "uv": [ 5.5, 4.5, 6.5, 5.0 ] },
								"east": { "texture": "#plain", "uv": [ 6.5, 4.5, 7.5, 5.0 ] },
								"south": { "texture": "#plain", "uv": [ 7.5, 4.5, 8.5, 5.0 ] },
								"west": { "texture": "#plain", "uv": [ 8.5, 4.5, 9.5, 5.0 ] },
								"up": { "texture": "#plain", "uv": [ 5.5, 0.5, 7.0, 2.0 ], "autoUv": false },
								"down": { "texture": "#plain", "uv": [ 5.5, 3.5, 6.5, 4.5 ] }
							}
						},
						{
							"name": "Cube3",
							"from": [ 1.5, 0.6, 2.0 ],
							"to": [ 2.5, 0.9, 5.5 ],
							"uv": [ 0.0, 0.0 ],
							"rotationOrigin": [ 1.5, 0.3, 2.0 ],
							"rotationX": -12.0,
							"faces": {
								"north": { "texture": "#plain", "uv": [ 0.0, 3.5, 1.0, 4.0 ] },
								"east": { "texture": "#plain", "uv": [ 1.0, 3.5, 4.5, 4.0 ] },
								"south": { "texture": "#plain", "uv": [ 4.5, 3.5, 5.5, 4.0 ] },
								"west": { "texture": "#plain", "uv": [ 5.5, 3.5, 9.0, 4.0 ] },
								"up": { "texture": "#plain", "uv": [ 0.0, 0.0, 1.0, 3.5 ] },
								"down": { "texture": "#plain", "uv": [ 1.0, 0.0, 2.0, 3.5 ] }
							}
						}
					]
				},
				{
					"name": "handle",
					"from": [ -7.0795, -0.2233, -0.22 ],
					"to": [ -3.6145, 0.7217, 0.725 ],
					"uv": [ 0.0, 0.0 ],
					"rotationOrigin": [ -5.8195, 0.2492, 0.2595 ],
					"faces": {
						"north": { "texture": "#handle", "uv": [ 0.0, 0.5, 3.0, 1.0 ] },
						"south": { "texture": "#handle", "uv": [ 3.0, 0.5, 6.0, 1.0 ] },
						"up": { "texture": "#handle", "uv": [ 0.0, 0.0, 3.0, 0.5 ] },
						"down": { "texture": "#handle", "uv": [ 3.0, 0.0, 6.0, 0.5 ] }
					},
					"children": [
						{
							"name": "hilt",
							"from": [ 3.465, 0.0, -0.63 ],
							"to": [ 4.095, 0.945, 1.575 ],
							"uv": [ 0.5, 3.5 ],
							"rotationOrigin": [ 4.095, 0.4725, 0.4725 ],
							"faces": {
								"north": { "texture": "#handle", "uv": [ 0.5, 7.0, 1.13, 7.945 ] },
								"east": { "texture": "#handle", "uv": [ 7.5, 14.0, 9.705, 14.945 ] },
								"south": { "texture": "#handle", "uv": [ 8.5, 4.5, 9.13, 5.445 ] },
								"west": { "texture": "#handle", "uv": [ 7.5, 14.0, 9.705, 14.945 ] },
								"up": { "texture": "#handle", "uv": [ 1.0, 3.5, 3.0, 4.0 ], "rotation": 90 },
								"down": { "texture": "#handle", "uv": [ 10.0, 4.5, 12.0, 5.0 ], "rotation": 90 }
							},
							"children": [
								{
									"name": "hilt-taper1",
									"from": [ -1.26, 0.063, 0.0 ],
									"to": [ 0.0, 0.882, 0.63 ],
									"uv": [ 7.0, 2.0 ],
									"rotationOrigin": [ 0.0, 0.4725, 0.0 ],
									"rotationY": 45.0,
									"faces": {
										"north": { "texture": "#handle", "uv": [ 9.5, 5.5, 10.76, 6.13 ] },
										"up": { "texture": "#handle", "uv": [ 11.0, 2.0, 12.26, 2.63 ] },
										"down": { "texture": "#handle", "uv": [ 7.0, 4.0, 8.26, 4.63 ] }
									}
								},
								{
									"name": "hilt-taper2",
									"from": [ -1.26, 0.063, 1.575 ],
									"to": [ 0.0, 0.882, 2.205 ],
									"uv": [ 2.0, 6.0 ],
									"rotationOrigin": [ 0.0, 0.4725, 2.205 ],
									"rotationY": -45.0,
									"faces": {
										"south": { "texture": "#handle", "uv": [ 2.0, 6.0, 3.26, 6.63 ], "windMode": [-1,-1,-1,-1] },
										"up": { "texture": "#handle", "uv": [ 2.0, 7.0, 3.26, 7.63 ] },
										"down": { "texture": "#handle", "uv": [ 3.0, 13.0, 4.26, 13.63 ] }
									}
								}
							]
						},
						{
							"name": "pommel",
							"from": [ -0.63, 0.0, -0.315 ],
							"to": [ 0.0, 0.945, 1.26 ],
							"uv": [ 0.0, 2.0 ],
							"rotationOrigin": [ -0.315, 0.4725, 0.4725 ],
							"faces": {
								"north": { "texture": "#handle", "uv": [ 13.0, 4.0, 13.63, 4.945 ] },
								"east": { "texture": "#handle", "uv": [ 10.0, 14.0, 11.575, 14.945 ] },
								"south": { "texture": "#handle", "uv": [ 0.0, 4.5, 0.63, 5.445 ] },
								"west": { "texture": "#handle", "uv": [ 12.0, 2.0, 13.575, 2.945 ] },
								"up": { "texture": "#handle", "uv": [ 10.0, 3.0, 11.5, 3.5 ], "rotation": 90 },
								"down": { "texture": "#handle", "uv": [ 7.0, 4.5, 8.5, 5.0 ], "rotation": 90 }
							},
							"children": [
								{
									"name": "pommel-taper1",
									"from": [ 0.63, 0.063, 0.0 ],
									"to": [ 1.26, 0.882, 0.63 ],
									"uv": [ 1.5, 5.5 ],
									"rotationOrigin": [ 0.63, 0.441, 0.0 ],
									"rotationY": -45.0,
									"faces": {
										"north": { "texture": "#handle", "uv": [ 1.5, 8.5, 2.13, 9.13 ] },
										"up": { "texture": "#handle", "uv": [ 5.5, 10.5, 6.13, 11.13 ] },
										"down": { "texture": "#handle", "uv": [ 11.5, 5.5, 12.13, 6.13 ] }
									}
								},
								{
									"name": "pommel-taper2",
									"from": [ 0.0, 0.063, 1.575 ],
									"to": [ 0.63, 0.882, 2.205 ],
									"uv": [ 2.0, 0.5 ],
									"rotationOrigin": [ 0.63, 0.441, 1.575 ],
									"rotationY": -135.0,
									"faces": {
										"north": { "texture": "#handle", "uv": [ 4.0, 8.5, 4.63, 9.13 ] },
										"up": { "texture": "#handle", "uv": [ 14.0, 0.5, 14.63, 1.13 ] },
										"down": { "texture": "#handle", "uv": [ 2.0, 1.5, 2.63, 2.13 ] }
									}
								},
								{
									"name": "pommeltip",
									"from": [ -0.567, 0.063, 0.2205 ],
									"to": [ 0.567, 0.882, 1.3545 ],
									"uv": [ 2.0, 0.0 ],
									"rotationOrigin": [ 0.0, 0.4725, 0.7875 ],
									"rotationY": -45.0,
									"faces": {
										"south": { "texture": "#handle", "uv": [ 5.5, 6.5, 6.445, 7.13 ] },
										"west": { "texture": "#handle", "uv": [ 4.5, 0.0, 5.445, 0.63 ] },
										"up": { "texture": "#handle", "uv": [ 2.0, 1.5, 2.945, 2.445 ] },
										"down": { "texture": "#handle", "uv": [ 7.0, 3.0, 7.945, 3.945 ] }
									}
								}
							]
						}
					]
				}
			]
		}
	]}