﻿[
	{
		"op": "add",
		"path": "/behaviorsByType/@salvepot-(blue|fire|black|brown|cream|gray|orange|red|tan)-(birch|birchresiduecovered|pine|pineresiduecovered|maple|mapleresiduecovered|oak|oakresiduecovered|acacia|acaciaresiduecovered|hardwax|hardwaxresiduecovered|softwax|barkoil)/-",
		"value": {
			name: "Carryable", properties: {

			translation: [ 0, 0, 0 ],
			rotation: [ 0, 0, 0 ],
			origin: [ 0.5, 0.5, 0.5 ],
			scale: [ 0.5, 0.5, 0.5 ],
    
			interactDelay: 0.4,
				slots: {
				"Hands": {
					animation: "carryon:holdlight",
					walkSpeedModifier: -0.15,
				},
				}
			} 
		},
		"file": "ancienttools:blocktypes/salvepot",
		"dependsOn": [{ "modid": "carryon" }],
		"side": "Server"
	},
	{
		"op": "add",
		"path": "/behaviorsByType/@salvepot-(blue|fire|black|brown|cream|gray|orange|red|tan)-(empty|residuecovered|finishedsalve)/-",
		"value": {
			name: "Carryable", properties: {

			translation: [ 0, 0, 0 ],
			rotation: [ 0, 0, 0 ],
			origin: [ 0.5, 0.5, 0.5 ],
			scale: [ 0.5, 0.5, 0.5 ],
    
			interactDelay: 0.4,
				slots: {
				"Hands": {
					animation: "carryon:holdlight",
					walkSpeedModifier: -0.15,
				},
				}
			} 
		},
		"file": "ancienttools:blocktypes/salvepot",
		"dependsOn": [{ "modid": "carryon" }],
		"side": "Server"
	}
]