{
  "code": "elementalcrystalcube",
  //"attributes": {
  //  "handbook": {
  //    "exclude": true
  //  }
  //},
  "variantgroups": [
    {
      "code": "element",
      "states": [ "rust", "blood", "ghost" ],
      "loadFromProperties": "rustboundmagic:abstract/elements"
    }
  ],
  "skipVariants": [ "*-rust", "*-blood", "*-ghost", "*-none" ],

  "creativeinventory": {
    "general": [ "*" ],
    "construction": [ "*" ],
    "rustboundmagic": [ "*" ]
  },


  "blockmaterial": "Stone",
  "replaceable": 900,
  "lightAbsorption": 0,

  "drawtype": "cube",
  "shape": { "base": "game:block/basic/cube" },
  "texturesByType": {
    "*-fire": {
      "all": { "base": "game:block/creative/col32" }
    },
    "*-water": {
      "all": { "base": "game:block/creative/col53" }
    },
    "*-wind": {
      "all": { "base": "game:block/creative/col79" }
    },
    "*-earth": {
      "all": { "base": "game:block/creative/col34" }
    },
    "*-lightning": {
      "all": { "base": "game:block/creative/col36" }
    },
    "*-frost": {
      "all": { "base": "game:block/creative/col49" }
    },
    "*-nature": {
      "all": { "base": "game:block/creative/col43" }
    },
    "*-arcane": {
      "all": { "base": "game:block/creative/col55" }
    }
  },

  "vertexFlags": {
    "glowLevel": 255
  },
  "lightHsvByType": {
    "*-fire": [ 0, 7, 4 ],
    "*-water": [ 42, 7, 4 ],
    "*-wind": [ 0, 0, 4 ],
    "*-earth": [ 4, 7, 4 ],

    "*-lightning": [ 8, 7, 4 ],
    "*-frost": [ 34, 7, 4 ],
    "*-nature": [ 22, 7, 4 ],
    "*-arcane": [ 46, 7, 4 ]
  },

  "resistance": 1,
  "sideopaque": {
    "all": true
  },
  "sidesolid": {
    "all": true
  }
}