[
	{
		"enabled": true,
		"ingredientPattern": "LNL,LLL,LLL",
		"recipeGroup": 1,
		"ingredients": {
			"N": {"type": "item", "code": "part-buckle-iron"},
			"L": { "type": "item", "code": "game:leather-normal-plain" }
		},
		"width": 3,
		"height": 3,
		"name": "sheath-general",
		"output": { "type": "item", "code": "beltbag-left-sheath-swords" }
	},
	{
		"enabled": true,
		"ingredientPattern": "LNL,LLL,LLL",
		"recipeGroup": 2,
		"ingredients": {
			"N": {"type": "item", "code": "part-buckle-{metal}"},
			"L": { "type": "item", "code": "game:leather-normal-{leather}" }
		},
		"allowedVariants": {
			"metal": ["brass", "copper", "tinbronze", "bismuthbronze", "blackbronze", "gold", "silver", "iron", "meteoriciron", "steel"]
		},
		"width": 3,
		"height": 3,
		"name": "sheath-general",
		"output": { "type": "item", "code": "beltbag-left-sheath-swords",  "attributes": {"types": {"leather": "{leather}", "metal": "{metal}"}} }
	}
]