[
	{
		"enabled": false,
		"ingredientPattern": "LLL,NFN",
		"recipeGroup": 1,
		"ingredients": {
			"N": {"type": "item", "code": "part-buckle-iron"},
			"L": { "type": "item", "code": "game:leather-normal-plain", "quantity":  1 },
			"F": { "type": "item", "code": "maltiezfirearms:firearm-*", "isTool": true, "toolDurabilityCost": 0 }
		},
		"width": 3,
		"height": 2,
		"name": "",
		"output": { "type": "item", "code": "shoulderbag-rightleftfront-sling-firearms" }
	},
	{
		"enabled": false,
		"ingredientPattern": "LLL,NFN",
		"recipeGroup": 2,
		"ingredients": {
			"N": {"type": "item", "code": "part-buckle-{metal}"},
			"L": { "type": "item", "code": "game:leather-normal-{leather}", "quantity":  1 },
			"F": { "type": "item", "code": "maltiezfirearms:firearm-*", "isTool": true, "toolDurabilityCost": 0 }
		},
		"allowedVariants": {
			"metal": ["brass", "copper", "tinbronze", "bismuthbronze", "blackbronze", "gold", "silver", "iron", "meteoriciron", "steel"]
		},
		"width": 3,
		"height": 2,
		"name": "",
		"output": { "type": "item", "code": "shoulderbag-rightleftfront-sling-firearms",  "attributes": {"types": {"leather": "{leather}", "metal": "{metal}"}} }
	},
	{
		"enabled": false,
		"ingredientPattern": "LLL,NFN",
		"recipeGroup": 1,
		"ingredients": {
			"N": {"type": "item", "code": "part-buckle-iron"},
			"L": { "type": "item", "code": "game:leather-normal-plain", "quantity":  1 },
			"F": { "type": "item", "code": "maltiezcrossbows:crossbow-*", "isTool": true, "toolDurabilityCost": 0 }
		},
		"width": 3,
		"height": 2,
		"name": "",
		"output": { "type": "item", "code": "shoulderbag-rightleftfront-sling-firearms" }
	},
	{
		"enabled": false,
		"ingredientPattern": "LLL,NFN",
		"recipeGroup": 2,
		"ingredients": {
			"N": {"type": "item", "code": "part-buckle-{metal}"},
			"L": { "type": "item", "code": "game:leather-normal-{leather}", "quantity":  1 },
			"F": { "type": "item", "code": "maltiezcrossbows:crossbow-*", "isTool": true, "toolDurabilityCost": 0 }
		},
		"allowedVariants": {
			"metal": ["brass", "copper", "tinbronze", "bismuthbronze", "blackbronze", "gold", "silver", "iron", "meteoriciron", "steel"]
		},
		"width": 3,
		"height": 2,
		"name": "",
		"output": { "type": "item", "code": "shoulderbag-rightleftfront-sling-firearms",  "attributes": {"types": {"leather": "{leather}", "metal": "{metal}"}} }
	}
]