{
	"code": "landformsheights",
	"variants": [
		{
			"code": "abridgedsmoothrotundgentleslopeslake",
			"minHeight": 0.25,
			"maxHeight": 0.35
		},
		{
			"code": "abridgedruggedrotundgentleslopeslake",
			"minHeight": 0.25,
			"maxHeight": 0.35
		},
		{
			"code": "abridgedrockyrotundgentleslopeslake",
			"minHeight": 0.35,
			"maxHeight": 0.45
		},
		{
			"code": "abridgedsmoothrotundfoothillslake",
			"minHeight": 0.3,
			"maxHeight": 0.6
		},
		{
			"code": "abridgedruggedrotundfoothillslake",
			"minHeight": 0.3,
			"maxHeight": 0.6
		},
		{
			"code": "abridgedrockyrotundfoothillslake",
			"minHeight": 0.4,
			"maxHeight": 0.7
		},
		{
			"code": "abridgedsmoothconcaveflatslake",
			"minHeight": 0.125,
			"maxHeight": 0.2
		},
		{
			"code": "abridgedruggedconcaveflatslake",
			"minHeight": 0.125,
			"maxHeight": 0.2
		},
		{
			"code": "abridgedsmoothconcaveplainslake",
			"minHeight": 0.2,
			"maxHeight": 0.25
		},
		{
			"code": "abridgedruggedconcaveplainslake",
			"minHeight": 0.2,
			"maxHeight": 0.25
		},
		{
			"code": "abridgedsmoothconcavegentleslopeslake",
			"minHeight": 0.25,
			"maxHeight": 0.35
		},
		{
			"code": "abridgedruggedconcavegentleslopeslake",
			"minHeight": 0.25,
			"maxHeight": 0.35
		},
		{
			"code": "abridgedrockyconcavegentleslopeslake",
			"minHeight": 0.35,
			"maxHeight": 0.45
		},
		{
			"code": "abridgedsmoothconcavefoothillslake",
			"minHeight": 0.3,
			"maxHeight": 0.6
		},
		{
			"code": "abridgedruggedconcavefoothillslake",
			"minHeight": 0.3,
			"maxHeight": 0.6
		},
		{
			"code": "abridgedrockyconcavefoothillslake",
			"minHeight": 0.4,
			"maxHeight": 0.7
		},
		{
			"code": "broadsmoothrotundgentleslopeslake",
			"minHeight": 0.25,
			"maxHeight": 0.35
		},
		{
			"code": "broadruggedrotundgentleslopeslake",
			"minHeight": 0.25,
			"maxHeight": 0.35
		},
		{
			"code": "broadrockyrotundgentleslopeslake",
			"minHeight": 0.35,
			"maxHeight": 0.45
		},
		{
			"code": "broadsmoothrotundfoothillslake",
			"minHeight": 0.3,
			"maxHeight": 0.6
		},
		{
			"code": "broadruggedrotundfoothillslake",
			"minHeight": 0.3,
			"maxHeight": 0.6
		},
		{
			"code": "broadrockyrotundfoothillslake",
			"minHeight": 0.4,
			"maxHeight": 0.7
		},
		{
			"code": "broadsmoothrotundgrandhillslake",
			"minHeight": 0.6,
			"maxHeight": 0.7
		},
		{
			"code": "broadruggedrotundgrandhillslake",
			"minHeight": 0.6,
			"maxHeight": 0.7
		},
		{
			"code": "broadrockyrotundgrandhillslake",
			"minHeight": 0.7,
			"maxHeight": 0.8
		},
		{
			"code": "broadsmoothconcaveflatslake",
			"minHeight": 0.125,
			"maxHeight": 0.2
		},
		{
			"code": "broadruggedconcaveflatslake",
			"minHeight": 0.125,
			"maxHeight": 0.2
		},
		{
			"code": "broadsmoothconcaveplainslake",
			"minHeight": 0.2,
			"maxHeight": 0.25
		},
		{
			"code": "broadruggedconcaveplainslake",
			"minHeight": 0.2,
			"maxHeight": 0.25
		},
		{
			"code": "broadsmoothconcavegentleslopeslake",
			"minHeight": 0.25,
			"maxHeight": 0.35
		},
		{
			"code": "broadruggedconcavegentleslopeslake",
			"minHeight": 0.25,
			"maxHeight": 0.35
		},
		{
			"code": "broadrockyconcavegentleslopeslake",
			"minHeight": 0.35,
			"maxHeight": 0.45
		},
		{
			"code": "broadsmoothconcavefoothillslake",
			"minHeight": 0.3,
			"maxHeight": 0.6
		},
		{
			"code": "broadruggedconcavefoothillslake",
			"minHeight": 0.3,
			"maxHeight": 0.6
		},
		{
			"code": "broadrockyconcavefoothillslake",
			"minHeight": 0.4,
			"maxHeight": 0.7
		},
		{
			"code": "broadsmoothconcavegrandhillslake",
			"minHeight": 0.6,
			"maxHeight": 0.7
		},
		{
			"code": "broadruggedconcavegrandhillslake",
			"minHeight": 0.6,
			"maxHeight": 0.7
		},
		{
			"code": "broadrockyconcavegrandhillslake",
			"minHeight": 0.7,
			"maxHeight": 0.8
		},
		{
			"code": "vastsmoothrotundgentleslopeslake",
			"minHeight": 0.25,
			"maxHeight": 0.35
		},
		{
			"code": "vastruggedrotundgentleslopeslake",
			"minHeight": 0.25,
			"maxHeight": 0.35
		},
		{
			"code": "vastrockyrotundgentleslopeslake",
			"minHeight": 0.35,
			"maxHeight": 0.45
		},
		{
			"code": "vastsmoothrotundfoothillslake",
			"minHeight": 0.3,
			"maxHeight": 0.6
		},
		{
			"code": "vastruggedrotundfoothillslake",
			"minHeight": 0.3,
			"maxHeight": 0.6
		},
		{
			"code": "vastrockyrotundfoothillslake",
			"minHeight": 0.4,
			"maxHeight": 0.7
		},
		{
			"code": "vastsmoothrotundgrandhillslake",
			"minHeight": 0.6,
			"maxHeight": 0.7
		},
		{
			"code": "vastruggedrotundgrandhillslake",
			"minHeight": 0.6,
			"maxHeight": 0.7
		},
		{
			"code": "vastrockyrotundgrandhillslake",
			"minHeight": 0.7,
			"maxHeight": 0.8
		},
		{
			"code": "vastsmoothconcaveflatslake",
			"minHeight": 0.125,
			"maxHeight": 0.2
		},
		{
			"code": "vastruggedconcaveflatslake",
			"minHeight": 0.125,
			"maxHeight": 0.2
		},
		{
			"code": "vastsmoothconcaveplainslake",
			"minHeight": 0.2,
			"maxHeight": 0.25
		},
		{
			"code": "vastruggedconcaveplainslake",
			"minHeight": 0.2,
			"maxHeight": 0.25
		},
		{
			"code": "vastsmoothconcavegentleslopeslake",
			"minHeight": 0.25,
			"maxHeight": 0.35
		},
		{
			"code": "vastruggedconcavegentleslopeslake",
			"minHeight": 0.25,
			"maxHeight": 0.35
		},
		{
			"code": "vastrockyconcavegentleslopeslake",
			"minHeight": 0.35,
			"maxHeight": 0.45
		},
		{
			"code": "vastsmoothconcavefoothillslake",
			"minHeight": 0.3,
			"maxHeight": 0.6
		},
		{
			"code": "vastruggedconcavefoothillslake",
			"minHeight": 0.3,
			"maxHeight": 0.6
		},
		{
			"code": "vastrockyconcavefoothillslake",
			"minHeight": 0.4,
			"maxHeight": 0.7
		},
		{
			"code": "vastsmoothconcavegrandhillslake",
			"minHeight": 0.6,
			"maxHeight": 0.7
		},
		{
			"code": "vastruggedconcavegrandhillslake",
			"minHeight": 0.6,
			"maxHeight": 0.7
		},
		{
			"code": "vastrockyconcavegrandhillslake",
			"minHeight": 0.7,
			"maxHeight": 0.8
		},
		{
			"code": "vastruggedconcaveglorioushillslake",
			"minHeight": 0.7,
			"maxHeight": 0.8
		},
		{
			"code": "vastrockyconcaveglorioushillslake",
			"minHeight": 0.8,
			"maxHeight": 0.9
		},
		{
			"code": "endlesssmoothrotundgentleslopeslake",
			"minHeight": 0.25,
			"maxHeight": 0.35
		},
		{
			"code": "endlessruggedrotundgentleslopeslake",
			"minHeight": 0.25,
			"maxHeight": 0.35
		},
		{
			"code": "endlessrockyrotundgentleslopeslake",
			"minHeight": 0.35,
			"maxHeight": 0.45
		},
		{
			"code": "endlesssmoothrotundfoothillslake",
			"minHeight": 0.3,
			"maxHeight": 0.6
		},
		{
			"code": "endlessruggedrotundfoothillslake",
			"minHeight": 0.3,
			"maxHeight": 0.6
		},
		{
			"code": "endlessrockyrotundfoothillslake",
			"minHeight": 0.4,
			"maxHeight": 0.7
		},
		{
			"code": "endlesssmoothrotundgrandhillslake",
			"minHeight": 0.6,
			"maxHeight": 0.7
		},
		{
			"code": "endlessruggedrotundgrandhillslake",
			"minHeight": 0.6,
			"maxHeight": 0.7
		},
		{
			"code": "endlessrockyrotundgrandhillslake",
			"minHeight": 0.7,
			"maxHeight": 0.8
		},
		{
			"code": "endlesssmoothconcaveflatslake",
			"minHeight": 0.125,
			"maxHeight": 0.2
		},
		{
			"code": "endlessruggedconcaveflatslake",
			"minHeight": 0.125,
			"maxHeight": 0.2
		},
		{
			"code": "endlesssmoothconcaveplainslake",
			"minHeight": 0.2,
			"maxHeight": 0.25
		},
		{
			"code": "endlessruggedconcaveplainslake",
			"minHeight": 0.2,
			"maxHeight": 0.25
		},
		{
			"code": "endlesssmoothconcavegentleslopeslake",
			"minHeight": 0.25,
			"maxHeight": 0.35
		},
		{
			"code": "endlessruggedconcavegentleslopeslake",
			"minHeight": 0.25,
			"maxHeight": 0.35
		},
		{
			"code": "endlessrockyconcavegentleslopeslake",
			"minHeight": 0.35,
			"maxHeight": 0.45
		},
		{
			"code": "endlesssmoothconcavefoothillslake",
			"minHeight": 0.3,
			"maxHeight": 0.6
		},
		{
			"code": "endlessruggedconcavefoothillslake",
			"minHeight": 0.3,
			"maxHeight": 0.6
		},
		{
			"code": "endlessrockyconcavefoothillslake",
			"minHeight": 0.4,
			"maxHeight": 0.7
		},
		{
			"code": "endlesssmoothconcavegrandhillslake",
			"minHeight": 0.6,
			"maxHeight": 0.7
		},
		{
			"code": "endlessruggedconcavegrandhillslake",
			"minHeight": 0.6,
			"maxHeight": 0.7
		},
		{
			"code": "endlessrockyconcavegrandhillslake",
			"minHeight": 0.7,
			"maxHeight": 0.8
		},
		{
			"code": "endlessruggedconcaveglorioushillslake",
			"minHeight": 0.7,
			"maxHeight": 0.8
		},
		{
			"code": "endlessrockyconcaveglorioushillslake",
			"minHeight": 0.8,
			"maxHeight": 0.9
		},
		{
			"code": "endlessruggedconcavegigantichillslake",
			"minHeight": 0.8,
			"maxHeight": 0.9
		},
		{
			"code": "endlessrockyconcavegigantichillslake",
			"minHeight": 0.9,
			"maxHeight": 1.0
		},
		{
			"code": "endlessruggedconcaveimmortalhillslake",
			"minHeight": 0.9,
			"maxHeight": 1.0
		},
		{
			"code": "endlessrockyconcaveimmortalhillslake",
			"minHeight": 0.9,
			"maxHeight": 1.0
		},
		{
			"code": "floodedabridgedruggedrotundfoothills",
			"minHeight": 0.3,
			"maxHeight": 0.5
		},
		{
			"code": "floodedabridgedruggedrotundgrandhills",
			"minHeight": 0.5,
			"maxHeight": 0.6
		},
		{
			"code": "floodedabridgedruggedconcavefoothills",
			"minHeight": 0.3,
			"maxHeight": 0.5
		},
		{
			"code": "floodedabridgedruggedconcavegrandhills",
			"minHeight": 0.5,
			"maxHeight": 0.6
		},
		{
			"code": "floodedbroadruggedrotundfoothills",
			"minHeight": 0.3,
			"maxHeight": 0.5
		},
		{
			"code": "floodedbroadruggedrotundgrandhills",
			"minHeight": 0.5,
			"maxHeight": 0.6
		},
		{
			"code": "floodedbroadruggedrotundglorioushills",
			"minHeight": 0.6,
			"maxHeight": 0.7
		},
		{
			"code": "floodedbroadruggedconcavefoothills",
			"minHeight": 0.3,
			"maxHeight": 0.5
		},
		{
			"code": "floodedbroadruggedconcavegrandhills",
			"minHeight": 0.5,
			"maxHeight": 0.6
		},
		{
			"code": "floodedbroadruggedconcaveglorioushills",
			"minHeight": 0.6,
			"maxHeight": 0.7
		},
		{
			"code": "floodedvastruggedrotundgrandhills",
			"minHeight": 0.5,
			"maxHeight": 0.6
		},
		{
			"code": "floodedvastruggedrotundglorioushills",
			"minHeight": 0.6,
			"maxHeight": 0.7
		},
		{
			"code": "floodedvastruggedconcavegrandhills",
			"minHeight": 0.5,
			"maxHeight": 0.6
		},
		{
			"code": "floodedvastruggedconcaveglorioushills",
			"minHeight": 0.6,
			"maxHeight": 0.7
		},
		{
			"code": "endlessminorplateaulake",
			"minHeight": 0.3,
			"maxHeight": 0.4
		},
		{
			"code": "endlessmajorplateaulake",
			"minHeight": 0.4,
			"maxHeight": 0.5
		},
		{
			"code": "endlessmagnificentplateaulake",
			"minHeight": 0.5,
			"maxHeight": 0.6
		},
		{
			"code": "endlessmonumentalplateaulake",
			"minHeight": 0.6,
			"maxHeight": 0.7
		},
		{
			"code": "endlessmonstrousplateaulake",
			"minHeight": 0.7,
			"maxHeight": 0.8
		},
		{
			"code": "endlessminorsheercliffslake",
			"minHeight": 0.3,
			"maxHeight": 0.4
		},
		{
			"code": "endlessmajorsheercliffslake",
			"minHeight": 0.4,
			"maxHeight": 0.5
		},
		{
			"code": "endlessmagnificentsheercliffslake",
			"minHeight": 0.5,
			"maxHeight": 0.6
		},
		{
			"code": "endlessmonumentalsheercliffslake",
			"minHeight": 0.6,
			"maxHeight": 0.7
		},
		{
			"code": "endlessmonstroussheercliffslake",
			"minHeight": 0.7,
			"maxHeight": 0.8
		},
		{
			"code": "stairwaypancake",
			"minHeight": 0.25,
			"maxHeight": 0.3
		},
		{
			"code": "stairwaydoublestack",
			"minHeight": 0.3,
			"maxHeight": 0.4
		},
		{
			"code": "stairwaytriplestack",
			"minHeight": 0.4,
			"maxHeight": 0.5
		},
		{
			"code": "stairwayfinalfermentation",
			"minHeight": 0.5,
			"maxHeight": 0.6
		},
		{
			"code": "minorcanyon",
			"minHeight": 0.5,
			"maxHeight": 0.6
		},
		{
			"code": "majorcanyon",
			"minHeight": 0.6,
			"maxHeight": 0.7
		},
		{
			"code": "magnificentcanyon",
			"minHeight": 0.7,
			"maxHeight": 0.8
		},
		{
			"code": "monumentalcanyon",
			"minHeight": 0.8,
			"maxHeight": 0.9
		},
		{
			"code": "smallterraceslake",
			"minHeight": 0.3,
			"maxHeight": 0.4
		},
		{
			"code": "mediumterraceslake",
			"minHeight": 0.4,
			"maxHeight": 0.5
		},
		{
			"code": "endlesssublimerotundslopes",
			"minHeight": 0.4,
			"maxHeight": 0.5
		},
		{
			"code": "endlesssublimerotundknolls",
			"minHeight": 0.5,
			"maxHeight": 0.6
		},
		{
			"code": "endlesssublimeconcaveslopes",
			"minHeight": 0.4,
			"maxHeight": 0.5
		},
		{
			"code": "endlesssublimeconcaveknolls",
			"minHeight": 0.5,
			"maxHeight": 0.6
		},
		{
			"code": "eternalsublimerotundslopes",
			"minHeight": 0.4,
			"maxHeight": 0.5
		},
		{
			"code": "eternalsublimerotundknolls",
			"minHeight": 0.5,
			"maxHeight": 0.6
		},
		{
			"code": "eternalsublimerotundhillocks",
			"minHeight": 0.6,
			"maxHeight": 0.65
		},
		{
			"code": "eternalsublimerotundhighlands",
			"minHeight": 0.65,
			"maxHeight": 0.7
		},
		{
			"code": "eternalsublimerotundskylands",
			"minHeight": 0.7,
			"maxHeight": 0.75
		},
		{
			"code": "eternalsublimeconcaveslopes",
			"minHeight": 0.4,
			"maxHeight": 0.5
		},
		{
			"code": "eternalsublimeconcaveknolls",
			"minHeight": 0.5,
			"maxHeight": 0.6
		},
		{
			"code": "eternalsublimeconcavehillocks",
			"minHeight": 0.6,
			"maxHeight": 0.65
		},
		{
			"code": "eternalsublimeconcavehighlands",
			"minHeight": 0.65,
			"maxHeight": 0.7
		},
		{
			"code": "eternalsublimeconcaveskylands",
			"minHeight": 0.7,
			"maxHeight": 0.75
		},
		{
			"code": "atomicbogsthin",
			"minHeight": 0.0,
			"maxHeight": 0.1
		},
		{
			"code": "atomicbogsthick",
			"minHeight": 0.0,
			"maxHeight": 0.1
		},
		{
			"code": "fracturedbogsthin",
			"minHeight": 0.0,
			"maxHeight": 0.1
		},
		{
			"code": "fracturedbogsthick",
			"minHeight": 0.0,
			"maxHeight": 0.1
		},
		{
			"code": "coagulatedwetlands",
			"minHeight": 0.0,
			"maxHeight": 0.1
		},
		{
			"code": "abridgedwetlands",
			"minHeight": 0.0,
			"maxHeight": 0.1
		},
		{
			"code": "broadwetlands",
			"minHeight": 0.0,
			"maxHeight": 0.1
		},
		{
			"code": "vastwetlands",
			"minHeight": 0.0,
			"maxHeight": 0.1
		},
		{
			"code": "fracturedpondpatches",
			"minHeight": 0.0,
			"maxHeight": 0.125
		},
		{
			"code": "coagulatedpondpatches",
			"minHeight": 0.0,
			"maxHeight": 0.125
		},
		{
			"code": "abridgedpondpatches",
			"minHeight": 0.0,
			"maxHeight": 0.125
		},
		{
			"code": "broadpondpatches",
			"minHeight": 0.0,
			"maxHeight": 0.125
		},
		{
			"code": "fracturedflattopspeak",
			"minHeight": 0.0,
			"maxHeight": 0.085
		},
		{
			"code": "fracturedflattopsmid",
			"minHeight": 0.0,
			"maxHeight": 0.085
		},
		{
			"code": "fracturedflattopslow",
			"minHeight": 0.0,
			"maxHeight": 0.085
		},
		{
			"code": "coagulatedflattopspeak",
			"minHeight": 0.0,
			"maxHeight": 0.085
		},
		{
			"code": "coagulatedflattopsmid",
			"minHeight": 0.0,
			"maxHeight": 0.085
		},
		{
			"code": "coagulatedflattopslow",
			"minHeight": 0.0,
			"maxHeight": 0.085
		},
		{
			"code": "abridgedflattopspeak",
			"minHeight": 0.0,
			"maxHeight": 0.085
		},
		{
			"code": "abridgedflattopsmid",
			"minHeight": 0.0,
			"maxHeight": 0.085
		},
		{
			"code": "abridgedflattopslow",
			"minHeight": 0.0,
			"maxHeight": 0.085
		},
		{
			"code": "fracturedsunkenflattopspeak",
			"minHeight": 0.0,
			"maxHeight": 0.085
		},
		{
			"code": "fracturedsunkenflattopsmid",
			"minHeight": 0.0,
			"maxHeight": 0.085
		},
		{
			"code": "fracturedsunkenflattopslow",
			"minHeight": 0.0,
			"maxHeight": 0.085
		},
		{
			"code": "coagulatedsunkenflattopspeak",
			"minHeight": 0.0,
			"maxHeight": 0.085
		},
		{
			"code": "coagulatedsunkenflattopsmid",
			"minHeight": 0.0,
			"maxHeight": 0.085
		},
		{
			"code": "coagulatedsunkenflattopslow",
			"minHeight": 0.0,
			"maxHeight": 0.085
		},
		{
			"code": "abridgedsunkenflattopspeak",
			"minHeight": 0.0,
			"maxHeight": 0.085
		},
		{
			"code": "abridgedsunkenflattopsmid",
			"minHeight": 0.0,
			"maxHeight": 0.085
		},
		{
			"code": "abridgedsunkenflattopslow",
			"minHeight": 0.0,
			"maxHeight": 0.085
		},
		{
			"code": "peakmillionterracemountain",
			"minHeight": 0.6,
			"maxHeight": 0.7
		},
		{
			"code": "midmillionterracemountain",
			"minHeight": 0.5,
			"maxHeight": 0.6
		},
		{
			"code": "lowmillionterracemountain",
			"minHeight": 0.4,
			"maxHeight": 0.5
		},
		{
			"code": "endlessrockyconcavegloriousnightmarepeaks",
			"minHeight": 0.5,
			"maxHeight": 0.6
		},
		{
			"code": "endlessrockyconcavegiganticnightmarepeaks",
			"minHeight": 0.6,
			"maxHeight": 0.7
		},
		{
			"code": "endlessrockyconcaveimmortalnightmarepeaks",
			"minHeight": 0.7,
			"maxHeight": 0.8
		},
		{
			"code": "ultraflats",
			"minHeight": 0.0,
			"maxHeight": 0.2
		},
	]
}