{
	"editor": {
		"backDropShape": "E:/Programs/VSModelCreator/thin",
		"collapsedPaths": "Root/Waist-Quiver/Belt,Root/Bow,Root/Waist-Quiver/Quiver,Root/Mace,Root/Sowrd/Handle,Root/Waist-Quiver/Saydak,Root/Waist-Quiver/Sheath/sheath_0,Root/Waist-Quiver/Sheath/sheath_0/Sowrd/Handle2,Root/Waist-Quiver/Quiver/arrow_3,Root/Waist-Quiver/Quiver/arrow_2,Root/Waist-Quiver/Quiver/arrow_1,Root/Waist-Quiver/Bow,Root/Waist/buckle-bottom,Root/Waist-Quiver/Quiver/arrow_0,Root/Waist-Quiver/Sheath/sheath_0/Handle2/Guard_2,Root/Sowrd/Metal",
		"allAngles": true,
		"entityTextureMode": false
	},
	"textureWidth": 16,
	"textureHeight": 16,
	"textureSizes": {
	},
	"textures": {
		"belt-waist-plain-material": "game:block/leather/plain",
		"belt-waist-plain-right-metal": "game:block/metal/plate/copper",
		"belt-waist-plain-right-wood": "game:block/wood/debarked/oak"
	},
	"elements": [
		{
			"name": "Waist-Belt",
			"stepParentName": "LowerTorso",
			"from": [ -0.5, 1.0, -0.5 ],
			"to": [ 5.6, 2.1, 6.7 ],
			"rotationOrigin": [ 2.5, 1.0, 2.7 ],
			"faces": {
			},
			"children": [
				{
					"name": "sheath_0",
					"from": [ 0.4, 0.9, 0.3 ],
					"to": [ 0.8, 2.0, 0.7 ],
					"rotationOrigin": [ 0.4, 0.9, 0.3 ],
					"rotationY": 77.0,
					"faces": {
						"north": { "texture": "#belt-waist-plain-material", "uv": [ 5.5, 6.5, 6.0, 7.5 ] },
						"east": { "texture": "#belt-waist-plain-material", "uv": [ 5.0, 3.5, 5.5, 4.5 ] },
						"south": { "texture": "#belt-waist-plain-material", "uv": [ 4.5, 4.0, 5.0, 5.0 ] },
						"west": { "texture": "#belt-waist-plain-material", "uv": [ 3.0, 3.0, 3.5, 4.0 ] },
						"up": { "texture": "#belt-waist-plain-material", "uv": [ 10.0, 8.5, 10.5, 9.0 ] },
						"down": { "texture": "#belt-waist-plain-material", "uv": [ 1.5, 5.0, 2.0, 5.5 ] }
					},
					"children": [
						{
							"name": "sheath_1",
							"from": [ 0.4, 0.0, 0.0 ],
							"to": [ 2.6, 1.1, 0.3 ],
							"rotationOrigin": [ 0.4, 0.0, 0.0 ],
							"rotationY": -69.0,
							"faces": {
								"north": { "texture": "#belt-waist-plain-material", "uv": [ 9.0, 14.5, 11.0, 15.5 ] },
								"east": { "texture": "#belt-waist-plain-material", "uv": [ 2.5, 4.0, 3.0, 5.0 ] },
								"south": { "texture": "#belt-waist-plain-material", "uv": [ 5.0, 2.0, 7.0, 3.0 ] },
								"west": { "texture": "#belt-waist-plain-material", "uv": [ 5.5, 7.5, 6.0, 8.5 ] },
								"up": { "texture": "#belt-waist-plain-material", "uv": [ 4.5, 5.0, 6.5, 5.5 ] },
								"down": { "texture": "#belt-waist-plain-material", "uv": [ 5.0, 4.5, 7.0, 5.0 ] }
							},
							"children": [
								{
									"name": "sheath_2",
									"from": [ 2.2, 0.0, 0.0 ],
									"to": [ 4.0, 1.1, 0.3 ],
									"rotationOrigin": [ 2.2, 0.0, 0.0 ],
									"rotationY": -31.0,
									"faces": {
										"north": { "texture": "#belt-waist-plain-material", "uv": [ 5.5, 6.5, 7.0, 7.5 ] },
										"east": { "texture": "#belt-waist-plain-material", "uv": [ 4.5, 8.5, 5.0, 9.5 ] },
										"south": { "texture": "#belt-waist-plain-material", "uv": [ 4.0, 8.5, 5.5, 9.5 ] },
										"west": { "texture": "#belt-waist-plain-material", "uv": [ 4.5, 5.0, 5.0, 6.0 ] },
										"up": { "texture": "#belt-waist-plain-material", "uv": [ 3.5, 4.0, 5.0, 4.5 ] },
										"down": { "texture": "#belt-waist-plain-material", "uv": [ 9.0, 4.5, 10.5, 5.0 ] }
									}
								}
							]
						}
					]
				},
				{
					"name": "Mace",
					"from": [ -6.8, 2.0, 0.3 ],
					"to": [ -6.8, 2.0, 0.3 ],
					"rotationOrigin": [ 1.2, 2.0, 0.3 ],
					"rotationX": 0.0,
					"rotationY": 10.0,
					"rotationZ": 131.0,
					"faces": {
						"north": { "texture": "#belt-waist-plain-right-metal", "uv": [ 0.0, 0.0, 0.5, 0.5 ], "autoUv": false },
						"east": { "texture": "#belt-waist-plain-right-metal", "uv": [ 0.0, 0.0, 0.5, 0.5 ], "autoUv": false },
						"south": { "texture": "#belt-waist-plain-right-metal", "uv": [ 0.0, 0.0, 0.5, 0.5 ], "autoUv": false },
						"west": { "texture": "#belt-waist-plain-right-metal", "uv": [ 0.0, 0.0, 0.5, 0.5 ], "autoUv": false },
						"up": { "texture": "#belt-waist-plain-right-metal", "uv": [ 0.0, 0.0, 0.5, 0.5 ], "autoUv": false },
						"down": { "texture": "#belt-waist-plain-right-metal", "uv": [ 0.0, 0.0, 0.5, 0.5 ], "autoUv": false }
					},
					"children": [
						{
							"name": "Handle",
							"from": [ 0.0, -0.42, -0.42 ],
							"to": [ 0.0, -0.42, -0.42 ],
							"rotationOrigin": [ 0.0, -0.42, -0.42 ],
							"faces": {
								"north": { "texture": "#belt-waist-plain-right-wood", "uv": [ 0.0, 0.0, 0.5, 0.5 ], "autoUv": false },
								"east": { "texture": "#belt-waist-plain-right-wood", "uv": [ 0.0, 0.0, 0.5, 0.5 ], "autoUv": false },
								"south": { "texture": "#belt-waist-plain-right-wood", "uv": [ 0.0, 0.0, 0.5, 0.5 ], "autoUv": false },
								"west": { "texture": "#belt-waist-plain-right-wood", "uv": [ 0.0, 0.0, 0.5, 0.5 ], "autoUv": false },
								"up": { "texture": "#belt-waist-plain-right-wood", "uv": [ 0.0, 0.0, 0.5, 0.5 ], "autoUv": false },
								"down": { "texture": "#belt-waist-plain-right-wood", "uv": [ 0.0, 0.0, 0.5, 0.5 ], "autoUv": false }
							},
							"children": [
								{
									"name": "belt-waist-plain-right-wood_1",
									"from": [ -4.2, 0.0, 0.0 ],
									"to": [ 5.4, 0.9, 0.9 ],
									"rotationOrigin": [ -4.2, 0.0, 0.0 ],
									"faces": {
										"north": { "texture": "#belt-waist-plain-right-wood", "uv": [ 0.0, 0.0, 16.0, 1.5 ], "autoUv": false },
										"east": { "texture": "#belt-waist-plain-right-wood", "uv": [ 0.0, 0.0, 1.5, 1.5 ], "autoUv": false },
										"south": { "texture": "#belt-waist-plain-right-wood", "uv": [ 0.0, 0.0, 16.0, 1.5 ], "autoUv": false },
										"west": { "texture": "#belt-waist-plain-right-wood", "uv": [ 0.0, 0.0, 1.5, 1.5 ], "autoUv": false },
										"up": { "texture": "#belt-waist-plain-right-wood", "uv": [ 0.0, 0.0, 16.0, 1.5 ], "autoUv": false },
										"down": { "texture": "#belt-waist-plain-right-wood", "uv": [ 0.0, 0.0, 16.0, 1.5 ], "autoUv": false }
									}
								},
								{
									"name": "belt-waist-plain-right-wood_2",
									"from": [ 5.4, 0.0, 0.0 ],
									"to": [ 12.6, 0.9, 0.9 ],
									"rotationOrigin": [ 5.4, 0.0, 0.0 ],
									"faces": {
										"north": { "texture": "#belt-waist-plain-right-wood", "uv": [ 0.0, 0.0, 12.0, 1.5 ], "autoUv": false },
										"east": { "texture": "#belt-waist-plain-right-wood", "uv": [ 0.0, 0.0, 1.5, 1.5 ], "autoUv": false },
										"south": { "texture": "#belt-waist-plain-right-wood", "uv": [ 0.0, 0.0, 12.0, 1.5 ], "autoUv": false },
										"west": { "texture": "#belt-waist-plain-right-wood", "uv": [ 0.0, 0.0, 1.5, 1.5 ], "autoUv": false },
										"up": { "texture": "#belt-waist-plain-right-wood", "uv": [ 0.0, 0.0, 12.0, 1.5 ], "autoUv": false },
										"down": { "texture": "#belt-waist-plain-right-wood", "uv": [ 0.0, 0.0, 12.0, 1.5 ], "autoUv": false }
									}
								}
							]
						},
						{
							"name": "Head",
							"from": [ 10.5, 0.0, 0.0 ],
							"to": [ 10.5, 0.0, 0.0 ],
							"rotationOrigin": [ 10.5, 0.0, 0.0 ],
							"faces": {
								"north": { "texture": "#belt-waist-plain-right-metal", "uv": [ 0.0, 0.0, 0.5, 0.5 ], "autoUv": false },
								"east": { "texture": "#belt-waist-plain-right-metal", "uv": [ 0.0, 0.0, 0.5, 0.5 ], "autoUv": false },
								"south": { "texture": "#belt-waist-plain-right-metal", "uv": [ 0.0, 0.0, 0.5, 0.5 ], "autoUv": false },
								"west": { "texture": "#belt-waist-plain-right-metal", "uv": [ 0.0, 0.0, 0.5, 0.5 ], "autoUv": false },
								"up": { "texture": "#belt-waist-plain-right-metal", "uv": [ 0.0, 0.0, 0.5, 0.5 ], "autoUv": false },
								"down": { "texture": "#belt-waist-plain-right-metal", "uv": [ 0.0, 0.0, 0.5, 0.5 ], "autoUv": false }
							},
							"children": [
								{
									"name": "head_1",
									"from": [ -0.9, 0.48, -0.72 ],
									"to": [ 1.5, 0.78, 0.78 ],
									"rotationOrigin": [ 0.06, 0.03, 0.03 ],
									"faces": {
										"north": { "texture": "#belt-waist-plain-right-metal", "uv": [ 0.0, 0.0, 4.0, 0.5 ], "autoUv": false },
										"east": { "texture": "#belt-waist-plain-right-metal", "uv": [ 0.0, 0.0, 2.5, 0.5 ], "autoUv": false },
										"south": { "texture": "#belt-waist-plain-right-metal", "uv": [ 0.0, 0.0, 4.0, 0.5 ], "autoUv": false },
										"west": { "texture": "#belt-waist-plain-right-metal", "uv": [ 0.0, 0.0, 2.5, 0.5 ], "autoUv": false },
										"up": { "texture": "#belt-waist-plain-right-metal", "uv": [ 0.0, 0.0, 4.0, 2.5 ], "autoUv": false },
										"down": { "texture": "#belt-waist-plain-right-metal", "uv": [ 0.0, 0.0, 4.0, 2.5 ], "autoUv": false }
									},
									"children": [
										{
											"name": "head_7",
											"from": [ 1.56, 0.33, 0.66 ],
											"to": [ 2.16, 0.93, 1.26 ],
											"rotationOrigin": [ 1.56, 0.33, 0.66 ],
											"rotationX": 90.0,
											"rotationY": 45.0,
											"rotationZ": 45.0,
											"faces": {
												"north": { "texture": "#belt-waist-plain-right-metal", "uv": [ 0.0, 0.0, 1.0, 1.0 ], "autoUv": false },
												"east": { "texture": "#belt-waist-plain-right-metal", "uv": [ 0.0, 0.0, 1.0, 1.0 ], "autoUv": false },
												"south": { "texture": "#belt-waist-plain-right-metal", "uv": [ 0.0, 0.0, 1.0, 1.0 ], "autoUv": false },
												"west": { "texture": "#belt-waist-plain-right-metal", "uv": [ 0.0, 0.0, 1.0, 1.0 ], "autoUv": false },
												"up": { "texture": "#belt-waist-plain-right-metal", "uv": [ 0.0, 0.0, 1.0, 1.0 ], "autoUv": false },
												"down": { "texture": "#belt-waist-plain-right-metal", "uv": [ 0.0, 0.0, 1.0, 1.0 ], "autoUv": false }
											}
										},
										{
											"name": "head_8",
											"from": [ 1.56, 0.33, 0.0 ],
											"to": [ 2.16, 0.93, 0.6 ],
											"rotationOrigin": [ 1.56, 0.33, 0.0 ],
											"rotationX": 90.0,
											"rotationY": 45.0,
											"rotationZ": 45.0,
											"faces": {
												"north": { "texture": "#belt-waist-plain-right-metal", "uv": [ 0.0, 0.0, 1.0, 1.0 ], "autoUv": false },
												"east": { "texture": "#belt-waist-plain-right-metal", "uv": [ 0.0, 0.0, 1.0, 1.0 ], "autoUv": false },
												"south": { "texture": "#belt-waist-plain-right-metal", "uv": [ 0.0, 0.0, 1.0, 1.0 ], "autoUv": false },
												"west": { "texture": "#belt-waist-plain-right-metal", "uv": [ 0.0, 0.0, 1.0, 1.0 ], "autoUv": false },
												"up": { "texture": "#belt-waist-plain-right-metal", "uv": [ 0.0, 0.0, 1.0, 1.0 ], "autoUv": false },
												"down": { "texture": "#belt-waist-plain-right-metal", "uv": [ 0.0, 0.0, 1.0, 1.0 ], "autoUv": false }
											}
										},
										{
											"name": "head_9",
											"from": [ 0.9, 0.33, 0.66 ],
											"to": [ 1.5, 0.93, 1.26 ],
											"rotationOrigin": [ 0.9, 0.33, 0.66 ],
											"rotationX": 90.0,
											"rotationY": 45.0,
											"rotationZ": 45.0,
											"faces": {
												"north": { "texture": "#belt-waist-plain-right-metal", "uv": [ 0.0, 0.0, 1.0, 1.0 ], "autoUv": false },
												"east": { "texture": "#belt-waist-plain-right-metal", "uv": [ 0.0, 0.0, 1.0, 1.0 ], "autoUv": false },
												"south": { "texture": "#belt-waist-plain-right-metal", "uv": [ 0.0, 0.0, 1.0, 1.0 ], "autoUv": false },
												"west": { "texture": "#belt-waist-plain-right-metal", "uv": [ 0.0, 0.0, 1.0, 1.0 ], "autoUv": false },
												"up": { "texture": "#belt-waist-plain-right-metal", "uv": [ 0.0, 0.0, 1.0, 1.0 ], "autoUv": false },
												"down": { "texture": "#belt-waist-plain-right-metal", "uv": [ 0.0, 0.0, 1.0, 1.0 ], "autoUv": false }
											}
										},
										{
											"name": "head_10",
											"from": [ 0.9, 0.33, 0.0 ],
											"to": [ 1.5, 0.93, 0.6 ],
											"rotationOrigin": [ 0.9, 0.33, 0.0 ],
											"rotationX": 90.0,
											"rotationY": 45.0,
											"rotationZ": 45.0,
											"faces": {
												"north": { "texture": "#belt-waist-plain-right-metal", "uv": [ 0.0, 0.0, 1.0, 1.0 ], "autoUv": false },
												"east": { "texture": "#belt-waist-plain-right-metal", "uv": [ 0.0, 0.0, 1.0, 1.0 ], "autoUv": false },
												"south": { "texture": "#belt-waist-plain-right-metal", "uv": [ 0.0, 0.0, 1.0, 1.0 ], "autoUv": false },
												"west": { "texture": "#belt-waist-plain-right-metal", "uv": [ 0.0, 0.0, 1.0, 1.0 ], "autoUv": false },
												"up": { "texture": "#belt-waist-plain-right-metal", "uv": [ 0.0, 0.0, 1.0, 1.0 ], "autoUv": false },
												"down": { "texture": "#belt-waist-plain-right-metal", "uv": [ 0.0, 0.0, 1.0, 1.0 ], "autoUv": false }
											}
										},
										{
											"name": "head_11",
											"from": [ 0.24, 0.33, 0.66 ],
											"to": [ 0.84, 0.93, 1.26 ],
											"rotationOrigin": [ 0.24, 0.33, 0.66 ],
											"rotationX": 90.0,
											"rotationY": 45.0,
											"rotationZ": 45.0,
											"faces": {
												"north": { "texture": "#belt-waist-plain-right-metal", "uv": [ 0.0, 0.0, 1.0, 1.0 ], "autoUv": false },
												"east": { "texture": "#belt-waist-plain-right-metal", "uv": [ 0.0, 0.0, 1.0, 1.0 ], "autoUv": false },
												"south": { "texture": "#belt-waist-plain-right-metal", "uv": [ 0.0, 0.0, 1.0, 1.0 ], "autoUv": false },
												"west": { "texture": "#belt-waist-plain-right-metal", "uv": [ 0.0, 0.0, 1.0, 1.0 ], "autoUv": false },
												"up": { "texture": "#belt-waist-plain-right-metal", "uv": [ 0.0, 0.0, 1.0, 1.0 ], "autoUv": false },
												"down": { "texture": "#belt-waist-plain-right-metal", "uv": [ 0.0, 0.0, 1.0, 1.0 ], "autoUv": false }
											}
										},
										{
											"name": "head_12",
											"from": [ 0.24, 0.33, 0.0 ],
											"to": [ 0.84, 0.93, 0.6 ],
											"rotationOrigin": [ 0.24, 0.33, 0.0 ],
											"rotationX": 90.0,
											"rotationY": 45.0,
											"rotationZ": 45.0,
											"faces": {
												"north": { "texture": "#belt-waist-plain-right-metal", "uv": [ 0.0, 0.0, 1.0, 1.0 ], "autoUv": false },
												"east": { "texture": "#belt-waist-plain-right-metal", "uv": [ 0.0, 0.0, 1.0, 1.0 ], "autoUv": false },
												"south": { "texture": "#belt-waist-plain-right-metal", "uv": [ 0.0, 0.0, 1.0, 1.0 ], "autoUv": false },
												"west": { "texture": "#belt-waist-plain-right-metal", "uv": [ 0.0, 0.0, 1.0, 1.0 ], "autoUv": false },
												"up": { "texture": "#belt-waist-plain-right-metal", "uv": [ 0.0, 0.0, 1.0, 1.0 ], "autoUv": false },
												"down": { "texture": "#belt-waist-plain-right-metal", "uv": [ 0.0, 0.0, 1.0, 1.0 ], "autoUv": false }
											}
										}
									]
								},
								{
									"name": "head_4",
									"from": [ -1.2, -0.6, -0.6 ],
									"to": [ -0.9, 0.66, 0.66 ],
									"rotationOrigin": [ -1.2, -0.6, -0.6 ],
									"faces": {
										"north": { "texture": "#belt-waist-plain-right-metal", "uv": [ 0.0, 0.0, 0.5, 2.0 ], "autoUv": false },
										"east": { "texture": "#belt-waist-plain-right-metal", "uv": [ 0.0, 0.0, 2.0, 2.0 ], "autoUv": false },
										"south": { "texture": "#belt-waist-plain-right-metal", "uv": [ 0.0, 0.0, 0.5, 2.0 ], "autoUv": false },
										"west": { "texture": "#belt-waist-plain-right-metal", "uv": [ 0.0, 0.0, 2.0, 2.0 ], "autoUv": false },
										"up": { "texture": "#belt-waist-plain-right-metal", "uv": [ 0.0, 0.0, 0.5, 2.0 ], "autoUv": false },
										"down": { "texture": "#belt-waist-plain-right-metal", "uv": [ 0.0, 0.0, 0.5, 2.0 ], "autoUv": false }
									}
								},
								{
									"name": "head_5",
									"from": [ 1.5, -0.6, -0.6 ],
									"to": [ 1.8, 0.66, 0.66 ],
									"rotationOrigin": [ 1.5, -0.6, -0.6 ],
									"faces": {
										"north": { "texture": "#belt-waist-plain-right-metal", "uv": [ 0.0, 0.0, 0.5, 2.0 ], "autoUv": false },
										"east": { "texture": "#belt-waist-plain-right-metal", "uv": [ 0.0, 0.0, 2.0, 2.0 ], "autoUv": false },
										"south": { "texture": "#belt-waist-plain-right-metal", "uv": [ 0.0, 0.0, 0.5, 2.0 ], "autoUv": false },
										"west": { "texture": "#belt-waist-plain-right-metal", "uv": [ 0.0, 0.0, 2.0, 2.0 ], "autoUv": false },
										"up": { "texture": "#belt-waist-plain-right-metal", "uv": [ 0.0, 0.0, 0.5, 2.0 ], "autoUv": false },
										"down": { "texture": "#belt-waist-plain-right-metal", "uv": [ 0.0, 0.0, 0.5, 2.0 ], "autoUv": false }
									}
								},
								{
									"name": "head_2",
									"from": [ -0.9, 0.48, -0.72 ],
									"to": [ 1.5, 0.78, 0.78 ],
									"rotationOrigin": [ 0.06, 0.03, 0.03 ],
									"rotationX": 90.0,
									"faces": {
										"north": { "texture": "#belt-waist-plain-right-metal", "uv": [ 0.0, 0.0, 4.0, 0.5 ], "autoUv": false },
										"east": { "texture": "#belt-waist-plain-right-metal", "uv": [ 0.0, 0.0, 2.5, 0.5 ], "autoUv": false },
										"south": { "texture": "#belt-waist-plain-right-metal", "uv": [ 0.0, 0.0, 4.0, 0.5 ], "autoUv": false },
										"west": { "texture": "#belt-waist-plain-right-metal", "uv": [ 0.0, 0.0, 2.5, 0.5 ], "autoUv": false },
										"up": { "texture": "#belt-waist-plain-right-metal", "uv": [ 0.0, 0.0, 4.0, 2.5 ], "autoUv": false },
										"down": { "texture": "#belt-waist-plain-right-metal", "uv": [ 0.0, 0.0, 4.0, 2.5 ], "autoUv": false }
									},
									"children": [
										{
											"name": "head_13",
											"from": [ 1.56, 0.33, 0.66 ],
											"to": [ 2.16, 0.93, 1.26 ],
											"rotationOrigin": [ 1.56, 0.33, 0.66 ],
											"rotationX": 90.0,
											"rotationY": 45.0,
											"rotationZ": 45.0,
											"faces": {
												"north": { "texture": "#belt-waist-plain-right-metal", "uv": [ 0.0, 0.0, 1.0, 1.0 ], "autoUv": false },
												"east": { "texture": "#belt-waist-plain-right-metal", "uv": [ 0.0, 0.0, 1.0, 1.0 ], "autoUv": false },
												"south": { "texture": "#belt-waist-plain-right-metal", "uv": [ 0.0, 0.0, 1.0, 1.0 ], "autoUv": false },
												"west": { "texture": "#belt-waist-plain-right-metal", "uv": [ 0.0, 0.0, 1.0, 1.0 ], "autoUv": false },
												"up": { "texture": "#belt-waist-plain-right-metal", "uv": [ 0.0, 0.0, 1.0, 1.0 ], "autoUv": false },
												"down": { "texture": "#belt-waist-plain-right-metal", "uv": [ 0.0, 0.0, 1.0, 1.0 ], "autoUv": false }
											}
										},
										{
											"name": "head_14",
											"from": [ 1.56, 0.33, 0.0 ],
											"to": [ 2.16, 0.93, 0.6 ],
											"rotationOrigin": [ 1.56, 0.33, 0.0 ],
											"rotationX": 90.0,
											"rotationY": 45.0,
											"rotationZ": 45.0,
											"faces": {
												"north": { "texture": "#belt-waist-plain-right-metal", "uv": [ 0.0, 0.0, 1.0, 1.0 ], "autoUv": false },
												"east": { "texture": "#belt-waist-plain-right-metal", "uv": [ 0.0, 0.0, 1.0, 1.0 ], "autoUv": false },
												"south": { "texture": "#belt-waist-plain-right-metal", "uv": [ 0.0, 0.0, 1.0, 1.0 ], "autoUv": false },
												"west": { "texture": "#belt-waist-plain-right-metal", "uv": [ 0.0, 0.0, 1.0, 1.0 ], "autoUv": false },
												"up": { "texture": "#belt-waist-plain-right-metal", "uv": [ 0.0, 0.0, 1.0, 1.0 ], "autoUv": false },
												"down": { "texture": "#belt-waist-plain-right-metal", "uv": [ 0.0, 0.0, 1.0, 1.0 ], "autoUv": false }
											}
										},
										{
											"name": "head_15",
											"from": [ 0.9, 0.33, 0.66 ],
											"to": [ 1.5, 0.93, 1.26 ],
											"rotationOrigin": [ 0.9, 0.33, 0.66 ],
											"rotationX": 90.0,
											"rotationY": 45.0,
											"rotationZ": 45.0,
											"faces": {
												"north": { "texture": "#belt-waist-plain-right-metal", "uv": [ 0.0, 0.0, 1.0, 1.0 ], "autoUv": false },
												"east": { "texture": "#belt-waist-plain-right-metal", "uv": [ 0.0, 0.0, 1.0, 1.0 ], "autoUv": false },
												"south": { "texture": "#belt-waist-plain-right-metal", "uv": [ 0.0, 0.0, 1.0, 1.0 ], "autoUv": false },
												"west": { "texture": "#belt-waist-plain-right-metal", "uv": [ 0.0, 0.0, 1.0, 1.0 ], "autoUv": false },
												"up": { "texture": "#belt-waist-plain-right-metal", "uv": [ 0.0, 0.0, 1.0, 1.0 ], "autoUv": false },
												"down": { "texture": "#belt-waist-plain-right-metal", "uv": [ 0.0, 0.0, 1.0, 1.0 ], "autoUv": false }
											}
										},
										{
											"name": "head_16",
											"from": [ 0.9, 0.33, 0.0 ],
											"to": [ 1.5, 0.93, 0.6 ],
											"rotationOrigin": [ 0.9, 0.33, 0.0 ],
											"rotationX": 90.0,
											"rotationY": 45.0,
											"rotationZ": 45.0,
											"faces": {
												"north": { "texture": "#belt-waist-plain-right-metal", "uv": [ 0.0, 0.0, 1.0, 1.0 ], "autoUv": false },
												"east": { "texture": "#belt-waist-plain-right-metal", "uv": [ 0.0, 0.0, 1.0, 1.0 ], "autoUv": false },
												"south": { "texture": "#belt-waist-plain-right-metal", "uv": [ 0.0, 0.0, 1.0, 1.0 ], "autoUv": false },
												"west": { "texture": "#belt-waist-plain-right-metal", "uv": [ 0.0, 0.0, 1.0, 1.0 ], "autoUv": false },
												"up": { "texture": "#belt-waist-plain-right-metal", "uv": [ 0.0, 0.0, 1.0, 1.0 ], "autoUv": false },
												"down": { "texture": "#belt-waist-plain-right-metal", "uv": [ 0.0, 0.0, 1.0, 1.0 ], "autoUv": false }
											}
										},
										{
											"name": "head_17",
											"from": [ 0.24, 0.33, 0.66 ],
											"to": [ 0.84, 0.93, 1.26 ],
											"rotationOrigin": [ 0.24, 0.33, 0.66 ],
											"rotationX": 90.0,
											"rotationY": 45.0,
											"rotationZ": 45.0,
											"faces": {
												"north": { "texture": "#belt-waist-plain-right-metal", "uv": [ 0.0, 0.0, 1.0, 1.0 ], "autoUv": false },
												"east": { "texture": "#belt-waist-plain-right-metal", "uv": [ 0.0, 0.0, 1.0, 1.0 ], "autoUv": false },
												"south": { "texture": "#belt-waist-plain-right-metal", "uv": [ 0.0, 0.0, 1.0, 1.0 ], "autoUv": false },
												"west": { "texture": "#belt-waist-plain-right-metal", "uv": [ 0.0, 0.0, 1.0, 1.0 ], "autoUv": false },
												"up": { "texture": "#belt-waist-plain-right-metal", "uv": [ 0.0, 0.0, 1.0, 1.0 ], "autoUv": false },
												"down": { "texture": "#belt-waist-plain-right-metal", "uv": [ 0.0, 0.0, 1.0, 1.0 ], "autoUv": false }
											}
										},
										{
											"name": "head_18",
											"from": [ 0.24, 0.33, 0.0 ],
											"to": [ 0.84, 0.93, 0.6 ],
											"rotationOrigin": [ 0.24, 0.33, 0.0 ],
											"rotationX": 90.0,
											"rotationY": 45.0,
											"rotationZ": 45.0,
											"faces": {
												"north": { "texture": "#belt-waist-plain-right-metal", "uv": [ 0.0, 0.0, 1.0, 1.0 ], "autoUv": false },
												"east": { "texture": "#belt-waist-plain-right-metal", "uv": [ 0.0, 0.0, 1.0, 1.0 ], "autoUv": false },
												"south": { "texture": "#belt-waist-plain-right-metal", "uv": [ 0.0, 0.0, 1.0, 1.0 ], "autoUv": false },
												"west": { "texture": "#belt-waist-plain-right-metal", "uv": [ 0.0, 0.0, 1.0, 1.0 ], "autoUv": false },
												"up": { "texture": "#belt-waist-plain-right-metal", "uv": [ 0.0, 0.0, 1.0, 1.0 ], "autoUv": false },
												"down": { "texture": "#belt-waist-plain-right-metal", "uv": [ 0.0, 0.0, 1.0, 1.0 ], "autoUv": false }
											}
										}
									]
								},
								{
									"name": "head_3",
									"from": [ -0.9, 0.48, -0.72 ],
									"to": [ 1.5, 0.78, 0.78 ],
									"rotationOrigin": [ 0.06, 0.03, 0.03 ],
									"rotationX": 180.0,
									"faces": {
										"north": { "texture": "#belt-waist-plain-right-metal", "uv": [ 0.0, 0.0, 4.0, 0.5 ], "autoUv": false },
										"east": { "texture": "#belt-waist-plain-right-metal", "uv": [ 0.0, 0.0, 2.5, 0.5 ], "autoUv": false },
										"south": { "texture": "#belt-waist-plain-right-metal", "uv": [ 0.0, 0.0, 4.0, 0.5 ], "autoUv": false },
										"west": { "texture": "#belt-waist-plain-right-metal", "uv": [ 0.0, 0.0, 2.5, 0.5 ], "autoUv": false },
										"up": { "texture": "#belt-waist-plain-right-metal", "uv": [ 0.0, 0.0, 4.0, 2.5 ], "autoUv": false },
										"down": { "texture": "#belt-waist-plain-right-metal", "uv": [ 0.0, 0.0, 4.0, 2.5 ], "autoUv": false }
									},
									"children": [
										{
											"name": "head_19",
											"from": [ 1.56, 0.33, 0.66 ],
											"to": [ 2.16, 0.93, 1.26 ],
											"rotationOrigin": [ 1.56, 0.33, 0.66 ],
											"rotationX": 90.0,
											"rotationY": 45.0,
											"rotationZ": 45.0,
											"faces": {
												"north": { "texture": "#belt-waist-plain-right-metal", "uv": [ 0.0, 0.0, 1.0, 1.0 ], "autoUv": false },
												"east": { "texture": "#belt-waist-plain-right-metal", "uv": [ 0.0, 0.0, 1.0, 1.0 ], "autoUv": false },
												"south": { "texture": "#belt-waist-plain-right-metal", "uv": [ 0.0, 0.0, 1.0, 1.0 ], "autoUv": false },
												"west": { "texture": "#belt-waist-plain-right-metal", "uv": [ 0.0, 0.0, 1.0, 1.0 ], "autoUv": false },
												"up": { "texture": "#belt-waist-plain-right-metal", "uv": [ 0.0, 0.0, 1.0, 1.0 ], "autoUv": false },
												"down": { "texture": "#belt-waist-plain-right-metal", "uv": [ 0.0, 0.0, 1.0, 1.0 ], "autoUv": false }
											}
										},
										{
											"name": "head_20",
											"from": [ 1.56, 0.33, 0.0 ],
											"to": [ 2.16, 0.93, 0.6 ],
											"rotationOrigin": [ 1.56, 0.33, 0.0 ],
											"rotationX": 90.0,
											"rotationY": 45.0,
											"rotationZ": 45.0,
											"faces": {
												"north": { "texture": "#belt-waist-plain-right-metal", "uv": [ 0.0, 0.0, 1.0, 1.0 ], "autoUv": false },
												"east": { "texture": "#belt-waist-plain-right-metal", "uv": [ 0.0, 0.0, 1.0, 1.0 ], "autoUv": false },
												"south": { "texture": "#belt-waist-plain-right-metal", "uv": [ 0.0, 0.0, 1.0, 1.0 ], "autoUv": false },
												"west": { "texture": "#belt-waist-plain-right-metal", "uv": [ 0.0, 0.0, 1.0, 1.0 ], "autoUv": false },
												"up": { "texture": "#belt-waist-plain-right-metal", "uv": [ 0.0, 0.0, 1.0, 1.0 ], "autoUv": false },
												"down": { "texture": "#belt-waist-plain-right-metal", "uv": [ 0.0, 0.0, 1.0, 1.0 ], "autoUv": false }
											}
										},
										{
											"name": "head_21",
											"from": [ 0.9, 0.33, 0.66 ],
											"to": [ 1.5, 0.93, 1.26 ],
											"rotationOrigin": [ 0.9, 0.33, 0.66 ],
											"rotationX": 90.0,
											"rotationY": 45.0,
											"rotationZ": 45.0,
											"faces": {
												"north": { "texture": "#belt-waist-plain-right-metal", "uv": [ 0.0, 0.0, 1.0, 1.0 ], "autoUv": false },
												"east": { "texture": "#belt-waist-plain-right-metal", "uv": [ 0.0, 0.0, 1.0, 1.0 ], "autoUv": false },
												"south": { "texture": "#belt-waist-plain-right-metal", "uv": [ 0.0, 0.0, 1.0, 1.0 ], "autoUv": false },
												"west": { "texture": "#belt-waist-plain-right-metal", "uv": [ 0.0, 0.0, 1.0, 1.0 ], "autoUv": false },
												"up": { "texture": "#belt-waist-plain-right-metal", "uv": [ 0.0, 0.0, 1.0, 1.0 ], "autoUv": false },
												"down": { "texture": "#belt-waist-plain-right-metal", "uv": [ 0.0, 0.0, 1.0, 1.0 ], "autoUv": false }
											}
										},
										{
											"name": "head_22",
											"from": [ 0.9, 0.33, 0.0 ],
											"to": [ 1.5, 0.93, 0.6 ],
											"rotationOrigin": [ 0.9, 0.33, 0.0 ],
											"rotationX": 90.0,
											"rotationY": 45.0,
											"rotationZ": 45.0,
											"faces": {
												"north": { "texture": "#belt-waist-plain-right-metal", "uv": [ 0.0, 0.0, 1.0, 1.0 ], "autoUv": false },
												"east": { "texture": "#belt-waist-plain-right-metal", "uv": [ 0.0, 0.0, 1.0, 1.0 ], "autoUv": false },
												"south": { "texture": "#belt-waist-plain-right-metal", "uv": [ 0.0, 0.0, 1.0, 1.0 ], "autoUv": false },
												"west": { "texture": "#belt-waist-plain-right-metal", "uv": [ 0.0, 0.0, 1.0, 1.0 ], "autoUv": false },
												"up": { "texture": "#belt-waist-plain-right-metal", "uv": [ 0.0, 0.0, 1.0, 1.0 ], "autoUv": false },
												"down": { "texture": "#belt-waist-plain-right-metal", "uv": [ 0.0, 0.0, 1.0, 1.0 ], "autoUv": false }
											}
										},
										{
											"name": "head_23",
											"from": [ 0.24, 0.33, 0.66 ],
											"to": [ 0.84, 0.93, 1.26 ],
											"rotationOrigin": [ 0.24, 0.33, 0.66 ],
											"rotationX": 90.0,
											"rotationY": 45.0,
											"rotationZ": 45.0,
											"faces": {
												"north": { "texture": "#belt-waist-plain-right-metal", "uv": [ 0.0, 0.0, 1.0, 1.0 ], "autoUv": false },
												"east": { "texture": "#belt-waist-plain-right-metal", "uv": [ 0.0, 0.0, 1.0, 1.0 ], "autoUv": false },
												"south": { "texture": "#belt-waist-plain-right-metal", "uv": [ 0.0, 0.0, 1.0, 1.0 ], "autoUv": false },
												"west": { "texture": "#belt-waist-plain-right-metal", "uv": [ 0.0, 0.0, 1.0, 1.0 ], "autoUv": false },
												"up": { "texture": "#belt-waist-plain-right-metal", "uv": [ 0.0, 0.0, 1.0, 1.0 ], "autoUv": false },
												"down": { "texture": "#belt-waist-plain-right-metal", "uv": [ 0.0, 0.0, 1.0, 1.0 ], "autoUv": false }
											}
										},
										{
											"name": "head_24",
											"from": [ 0.24, 0.33, 0.0 ],
											"to": [ 0.84, 0.93, 0.6 ],
											"rotationOrigin": [ 0.24, 0.33, 0.0 ],
											"rotationX": 90.0,
											"rotationY": 45.0,
											"rotationZ": 45.0,
											"faces": {
												"north": { "texture": "#belt-waist-plain-right-metal", "uv": [ 0.0, 0.0, 1.0, 1.0 ], "autoUv": false },
												"east": { "texture": "#belt-waist-plain-right-metal", "uv": [ 0.0, 0.0, 1.0, 1.0 ], "autoUv": false },
												"south": { "texture": "#belt-waist-plain-right-metal", "uv": [ 0.0, 0.0, 1.0, 1.0 ], "autoUv": false },
												"west": { "texture": "#belt-waist-plain-right-metal", "uv": [ 0.0, 0.0, 1.0, 1.0 ], "autoUv": false },
												"up": { "texture": "#belt-waist-plain-right-metal", "uv": [ 0.0, 0.0, 1.0, 1.0 ], "autoUv": false },
												"down": { "texture": "#belt-waist-plain-right-metal", "uv": [ 0.0, 0.0, 1.0, 1.0 ], "autoUv": false }
											}
										}
									]
								},
								{
									"name": "head_6",
									"from": [ -0.9, 0.48, -0.72 ],
									"to": [ 1.5, 0.78, 0.78 ],
									"rotationOrigin": [ 0.06, 0.03, 0.03 ],
									"rotationX": -90.0,
									"faces": {
										"north": { "texture": "#belt-waist-plain-right-metal", "uv": [ 0.0, 0.0, 4.0, 0.5 ], "autoUv": false },
										"east": { "texture": "#belt-waist-plain-right-metal", "uv": [ 0.0, 0.0, 2.5, 0.5 ], "autoUv": false },
										"south": { "texture": "#belt-waist-plain-right-metal", "uv": [ 0.0, 0.0, 4.0, 0.5 ], "autoUv": false },
										"west": { "texture": "#belt-waist-plain-right-metal", "uv": [ 0.0, 0.0, 2.5, 0.5 ], "autoUv": false },
										"up": { "texture": "#belt-waist-plain-right-metal", "uv": [ 0.0, 0.0, 4.0, 2.5 ], "autoUv": false },
										"down": { "texture": "#belt-waist-plain-right-metal", "uv": [ 0.0, 0.0, 4.0, 2.5 ], "autoUv": false }
									},
									"children": [
										{
											"name": "head_25",
											"from": [ 1.56, 0.33, 0.66 ],
											"to": [ 2.16, 0.93, 1.26 ],
											"rotationOrigin": [ 1.56, 0.33, 0.66 ],
											"rotationX": 90.0,
											"rotationY": 45.0,
											"rotationZ": 45.0,
											"faces": {
												"north": { "texture": "#belt-waist-plain-right-metal", "uv": [ 0.0, 0.0, 1.0, 1.0 ], "autoUv": false },
												"east": { "texture": "#belt-waist-plain-right-metal", "uv": [ 0.0, 0.0, 1.0, 1.0 ], "autoUv": false },
												"south": { "texture": "#belt-waist-plain-right-metal", "uv": [ 0.0, 0.0, 1.0, 1.0 ], "autoUv": false },
												"west": { "texture": "#belt-waist-plain-right-metal", "uv": [ 0.0, 0.0, 1.0, 1.0 ], "autoUv": false },
												"up": { "texture": "#belt-waist-plain-right-metal", "uv": [ 0.0, 0.0, 1.0, 1.0 ], "autoUv": false },
												"down": { "texture": "#belt-waist-plain-right-metal", "uv": [ 0.0, 0.0, 1.0, 1.0 ], "autoUv": false }
											}
										},
										{
											"name": "head_26",
											"from": [ 1.56, 0.33, 0.0 ],
											"to": [ 2.16, 0.93, 0.6 ],
											"rotationOrigin": [ 1.56, 0.33, 0.0 ],
											"rotationX": 90.0,
											"rotationY": 45.0,
											"rotationZ": 45.0,
											"faces": {
												"north": { "texture": "#belt-waist-plain-right-metal", "uv": [ 0.0, 0.0, 1.0, 1.0 ], "autoUv": false },
												"east": { "texture": "#belt-waist-plain-right-metal", "uv": [ 0.0, 0.0, 1.0, 1.0 ], "autoUv": false },
												"south": { "texture": "#belt-waist-plain-right-metal", "uv": [ 0.0, 0.0, 1.0, 1.0 ], "autoUv": false },
												"west": { "texture": "#belt-waist-plain-right-metal", "uv": [ 0.0, 0.0, 1.0, 1.0 ], "autoUv": false },
												"up": { "texture": "#belt-waist-plain-right-metal", "uv": [ 0.0, 0.0, 1.0, 1.0 ], "autoUv": false },
												"down": { "texture": "#belt-waist-plain-right-metal", "uv": [ 0.0, 0.0, 1.0, 1.0 ], "autoUv": false }
											}
										},
										{
											"name": "head_27",
											"from": [ 0.9, 0.33, 0.66 ],
											"to": [ 1.5, 0.93, 1.26 ],
											"rotationOrigin": [ 0.9, 0.33, 0.66 ],
											"rotationX": 90.0,
											"rotationY": 45.0,
											"rotationZ": 45.0,
											"faces": {
												"north": { "texture": "#belt-waist-plain-right-metal", "uv": [ 0.0, 0.0, 1.0, 1.0 ], "autoUv": false },
												"east": { "texture": "#belt-waist-plain-right-metal", "uv": [ 0.0, 0.0, 1.0, 1.0 ], "autoUv": false },
												"south": { "texture": "#belt-waist-plain-right-metal", "uv": [ 0.0, 0.0, 1.0, 1.0 ], "autoUv": false },
												"west": { "texture": "#belt-waist-plain-right-metal", "uv": [ 0.0, 0.0, 1.0, 1.0 ], "autoUv": false },
												"up": { "texture": "#belt-waist-plain-right-metal", "uv": [ 0.0, 0.0, 1.0, 1.0 ], "autoUv": false },
												"down": { "texture": "#belt-waist-plain-right-metal", "uv": [ 0.0, 0.0, 1.0, 1.0 ], "autoUv": false }
											}
										},
										{
											"name": "head_28",
											"from": [ 0.9, 0.33, 0.0 ],
											"to": [ 1.5, 0.93, 0.6 ],
											"rotationOrigin": [ 0.9, 0.33, 0.0 ],
											"rotationX": 90.0,
											"rotationY": 45.0,
											"rotationZ": 45.0,
											"faces": {
												"north": { "texture": "#belt-waist-plain-right-metal", "uv": [ 0.0, 0.0, 1.0, 1.0 ], "autoUv": false },
												"east": { "texture": "#belt-waist-plain-right-metal", "uv": [ 0.0, 0.0, 1.0, 1.0 ], "autoUv": false },
												"south": { "texture": "#belt-waist-plain-right-metal", "uv": [ 0.0, 0.0, 1.0, 1.0 ], "autoUv": false },
												"west": { "texture": "#belt-waist-plain-right-metal", "uv": [ 0.0, 0.0, 1.0, 1.0 ], "autoUv": false },
												"up": { "texture": "#belt-waist-plain-right-metal", "uv": [ 0.0, 0.0, 1.0, 1.0 ], "autoUv": false },
												"down": { "texture": "#belt-waist-plain-right-metal", "uv": [ 0.0, 0.0, 1.0, 1.0 ], "autoUv": false }
											}
										},
										{
											"name": "head_29",
											"from": [ 0.24, 0.33, 0.66 ],
											"to": [ 0.84, 0.93, 1.26 ],
											"rotationOrigin": [ 0.24, 0.33, 0.66 ],
											"rotationX": 90.0,
											"rotationY": 45.0,
											"rotationZ": 45.0,
											"faces": {
												"north": { "texture": "#belt-waist-plain-right-metal", "uv": [ 0.0, 0.0, 1.0, 1.0 ], "autoUv": false },
												"east": { "texture": "#belt-waist-plain-right-metal", "uv": [ 0.0, 0.0, 1.0, 1.0 ], "autoUv": false },
												"south": { "texture": "#belt-waist-plain-right-metal", "uv": [ 0.0, 0.0, 1.0, 1.0 ], "autoUv": false },
												"west": { "texture": "#belt-waist-plain-right-metal", "uv": [ 0.0, 0.0, 1.0, 1.0 ], "autoUv": false },
												"up": { "texture": "#belt-waist-plain-right-metal", "uv": [ 0.0, 0.0, 1.0, 1.0 ], "autoUv": false },
												"down": { "texture": "#belt-waist-plain-right-metal", "uv": [ 0.0, 0.0, 1.0, 1.0 ], "autoUv": false }
											}
										},
										{
											"name": "head_30",
											"from": [ 0.24, 0.33, 0.0 ],
											"to": [ 0.84, 0.93, 0.6 ],
											"rotationOrigin": [ 0.24, 0.33, 0.0 ],
											"rotationX": 90.0,
											"rotationY": 45.0,
											"rotationZ": 45.0,
											"faces": {
												"north": { "texture": "#belt-waist-plain-right-metal", "uv": [ 0.0, 0.0, 1.0, 1.0 ], "autoUv": false },
												"east": { "texture": "#belt-waist-plain-right-metal", "uv": [ 0.0, 0.0, 1.0, 1.0 ], "autoUv": false },
												"south": { "texture": "#belt-waist-plain-right-metal", "uv": [ 0.0, 0.0, 1.0, 1.0 ], "autoUv": false },
												"west": { "texture": "#belt-waist-plain-right-metal", "uv": [ 0.0, 0.0, 1.0, 1.0 ], "autoUv": false },
												"up": { "texture": "#belt-waist-plain-right-metal", "uv": [ 0.0, 0.0, 1.0, 1.0 ], "autoUv": false },
												"down": { "texture": "#belt-waist-plain-right-metal", "uv": [ 0.0, 0.0, 1.0, 1.0 ], "autoUv": false }
											}
										}
									]
								}
							]
						}
					]
				}
			]
		}
	]}