{
	"editor": {
		"backDropShape": "E:/Programs/VSModelCreator/thin",
		"collapsedPaths": "Root/Waist-Quiver/Belt,Root/Bow,Root/Waist-Quiver/Quiver,Root/Sowrd/Handle,Root/Waist-Quiver/Saydak,Root/Waist-Quiver/Sheath/sheath_0,Root/Waist-Quiver/Sheath/sheath_0/Sowrd/Handle2,Root/Waist-Quiver/Quiver/arrow_3,Root/Waist-Quiver/Quiver/arrow_2,Root/Waist-Quiver/Quiver/arrow_1,Root/Waist-Quiver/Bow,Root/Waist/buckle-bottom,Root/Waist-Quiver/Quiver/arrow_0,Root/Waist-Quiver/Sheath/sheath_0/Handle2/Guard_2,Root/Sowrd/Metal",
		"allAngles": true,
		"entityTextureMode": false
	},
	"textureWidth": 16,
	"textureHeight": 16,
	"textureSizes": {
	},
	"textures": {
		"belt-waist-plain-material": "game:block/leather/plain",
		"belt-waist-plain-right-metal": "game:block/metal/plate/steel",
		"belt-waist-plain-right-wood": "game:block/wood/debarked/oak"
	},
	"elements": [
		{
			"name": "Waist-Belt",
			"stepParentName": "LowerTorso",
			"from": [ -0.5, 1.0, -0.5 ],
			"to": [ 5.6, 2.1, 6.7 ],
			"rotationOrigin": [ 2.5, 1.0, 2.7 ],
			"faces": {
			},
			"children": [
				{
					"name": "sheath_0",
					"from": [ 0.4, 0.9, 0.3 ],
					"to": [ 0.8, 2.0, 0.7 ],
					"rotationOrigin": [ 0.4, 0.9, 0.3 ],
					"rotationY": 77.0,
					"faces": {
						"north": { "texture": "#belt-waist-plain-material", "uv": [ 5.5, 6.5, 6.0, 7.5 ] },
						"east": { "texture": "#belt-waist-plain-material", "uv": [ 5.0, 3.5, 5.5, 4.5 ] },
						"south": { "texture": "#belt-waist-plain-material", "uv": [ 4.5, 4.0, 5.0, 5.0 ] },
						"west": { "texture": "#belt-waist-plain-material", "uv": [ 3.0, 3.0, 3.5, 4.0 ] },
						"up": { "texture": "#belt-waist-plain-material", "uv": [ 10.0, 8.5, 10.5, 9.0 ] },
						"down": { "texture": "#belt-waist-plain-material", "uv": [ 1.5, 5.0, 2.0, 5.5 ] }
					},
					"children": [
						{
							"name": "sheath_1",
							"from": [ 0.4, 0.0, 0.0 ],
							"to": [ 1.8, 1.1, 0.3 ],
							"rotationOrigin": [ 0.4, 0.0, 0.0 ],
							"rotationY": -62.0,
							"faces": {
								"north": { "texture": "#belt-waist-plain-material", "uv": [ 9.0, 14.5, 10.0, 15.5 ] },
								"east": { "texture": "#belt-waist-plain-material", "uv": [ 2.5, 4.0, 3.0, 5.0 ] },
								"south": { "texture": "#belt-waist-plain-material", "uv": [ 5.0, 2.0, 6.0, 3.0 ] },
								"west": { "texture": "#belt-waist-plain-material", "uv": [ 5.5, 7.5, 6.0, 8.5 ] },
								"up": { "texture": "#belt-waist-plain-material", "uv": [ 4.5, 5.0, 5.5, 5.5 ] },
								"down": { "texture": "#belt-waist-plain-material", "uv": [ 5.0, 4.5, 6.0, 5.0 ] }
							},
							"children": [
								{
									"name": "sheath_2",
									"from": [ 1.4, 0.0, 0.0 ],
									"to": [ 3.2, 1.1, 0.3 ],
									"rotationOrigin": [ 1.4, 0.0, 0.0 ],
									"rotationY": -41.0,
									"faces": {
										"north": { "texture": "#belt-waist-plain-material", "uv": [ 5.5, 6.5, 7.0, 7.5 ] },
										"east": { "texture": "#belt-waist-plain-material", "uv": [ 4.5, 8.5, 5.0, 9.5 ] },
										"south": { "texture": "#belt-waist-plain-material", "uv": [ 4.0, 8.5, 5.5, 9.5 ] },
										"west": { "texture": "#belt-waist-plain-material", "uv": [ 4.5, 5.0, 5.0, 6.0 ] },
										"up": { "texture": "#belt-waist-plain-material", "uv": [ 3.5, 4.0, 5.0, 4.5 ] },
										"down": { "texture": "#belt-waist-plain-material", "uv": [ 9.0, 4.5, 10.5, 5.0 ] }
									}
								}
							]
						}
					]
				},
				{
					"name": "Mace",
					"from": [ -6.7, 1.4, 0.3 ],
					"to": [ -6.7, 1.4, 0.3 ],
					"rotationOrigin": [ 1.3, 1.4, 0.3 ],
					"rotationX": 46.0,
					"rotationY": 125.0,
					"rotationZ": 45.0,
					"faces": {
						"north": { "texture": "#belt-waist-plain-right-metal", "uv": [ 0.0, 0.0, 0.5, 0.5 ], "autoUv": false },
						"east": { "texture": "#belt-waist-plain-right-metal", "uv": [ 0.0, 0.0, 0.5, 0.5 ], "autoUv": false },
						"south": { "texture": "#belt-waist-plain-right-metal", "uv": [ 0.0, 0.0, 0.5, 0.5 ], "autoUv": false },
						"west": { "texture": "#belt-waist-plain-right-metal", "uv": [ 0.0, 0.0, 0.5, 0.5 ], "autoUv": false },
						"up": { "texture": "#belt-waist-plain-right-metal", "uv": [ 0.0, 0.0, 0.5, 0.5 ], "autoUv": false },
						"down": { "texture": "#belt-waist-plain-right-metal", "uv": [ 0.0, 0.0, 0.5, 0.5 ], "autoUv": false }
					},
					"children": [
						{
							"name": "Handle",
							"from": [ 0.0, -0.42, -0.42 ],
							"to": [ 0.0, -0.42, -0.42 ],
							"rotationOrigin": [ 0.0, -0.42, -0.42 ],
							"faces": {
								"north": { "texture": "#belt-waist-plain-right-wood", "uv": [ 0.0, 0.0, 0.5, 0.5 ], "autoUv": false },
								"east": { "texture": "#belt-waist-plain-right-wood", "uv": [ 0.0, 0.0, 0.5, 0.5 ], "autoUv": false },
								"south": { "texture": "#belt-waist-plain-right-wood", "uv": [ 0.0, 0.0, 0.5, 0.5 ], "autoUv": false },
								"west": { "texture": "#belt-waist-plain-right-wood", "uv": [ 0.0, 0.0, 0.5, 0.5 ], "autoUv": false },
								"up": { "texture": "#belt-waist-plain-right-wood", "uv": [ 0.0, 0.0, 0.5, 0.5 ], "autoUv": false },
								"down": { "texture": "#belt-waist-plain-right-wood", "uv": [ 0.0, 0.0, 0.5, 0.5 ], "autoUv": false }
							},
							"children": [
								{
									"name": "belt-waist-plain-right-wood_1",
									"from": [ -4.2, 0.0, 0.0 ],
									"to": [ 5.4, 0.9, 0.9 ],
									"rotationOrigin": [ -4.2, 0.0, 0.0 ],
									"faces": {
										"north": { "texture": "#belt-waist-plain-right-wood", "uv": [ 0.0, 0.0, 16.0, 1.5 ], "autoUv": false },
										"east": { "texture": "#belt-waist-plain-right-wood", "uv": [ 0.0, 0.0, 1.5, 1.5 ], "autoUv": false },
										"south": { "texture": "#belt-waist-plain-right-wood", "uv": [ 0.0, 0.0, 16.0, 1.5 ], "autoUv": false },
										"west": { "texture": "#belt-waist-plain-right-wood", "uv": [ 0.0, 0.0, 1.5, 1.5 ], "autoUv": false },
										"up": { "texture": "#belt-waist-plain-right-wood", "uv": [ 0.0, 0.0, 16.0, 1.5 ], "autoUv": false },
										"down": { "texture": "#belt-waist-plain-right-wood", "uv": [ 0.0, 0.0, 16.0, 1.5 ], "autoUv": false }
									}
								},
								{
									"name": "belt-waist-plain-right-wood_2",
									"from": [ 5.4, 0.0, 0.0 ],
									"to": [ 11.4, 0.9, 0.9 ],
									"rotationOrigin": [ 5.4, 0.0, 0.0 ],
									"faces": {
										"north": { "texture": "#belt-waist-plain-right-wood", "uv": [ 0.0, 0.0, 10.0, 1.5 ], "autoUv": false },
										"east": { "texture": "#belt-waist-plain-right-wood", "uv": [ 0.0, 0.0, 1.5, 1.5 ], "autoUv": false },
										"south": { "texture": "#belt-waist-plain-right-wood", "uv": [ 0.0, 0.0, 10.0, 1.5 ], "autoUv": false },
										"west": { "texture": "#belt-waist-plain-right-wood", "uv": [ 0.0, 0.0, 1.5, 1.5 ], "autoUv": false },
										"up": { "texture": "#belt-waist-plain-right-wood", "uv": [ 0.0, 0.0, 10.0, 1.5 ], "autoUv": false },
										"down": { "texture": "#belt-waist-plain-right-wood", "uv": [ 0.0, 0.0, 10.0, 1.5 ], "autoUv": false }
									}
								}
							]
						},
						{
							"name": "Head",
							"from": [ 11.52, 0.0, 0.06 ],
							"to": [ 11.52, 0.0, 0.06 ],
							"rotationOrigin": [ 11.52, 0.0, 0.06 ],
							"faces": {
								"north": { "texture": "#belt-waist-plain-right-metal", "uv": [ 0.0, 0.0, 0.5, 0.5 ], "autoUv": false },
								"east": { "texture": "#belt-waist-plain-right-metal", "uv": [ 0.0, 0.0, 0.5, 0.5 ], "autoUv": false },
								"south": { "texture": "#belt-waist-plain-right-metal", "uv": [ 0.0, 0.0, 0.5, 0.5 ], "autoUv": false },
								"west": { "texture": "#belt-waist-plain-right-metal", "uv": [ 0.0, 0.0, 0.5, 0.5 ], "autoUv": false },
								"up": { "texture": "#belt-waist-plain-right-metal", "uv": [ 0.0, 0.0, 0.5, 0.5 ], "autoUv": false },
								"down": { "texture": "#belt-waist-plain-right-metal", "uv": [ 0.0, 0.0, 0.5, 0.5 ], "autoUv": false }
							},
							"children": [
								{
									"name": "head_0",
									"from": [ -6.66, -0.48, -0.36 ],
									"to": [ -1.56, 0.54, 0.3 ],
									"rotationOrigin": [ -6.66, -0.48, -0.36 ],
									"faces": {
										"north": { "texture": "#belt-waist-plain-right-metal", "uv": [ 0.0, 0.0, 8.5, 1.5 ], "autoUv": false },
										"east": { "texture": "#belt-waist-plain-right-metal", "uv": [ 0.0, 0.0, 1.0, 1.5 ], "autoUv": false },
										"south": { "texture": "#belt-waist-plain-right-metal", "uv": [ 0.0, 0.0, 8.5, 1.5 ], "autoUv": false },
										"west": { "texture": "#belt-waist-plain-right-metal", "uv": [ 0.0, 0.0, 1.0, 1.5 ], "autoUv": false },
										"up": { "texture": "#belt-waist-plain-right-metal", "uv": [ 0.0, 0.0, 8.5, 1.0 ], "autoUv": false },
										"down": { "texture": "#belt-waist-plain-right-metal", "uv": [ 0.0, 0.0, 8.5, 1.0 ], "autoUv": false }
									}
								},
								{
									"name": "head_1",
									"from": [ -1.56, -0.48, -0.66 ],
									"to": [ -0.48, 0.54, 0.6 ],
									"rotationOrigin": [ -1.56, -0.48, -0.66 ],
									"faces": {
										"north": { "texture": "#belt-waist-plain-right-metal", "uv": [ 0.0, 0.0, 1.5, 1.5 ], "autoUv": false },
										"east": { "texture": "#belt-waist-plain-right-metal", "uv": [ 0.0, 0.0, 2.0, 1.5 ], "autoUv": false },
										"south": { "texture": "#belt-waist-plain-right-metal", "uv": [ 0.0, 0.0, 1.5, 1.5 ], "autoUv": false },
										"west": { "texture": "#belt-waist-plain-right-metal", "uv": [ 0.0, 0.0, 2.0, 1.5 ], "autoUv": false },
										"up": { "texture": "#belt-waist-plain-right-metal", "uv": [ 0.0, 0.0, 1.5, 2.0 ], "autoUv": false },
										"down": { "texture": "#belt-waist-plain-right-metal", "uv": [ 0.0, 0.0, 1.5, 2.0 ], "autoUv": false }
									}
								},
								{
									"name": "head_2",
									"from": [ -1.38, -0.3, -1.2 ],
									"to": [ -0.66, 0.42, -0.3 ],
									"rotationOrigin": [ -1.02, 0.06, -1.2 ],
									"rotationZ": 45.0,
									"faces": {
										"north": { "texture": "#belt-waist-plain-right-metal", "uv": [ 0.0, 0.0, 1.0, 1.0 ], "autoUv": false },
										"east": { "texture": "#belt-waist-plain-right-metal", "uv": [ 0.0, 0.0, 1.5, 1.0 ], "autoUv": false },
										"south": { "texture": "#belt-waist-plain-right-metal", "uv": [ 0.0, 0.0, 1.0, 1.0 ], "autoUv": false },
										"west": { "texture": "#belt-waist-plain-right-metal", "uv": [ 0.0, 0.0, 1.5, 1.0 ], "autoUv": false },
										"up": { "texture": "#belt-waist-plain-right-metal", "uv": [ 0.0, 0.0, 1.0, 1.5 ], "autoUv": false },
										"down": { "texture": "#belt-waist-plain-right-metal", "uv": [ 0.0, 0.0, 1.0, 1.5 ], "autoUv": false }
									},
									"children": [
										{
											"name": "head_4",
											"from": [ 0.12, 0.0, -0.6 ],
											"to": [ 0.72, 0.72, 0.3 ],
											"rotationOrigin": [ 0.72, 0.3, 0.3 ],
											"rotationY": -15.0,
											"faces": {
												"north": { "texture": "#belt-waist-plain-right-metal", "uv": [ 0.0, 0.0, 1.0, 1.0 ], "autoUv": false },
												"east": { "texture": "#belt-waist-plain-right-metal", "uv": [ 0.0, 0.0, 1.5, 1.0 ], "autoUv": false },
												"south": { "texture": "#belt-waist-plain-right-metal", "uv": [ 0.0, 0.0, 1.0, 1.0 ], "autoUv": false },
												"west": { "texture": "#belt-waist-plain-right-metal", "uv": [ 0.0, 0.0, 1.5, 1.0 ], "autoUv": false },
												"up": { "texture": "#belt-waist-plain-right-metal", "uv": [ 0.0, 0.0, 1.0, 1.5 ], "autoUv": false },
												"down": { "texture": "#belt-waist-plain-right-metal", "uv": [ 0.0, 0.0, 1.0, 1.5 ], "autoUv": false }
											},
											"children": [
												{
													"name": "head_11",
													"from": [ 0.0, 0.0, -0.3 ],
													"to": [ 0.6, 0.72, 0.0 ],
													"rotationOrigin": [ 0.6, 0.3, 0.0 ],
													"rotationY": 30.0,
													"faces": {
														"north": { "texture": "#belt-waist-plain-right-metal", "uv": [ 0.0, 0.0, 1.0, 1.0 ], "autoUv": false },
														"east": { "texture": "#belt-waist-plain-right-metal", "uv": [ 0.0, 0.0, 0.5, 1.0 ], "autoUv": false },
														"south": { "texture": "#belt-waist-plain-right-metal", "uv": [ 0.0, 0.0, 1.0, 1.0 ], "autoUv": false },
														"west": { "texture": "#belt-waist-plain-right-metal", "uv": [ 0.0, 0.0, 0.5, 1.0 ], "autoUv": false },
														"up": { "texture": "#belt-waist-plain-right-metal", "uv": [ 0.0, 0.0, 1.0, 0.5 ], "autoUv": false },
														"down": { "texture": "#belt-waist-plain-right-metal", "uv": [ 0.0, 0.0, 1.0, 0.5 ], "autoUv": false }
													}
												}
											]
										},
										{
											"name": "head_5",
											"from": [ -0.6, 0.12, -0.6 ],
											"to": [ 0.0, 0.84, 0.3 ],
											"rotationOrigin": [ 0.0, 0.42, 0.3 ],
											"rotationY": 15.0,
											"rotationZ": 180.0,
											"faces": {
												"north": { "texture": "#belt-waist-plain-right-metal", "uv": [ 0.0, 0.0, 1.0, 1.0 ], "autoUv": false },
												"east": { "texture": "#belt-waist-plain-right-metal", "uv": [ 0.0, 0.0, 1.5, 1.0 ], "autoUv": false },
												"south": { "texture": "#belt-waist-plain-right-metal", "uv": [ 0.0, 0.0, 1.0, 1.0 ], "autoUv": false },
												"west": { "texture": "#belt-waist-plain-right-metal", "uv": [ 0.0, 0.0, 1.5, 1.0 ], "autoUv": false },
												"up": { "texture": "#belt-waist-plain-right-metal", "uv": [ 0.0, 0.0, 1.0, 1.5 ], "autoUv": false },
												"down": { "texture": "#belt-waist-plain-right-metal", "uv": [ 0.0, 0.0, 1.0, 1.5 ], "autoUv": false }
											},
											"children": [
												{
													"name": "head_14",
													"from": [ 0.0, 0.0, -0.3 ],
													"to": [ 0.6, 0.72, 0.0 ],
													"rotationOrigin": [ 0.6, 0.3, 0.0 ],
													"rotationY": 30.0,
													"faces": {
														"north": { "texture": "#belt-waist-plain-right-metal", "uv": [ 0.0, 0.0, 1.0, 1.0 ], "autoUv": false },
														"east": { "texture": "#belt-waist-plain-right-metal", "uv": [ 0.0, 0.0, 0.5, 1.0 ], "autoUv": false },
														"south": { "texture": "#belt-waist-plain-right-metal", "uv": [ 0.0, 0.0, 1.0, 1.0 ], "autoUv": false },
														"west": { "texture": "#belt-waist-plain-right-metal", "uv": [ 0.0, 0.0, 0.5, 1.0 ], "autoUv": false },
														"up": { "texture": "#belt-waist-plain-right-metal", "uv": [ 0.0, 0.0, 1.0, 0.5 ], "autoUv": false },
														"down": { "texture": "#belt-waist-plain-right-metal", "uv": [ 0.0, 0.0, 1.0, 0.5 ], "autoUv": false }
													}
												}
											]
										},
										{
											"name": "head_7",
											"from": [ -0.3, -0.3, -0.6 ],
											"to": [ 0.3, 0.42, 0.3 ],
											"rotationOrigin": [ 0.3, 0.0, 0.3 ],
											"rotationX": -15.0,
											"rotationZ": -90.0,
											"faces": {
												"north": { "texture": "#belt-waist-plain-right-metal", "uv": [ 0.0, 0.0, 1.0, 1.0 ], "autoUv": false },
												"east": { "texture": "#belt-waist-plain-right-metal", "uv": [ 0.0, 0.0, 1.5, 1.0 ], "autoUv": false },
												"south": { "texture": "#belt-waist-plain-right-metal", "uv": [ 0.0, 0.0, 1.0, 1.0 ], "autoUv": false },
												"west": { "texture": "#belt-waist-plain-right-metal", "uv": [ 0.0, 0.0, 1.5, 1.0 ], "autoUv": false },
												"up": { "texture": "#belt-waist-plain-right-metal", "uv": [ 0.0, 0.0, 1.0, 1.5 ], "autoUv": false },
												"down": { "texture": "#belt-waist-plain-right-metal", "uv": [ 0.0, 0.0, 1.0, 1.5 ], "autoUv": false }
											},
											"children": [
												{
													"name": "head_13",
													"from": [ 0.0, 0.0, -0.3 ],
													"to": [ 0.6, 0.72, 0.0 ],
													"rotationOrigin": [ 0.6, 0.3, 0.0 ],
													"rotationY": 30.0,
													"faces": {
														"north": { "texture": "#belt-waist-plain-right-metal", "uv": [ 0.0, 0.0, 1.0, 1.0 ], "autoUv": false },
														"east": { "texture": "#belt-waist-plain-right-metal", "uv": [ 0.0, 0.0, 0.5, 1.0 ], "autoUv": false },
														"south": { "texture": "#belt-waist-plain-right-metal", "uv": [ 0.0, 0.0, 1.0, 1.0 ], "autoUv": false },
														"west": { "texture": "#belt-waist-plain-right-metal", "uv": [ 0.0, 0.0, 0.5, 1.0 ], "autoUv": false },
														"up": { "texture": "#belt-waist-plain-right-metal", "uv": [ 0.0, 0.0, 1.0, 0.5 ], "autoUv": false },
														"down": { "texture": "#belt-waist-plain-right-metal", "uv": [ 0.0, 0.0, 1.0, 0.5 ], "autoUv": false }
													}
												}
											]
										},
										{
											"name": "head_8",
											"from": [ -0.18, 0.42, -0.6 ],
											"to": [ 0.42, 1.14, 0.3 ],
											"rotationOrigin": [ 0.42, 0.72, 0.3 ],
											"rotationX": 15.0,
											"rotationZ": 90.0,
											"faces": {
												"north": { "texture": "#belt-waist-plain-right-metal", "uv": [ 0.0, 0.0, 1.0, 1.0 ], "autoUv": false },
												"east": { "texture": "#belt-waist-plain-right-metal", "uv": [ 0.0, 0.0, 1.5, 1.0 ], "autoUv": false },
												"south": { "texture": "#belt-waist-plain-right-metal", "uv": [ 0.0, 0.0, 1.0, 1.0 ], "autoUv": false },
												"west": { "texture": "#belt-waist-plain-right-metal", "uv": [ 0.0, 0.0, 1.5, 1.0 ], "autoUv": false },
												"up": { "texture": "#belt-waist-plain-right-metal", "uv": [ 0.0, 0.0, 1.0, 1.5 ], "autoUv": false },
												"down": { "texture": "#belt-waist-plain-right-metal", "uv": [ 0.0, 0.0, 1.0, 1.5 ], "autoUv": false }
											},
											"children": [
												{
													"name": "head_12",
													"from": [ 0.0, 0.0, -0.3 ],
													"to": [ 0.6, 0.72, 0.0 ],
													"rotationOrigin": [ 0.6, 0.3, 0.0 ],
													"rotationY": 30.0,
													"faces": {
														"north": { "texture": "#belt-waist-plain-right-metal", "uv": [ 0.0, 0.0, 1.0, 1.0 ], "autoUv": false },
														"east": { "texture": "#belt-waist-plain-right-metal", "uv": [ 0.0, 0.0, 0.5, 1.0 ], "autoUv": false },
														"south": { "texture": "#belt-waist-plain-right-metal", "uv": [ 0.0, 0.0, 1.0, 1.0 ], "autoUv": false },
														"west": { "texture": "#belt-waist-plain-right-metal", "uv": [ 0.0, 0.0, 0.5, 1.0 ], "autoUv": false },
														"up": { "texture": "#belt-waist-plain-right-metal", "uv": [ 0.0, 0.0, 1.0, 0.5 ], "autoUv": false },
														"down": { "texture": "#belt-waist-plain-right-metal", "uv": [ 0.0, 0.0, 1.0, 0.5 ], "autoUv": false }
													}
												}
											]
										}
									]
								},
								{
									"name": "head_3",
									"from": [ -1.5, -0.24, 0.6 ],
									"to": [ -0.6, 0.36, 0.9 ],
									"rotationOrigin": [ -1.2, 0.06, 0.6 ],
									"faces": {
										"north": { "texture": "#belt-waist-plain-right-metal", "uv": [ 0.0, 0.0, 1.5, 1.0 ], "autoUv": false },
										"east": { "texture": "#belt-waist-plain-right-metal", "uv": [ 0.0, 0.0, 0.5, 1.0 ], "autoUv": false },
										"south": { "texture": "#belt-waist-plain-right-metal", "uv": [ 0.0, 0.0, 1.5, 1.0 ], "autoUv": false },
										"west": { "texture": "#belt-waist-plain-right-metal", "uv": [ 0.0, 0.0, 0.5, 1.0 ], "autoUv": false },
										"up": { "texture": "#belt-waist-plain-right-metal", "uv": [ 0.0, 0.0, 1.5, 0.5 ], "autoUv": false },
										"down": { "texture": "#belt-waist-plain-right-metal", "uv": [ 0.0, 0.0, 1.5, 0.5 ], "autoUv": false }
									},
									"children": [
										{
											"name": "head_6",
											"from": [ 0.0, 0.0, 0.3 ],
											"to": [ 0.6, 0.6, 1.2 ],
											"rotationOrigin": [ 0.36, 0.36, 0.3 ],
											"faces": {
												"north": { "texture": "#belt-waist-plain-right-metal", "uv": [ 0.0, 0.0, 1.0, 1.0 ], "autoUv": false },
												"east": { "texture": "#belt-waist-plain-right-metal", "uv": [ 0.0, 0.0, 1.5, 1.0 ], "autoUv": false },
												"south": { "texture": "#belt-waist-plain-right-metal", "uv": [ 0.0, 0.0, 1.0, 1.0 ], "autoUv": false },
												"west": { "texture": "#belt-waist-plain-right-metal", "uv": [ 0.0, 0.0, 1.5, 1.0 ], "autoUv": false },
												"up": { "texture": "#belt-waist-plain-right-metal", "uv": [ 0.0, 0.0, 1.0, 1.5 ], "autoUv": false },
												"down": { "texture": "#belt-waist-plain-right-metal", "uv": [ 0.0, 0.0, 1.0, 1.5 ], "autoUv": false }
											}
										},
										{
											"name": "head_9",
											"from": [ 0.0, 0.0, 1.2 ],
											"to": [ 0.3, 0.6, 2.1 ],
											"rotationOrigin": [ 0.36, 0.36, 1.2 ],
											"faces": {
												"north": { "texture": "#belt-waist-plain-right-metal", "uv": [ 0.0, 0.0, 0.5, 1.0 ], "autoUv": false },
												"east": { "texture": "#belt-waist-plain-right-metal", "uv": [ 0.0, 0.0, 1.5, 1.0 ], "autoUv": false },
												"south": { "texture": "#belt-waist-plain-right-metal", "uv": [ 0.0, 0.0, 0.5, 1.0 ], "autoUv": false },
												"west": { "texture": "#belt-waist-plain-right-metal", "uv": [ 0.0, 0.0, 1.5, 1.0 ], "autoUv": false },
												"up": { "texture": "#belt-waist-plain-right-metal", "uv": [ 0.0, 0.0, 0.5, 1.5 ], "autoUv": false },
												"down": { "texture": "#belt-waist-plain-right-metal", "uv": [ 0.0, 0.0, 0.5, 1.5 ], "autoUv": false }
											},
											"children": [
												{
													"name": "head_10",
													"from": [ 0.6, 0.0, -0.9 ],
													"to": [ 0.9, 0.6, 1.02 ],
													"rotationOrigin": [ 0.9, 0.36, -0.9 ],
													"rotationY": -18.3,
													"faces": {
														"north": { "texture": "#belt-waist-plain-right-metal", "uv": [ 0.0, 0.0, 0.5, 1.0 ], "autoUv": false },
														"east": { "texture": "#belt-waist-plain-right-metal", "uv": [ 0.0, 0.0, 3.0, 1.0 ], "autoUv": false },
														"south": { "texture": "#belt-waist-plain-right-metal", "uv": [ 0.0, 0.0, 0.5, 1.0 ], "autoUv": false },
														"west": { "texture": "#belt-waist-plain-right-metal", "uv": [ 0.0, 0.0, 3.0, 1.0 ], "autoUv": false },
														"up": { "texture": "#belt-waist-plain-right-metal", "uv": [ 0.0, 0.0, 0.5, 3.0 ], "autoUv": false },
														"down": { "texture": "#belt-waist-plain-right-metal", "uv": [ 0.0, 0.0, 0.5, 3.0 ], "autoUv": false }
													}
												}
											]
										}
									]
								},
								{
									"name": "Cube2",
									"from": [ -6.48, -0.54, -0.15 ],
									"to": [ -6.24, 0.6, 0.09 ],
									"rotationOrigin": [ -6.36, -0.6, 0.0 ],
									"rotationY": 45.0,
									"faces": {
										"north": { "texture": "#belt-waist-plain-right-metal", "uv": [ 0.0, 0.0, 0.5, 1.5 ], "autoUv": false },
										"east": { "texture": "#belt-waist-plain-right-metal", "uv": [ 0.0, 0.0, 0.5, 1.5 ], "autoUv": false },
										"south": { "texture": "#belt-waist-plain-right-metal", "uv": [ 0.0, 0.0, 0.5, 1.5 ], "autoUv": false },
										"west": { "texture": "#belt-waist-plain-right-metal", "uv": [ 0.0, 0.0, 0.5, 1.5 ], "autoUv": false },
										"up": { "texture": "#belt-waist-plain-right-metal", "uv": [ 0.0, 0.0, 0.5, 0.5 ], "autoUv": false },
										"down": { "texture": "#belt-waist-plain-right-metal", "uv": [ 0.0, 0.0, 0.5, 0.5 ], "autoUv": false }
									}
								},
								{
									"name": "Cube3",
									"from": [ -5.28, -0.54, -0.15 ],
									"to": [ -5.04, 0.6, 0.09 ],
									"rotationOrigin": [ -5.16, -0.6, 0.0 ],
									"rotationY": 45.0,
									"faces": {
										"north": { "texture": "#belt-waist-plain-right-metal", "uv": [ 0.0, 0.0, 0.5, 1.5 ], "autoUv": false },
										"east": { "texture": "#belt-waist-plain-right-metal", "uv": [ 0.0, 0.0, 0.5, 1.5 ], "autoUv": false },
										"south": { "texture": "#belt-waist-plain-right-metal", "uv": [ 0.0, 0.0, 0.5, 1.5 ], "autoUv": false },
										"west": { "texture": "#belt-waist-plain-right-metal", "uv": [ 0.0, 0.0, 0.5, 1.5 ], "autoUv": false },
										"up": { "texture": "#belt-waist-plain-right-metal", "uv": [ 0.0, 0.0, 0.5, 0.5 ], "autoUv": false },
										"down": { "texture": "#belt-waist-plain-right-metal", "uv": [ 0.0, 0.0, 0.5, 0.5 ], "autoUv": false }
									}
								},
								{
									"name": "Cube4",
									"from": [ -4.08, -0.54, -0.15 ],
									"to": [ -3.84, 0.6, 0.09 ],
									"rotationOrigin": [ -3.96, -0.6, 0.0 ],
									"rotationY": 45.0,
									"faces": {
										"north": { "texture": "#belt-waist-plain-right-metal", "uv": [ 0.0, 0.0, 0.5, 1.5 ], "autoUv": false },
										"east": { "texture": "#belt-waist-plain-right-metal", "uv": [ 0.0, 0.0, 0.5, 1.5 ], "autoUv": false },
										"south": { "texture": "#belt-waist-plain-right-metal", "uv": [ 0.0, 0.0, 0.5, 1.5 ], "autoUv": false },
										"west": { "texture": "#belt-waist-plain-right-metal", "uv": [ 0.0, 0.0, 0.5, 1.5 ], "autoUv": false },
										"up": { "texture": "#belt-waist-plain-right-metal", "uv": [ 0.0, 0.0, 0.5, 0.5 ], "autoUv": false },
										"down": { "texture": "#belt-waist-plain-right-metal", "uv": [ 0.0, 0.0, 0.5, 0.5 ], "autoUv": false }
									}
								},
								{
									"name": "Cube5",
									"from": [ -2.88, -0.54, -0.15 ],
									"to": [ -2.64, 0.6, 0.09 ],
									"rotationOrigin": [ -2.76, -0.6, 0.0 ],
									"rotationY": 45.0,
									"faces": {
										"north": { "texture": "#belt-waist-plain-right-metal", "uv": [ 0.0, 0.0, 0.5, 1.5 ], "autoUv": false },
										"east": { "texture": "#belt-waist-plain-right-metal", "uv": [ 0.0, 0.0, 0.5, 1.5 ], "autoUv": false },
										"south": { "texture": "#belt-waist-plain-right-metal", "uv": [ 0.0, 0.0, 0.5, 1.5 ], "autoUv": false },
										"west": { "texture": "#belt-waist-plain-right-metal", "uv": [ 0.0, 0.0, 0.5, 1.5 ], "autoUv": false },
										"up": { "texture": "#belt-waist-plain-right-metal", "uv": [ 0.0, 0.0, 0.5, 0.5 ], "autoUv": false },
										"down": { "texture": "#belt-waist-plain-right-metal", "uv": [ 0.0, 0.0, 0.5, 0.5 ], "autoUv": false }
									}
								},
								{
									"name": "Cube6",
									"from": [ -1.08, -0.54, -0.15 ],
									"to": [ -0.84, 0.6, 0.09 ],
									"rotationOrigin": [ -0.96, -0.6, 0.0 ],
									"rotationY": 45.0,
									"faces": {
										"north": { "texture": "#belt-waist-plain-right-metal", "uv": [ 0.0, 0.0, 0.5, 1.5 ], "autoUv": false },
										"east": { "texture": "#belt-waist-plain-right-metal", "uv": [ 0.0, 0.0, 0.5, 1.5 ], "autoUv": false },
										"south": { "texture": "#belt-waist-plain-right-metal", "uv": [ 0.0, 0.0, 0.5, 1.5 ], "autoUv": false },
										"west": { "texture": "#belt-waist-plain-right-metal", "uv": [ 0.0, 0.0, 0.5, 1.5 ], "autoUv": false },
										"up": { "texture": "#belt-waist-plain-right-metal", "uv": [ 0.0, 0.0, 0.5, 0.5 ], "autoUv": false },
										"down": { "texture": "#belt-waist-plain-right-metal", "uv": [ 0.0, 0.0, 0.5, 0.5 ], "autoUv": false }
									}
								}
							]
						}
					]
				}
			]
		}
	]}