{
	"editor": {
		"backDropShape": "E:/Programs/VSModelCreator/thin",
		"collapsedPaths": "Root/Waist-Belt/Pouch_0,Root/Waist-Quiver/Sheath_0,Root/Waist-Quiver/Belt,Root/Bow,Root/Waist-Quiver/Quiver,Root/Sowrd/Handle,Root/Waist-Quiver/Saydak,Root/Waist-Quiver/Sheath/sheath_0,Root/Waist-Quiver/Sheath/sheath_0/Sowrd/Handle2,Root/Waist-Quiver/Quiver/arrow_3,Root/Waist-Quiver/Quiver/arrow_2,Root/Waist-Quiver/Quiver/arrow_1,Root/Waist-Quiver/Bow,Root/Waist/buckle-bottom,Root/Waist-Quiver/Quiver/arrow_0,Root/Waist-Quiver/Pouch_1,Root/Waist-Quiver/Sheath/sheath_0/Handle2/Guard_2,Root/Waist-Quiver/Pouch_0,Root/Sowrd/Metal,Root/Waist-Belt/Sheath",
		"allAngles": true,
		"entityTextureMode": false
	},
	"textureWidth": 16,
	"textureHeight": 16,
	"textureSizes": {
	},
	"textures": {
		"belt-waist-plain-material": "game:block/leather/plain",
		"pistolbronze-brass": "game:block/metal/plate/brass",
		"belt-waist-plain-metal": "game:block/metal/plate/brass",
		"belt-waist-plain-left-metal": "game:block/metal/plate/tinbronze",
		"belt-waist-plain-right-wood": "game:block/wood/debarked/oak"
	},
	"elements": [
		{
			"name": "Waist-Belt",
			"stepParentName": "LowerTorso",
			"from": [ -0.1, 1.9, -0.2 ],
			"to": [ 5.1, 3.0, 6.2 ],
			"rotationOrigin": [ 2.9, 1.9, 3.0 ],
			"faces": {
			},
			"children": [
				{
					"name": "Sheath_0",
					"from": [ 1.9, -0.4, -2.7 ],
					"to": [ 1.9, -0.4, -2.7 ],
					"rotationOrigin": [ 2.9, 0.1, -0.5 ],
					"rotationX": 4.0,
					"rotationY": -1.0,
					"faces": {
						"north": { "texture": "#belt-waist-plain-material", "uv": [ 0.0, 0.0, 0.5, 0.5 ] },
						"east": { "texture": "#belt-waist-plain-material", "uv": [ 0.0, 0.0, 0.5, 0.5 ] },
						"south": { "texture": "#belt-waist-plain-material", "uv": [ 0.0, 0.0, 0.5, 0.5 ] },
						"west": { "texture": "#belt-waist-plain-material", "uv": [ 0.0, 0.0, 0.5, 0.5 ] },
						"up": { "texture": "#belt-waist-plain-material", "uv": [ 0.0, 0.0, 0.5, 0.5 ] },
						"down": { "texture": "#belt-waist-plain-material", "uv": [ 0.0, 0.0, 0.5, 0.5 ] }
					},
					"children": [
						{
							"name": "Sheath_1",
							"from": [ -1.0, -5.0, 0.7 ],
							"to": [ 1.5, -2.0, 2.2 ],
							"rotationOrigin": [ -1.0, -5.0, 0.7 ],
							"faces": {
								"north": { "texture": "#belt-waist-plain-material", "uv": [ 0.0, 0.0, 2.5, 3.0 ] },
								"east": { "texture": "#belt-waist-plain-material", "uv": [ 0.0, 0.0, 1.5, 3.0 ] },
								"south": { "texture": "#belt-waist-plain-material", "uv": [ 0.0, 0.0, 2.5, 3.0 ] },
								"west": { "texture": "#belt-waist-plain-material", "uv": [ 0.0, 0.0, 1.5, 3.0 ] },
								"up": { "texture": "#belt-waist-plain-material", "uv": [ 0.0, 0.0, 2.5, 1.5 ] },
								"down": { "texture": "#belt-waist-plain-material", "uv": [ 0.0, 0.0, 2.5, 1.5 ] }
							}
						},
						{
							"name": "Sheath_2",
							"from": [ -1.0, -11.0, 1.0 ],
							"to": [ 0.0, -5.0, 2.0 ],
							"rotationOrigin": [ -1.0, -11.0, 1.0 ],
							"faces": {
								"north": { "texture": "#belt-waist-plain-material", "uv": [ 0.0, 0.0, 1.0, 6.0 ] },
								"east": { "texture": "#belt-waist-plain-material", "uv": [ 0.0, 0.0, 1.0, 6.0 ] },
								"south": { "texture": "#belt-waist-plain-material", "uv": [ 0.0, 0.0, 1.0, 6.0 ] },
								"west": { "texture": "#belt-waist-plain-material", "uv": [ 0.0, 0.0, 1.0, 6.0 ] },
								"up": { "texture": "#belt-waist-plain-material", "uv": [ 0.0, 0.0, 1.0, 1.0 ] },
								"down": { "texture": "#belt-waist-plain-material", "uv": [ 0.0, 0.0, 1.0, 1.0 ] }
							}
						},
						{
							"name": "Sheath_3",
							"from": [ -0.5, -11.0, 1.1 ],
							"to": [ 0.0, -4.9, 1.9 ],
							"rotationOrigin": [ 0.0, -11.0, 1.1 ],
							"rotationZ": -5.0,
							"faces": {
								"north": { "texture": "#belt-waist-plain-material", "uv": [ 0.0, 0.0, 0.5, 6.0 ] },
								"east": { "texture": "#belt-waist-plain-material", "uv": [ 0.0, 0.0, 0.5, 6.0 ] },
								"south": { "texture": "#belt-waist-plain-material", "uv": [ 0.0, 0.0, 0.5, 6.0 ] },
								"west": { "texture": "#belt-waist-plain-material", "uv": [ 0.0, 0.0, 0.5, 6.0 ] },
								"up": { "texture": "#belt-waist-plain-material", "uv": [ 0.0, 0.0, 0.5, 0.5 ] },
								"down": { "texture": "#belt-waist-plain-material", "uv": [ 0.0, 0.0, 0.5, 0.5 ] }
							}
						},
						{
							"name": "Pistol",
							"from": [ 0.4986, -1.0523, 1.5 ],
							"to": [ 0.4986, -1.0523, 1.5 ],
							"rotationOrigin": [ 0.4986, -1.0523, 1.5 ],
							"rotationX": -90.0,
							"rotationY": 2.7,
							"rotationZ": 90.0,
							"faces": {
								"north": { "texture": "#belt-waist-plain-left-metal", "uv": [ 0.0, 0.0, 0.5, 0.5 ], "autoUv": false },
								"east": { "texture": "#belt-waist-plain-left-metal", "uv": [ 0.0, 0.0, 0.5, 0.5 ], "autoUv": false },
								"south": { "texture": "#belt-waist-plain-left-metal", "uv": [ 0.0, 0.0, 0.5, 0.5 ], "autoUv": false },
								"west": { "texture": "#belt-waist-plain-left-metal", "uv": [ 0.0, 0.0, 0.5, 0.5 ], "autoUv": false },
								"up": { "texture": "#belt-waist-plain-left-metal", "uv": [ 0.0, 0.0, 0.5, 0.5 ], "autoUv": false },
								"down": { "texture": "#belt-waist-plain-left-metal", "uv": [ 0.0, 0.0, 0.5, 0.5 ], "autoUv": false }
							},
							"children": [
								{
									"name": "Trigger_assembly",
									"from": [ 0.0, 0.14, -1.26 ],
									"to": [ 0.0, 0.14, -1.26 ],
									"rotationOrigin": [ 0.0, 0.14, -1.26 ],
									"faces": {
										"north": { "texture": "#belt-waist-plain-left-metal", "uv": [ 0.0, 0.0, 0.5, 0.5 ], "autoUv": false },
										"east": { "texture": "#belt-waist-plain-left-metal", "uv": [ 0.0, 0.0, 0.5, 0.5 ], "autoUv": false },
										"south": { "texture": "#belt-waist-plain-left-metal", "uv": [ 0.0, 0.0, 0.5, 0.5 ], "autoUv": false },
										"west": { "texture": "#belt-waist-plain-left-metal", "uv": [ 0.0, 0.0, 0.5, 0.5 ], "autoUv": false },
										"up": { "texture": "#belt-waist-plain-left-metal", "uv": [ 0.0, 0.0, 0.5, 0.5 ], "autoUv": false },
										"down": { "texture": "#belt-waist-plain-left-metal", "uv": [ 0.0, 0.0, 0.5, 0.5 ], "autoUv": false }
									},
									"children": [
										{
											"name": "Trigger",
											"from": [ -0.105, -0.49, 1.12 ],
											"to": [ 0.105, 0.49, 1.295 ],
											"rotationOrigin": [ -0.07, 0.0, 1.12 ],
											"rotationX": 24.0,
											"faces": {
												"north": { "texture": "#belt-waist-plain-left-metal", "uv": [ 0.0, 0.0, 0.5, 1.0 ], "autoUv": false },
												"east": { "texture": "#belt-waist-plain-left-metal", "uv": [ 0.0, 0.0, 0.5, 1.0 ], "autoUv": false },
												"south": { "texture": "#belt-waist-plain-left-metal", "uv": [ 0.0, 0.0, 0.5, 1.0 ], "autoUv": false },
												"west": { "texture": "#belt-waist-plain-left-metal", "uv": [ 0.0, 0.0, 0.5, 1.0 ], "autoUv": false },
												"down": { "texture": "#belt-waist-plain-left-metal", "uv": [ 0.0, 0.0, 0.5, 0.5 ], "autoUv": false }
											}
										},
										{
											"name": "Guard_plate",
											"from": [ -0.28, -0.091, 0.14 ],
											"to": [ 0.28, -0.021, 1.4 ],
											"rotationOrigin": [ -0.28, -0.14, 0.14 ],
											"faces": {
												"east": { "texture": "#belt-waist-plain-left-metal", "uv": [ 0.0, 0.0, 1.5, 0.5 ], "autoUv": false },
												"south": { "texture": "#belt-waist-plain-left-metal", "uv": [ 0.0, 0.0, 0.5, 0.5 ], "autoUv": false },
												"west": { "texture": "#belt-waist-plain-left-metal", "uv": [ 0.0, 0.0, 1.5, 0.5 ], "autoUv": false },
												"down": { "texture": "#belt-waist-plain-left-metal", "uv": [ 0.0, 0.0, 0.5, 1.5 ], "autoUv": false }
											},
											"children": [
												{
													"name": "Guard_plate_bottom",
													"from": [ 0.0, 0.028, 1.19 ],
													"to": [ 0.56, 0.098, 2.1 ],
													"rotationOrigin": [ 0.0, 0.07, 1.19 ],
													"rotationX": 20.0,
													"faces": {
														"east": { "texture": "#belt-waist-plain-left-metal", "uv": [ 0.0, 0.0, 1.0, 0.5 ], "autoUv": false, "windMode": [-1,-1,-1,-1] },
														"south": { "texture": "#belt-waist-plain-left-metal", "uv": [ 0.0, 0.0, 0.5, 0.5 ], "autoUv": false },
														"west": { "texture": "#belt-waist-plain-left-metal", "uv": [ 0.0, 0.0, 1.0, 0.5 ], "autoUv": false },
														"down": { "texture": "#belt-waist-plain-left-metal", "uv": [ 0.0, 0.0, 0.5, 1.0 ], "autoUv": false }
													},
													"children": [
														{
															"name": "Guard_plate_screw2",
															"from": [ 0.14, -0.007, 0.56 ],
															"to": [ 0.42, 0.063, 0.84 ],
															"rotationOrigin": [ 0.14, -0.2052, 0.5557 ],
															"faces": {
																"north": { "texture": "#pistolbronze-brass", "uv": [ 0.0, 0.0, 0.5, 0.5 ], "autoUv": false },
																"east": { "texture": "#pistolbronze-brass", "uv": [ 0.0, 0.0, 0.5, 0.5 ], "autoUv": false },
																"south": { "texture": "#pistolbronze-brass", "uv": [ 0.0, 0.0, 0.5, 0.5 ], "autoUv": false },
																"west": { "texture": "#pistolbronze-brass", "uv": [ 0.0, 0.0, 0.5, 0.5 ], "autoUv": false },
																"down": { "texture": "#pistolbronze-brass", "uv": [ 0.0, 0.0, 0.5, 0.5 ], "autoUv": false }
															}
														}
													]
												},
												{
													"name": "Guard_plate_2",
													"from": [ 0.0, -0.035, 0.63 ],
													"to": [ 0.56, 0.014, 2.03 ],
													"rotationOrigin": [ 0.0, 0.035, 0.6431 ],
													"rotationX": 135.0,
													"faces": {
														"north": { "texture": "#belt-waist-plain-left-metal", "uv": [ 0.0, 0.0, 0.5, 0.5 ], "autoUv": false },
														"east": { "texture": "#belt-waist-plain-left-metal", "uv": [ 0.0, 0.0, 2.0, 0.5 ], "autoUv": false },
														"south": { "texture": "#belt-waist-plain-left-metal", "uv": [ 0.0, 0.0, 0.5, 0.5 ], "autoUv": false },
														"west": { "texture": "#belt-waist-plain-left-metal", "uv": [ 0.0, 0.0, 2.0, 0.5 ], "autoUv": false },
														"up": { "texture": "#belt-waist-plain-left-metal", "uv": [ 0.0, 0.0, 0.5, 2.0 ], "autoUv": false }
													},
													"children": [
														{
															"name": "Guard_plate_3",
															"from": [ 0.0, 0.0, 1.4 ],
															"to": [ 0.56, 0.035, 1.96 ],
															"rotationOrigin": [ 0.0, 0.035, 1.414 ],
															"rotationX": 45.0,
															"faces": {
																"north": { "texture": "#belt-waist-plain-left-metal", "uv": [ 0.0, 0.0, 0.5, 0.5 ], "autoUv": false },
																"east": { "texture": "#belt-waist-plain-left-metal", "uv": [ 0.0, 0.0, 0.5, 0.5 ], "autoUv": false },
																"south": { "texture": "#belt-waist-plain-left-metal", "uv": [ 0.0, 0.0, 0.5, 0.5 ], "autoUv": false },
																"west": { "texture": "#belt-waist-plain-left-metal", "uv": [ 0.0, 0.0, 0.5, 0.5 ], "autoUv": false },
																"up": { "texture": "#belt-waist-plain-left-metal", "uv": [ 0.0, 0.0, 0.5, 0.5 ], "autoUv": false }
															}
														}
													]
												}
											]
										},
										{
											"name": "Guard_bottom",
											"from": [ -0.14, -0.84, -0.42 ],
											"to": [ 0.14, 0.798, -0.245 ],
											"rotationOrigin": [ -0.14, -0.8239, -0.266 ],
											"rotationX": 91.0,
											"faces": {
												"north": { "texture": "#belt-waist-plain-left-metal", "uv": [ 0.0, 0.0, 0.5, 2.0 ], "autoUv": false },
												"east": { "texture": "#belt-waist-plain-left-metal", "uv": [ 0.0, 0.0, 0.5, 2.0 ], "autoUv": false },
												"south": { "texture": "#belt-waist-plain-left-metal", "uv": [ 0.0, 0.0, 0.5, 2.0 ], "autoUv": false },
												"west": { "texture": "#belt-waist-plain-left-metal", "uv": [ 0.0, 0.0, 0.5, 2.0 ], "autoUv": false },
												"up": { "texture": "#belt-waist-plain-left-metal", "uv": [ 0.0, 0.0, 0.5, 0.5 ], "autoUv": false },
												"down": { "texture": "#belt-waist-plain-left-metal", "uv": [ 0.0, 0.0, 0.5, 0.5 ], "autoUv": false }
											},
											"children": [
												{
													"name": "Guard_back",
													"from": [ 0.0, 1.61, 0.0 ],
													"to": [ 0.28, 2.87, 0.175 ],
													"rotationOrigin": [ 0.0, 1.61, 0.14 ],
													"rotationX": -58.0,
													"faces": {
														"north": { "texture": "#belt-waist-plain-left-metal", "uv": [ 0.0, 0.0, 0.5, 1.5 ], "autoUv": false },
														"east": { "texture": "#belt-waist-plain-left-metal", "uv": [ 0.0, 0.0, 0.5, 1.5 ], "autoUv": false },
														"south": { "texture": "#belt-waist-plain-left-metal", "uv": [ 0.0, 0.0, 0.5, 1.5 ], "autoUv": false },
														"west": { "texture": "#belt-waist-plain-left-metal", "uv": [ 0.0, 0.0, 0.5, 1.5 ], "autoUv": false },
														"down": { "texture": "#belt-waist-plain-left-metal", "uv": [ 0.0, 0.0, 0.5, 0.5 ], "autoUv": false }
													}
												}
											]
										}
									]
								},
								{
									"name": "Wheellock",
									"from": [ 0.35, 0.63, -1.799 ],
									"to": [ 0.35, 0.63, -1.799 ],
									"rotationOrigin": [ 0.35, 0.63, -1.75 ],
									"faces": {
										"north": { "texture": "#belt-waist-plain-metal", "uv": [ 0.0, 0.0, 0.5, 0.5 ], "autoUv": false },
										"east": { "texture": "#belt-waist-plain-metal", "uv": [ 0.0, 0.0, 0.5, 0.5 ], "autoUv": false },
										"south": { "texture": "#belt-waist-plain-metal", "uv": [ 0.0, 0.0, 0.5, 0.5 ], "autoUv": false },
										"west": { "texture": "#belt-waist-plain-metal", "uv": [ 0.0, 0.0, 0.5, 0.5 ], "autoUv": false },
										"up": { "texture": "#belt-waist-plain-metal", "uv": [ 0.0, 0.0, 0.5, 0.5 ], "autoUv": false },
										"down": { "texture": "#belt-waist-plain-metal", "uv": [ 0.0, 0.0, 0.5, 0.5 ], "autoUv": false }
									},
									"children": [
										{
											"name": "Plate",
											"from": [ 0.0, -0.7, -1.75 ],
											"to": [ 0.014, -0.07, 0.938 ],
											"rotationOrigin": [ 0.0, -0.7, -1.75 ],
											"faces": {
												"north": { "texture": "#belt-waist-plain-left-metal", "uv": [ 0.0, 0.0, 0.5, 0.5 ], "autoUv": false },
												"east": { "texture": "#belt-waist-plain-left-metal", "uv": [ 7.0, 4.5, 12.0, 3.5 ], "autoUv": false },
												"south": { "texture": "#belt-waist-plain-left-metal", "uv": [ 0.0, 0.0, 0.5, 0.5 ], "autoUv": false },
												"up": { "texture": "#belt-waist-plain-left-metal", "uv": [ 0.0, 0.0, 0.5, 3.5 ], "autoUv": false },
												"down": { "texture": "#belt-waist-plain-left-metal", "uv": [ 0.0, 0.0, 0.5, 3.5 ], "autoUv": false }
											},
											"children": [
												{
													"name": "Plate2",
													"from": [ 0.0, -0.63, 0.77 ],
													"to": [ 0.014, 0.0, 2.03 ],
													"rotationOrigin": [ 0.0, -0.63, 0.77 ],
													"faces": {
														"north": { "texture": "#belt-waist-plain-left-metal", "uv": [ 0.0, 0.0, 0.5, 0.5 ], "autoUv": false },
														"east": { "texture": "#belt-waist-plain-left-metal", "uv": [ 7.0, 4.5, 12.0, 3.5 ], "autoUv": false },
														"south": { "texture": "#belt-waist-plain-left-metal", "uv": [ 0.0, 0.0, 0.5, 0.5 ], "autoUv": false },
														"down": { "texture": "#belt-waist-plain-left-metal", "uv": [ 0.0, 0.0, 0.5, 1.5 ], "autoUv": false }
													}
												},
												{
													"name": "Plate4",
													"from": [ 0.0, -0.63, 2.03 ],
													"to": [ 0.007, -0.07, 2.954 ],
													"rotationOrigin": [ 0.0, -0.63, 2.03 ],
													"rotationX": -44.0,
													"faces": {
														"east": { "texture": "#belt-waist-plain-left-metal", "uv": [ 7.0, 4.5, 9.0, 5.4 ], "autoUv": false },
														"down": { "texture": "#belt-waist-plain-left-metal", "uv": [ 0.0, 0.0, 0.5, 1.0 ], "autoUv": false }
													}
												}
											]
										}
									]
								},
								{
									"name": "Stock",
									"from": [ 0.0, 0.7, -1.4 ],
									"to": [ 0.0, 0.7, -1.4 ],
									"rotationOrigin": [ 0.0, 0.7, -1.4 ],
									"faces": {
										"north": { "texture": "#belt-waist-plain-metal", "uv": [ 0.0, 0.0, 0.5, 0.5 ], "autoUv": false },
										"east": { "texture": "#belt-waist-plain-metal", "uv": [ 0.0, 0.0, 0.5, 0.5 ], "autoUv": false },
										"south": { "texture": "#belt-waist-plain-metal", "uv": [ 0.0, 0.0, 0.5, 0.5 ], "autoUv": false },
										"west": { "texture": "#belt-waist-plain-metal", "uv": [ 0.0, 0.0, 0.5, 0.5 ], "autoUv": false },
										"up": { "texture": "#belt-waist-plain-metal", "uv": [ 0.0, 0.0, 0.5, 0.5 ], "autoUv": false },
										"down": { "texture": "#belt-waist-plain-metal", "uv": [ 0.0, 0.0, 0.5, 0.5 ], "autoUv": false }
									},
									"children": [
										{
											"name": "Receiver",
											"from": [ 0.0, 0.0, 0.0 ],
											"to": [ 0.0, 0.0, 0.0 ],
											"faces": {
												"north": { "texture": "#belt-waist-plain-metal", "uv": [ 0.0, 0.0, 0.5, 0.5 ], "autoUv": false },
												"east": { "texture": "#belt-waist-plain-metal", "uv": [ 0.0, 0.0, 0.5, 0.5 ], "autoUv": false },
												"south": { "texture": "#belt-waist-plain-metal", "uv": [ 0.0, 0.0, 0.5, 0.5 ], "autoUv": false },
												"west": { "texture": "#belt-waist-plain-metal", "uv": [ 0.0, 0.0, 0.5, 0.5 ], "autoUv": false },
												"up": { "texture": "#belt-waist-plain-metal", "uv": [ 0.0, 0.0, 0.5, 0.5 ], "autoUv": false },
												"down": { "texture": "#belt-waist-plain-metal", "uv": [ 0.0, 0.0, 0.5, 0.5 ], "autoUv": false }
											},
											"children": [
												{
													"name": "Top_receiver4",
													"from": [ -0.343, -1.54, -0.07 ],
													"to": [ 0.343, -0.91, 1.33 ],
													"rotationOrigin": [ -0.35, -1.54, -0.07 ],
													"rotationX": -45.0,
													"faces": {
														"east": { "texture": "#belt-waist-plain-right-wood", "uv": [ 0.0, 0.0, 2.0, 0.5 ], "autoUv": false },
														"west": { "texture": "#belt-waist-plain-right-wood", "uv": [ 5.5, 1.4, 7.5, 2.5 ], "autoUv": false },
														"down": { "texture": "#belt-waist-plain-right-wood", "uv": [ 0.0, 0.0, 0.5, 2.0 ], "autoUv": false }
													}
												}
											]
										},
										{
											"name": "Buttstock",
											"from": [ 0.0, 0.0, 0.0 ],
											"to": [ 0.0, 0.0, 0.0 ],
											"rotationOrigin": [ 0.0, 0.0, 1.4 ],
											"faces": {
												"north": { "texture": "#belt-waist-plain-metal", "uv": [ 0.0, 0.0, 0.5, 0.5 ], "autoUv": false },
												"east": { "texture": "#belt-waist-plain-metal", "uv": [ 0.0, 0.0, 0.5, 0.5 ], "autoUv": false },
												"south": { "texture": "#belt-waist-plain-metal", "uv": [ 0.0, 0.0, 0.5, 0.5 ], "autoUv": false },
												"west": { "texture": "#belt-waist-plain-metal", "uv": [ 0.0, 0.0, 0.5, 0.5 ], "autoUv": false },
												"up": { "texture": "#belt-waist-plain-metal", "uv": [ 0.0, 0.0, 0.5, 0.5 ], "autoUv": false },
												"down": { "texture": "#belt-waist-plain-metal", "uv": [ 0.0, 0.0, 0.5, 0.5 ], "autoUv": false }
											},
											"children": [
												{
													"name": "Buttstock_bottom_origin",
													"from": [ -0.357, -0.63, 1.54 ],
													"to": [ -0.357, -0.63, 1.54 ],
													"rotationOrigin": [ 0.0, -0.63, 1.54 ],
													"rotationX": 20.0,
													"faces": {
														"north": { "texture": "#belt-waist-plain-right-wood", "uv": [ 0.0, 0.0, 0.5, 0.5 ], "autoUv": false },
														"east": { "texture": "#belt-waist-plain-right-wood", "uv": [ 0.0, 0.0, 4.0, 1.0 ], "autoUv": false },
														"south": { "texture": "#belt-waist-plain-right-wood", "uv": [ 0.0, 0.0, 0.5, 0.5 ], "autoUv": false },
														"west": { "texture": "#belt-waist-plain-right-wood", "uv": [ 0.0, 0.0, 0.5, 0.5 ], "autoUv": false },
														"up": { "texture": "#belt-waist-plain-right-wood", "uv": [ 0.0, 0.0, 0.5, 0.5 ], "autoUv": false },
														"down": { "texture": "#belt-waist-plain-right-wood", "uv": [ 0.0, 0.0, 0.5, 0.5 ], "autoUv": false }
													},
													"children": [
														{
															"name": "Buttstock_bottom2",
															"from": [ 0.007, 0.0, -0.21 ],
															"to": [ 0.707, 0.84, 0.91 ],
															"rotationOrigin": [ 0.357, 0.0, -0.21 ],
															"faces": {
																"north": { "texture": "#belt-waist-plain-right-wood", "uv": [ 0.0, 0.0, 1.0, 1.0 ], "autoUv": false },
																"east": { "texture": "#belt-waist-plain-right-wood", "uv": [ 9.5, 5.1, 11.0, 6.3 ], "autoUv": false },
																"south": { "texture": "#belt-waist-plain-right-wood", "uv": [ 8.0, 5.5, 9.0, 6.5 ], "autoUv": false, "windMode": [-1,-1,-1,-1] },
																"west": { "texture": "#belt-waist-plain-right-wood", "uv": [ 14.5, 5.7, 16.0, 6.8 ], "autoUv": false },
																"up": { "texture": "#belt-waist-plain-right-wood", "uv": [ 2.0, 0.0, 3.0, 1.5 ], "autoUv": false },
																"down": { "texture": "#belt-waist-plain-right-wood", "uv": [ 0.0, 0.0, 1.0, 1.5 ], "autoUv": false }
															}
														},
														{
															"name": "Buttstock_bottom4",
															"from": [ 0.014, 0.0, 0.91 ],
															"to": [ 0.7, 0.84, 2.38 ],
															"rotationOrigin": [ 0.357, 0.84, 0.91 ],
															"rotationX": 10.0,
															"faces": {
																"north": { "texture": "#belt-waist-plain-right-wood", "uv": [ 0.0, 0.0, 0.5, 1.0 ], "autoUv": false },
																"east": { "texture": "#belt-waist-plain-right-wood", "uv": [ 9.5, 5.6, 11.5, 6.8 ], "autoUv": false },
																"west": { "texture": "#belt-waist-plain-right-wood", "uv": [ 5.5, 6.2, 7.5, 7.3 ], "autoUv": false },
																"up": { "texture": "#belt-waist-plain-right-wood", "uv": [ 4.0, 0.0, 5.0, 2.0 ], "autoUv": false }
															},
															"children": [
																{
																	"name": "Buttstock_bottom8",
																	"from": [ -0.07, 0.0, 1.4 ],
																	"to": [ 0.77, 0.91, 1.61 ],
																	"rotationOrigin": [ 0.287, 0.91, 1.4 ],
																	"faces": {
																		"north": { "texture": "#pistolbronze-brass", "uv": [ 0.0, 0.0, 1.0, 1.0 ], "autoUv": false },
																		"east": { "texture": "#pistolbronze-brass", "uv": [ 0.0, 0.0, 0.5, 1.0 ], "autoUv": false },
																		"south": { "texture": "#pistolbronze-brass", "uv": [ 0.0, 0.0, 1.0, 1.0 ], "autoUv": false },
																		"west": { "texture": "#pistolbronze-brass", "uv": [ 0.0, 0.0, 0.5, 1.0 ], "autoUv": false },
																		"up": { "texture": "#pistolbronze-brass", "uv": [ 0.0, 0.0, 1.0, 0.5 ], "autoUv": false },
																		"down": { "texture": "#pistolbronze-brass", "uv": [ 0.0, 0.0, 1.0, 0.5 ], "autoUv": false }
																	},
																	"children": [
																		{
																			"name": "Buttstock_bottom11",
																			"from": [ 0.0, -0.91, 0.0 ],
																			"to": [ 0.84, 0.0, 0.21 ],
																			"rotationOrigin": [ 0.357, 0.0, 0.21 ],
																			"rotationX": 20.0,
																			"faces": {
																				"north": { "texture": "#pistolbronze-brass", "uv": [ 0.0, 0.0, 1.0, 1.0 ], "autoUv": false },
																				"east": { "texture": "#pistolbronze-brass", "uv": [ 0.0, 0.0, 0.5, 1.0 ], "autoUv": false },
																				"south": { "texture": "#pistolbronze-brass", "uv": [ 0.0, 0.0, 1.0, 1.0 ], "autoUv": false },
																				"west": { "texture": "#pistolbronze-brass", "uv": [ 0.0, 0.0, 0.5, 1.0 ], "autoUv": false },
																				"up": { "texture": "#pistolbronze-brass", "uv": [ 0.0, 0.0, 1.0, 0.5 ], "autoUv": false },
																				"down": { "texture": "#pistolbronze-brass", "uv": [ 0.0, 0.0, 1.0, 0.5 ], "autoUv": false }
																			}
																		},
																		{
																			"name": "Buttstock_bottom12",
																			"from": [ 0.14, -0.7, 0.21 ],
																			"to": [ 0.7, 0.7, 0.42 ],
																			"rotationOrigin": [ 0.497, 0.7, 0.21 ],
																			"rotationX": 10.0,
																			"faces": {
																				"east": { "texture": "#pistolbronze-brass", "uv": [ 0.0, 0.0, 0.5, 2.0 ], "autoUv": false },
																				"south": { "texture": "#pistolbronze-brass", "uv": [ 0.0, 0.0, 1.0, 2.0 ], "autoUv": false },
																				"west": { "texture": "#pistolbronze-brass", "uv": [ 0.0, 0.0, 0.5, 2.0 ], "autoUv": false },
																				"up": { "texture": "#pistolbronze-brass", "uv": [ 0.0, 0.0, 0.5, 0.5 ], "autoUv": false },
																				"down": { "texture": "#pistolbronze-brass", "uv": [ 0.0, 0.0, 0.5, 0.5 ], "autoUv": false }
																			}
																		}
																	]
																},
																{
																	"name": "Buttstock_bottom9",
																	"from": [ 0.007, 0.0, 0.07 ],
																	"to": [ 0.679, 0.49, 1.47 ],
																	"rotationOrigin": [ 0.357, 0.07, 0.07 ],
																	"rotationX": 20.0,
																	"faces": {
																		"east": { "texture": "#belt-waist-plain-right-wood", "uv": [ 3.0, 5.1, 5.0, 6.0 ], "autoUv": false },
																		"west": { "texture": "#belt-waist-plain-right-wood", "uv": [ 0.0, 0.0, 2.0, 0.5 ], "autoUv": false },
																		"down": { "texture": "#belt-waist-plain-right-wood", "uv": [ 0.0, 0.0, 1.0, 2.0 ], "autoUv": false }
																	},
																	"children": [
																		{
																			"name": "Buttstock_bottom10",
																			"from": [ 0.007, 0.0, 0.98 ],
																			"to": [ 0.665, 0.21, 1.47 ],
																			"rotationOrigin": [ 0.357, 0.07, 0.98 ],
																			"rotationX": 35.0,
																			"faces": {
																				"east": { "texture": "#belt-waist-plain-right-wood", "uv": [ 0.0, 0.0, 0.5, 0.5 ], "autoUv": false },
																				"west": { "texture": "#belt-waist-plain-right-wood", "uv": [ 0.0, 0.0, 0.5, 0.5 ], "autoUv": false },
																				"down": { "texture": "#belt-waist-plain-right-wood", "uv": [ 0.0, 0.0, 0.5, 0.5 ], "autoUv": false }
																			}
																		}
																	]
																}
															]
														},
														{
															"name": "Buttstock_bottom6",
															"from": [ 0.0, 0.0, -1.61 ],
															"to": [ 0.714, 0.84, -0.21 ],
															"rotationOrigin": [ 0.357, 0.84, -0.21 ],
															"rotationX": -20.0,
															"faces": {
																"north": { "texture": "#belt-waist-plain-right-wood", "uv": [ 0.0, 0.0, 1.0, 1.0 ], "autoUv": false },
																"east": { "texture": "#belt-waist-plain-right-wood", "uv": [ 7.0, 6.0, 9.0, 7.3 ], "autoUv": false },
																"south": { "texture": "#belt-waist-plain-right-wood", "uv": [ 2.5, 5.0, 3.5, 6.0 ], "autoUv": false, "windMode": [-1,-1,-1,-1] },
																"west": { "texture": "#belt-waist-plain-right-wood", "uv": [ 5.5, 7.2, 7.5, 8.3 ], "autoUv": false },
																"up": { "texture": "#belt-waist-plain-right-wood", "uv": [ 1.0, 2.5, 2.0, 4.5 ], "autoUv": false },
																"down": { "texture": "#belt-waist-plain-right-wood", "uv": [ 0.0, 0.0, 1.0, 2.0 ], "autoUv": false }
															},
															"children": [
																{
																	"name": "Buttstock_bottom7",
																	"from": [ 0.105, 0.63, 0.0 ],
																	"to": [ 0.609, 0.84, 1.4 ],
																	"rotationOrigin": [ 0.427, 0.84, 1.4 ],
																	"rotationX": 4.0,
																	"faces": {
																		"north": { "texture": "#belt-waist-plain-right-wood", "uv": [ 0.0, 0.0, 0.5, 0.5 ], "autoUv": false },
																		"east": { "texture": "#belt-waist-plain-right-wood", "uv": [ 2.5, 3.0, 4.5, 4.0 ], "autoUv": false },
																		"south": { "texture": "#belt-waist-plain-right-wood", "uv": [ 0.0, 0.0, 0.5, 0.5 ], "autoUv": false },
																		"west": { "texture": "#belt-waist-plain-right-wood", "uv": [ 0.0, 0.0, 2.0, 0.5 ], "autoUv": false },
																		"up": { "texture": "#belt-waist-plain-right-wood", "uv": [ 1.0, 2.5, 2.0, 4.5 ], "autoUv": false },
																		"down": { "texture": "#belt-waist-plain-right-wood", "uv": [ 0.0, 0.0, 0.5, 2.0 ], "autoUv": false }
																	}
																}
															]
														}
													]
												}
											]
										}
									]
								}
							]
						},
						{
							"name": "Sheath_4",
							"from": [ -1.0, -2.0, 2.0 ],
							"to": [ 2.0, 0.5, 2.2 ],
							"rotationOrigin": [ -1.0, -2.0, 2.0 ],
							"faces": {
								"north": { "texture": "#belt-waist-plain-material", "uv": [ 0.0, 0.0, 3.0, 2.5 ] },
								"east": { "texture": "#belt-waist-plain-material", "uv": [ 0.0, 0.0, 0.5, 2.5 ] },
								"south": { "texture": "#belt-waist-plain-material", "uv": [ 0.0, 0.0, 3.0, 2.5 ] },
								"west": { "texture": "#belt-waist-plain-material", "uv": [ 0.0, 0.0, 0.5, 2.5 ] },
								"up": { "texture": "#belt-waist-plain-material", "uv": [ 0.0, 0.0, 3.0, 0.5 ] },
								"down": { "texture": "#belt-waist-plain-material", "uv": [ 0.0, 0.0, 3.0, 0.5 ] }
							},
							"children": [
								{
									"name": "Sheath_7",
									"from": [ 0.4, 1.0, 0.0 ],
									"to": [ 0.8, 3.5, 0.2 ],
									"rotationOrigin": [ 0.4, 1.0, 0.0 ],
									"rotationX": 16.0,
									"faces": {
										"north": { "texture": "#belt-waist-plain-material", "uv": [ 0.0, 0.0, 0.5, 2.5 ] },
										"east": { "texture": "#belt-waist-plain-material", "uv": [ 0.0, 0.0, 0.5, 2.5 ] },
										"south": { "texture": "#belt-waist-plain-material", "uv": [ 0.0, 0.0, 0.5, 2.5 ] },
										"west": { "texture": "#belt-waist-plain-material", "uv": [ 0.0, 0.0, 0.5, 2.5 ] },
										"up": { "texture": "#belt-waist-plain-material", "uv": [ 0.0, 0.0, 0.5, 0.5 ] },
										"down": { "texture": "#belt-waist-plain-material", "uv": [ 0.0, 0.0, 0.5, 0.5 ] }
									}
								},
								{
									"name": "Sheath_8",
									"from": [ 2.4, 1.0, 0.0 ],
									"to": [ 2.8, 3.5, 0.2 ],
									"rotationOrigin": [ 2.4, 1.0, 0.0 ],
									"rotationX": 15.0,
									"faces": {
										"north": { "texture": "#belt-waist-plain-material", "uv": [ 0.0, 0.0, 0.5, 2.5 ] },
										"east": { "texture": "#belt-waist-plain-material", "uv": [ 0.0, 0.0, 0.5, 2.5 ] },
										"south": { "texture": "#belt-waist-plain-material", "uv": [ 0.0, 0.0, 0.5, 2.5 ] },
										"west": { "texture": "#belt-waist-plain-material", "uv": [ 0.0, 0.0, 0.5, 2.5 ] },
										"up": { "texture": "#belt-waist-plain-material", "uv": [ 0.0, 0.0, 0.5, 0.5 ] },
										"down": { "texture": "#belt-waist-plain-material", "uv": [ 0.0, 0.0, 0.5, 0.5 ] }
									}
								}
							]
						},
						{
							"name": "Sheath_5",
							"from": [ -1.1, -2.5, 0.6 ],
							"to": [ 1.6, -2.2, 2.3 ],
							"rotationOrigin": [ -1.1, -2.5, 0.6 ],
							"faces": {
								"north": { "texture": "#belt-waist-plain-metal", "uv": [ 0.0, 0.0, 2.5, 0.5 ] },
								"east": { "texture": "#belt-waist-plain-metal", "uv": [ 0.0, 0.0, 1.5, 0.5 ] },
								"south": { "texture": "#belt-waist-plain-metal", "uv": [ 0.0, 0.0, 2.5, 0.5 ] },
								"west": { "texture": "#belt-waist-plain-metal", "uv": [ 0.0, 0.0, 1.5, 0.5 ] },
								"up": { "texture": "#belt-waist-plain-metal", "uv": [ 0.0, 0.0, 2.5, 1.5 ] },
								"down": { "texture": "#belt-waist-plain-metal", "uv": [ 0.0, 0.0, 2.5, 1.5 ] }
							}
						},
						{
							"name": "Sheath_6",
							"from": [ -1.1, -5.3, 0.6 ],
							"to": [ 0.6, -5.0, 2.3 ],
							"rotationOrigin": [ -1.1, -5.3, 0.6 ],
							"faces": {
								"north": { "texture": "#belt-waist-plain-metal", "uv": [ 0.0, 0.0, 1.5, 0.5 ] },
								"east": { "texture": "#belt-waist-plain-metal", "uv": [ 0.0, 0.0, 1.5, 0.5 ] },
								"south": { "texture": "#belt-waist-plain-metal", "uv": [ 0.0, 0.0, 1.5, 0.5 ] },
								"west": { "texture": "#belt-waist-plain-metal", "uv": [ 0.0, 0.0, 1.5, 0.5 ] },
								"up": { "texture": "#belt-waist-plain-metal", "uv": [ 0.0, 0.0, 1.5, 1.5 ] },
								"down": { "texture": "#belt-waist-plain-metal", "uv": [ 0.0, 0.0, 1.5, 1.5 ] }
							}
						}
					]
				}
			]
		}
	]}