[
  {
    "file": "game:blocktypes/soil/clay",
    "op": "addmerge",
    "path": "/behaviors",
    "value": [{
        "name": "XSkillsClay",
        "properties": {
          "xp": 0.33
        }
      }
    ]
  },
  {
    "file": "game:blocktypes/soil/peat",
    "op": "addmerge",
    "path": "/behaviors",
    "value": [{
        "name": "XSkillsPeat",
        "properties": {
          "xp": 0.33
        }
      }
    ]
  },
  {
    "file": "game:blocktypes/stone/saltpeter",
    "op": "addmerge",
    "path": "/behaviors",
    "value": [{
        "name": "XSkillsSalpeter",
        "properties": {
          "xp": 0.5
        }
      }
    ]
  },
  {
    "file": "game:blocktypes/soil/soil",
    "op": "addmerge",
    "path": "/behaviors",
    "value": [{
      "name": "XSkillsSoil",
      "properties": {
        "xp": 0.1
        }
      }
    ]
  },
  {
    "file": "game:blocktypes/stone/sand",
    "op": "addmerge",
    "path": "/behaviors",
    "value": [{
      "name": "XSkillsSand",
      "properties": {
        "xp": 0.1
        }
      }
    ]
  },
  {
    "file": "game:blocktypes/stone/gravel",
    "op": "addmerge",
    "path": "/behaviors",
    "value": [{
      "name": "XSkillsSand",
      "properties": {
        "xp": 0.1
        }
      }
    ]
  },
  {
    "file": "game:blocktypes/soil/forestfloor",
    "op": "addmerge",
    "path": "/behaviors",
    "value": [{
      "name": "XSkillsSoil",
      "properties": {
        "xp": 0.1
        }
      }
    ]
  },
  {
    "file": "game:blocktypes/soil/muddygravel",
    "op": "addmerge",
    "path": "/behaviors",
    "value": [{
      "name": "XSkillsSoil",
      "properties": {
        "xp": 0.1
        }
      }
    ]
  },
  {
    "file": "waterwheels:blocktypes/alluvialblock",
    "op": "addmerge",
    "path": "/behaviors",
    "value": [{
        "name": "XSkillsClay",
        "properties": {
          "xp": 0.33
        }
      }
    ]
  },
]