{"GameVersion":"1.21.0-rc.6","SizeX":3,"SizeY":6,"SizeZ":3,"BlockCodes":{"9331":"game:metalblock-corroded-plain-brass","3296":"game:rockpolished-redmarble","513":"game:brickslabs-four-gray-down-free","9340":"game:metalblock-corroded-plain-gold","9376":"game:metalblock-new-riveted-uranium","1326":"game:metalblock-new-plain-gold","456":"game:chiseledblock","8613":"game:meta-underground"},"ItemCodes":{},"Indices":[1048576,1049600,1050624,2097152,2098176,2099200,1025,1048577,1049601,1050625,2097153,2098177,2099201,3146753,4195329,5243905,1048578,1049602,1050626,2097154,2098178,2099202],"BlockIds":[456,456,456,456,456,456,8613,456,456,456,456,456,456,456,456,456,456,456,456,456,456,456],"DecorIndices":[],"DecorIds":[],"BlockEntities":{"1048576":"!<d@[F*QKU#64c-E,TfC\"onW'!<d@[F*\\PI#64o6@VfsmCI<#NAIW-_Bldj%ARo7dDe!Pj$#O*mATDKnCi]UW!!%'c!!!$*A7]7hE`-gtz!=3^aFCB9*Df,QJ\"TSo8@s)7!Bk28c!!!!0s8N')$>\"'gFAlmaAO158!'^_qF(o/r;f?JdA,uZp#S1ujA7\\&CD/XK;;f?JdA,uZp\"USXSDe!QX@;TQi6Z7!cDe*Ei+C]A\"F)rI5Ci<g!$Q!5p@;0OP@<?($BjkgTF^]00Bln'#Erc7@!!!Q1!!!","1049600":"!<d@[F*QKU#64c-E,TfC\"onW'!<d@[F*\\SJ#64o6@VfsmCI<#NAIW-_Bldj%ARo7dDe!Pj$#O*mATDKnCi]UW!!%'c!!!$*A7]7hE`-gtz!=3^aFCB9*Df,QJ\"TSo8@s)7!Bk28d!!!!/n/hW?rr2s($>\"'gFAlmaAO158!'^_qF(o/r;f?JdA,uZp#S1ujA7\\&CD/XK;;f?JdA,uZp\"USXSDe!QX@;TQi6Z7!cDe*Ei+C]A\"F)rI5Ci<g!$Q!5p@;0OP@<?($BjkgTF^]00Bln'#Erc7@!!!Q1!!!","1050624":"!<d@[F*QKU#64c-E,TfC\"onW'!<d@[F*\\VK#64o6@VfsmCI<#NAIW-_Bldj%ARo7dDe!Pj$#O*mATDKnCi]UW!!%'c!!!$*A7]7hE`-gtz!=3^aFCB9*Df,QJ\"TSo8@s)7!Bk28c!!!!0n.,L)$>\"'gFAlmaAO158!'^_qF(o/r;f?JdA,uZp#S1ujA7\\&CD/XK;;f?JdA,uZp\"USXSDe!QX@;TQi6Z7!cDe*Ei+C]A\"F)rI5Ci<g!$Q!5p@;0OP@<?($BjkgTF^]00Bln'#Erc7@!!!Q1!!!","2097152":"!<d@[F*QKU#64c-E,TfC#64`(!<d@[F*\\PI#64o6@VfsmCI<#NAIW-_Bldj%ARo7dDe!Pj$#O*mATDKnCi]UW!!%'c!!!$*A7]7hE`-gtz!=3^aFCB9*Df,QJ\"TSo8@s)7!Bk28c!!!!0s8N')$>\"'gFAlmaAO158!'^_qF(o/r;f?JdA,uZp#S1ujA7\\&CD/XK;;f?JdA,uZp\"USXSDe!QX@;TQi6Z7!cDe*Ei+C]A\"F)rI5Ci<g!$Q!5p@;0OP@<?($BjkgTF^]00Bln'#Erc7@!!!Q1!!!","2098176":"!<d@[F*QKU#64c-E,TfC#64`(!<d@[F*\\SJ#64o6@VfsmCI<#NAIW-_Bldj%ARo7dDe!Pj$Zg3(G@Pc)DeWa'!<<*\"rp]pf$P@#lDfor.;f6Mt6ZljVBk28czd-q#C$#O*mATDKnCi]UW!!%'c!!!$*A7]7hE`-gtz!=3^aFCB9*Df,QJ\"TSo8@s)7!Bk28e!!!!/n/hW?rr2udo%sEQ$>\"'gFAlmaAO158!!!92F(o/r;f?JdA,uZ1#S1ujA7\\&CD/XK;;f?JdA,uZ1\"USXSDe!QX@;TQi6Z7!cDe*Ei+C]A\"F)rI5Ci<g!$Q!5p@;0OP@<?($BjkgTF^]00Bln'#Erc7@!!!Q1!!!","2099200":"!<d@[F*QKU#64c-E,TfC#64`(!<d@[F*\\VK#64o6@VfsmCI<#NAIW-_Bldj%ARo7dDe!Pj$Zg3(G@Pc)DeWa'!<<*\"s6pO!$P@#lDfor.;f6Mt6ZljVBk28dzi:$^WnaHMd$#O*mATDKnCi]UW!!%'c!!!$*A7]7hE`-gtz!=3^aFCB9*Df,QJ\"TSo8@s)7!Bk28c!!!!0n.,L)$>\"'gFAlmaAO158!!!92F(o/r;f?JdA,uZ1#S1ujA7\\&CD/XK;;f?JdA,uZ1\"USXSDe!QX@;TQi6Z7!cDe*Ei+C]A\"F)rI5Ci<g!$Q!5p@;0OP@<?($BjkgTF^]00Bln'#Erc7@!!!Q1!!!","1048577":"!<d@[F*QNV#64c-E,TfC\"onW'!<d@[F*\\PI#64o6@VfsmCI<#NAIW-_Bldj%ARo7dDe!Pj$#O*mATDKnCi]UW!!%'c!!!$*A7]7hE`-gtz!=3^aFCB9*Df,QJ\"TSo8@s)7!Bk28d!!!!/rr2ru*rc3G$>\"'gFAlmaAO158!'^_qF(o/r;f?JdA,uZp#S1ujA7\\&CD/XK;;f?JdA,uZp\"USXSDe!QX@;TQi6Z7!cDe*Ei+C]A\"F)rI5Ci<g!$Q!5p@;0OP@<?($BjkgTF^]00Bln'#Erc7@!!!Q1!!!","1049601":"!<d@[F*QNV#64c-E,TfC\"onW'!<d@[F*\\SJ#64o6@VfsmCI<#NAIW-_Bldj%ARo7dDe!Pj$#O*mATDKnCi]UW!!(pc!!!$*A7]7hE`-gtz!=3^aFCB9*Df,QJ\"TSo8@s)7!Bk28cznG`Io$>\"'gFAlmaAO158!'^_qF(o/r;f?JdA,uZp#S1ujA7\\&CD/XK;;f?JdA,uZp\"USXSDe!QX@;TQp:haf_+DkP-@VfTuEc5H'+=L')Ch[s(ARm4t(L_JqBl$LPFCfK,@;Je`@;^1$FD5<-!<<*\"!\"],1!!","1050625":"!<d@[F*QNV#64c-E,TfC\"onW'!<d@[F*\\VK#64o6@VfsmCI<#NAIW-_Bldj%ARo7dDe!Pj$#O*mATDKnCi]UW!!%'c!!!$*A7]7hE`-gtz!=3^aFCB9*Df,QJ\"TSo8@s)7!Bk28dz&0Cl^n/hW9$>\"'gFAlmaAO158!'^_qF(o/r;f?JdA,uZp#S1ujA7\\&CD/XK;;f?JdA,uZp\"USXSDe!QX@;TQi6Z7!cDe*Ei+C]A\"F)rI5Ci<g!$Q!5p@;0OP@<?($BjkgTF^]00Bln'#Erc7@!!!Q1!!!","2097153":"!<d@[F*QNV#64c-E,TfC#64`(!<d@[F*\\PI#64o6@VfsmCI<#NAIW-_Bldj%ARo7dDe!Pj$Zg3(G@Pc)DeWa'!<<*\"nG`Ff$P@#lDfor.;f6Mt6ZljVBk28cznB_.C$#O*mATDKnCi]UW!!%'c!!!$*A7]7hE`-gtz!=3^aFCB9*Df,QJ\"TSo8@s)7!Bk28ez*rc6\"rr2s.rqug&$>\"'gFAlmaAO158!!!92F(o/r;f?JdA,uZ1#S1ujA7\\&CD/XK;;f?JdA,uZ1\"USXSDe!QX@;TQi6Z7!cDe*Ei+C]A\"F)rI5Ci<g!$Q!5p@;0OP@<?($BjkgTF^]00Bln'#Erc7@!!!Q1!!!","2098177":"!<d@[F*QNV#64c-E,TfC#64`(!<d@[F*\\SJ#64o6@VfsmCI<#NAIW-_Bldj%ARo7dDe!Pj$#O*mATDKnCi]UW!!(pc!!!$*A7]7hE`-gtz!=3^aFCB9*Df,QJ\"TSo8@s)7!Bk28cznG`Io$>\"'gFAlmaAO158!'^_qF(o/r;f?JdA,uZp#S1ujA7\\&CD/XK;;f?JdA,uZp\"USXSDe!QX@;TQU$Q!5p@;0OP@<?($BjkgTF^]00Bln'#Erc7@!!!Q1!!!","2099201":"!<d@[F*QNV#64c-E,TfC#64`(!<d@[F*\\VK#64o6@VfsmCI<#NAIW-_Bldj%ARo7dDe!Pj$Zg3(G@Pc)DeWa'!<<*\"nF.M\"$P@#lDfor.;f6Mt6ZljVBk28czo'cVe$#O*mATDKnCi]UW!!%'c!!!$*A7]7hE`-gtz!=3^aFCB9*Df,QJ\"TSo8@s)7!Bk28ez&0Co3n/hW?n/VK7$>\"'gFAlmaAO158!!!92F(o/r;f?JdA,uZ1#S1ujA7\\&CD/XK;;f?JdA,uZ1\"USXSDe!QX@;TQi6Z7!cDe*Ei+C]A\"F)rI5Ci<g!$Q!5p@;0OP@<?($BjkgTF^]00Bln'#Erc7@!!!Q1!!!","3146753":"!<d@[F*QNV#64c-E,TfC#QOi)!<d@[F*\\SJ#64o6@VfsmCI<#NAIW-_Bldj%ARo7dDe!Pj$#O*mATDKnCi][Y!!!$$!!%Bl!!&Z;!!!$*A7]7hE`-gtz!=3^aFCB9*Df,QJ\"TSo8@s)7!Bk29)znFcj$n-8u5!VZV7iR\\'L:?MUss7ZPIA=*C^At&h>Ao%Oe8\"9Y1B!26S=,[1!Bq,7t>JC5_mcOSiB8cnK[$Ul^[[R<>[VQ#eQ^e-1[]]_SVi1Z!\\XW`tX1n_Z[u:BI_`.^f_`n0On`KoY$>\"'gFAlmaAO158!!!92F(o/r;f?JdA,uZQ#S1ujA7\\&CD/XK;;f?JdA,uZQ\"USXSDe!QX@;TR#96+H^FEMXIFD,5.7ri0LF:(rg@<?X'+>FueE,T8uF*&i=%rZK&B5)6lCdW>SDeWa'!<<*\"!:]^_$Q!5p@;0OP@<?($BjkgTF^]00Bln'#EruCB!!!9)!!!Q1!!!Q1!!!","4195329":"!<d@[F*QNV#64c-E,TfC#ljr*!<d@[F*\\SJ#64o6@VfsmCI<#NAIW-_Bldj%ARo7dDe!Pj$#O*mATDKnCi][Y!!%Bl!!&Z;!!\"VT!!!$*A7]7hE`-gtz!=3^aFCB9*Df,QJ\"TSo8@s)7!Bk29C!!!\"N\\=!>k319lRW1O%mB!;7LAmk]S8!*fdC:O<iAsWLN[X%qL\\>fP)>IjgAAnqFS7sb9D9\"P,B[XJ4p]\"\\7;Aq'dq=-3KjVgAEOWiH--]=S(ZB9<4lCUsOJ\\$l?M[V#Sq]\"%g=Mn/ntL2-kb[Vl0?Q[]&C[]f`L[UB1SQ]V:d]!MGd[Zgbp[UfH<S%8X2[VGm^Vi^tZ]=J\"=[snAs[ug^'\\#TPQ\\=WcUdld[>_`%RS_`InCdObICdl[WSe4ftfeU7GAfUW'0_`n1gfUi-L$>\"'gFAlmaAO158!!!92F(o/r;f?JdA,uZ1#S1ujA7\\&CD/XK;;f?JdA,uZ1\"USXSDe!QX@;TR\"96+H^FEMXIFD,5.7ri0LF:(rg@<?X'+>FueFDl2@D^c&1@<Q'nCe\\>[ATDKnCf,=`DKKT7Bk;>fz&-)\\1&-)\\1&-)\\1","5243905":"!<d@[F*QNV#64c-E,TfC$31&+!<d@[F*\\SJ#64o6@VfsmCI<#NAIW-_Bldj%ARo7dDe!Pj$#O*mATDKnCi][Y!!%Bl!!&Z;!!\"VT!!!$*A7]7hE`-gtz!=3^aFCB9*Df,QJ\"TSo8@s)7!Bk291!!!!#fTZA7aHZ`.<ce<E]!MH:[rh[M\\toC,VI]a-X0hr8<kAA:AmbTCLN!;1Ao[r2Aon#bLl27VQ?rUTRB$=RS%A[/Q!49tSBCp<L0t'!L110\"LN3ARL3!Dd[WDL^LNWZ1M5C7Z[Vu3aQ?!$e[UT:tQZE4RR#:q_[W2@/[rVP\\VRlj;_`IkB_`n2.$>\"'gFAlmaAO158!!!92F(o/r;f?JdA,uZ1#S1ujA7\\&CD/XK;;f?JdA,uZ1\"USXSDe!QX@;TR!96+H^FEMXIFD,5.7ri0LF:(rg@<?X'+>FueBOtU_.16r#G%#*$9jr-TEbSru;0?;bFD5i2ATIqR!!!!1!!!!1!!!!1!!!!","1048578":"!<d@[F*QQW#64c-E,TfC\"onW'!<d@[F*\\PI#64o6@VfsmCI<#NAIW-_Bldj%ARo7dDe!Pj$#O*mATDKnCi]UW!!%'c!!!$*A7]7hE`-gtz!=3^aFCB9*Df,QJ\"TSo8@s)7!Bk28cz&,uV8$>\"'gFAlmaAO158!'^_qF(o/r;f?JdA,uZp#S1ujA7\\&CD/XK;;f?JdA,uZp\"USXSDe!QX@;TQi6Z7!cDe*Ei+C]A\"F)rI5Ci<g!$Q!5p@;0OP@<?($BjkgTF^]00Bln'#Erc7@!!!Q1!!!","1049602":"!<d@[F*QQW#64c-E,TfC\"onW'!<d@[F*\\SJ#64o6@VfsmCI<#NAIW-_Bldj%ARo7dDe!Pj$#O*mATDKnCi]UW!!%'c!!!$*A7]7hE`-gtz!=3^aFCB9*Df,QJ\"TSo8@s)7!Bk28dz*rc3?&0ClX$>\"'gFAlmaAO158!'^_qF(o/r;f?JdA,uZp#S1ujA7\\&CD/XK;;f?JdA,uZp\"USXSDe!QX@;TQi6Z7!cDe*Ei+C]A\"F)rI5Ci<g!$Q!5p@;0OP@<?($BjkgTF^]00Bln'#Erc7@!!!Q1!!!","1050626":"!<d@[F*QQW#64c-E,TfC\"onW'!<d@[F*\\VK#64o6@VfsmCI<#NAIW-_Bldj%ARo7dDe!Pj$#O*mATDKnCi]UW!!%'c!!!$*A7]7hE`-gtz!=3^aFCB9*Df,QJ\"TSo8@s)7!Bk28cz!\"T&8$>\"'gFAlmaAO158!'^_qF(o/r;f?JdA,uZp#S1ujA7\\&CD/XK;;f?JdA,uZp\"USXSDe!QX@;TQi6Z7!cDe*Ei+C]A\"F)rI5Ci<g!$Q!5p@;0OP@<?($BjkgTF^]00Bln'#Erc7@!!!Q1!!!","2097154":"!<d@[F*QQW#64c-E,TfC#64`(!<d@[F*\\PI#64o6@VfsmCI<#NAIW-_Bldj%ARo7dDe!Pj$#O*mATDKnCi]UW!!%'c!!!$*A7]7hE`-gtz!=3^aFCB9*Df,QJ\"TSo8@s)7!Bk28cz&,uV8$>\"'gFAlmaAO158!'^_qF(o/r;f?JdA,uZp#S1ujA7\\&CD/XK;;f?JdA,uZp\"USXSDe!QX@;TQi6Z7!cDe*Ei+C]A\"F)rI5Ci<g!$Q!5p@;0OP@<?($BjkgTF^]00Bln'#Erc7@!!!Q1!!!","2098178":"!<d@[F*QQW#64c-E,TfC#64`(!<d@[F*\\SJ#64o6@VfsmCI<#NAIW-_Bldj%ARo7dDe!Pj$Zg3(G@Pc)DeWa'!<<*\"n.>U\"$P@#lDfor.;f6Mt6ZljVBk28c!!!!#nF-Dc$#O*mATDKnCi]UW!!%'c!!!$*A7]7hE`-gtz!=3^aFCB9*Df,QJ\"TSo8@s)7!Bk28ez&0ClP*rc5u'&NZp$>\"'gFAlmaAO158!!!92F(o/r;f?JdA,uZ1#S1ujA7\\&CD/XK;;f?JdA,uZ1\"USXSDe!QX@;TQi6Z7!cDe*Ei+C]A\"F)rI5Ci<g!$Q!5p@;0OP@<?($BjkgTF^]00Bln'#Erc7@!!!Q1!!!","2099202":"!<d@[F*QQW#64c-E,TfC#64`(!<d@[F*\\VK#64o6@VfsmCI<#NAIW-_Bldj%ARo7dDe!Pj$#O*mATDKnCi]UW!!%'c!!!$*A7]7hE`-gtz!=3^aFCB9*Df,QJ\"TSo8@s)7!Bk28cz!\"T&8$>\"'gFAlmaAO158!'^_qF(o/r;f?JdA,uZp#S1ujA7\\&CD/XK;;f?JdA,uZp\"USXSDe!QX@;TQi6Z7!cDe*Ei+C]A\"F)rI5Ci<g!$Q!5p@;0OP@<?($BjkgTF^]00Bln'#Erc7@!!!Q1!!!"},"Entities":[],"ReplaceMode":2,"EntranceRotation":-1,"OriginalPos":{"X":508124,"Z":512020,"InternalY":5}}