{"GameVersion":"1.21.0-rc.1","SizeX":5,"SizeY":10,"SizeZ":5,"BlockCodes":{"3580":"game:stonebricks-chert","4147":"game:drystone-mixed","11654":"game:metalblock-corroded-riveted-cupronickel","2662":"game:muddygravel","11652":"game:metalblock-corroded-plain-cupronickel","9376":"game:metalblock-new-riveted-uranium","1326":"game:metalblock-new-plain-gold","9338":"game:metalblock-corroded-riveted-copper","1325":"game:metalblock-new-plain-copper","456":"game:chiseledblock","8611":"game:meta-filler","9295":"game:jonas-lamp"},"ItemCodes":{},"Indices":[0,1024,2048,3072,4096,1048576,1049600,1050624,1051648,1052672,2097152,2098176,2099200,2100224,2101248,3145728,3146752,3147776,3148800,3149824,4194304,4195328,4196352,4197376,4198400,1,1025,2049,3073,4097,1048577,1049601,1050625,1051649,1052673,2097153,2098177,2099201,2100225,2101249,3145729,3146753,3147777,3148801,3149825,4194305,4195329,4196353,4197377,4198401,5243905,5244929,5245953,6292481,6293505,6294529,7341057,7342081,7343105,8389633,8390657,8391681,2,1026,2050,3074,4098,1048578,1049602,1050626,1051650,1052674,2097154,2098178,2099202,2100226,2101250,3145730,3146754,3147778,3148802,3149826,4194306,4195330,4196354,4197378,4198402,5243906,5244930,5245954,6292482,6293506,6294530,7341058,7342082,7343106,8389634,8390658,8391682,9439234,3,1027,2051,3075,4099,1048579,1049603,1050627,1051651,1052675,2097155,2098179,2099203,2100227,2101251,3145731,3146755,3147779,3148803,3149827,4194307,4195331,4196355,4197379,4198403,5243907,5244931,5245955,6292483,6293507,6294531,7341059,7342083,7343107,8389635,8390659,8391683,4,1028,2052,3076,4100,1048580,1049604,1050628,1051652,1052676,2097156,2098180,2099204,2100228,2101252,3145732,3146756,3147780,3148804,3149828,4194308,4195332,4196356,4197380,4198404],"BlockIds":[3580,3580,3580,3580,3580,456,456,456,456,456,8611,8611,8611,8611,8611,8611,8611,8611,8611,8611,8611,8611,8611,8611,8611,3580,3580,3580,3580,3580,456,3580,3580,3580,456,8611,456,456,456,8611,8611,456,456,456,8611,8611,456,456,456,8611,456,456,456,456,456,456,456,456,456,456,456,456,3580,3580,3580,3580,3580,456,3580,9338,3580,456,8611,456,456,456,8611,8611,456,456,456,8611,8611,456,456,456,8611,456,456,456,456,456,456,456,456,456,456,456,456,9295,3580,3580,3580,3580,3580,456,3580,3580,3580,456,8611,456,456,456,8611,8611,456,456,456,8611,8611,456,456,456,8611,456,456,456,456,456,456,456,456,456,456,456,456,3580,3580,3580,3580,3580,456,456,456,456,456,8611,8611,8611,8611,8611,8611,8611,8611,8611,8611,8611,8611,8611,8611,8611],"DecorIndices":[],"DecorIds":[],"BlockEntities":{"1048576":"!<d@[F*M3.#64c-E,TfC\"98E%!<d@[F*d?%#64o6@VfsmCI<#NAIW-_Bldj%ARo7dDe!Pj$#O*mATDKnCi]UW!!)p+!!!$*A7]7hE`-gtz!=3^aFCB9*Df,QJ\"TSo8@s)7!Bk28c!!!!)q\"Fao$>\"'gFAlmaAO158!!!92F(o/r;f?JdA,uZ1#S1ujA7\\&CD/XK;;f?JdA,uZ1\"USXSDe!QX@;TQg6YL%OF<GXHDf0,/@WH0mCNBk\"@<Q'nCe\\>[ATDKnCf,=`DKKT7Bk;>dz&-)\\1","1049600":"!<d@[F*M3.#64c-E,TfC\"98E%!<d@[F*dB&#64o6@VfsmCI<#NAIW-_Bldj%ARo7dDe!Pj$#O*mATDKnCi]UW!!)p+!!!$*A7]7hE`-gtz!=3^aFCB9*Df,QJ\"TSo8@s)7!Bk28c!!!!)nFlng$>\"'gFAlmaAO158!!!92F(o/r;f?JdA,uZ1#S1ujA7\\&CD/XK;;f?JdA,uZ1\"USXSDe!QX@;TQg6YL%OF<GXHDf0,/@WH0mCNBk\"@<Q'nCe\\>[ATDKnCf,=`DKKT7Bk;>dz&-)\\1","1050624":"!<d@[F*M3.#64c-E,TfC\"98E%!<d@[F*dE'#64o6@VfsmCI<#NAIW-_Bldj%ARo7dDe!Pj$#O*mATDKnCi]UW!!)p+!!!$*A7]7hE`-gtz!=3^aFCB9*Df,QJ\"TSo8@s)7!Bk28c!!!!)nFlng$>\"'gFAlmaAO158!!!92F(o/r;f?JdA,uZ1#S1ujA7\\&CD/XK;;f?JdA,uZ1\"USXSDe!QX@;TQg6YL%OF<GXHDf0,/@WH0mCNBk\"@<Q'nCe\\>[ATDKnCf,=`DKKT7Bk;>dz&-)\\1","1051648":"!<d@[F*M3.#64c-E,TfC\"98E%!<d@[F*dH(#64o6@VfsmCI<#NAIW-_Bldj%ARo7dDe!Pj$#O*mATDKnCi]UW!!)p+!!!$*A7]7hE`-gtz!=3^aFCB9*Df,QJ\"TSo8@s)7!Bk28c!!!!)nFlng$>\"'gFAlmaAO158!!!92F(o/r;f?JdA,uZ1#S1ujA7\\&CD/XK;;f?JdA,uZ1\"USXSDe!QX@;TQg6YL%OF<GXHDf0,/@WH0mCNBk\"@<Q'nCe\\>[ATDKnCf,=`DKKT7Bk;>dz&-)\\1","1052672":"!<d@[F*M3.#64c-E,TfC\"98E%!<d@[F*dK)#64o6@VfsmCI<#NAIW-_Bldj%ARo7dDe!Pj$#O*mATDKnCi]UW!!)p+!!!$*A7]7hE`-gtz!=3^aFCB9*Df,QJ\"TSo8@s)7!Bk28c!!!!)n94j<$>\"'gFAlmaAO158!!!92F(o/r;f?JdA,uZ1#S1ujA7\\&CD/XK;;f?JdA,uZ1\"USXSDe!QX@;TQg6YL%OF<GXHDf0,/@WH0mCNBk\"@<Q'nCe\\>[ATDKnCf,=`DKKT7Bk;>dz&-)\\1","1048577":"!<d@[F*M6/#64c-E,TfC\"98E%!<d@[F*d?%#64o6@VfsmCI<#NAIW-_Bldj%ARo7dDe!Pj$#O*mATDKnCi]UW!!)p+!!!$*A7]7hE`-gtz!=3^aFCB9*Df,QJ\"TSo8@s)7!Bk28czq\"Fao$>\"'gFAlmaAO158!!!92F(o/r;f?JdA,uZ1#S1ujA7\\&CD/XK;;f?JdA,uZ1\"USXSDe!QX@;TQg6YL%OF<GXHDf0,/@WH0mCNBk\"@<Q'nCe\\>[ATDKnCf,=`DKKT7Bk;>dz&-)\\1","1052673":"!<d@[F*M6/#64c-E,TfC\"98E%!<d@[F*dK)#64o6@VfsmCI<#NAIW-_Bldj%ARo7dDe!Pj$#O*mATDKnCi]UW!!)p+!!!$*A7]7hE`-gtz!=3^aFCB9*Df,QJ\"TSo8@s)7!Bk28czn94j<$>\"'gFAlmaAO158!!!92F(o/r;f?JdA,uZ1#S1ujA7\\&CD/XK;;f?JdA,uZ1\"USXSDe!QX@;TQg6YL%OF<GXHDf0,/@WH0mCNBk\"@<Q'nCe\\>[ATDKnCf,=`DKKT7Bk;>dz&-)\\1","2098177":"!<d@[F*M6/#64c-E,TfC\"TSN&!<d@[F*dB&#64o6@VfsmCI<#NAIW-_Bldj%ARo7dDe!Pj$#O*mATDKnCi]UW!!\"ed!!!$*A7]7hE`-gtz!=3^aFCB9*Df,QJ\"TSo8@s)7!Bk294!!!!)SC%<Dposf+rp]t<qU,@)X0VderR1`Sr6PE_rQtU,qP+$Pr5/LCeo:[0r4r@arq-7Rqmc]#qP4*br7:prqPXCQr6#)!rqHJ`b,GB2rS%=brp0X/chme0r8.M@s8E\"(qPF70rq?DPrR_+@rqZW.s8)f@r7qA/rpKjcs8N'OplkcMqPaItlFR&As8;q)q3:r`qmuh6$>\"'gFAlmaAO158!!!92F(o/r;f?JdA,uZ1#S1ujA7\\&CD/XK;;f?JdA,uZ1\"USXSDe!QX@;TQd9kei`A0>E'Gp%0MDf0+o(L_JqBl$LPFCfK,@;Je`@;^1$FD5<-!<<*\"!\"],1!!","2099201":"!<d@[F*M6/#64c-E,TfC\"TSN&!<d@[F*dE'#64o6@VfsmCI<#NAIW-_Bldj%ARo7dDe!Pj$#O*mATDKnCi]UW!!\"ed!!!$*A7]7hE`-gtz!=3^aFCB9*Df,QJ\"TSo8@s)7!Bk29)!!!!,n3[1Ln2C>?YS[A#n/24bcklbQcj9]Un-oB#i!KHWZ8;PcZS_^kp%&.k[IO;Z[rVO2\\aoeor:L&:]Z1\"imIpTr^%MGRc1_3VrqQP2hY7(ecLq6b^@qVfmeHjAcM7Hu^\\@f\"ht[8Ts7u^$$>\"'gFAlmaAO158!'^_qF(o/r;f?JdA,uZp#S1ujA7\\&CD/XK;;f?JdA,uZp\"USXSDe!QX@;TQd9kei`A0>E'Gp%0MDf0+o(L_JqBl$LPFCfK,@;Je`@;^1$FD5<-!<<*\"!\"],1!!","2100225":"!<d@[F*M6/#64c-E,TfC\"TSN&!<d@[F*dH(#64o6@VfsmCI<#NAIW-_Bldj%ARo7dDe!Pj$#O*mATDKnCi]UW!!\"ed!!!$*A7]7hE`-gtz!=3^aFCB9*Df,QJ\"TSo8@s)7!Bk29-!!!!'nhC+Mn.bp/Zr$fQnhgCse5H?^co1r^n-T/Q_DqUbnJM=bnJD8,nJVD>n-]4)oKWBbeo:\\kdQ7HAnJ_JPn.,NCi\\(;enK.btdm!gQoK`J:ngOR0dl@EQnJhN=ohb^,n0\\3ro/H`Qnga^Sj#d=fo/m$Anh1\"3o0*-[$>\"'gFAlmaAO158!!!92F(o/r;f?JdA,uZ1#S1ujA7\\&CD/XK;;f?JdA,uZ1\"USXSDe!QX@;TQd9kei`A0>E'Gp%0MDf0+o(L_JqBl$LPFCfK,@;Je`@;^1$FD5<-!<<*\"!\"],1!!","3146753":"!<d@[F*M6/#64c-E,TfC\"onW'!<d@[F*dB&#64o6@VfsmCI<#NAIW-_Bldj%ARo7dDe!Pj$#O*mATDKnCi]UW!!\"ed!!!$*A7]7hE`-gtz!=3^aFCB9*Df,QJ\"TSo8@s)7!Bk29)!!!!-rR(ZcrpBb;r5&G-rRCmQs7HA.r6,.grS7I$htI,Ps8E!-rnmbsr4r@Rs7$(Pr6kX/s764rr5AYQrRLscs7QGPs7lZNr656?rr2s.s6p\"@s7-.br58S1s7?<ZrSIScr4i;^s7ZN^r6>9J$>\"'gFAlmaAO158!!!92F(o/r;f?JdA,uZ1#S1ujA7\\&CD/XK;;f?JdA,uZ1\"USXSDe!QX@;TQd9kei`A0>E'Gp%0MDf0+o(L_JqBl$LPFCfK,@;Je`@;^1$FD5<-!<<*\"!\"],1!!","3147777":"!<d@[F*M6/#64c-E,TfC\"onW'!<d@[F*dE'#64o6@VfsmCI<#NAIW-_Bldj%ARo7dDe!Pj$Zg3(G@Pc)DeWa'#ljr*rSUHOrq0Uus7&kbmF?XcmcJBeh;$6TXM>/CT)6%uTDGMe$P@#lDfor.;f6Mt6ZljVBk28gzYj_W$_=.F6plGIcpM^*Cp0[k.$#O*mATDKnCi]UW!!\"ed!!!$*A7]7hE`-gtz!=3^aFCB9*Df,QJ\"TSo8@s)7!Bk29B!!!##n-T/dnJ_JQnim-!oLo80pl>F\"qRusSrSIV2p3m\"tq4@ZCr655trpKjSn/hYtoM5JSoj.Xcs8N(Jn-K)Ds8;qXnJD7dp1aT!qmc]urp0WflDjp!n-oB3nga^SoLf1upNutTq4%H!qmujRnJqVToj%RCp1s`Sr6,/toM#>Rr6GBBoj7^upO<2BqS*#Kn-/l2s7QGBp1FATqPaIUqmZWeroa?SoihEgpNchCngXXCoL]+epko-eo/crep1jZCqPsV2rS%>Pp29p:$>\"'gFAlmaAO158!!!92F(o/r;f?JdA,uZ1#S1ujA7\\&CD/XK;;f?JdA,uZ1\"USXSDe!QX@;TQd9kei`A0>E'Gp%0MDf0+o(L_JqBl$LPFCfK,@;Je`@;^1$FD5<-!<<*\"!\"],1!!","3148801":"!<d@[F*M6/#64c-E,TfC\"onW'!<d@[F*dH(#64o6@VfsmCI<#NAIW-_Bldj%ARo7dDe!Pj$#O*mATDKnCi]UW!!\"ed!!!$*A7]7hE`-gtz!=3^aFCB9*Df,QJ\"TSo8@s)7!Bk29'!!!!-i$/4Qj\"^U.n.l\"/nga]V_`RpHi#Mgan.#F-dkLhsi\\UX@o/-Mrj#mCengsk/nK.c0n.,L?j\"UNtj\"g[Qj#-o*nh1\"2o0*-bn.PdDnf[utnfn-an-oAIo/?Z1nJqV5o0!'Z$>\"'gFAlmaAO158!!!92F(o/r;f?JdA,uZ1#S1ujA7\\&CD/XK;;f?JdA,uZ1\"USXSDe!QX@;TQd9kei`A0>E'Gp%0MDf0+o(L_JqBl$LPFCfK,@;Je`@;^1$FD5<-!<<*\"!\"],1!!","4195329":"!<d@[F*M6/#64c-E,TfC#64`(!<d@[F*dB&#64o6@VfsmCI<#NAIW-_Bldj%ARo7dDe!Pj$#O*mATDKnCi]XX!!%a*!!$U<!!!$*A7]7hE`-gtz!=3^aFCB9*Df,QJ\"TSo8@s)7!Bk28o!!!!/ro=(is764cn+Hcgmc=FdroO61mcX\\#s8N(jrpBdcmdC0Ps7QG\"roF01roa@^rpKgm$>\"'gFAlmaAO158!!!92F(o/r;f?JdA,uZ1#S1ujA7\\&CD/XK;;f?JdA,uZ1\"USXSDe!QX@;TQp6Zm?gDf09!CLq<)@VfsmCEP$GBm+'0ARm4t(L_JqBl$LPFCfK,@;Je`@;^1$FD5<-!WW3#!\"],1!\"],1!!","4196353":"!<d@[F*M6/#64c-E,TfC#64`(!<d@[F*dE'#64o6@VfsmCI<#NAIW-_Bldj%ARo7dDe!Pj$#O*mATDKnCi]UW!!%[(!!!$*A7]7hE`-gtz!=3^aFCB9*Df,QJ\"TSo8@s)7!Bk28d!!!!0n.,L0s8N')$>\"'gFAlmaAO158!!!92F(o/r;f?JdA,uZ1#S1ujA7\\&CD/XK;;f?JdA,uZ1\"USXSDe!QX@;TQf6Zm?gDf09!CLq<)@VfsmCC:qeG%#*$9jr-TEbSru;0?;bFD5i2ATIkP!!!!1!!!!","4197377":"!<d@[F*M6/#64c-E,TfC#64`(!<d@[F*dH(#64o6@VfsmCI<#NAIW-_Bldj%ARo7dDe!Pj$#O*mATDKnCi]XX!!%a*!!$U<!!!$*A7]7hE`-gtz!=3^aFCB9*Df,QJ\"TSo8@s)7!Bk28f!!!!/n/_T/n.,Nui?&+#nK.`:$>\"'gFAlmaAO158!!!92F(o/r;f?JdA,uZ1#S1ujA7\\&CD/XK;;f?JdA,uZ1\"USXSDe!QX@;TQp6Zm?gDf09!CLq<)@VfsmCEP$GBm+'0ARm4t(L_JqBl$LPFCfK,@;Je`@;^1$FD5<-!WW3#!\"],1!\"],1!!","5243905":"!<d@[F*M6/#64c-E,TfC#QOi)!<d@[F*dB&#64o6@VfsmCI<#NAIW-_Bldj%ARo7dDe!Pj$#O*mATDKnCi]XX!!%a*!!$U<!!!$*A7]7hE`-gtz!=3^aFCB9*Df,QJ\"TSo8@s)7!Bk28q!!!!/rpTn/mcXZms7$(An+$KCs8N(jmcjedrp'U1md'u2rpKh/ro*o2s7-.SroF0!roX9BrosO1rp0Uj$>\"'gFAlmaAO158!!!92F(o/r;f?JdA,uZ1#S1ujA7\\&CD/XK;;f?JdA,uZ1\"USXSDe!QX@;TQp6Zm?gDf09!CLq<)@VfsmCEP$GBm+'0ARm4t(L_JqBl$LPFCfK,@;Je`@;^1$FD5<-!WW3#!\"],1!\"],1!!","5244929":"!<d@[F*M6/#64c-E,TfC#QOi)!<d@[F*dE'#64o6@VfsmCI<#NAIW-_Bldj%ARo7dDe!Pj$#O*mATDKnCi]UW!!%[(!!!$*A7]7hE`-gtz!=3^aFCB9*Df,QJ\"TSo8@s)7!Bk28d!!!!0n.,L0s8N')$>\"'gFAlmaAO158!'^_qF(o/r;f?JdA,uZp#S1ujA7\\&CD/XK;;f?JdA,uZp\"USXSDe!QX@;TQf6Zm?gDf09!CLq<)@VfsmCC:qeG%#*$9jr-TEbSru;0?;bFD5i2ATIkP!!!!1!!!!","5245953":"!<d@[F*M6/#64c-E,TfC#QOi)!<d@[F*dH(#64o6@VfsmCI<#NAIW-_Bldj%ARo7dDe!Pj$#O*mATDKnCi]XX!!%a*!!$U<!!!$*A7]7hE`-gtz!=3^aFCB9*Df,QJ\"TSo8@s)7!Bk28j!!!!/n,NFui=c55huNj2n.,LonK.`AnIbgDn,WMRnIkp/$>\"'gFAlmaAO158!!!92F(o/r;f?JdA,uZ1#S1ujA7\\&CD/XK;;f?JdA,uZ1\"USXSDe!QX@;TQp6Zm?gDf09!CLq<)@VfsmCEP$GBm+'0ARm4t(L_JqBl$LPFCfK,@;Je`@;^1$FD5<-!WW3#!\"],1!\"],1!!","6292481":"!<d@[F*M6/#64c-E,TfC#ljr*!<d@[F*dB&#64o6@VfsmCI<#NAIW-_Bldj%ARo7dDe!Pj$#O*mATDKnCi]UW!!%a*!!!$*A7]7hE`-gtz!=3^aFCB9*Df,QJ\"TSo8@s)7!Bk28c!!!!/rr2s($>\"'gFAlmaAO158!'^_qF(o/r;f?JdA,uZp#S1ujA7\\&CD/XK;;f?JdA,uZp\"USXSDe!QX@;TQp6Zm?gDf09!CLq<)@VfsmCEP$GBm+'0ARm4t(L_JqBl$LPFCfK,@;Je`@;^1$FD5<-!<<*\"!\"],1!!","6293505":"!<d@[F*M6/#64c-E,TfC#ljr*!<d@[F*dE'#64o6@VfsmCI<#NAIW-_Bldj%ARo7dDe!Pj$#O*mATDKnCi]UW!!%[(!!!$*A7]7hE`-gtz!=3^aFCB9*Df,QJ\"TSo8@s)7!Bk28d!!!!0n.,L0s8N')$>\"'gFAlmaAO158!'^_qF(o/r;f?JdA,uZp#S1ujA7\\&CD/XK;;f?JdA,uZp\"USXSDe!QX@;TQf6Zm?gDf09!CLq<)@VfsmCC:qeG%#*$9jr-TEbSru;0?;bFD5i2ATIkP!!!!1!!!!","6294529":"!<d@[F*M6/#64c-E,TfC#ljr*!<d@[F*dH(#64o6@VfsmCI<#NAIW-_Bldj%ARo7dDe!Pj$#O*mATDKnCi]UW!!%a*!!!$*A7]7hE`-gtz!=3^aFCB9*Df,QJ\"TSo8@s)7!Bk28c!!!!/n/hW9$>\"'gFAlmaAO158!'^_qF(o/r;f?JdA,uZp#S1ujA7\\&CD/XK;;f?JdA,uZp\"USXSDe!QX@;TQp6Zm?gDf09!CLq<)@VfsmCEP$GBm+'0ARm4t(L_JqBl$LPFCfK,@;Je`@;^1$FD5<-!<<*\"!\"],1!!","7341057":"!<d@[F*M6/#64c-E,TfC$31&+!<d@[F*dB&#64o6@VfsmCI<#NAIW-_Bldj%ARo7dDe!Pj$#O*mATDKnCi]UW!!%a*!!!$*A7]7hE`-gtz!=3^aFCB9*Df,QJ\"TSo8@s)7!Bk28c!!!!/rr2s($>\"'gFAlmaAO158!'^_qF(o/r;f?JdA,uZp#S1ujA7\\&CD/XK;;f?JdA,uZp\"USXSDe!QX@;TQp6Zm?gDf09!CLq<)@VfsmCEP$GBm+'0ARm4t(L_JqBl$LPFCfK,@;Je`@;^1$FD5<-!<<*\"!\"],1!!","7342081":"!<d@[F*M6/#64c-E,TfC$31&+!<d@[F*dE'#64o6@VfsmCI<#NAIW-_Bldj%ARo7dDe!Pj$#O*mATDKnCi]UW!!%[(!!!$*A7]7hE`-gtz!=3^aFCB9*Df,QJ\"TSo8@s)7!Bk28d!!!!0n.,L0s8N')$>\"'gFAlmaAO158!'^_qF(o/r;f?JdA,uZp#S1ujA7\\&CD/XK;;f?JdA,uZp\"USXSDe!QX@;TQf6Zm?gDf09!CLq<)@VfsmCC:qeG%#*$9jr-TEbSru;0?;bFD5i2ATIkP!!!!1!!!!","7343105":"!<d@[F*M6/#64c-E,TfC$31&+!<d@[F*dH(#64o6@VfsmCI<#NAIW-_Bldj%ARo7dDe!Pj$#O*mATDKnCi]UW!!%a*!!!$*A7]7hE`-gtz!=3^aFCB9*Df,QJ\"TSo8@s)7!Bk28c!!!!/n/hW9$>\"'gFAlmaAO158!'^_qF(o/r;f?JdA,uZp#S1ujA7\\&CD/XK;;f?JdA,uZp\"USXSDe!QX@;TQp6Zm?gDf09!CLq<)@VfsmCEP$GBm+'0ARm4t(L_JqBl$LPFCfK,@;Je`@;^1$FD5<-!<<*\"!\"],1!!","8389633":"!<d@[F*M6/#64c-E,TfC$NL/,!<d@[F*dB&#64o6@VfsmCI<#NAIW-_Bldj%ARo7dDe!Pj$Zg3(G@Pc)DeWa'!rr<$*rka1+9(4!%dr6T$P@#lDfor.;f6Mt6ZljVBk28dznB_.9hXCLQ$#O*mATDKnCi]UW!!%a*!!!$*A7]7hE`-gtz!=3^aFCB9*Df,QJ\"TSo8@s)7!Bk28e!!!!/rpTn/s7$(2ro!h_$>\"'gFAlmaAO158!!!92F(o/r;f?JdA,uZ1#S1ujA7\\&CD/XK;;f?JdA,uZ1\"USXSDe!QX@;TQp6Zm?gDf09!CLq<)@VfsmCEP$GBm+'0ARm4t(L_JqBl$LPFCfK,@;Je`@;^1$FD5<-!<<*\"!\"],1!!","8390657":"!<d@[F*M6/#64c-E,TfC$NL/,!<d@[F*dE'#64o6@VfsmCI<#NAIW-_Bldj%ARo7dDe!Pj$Zg3(G@Pc)DeWa'#ljr*^\\<WdYOuW1T(GSSTDQ/!Iccss?LfrR?i8FS54B3c5Q:6S$P@#lDfor.;f6Mt6ZljVBk28ezd-q#Fj\\Ppfq4I]q$#O*mATDKnCi][Y!!%[(!!&Z;!!\"VT!!!$*A7]7hE`-gtz!=3^aFCB9*Df,QJ\"TSo8@s)7!Bk28l!!!!/n.Pd3rpp+BnhgD\"r7(dBoN;/hqRHTDp6Pc?p6brbor8).pPT(Y$>\"'gFAlmaAO158!!!92F(o/r;f?JdA,uZ1#S1ujA7\\&CD/XK;;f?JdA,uZ1\"USXSDe!QX@;TQo6Z7!cDe*Ei+CfP5Ec5i0@r#Xl+C]/*@quGg@<Q'nCe\\>[ATDKnCf,=`DKKT7Bk;>fz&-)\\1&-)\\1&-)\\1","8391681":"!<d@[F*M6/#64c-E,TfC$NL/,!<d@[F*dH(#64o6@VfsmCI<#NAIW-_Bldj%ARo7dDe!Pj$Zg3(G@Pc)DeWa'!rr<$*q011+7TpC%cIs!$P@#lDfor.;f6Mt6ZljVBk28dzd-q#Go'cVe$#O*mATDKnCi]UW!!%a*!!!$*A7]7hE`-gtz!=3^aFCB9*Df,QJ\"TSo8@s)7!Bk28e!!!!/n,WM!nIP[BnIYa,$>\"'gFAlmaAO158!!!92F(o/r;f?JdA,uZ1#S1ujA7\\&CD/XK;;f?JdA,uZ1\"USXSDe!QX@;TQp6Zm?gDf09!CLq<)@VfsmCEP$GBm+'0ARm4t(L_JqBl$LPFCfK,@;Je`@;^1$FD5<-!<<*\"!\"],1!!","1048578":"!<d@[F*M90#64c-E,TfC\"98E%!<d@[F*d?%#64o6@VfsmCI<#NAIW-_Bldj%ARo7dDe!Pj$#O*mATDKnCi]UW!!)p+!!!$*A7]7hE`-gtz!=3^aFCB9*Df,QJ\"TSo8@s)7!Bk28czq\"Fao$>\"'gFAlmaAO158!!!92F(o/r;f?JdA,uZ1#S1ujA7\\&CD/XK;;f?JdA,uZ1\"USXSDe!QX@;TQg6YL%OF<GXHDf0,/@WH0mCNBk\"@<Q'nCe\\>[ATDKnCf,=`DKKT7Bk;>dz&-)\\1","1052674":"!<d@[F*M90#64c-E,TfC\"98E%!<d@[F*dK)#64o6@VfsmCI<#NAIW-_Bldj%ARo7dDe!Pj$#O*mATDKnCi]UW!!)p+!!!$*A7]7hE`-gtz!=3^aFCB9*Df,QJ\"TSo8@s)7!Bk28czn94j<$>\"'gFAlmaAO158!!!92F(o/r;f?JdA,uZ1#S1ujA7\\&CD/XK;;f?JdA,uZ1\"USXSDe!QX@;TQg6YL%OF<GXHDf0,/@WH0mCNBk\"@<Q'nCe\\>[ATDKnCf,=`DKKT7Bk;>dz&-)\\1","2098178":"!<d@[F*M90#64c-E,TfC\"TSN&!<d@[F*dB&#64o6@VfsmCI<#NAIW-_Bldj%ARo7dDe!Pj$#O*mATDKnCi]UW!!\"ed!!!$*A7]7hE`-gtz!=3^aFCB9*Df,QJ\"TSo8@s)7!Bk29)!!!!,qsse]r:^1dqmZWdrqQPSr7D\"Ar7M(Rs8;r$rosJWgU$rcbI%<MXRcDlX0M^bMmEC;CU4\"+47rSp41>2t0'<4B/%,Fs/B7`u+8GnE*S:@\"*6%tt)n,ft*pEZT*6A22$b-1u%G:`S%f-/2$>\"'gFAlmaAO158!'^_qF(o/r;f?JdA,uZp#S1ujA7\\&CD/XK;;f?JdA,uZp\"USXSDe!QX@;TQd9kei`A0>E'Gp%0MDf0+o(L_JqBl$LPFCfK,@;Je`@;^1$FD5<-!<<*\"!\"],1!!","2099202":"!<d@[F*M90#64c-E,TfC\"TSN&!<d@[F*dE'#64o6@VfsmCI<#NAIW-_Bldj%ARo7dDe!Pj$#O*mATDKnCi]XX!!%<j!!\"VT!!!$*A7]7hE`-gtz!=3^aFCB9*Df,QJ\"TSo8@s)7!Bk28pzd/O(UnG3.!n1OdUo/crdjBDZ!pA4j8j#mFgjBVc2k%t.Ep\\t6]o036CjB_lTp29s1oNqS($>\"'gFAlmaAO158!'^_qF(o/r;f?JdA,uZn#S1ujA7\\&CD/XK;;f?JdA,uZp\"USXSDe!QX@;TQe9jqRD+C]U=;fk<9EbSs\"$Q!5p@;0OP@<?($BjkgTF^]00Bln'#Erl=A!!!Q1!!!Q1!!!","2100226":"!<d@[F*M90#64c-E,TfC\"TSN&!<d@[F*dH(#64o6@VfsmCI<#NAIW-_Bldj%ARo7dDe!Pj$#O*mATDKnCi]UW!!\"ed!!!$*A7]7hE`-gtz!=3^aFCB9*Df,QJ\"TSo8@s)7!Bk29)z5XPN:0K/ts'M&4S&/bIu&i]lQ!]^7R!\"Aq$!?(r)1dh=B1dqBJn1t%JoKiO:F@-$goKrUPn3m>)`('fEnJ;1BoL8h/o/?Yen-K)4ngFKUo/6StoLAnAnJM=eo/Qf3oLJtSngORBn/;94$>\"'gFAlmaAO158!!!92F(o/r;f?JdA,uZ1#S1ujA7\\&CD/XK;;f?JdA,uZ1\"USXSDe!QX@;TQd9kei`A0>E'Gp%0MDf0+o(L_JqBl$LPFCfK,@;Je`@;^1$FD5<-!<<*\"!\"],1!!","3146754":"!<d@[F*M90#64c-E,TfC\"onW'!<d@[F*dB&#64o6@VfsmCI<#NAIW-_Bldj%ARo7dDe!Pj$Zg3(G@Pc)DeWa'$31&+n1F)/naHJXo8`8>p3kfuqu,s`jB^UBkcN\\Al)sFSdllLeYPcNC$P@#lDfor.;f6Mt6ZljVBk28dzi4o='n?;m#$#O*mATDKnCi]UW!!\"ed!!!$*A7]7hE`-gtz!=3^aFCB9*Df,QJ\"TSo8@s)7!Bk297!!!\",&,uWK%dsDU/`-PJ+9)=l*q'*VS_X:O0E2$h/aNJcNpctcrqlcFs8N(P?MOT.DYjFP?/,G@rS@ON?KqOaIGY%&^\\\\#OIG=g9Nq`UAYPA0sT'?<cNp?[jTD/DCT'67.rpBcDYP8*dXm#hd^?YdBh:r#-rU0a!s8)fOh;&'jrqHJas7u`/rp'QUmHO\\cmFqVZs7ZMCroX9RrosKer7V,V$>\"'gFAlmaAO158!!!92F(o/r;f?JdA,uZ1#S1ujA7\\&CD/XK;;f?JdA,uZ1\"USXSDe!QX@;TQd9kei`A0>E'Gp%0MDf0+o(L_JqBl$LPFCfK,@;Je`@;^1$FD5<-!<<*\"!\"],1!!","3147778":"!<d@[F*M90#64c-E,TfC\"onW'!<d@[F*dE'#64o6@VfsmCI<#NAIW-_Bldj%ARo7dDe!Pj$#O*mATDKnCi]UW!!%<j!!!$*A7]7hE`-gtz!=3^aFCB9*Df,QJ\"TSo8@s)7!Bk28cznG`Io$>\"'gFAlmaAO158!'^_qF(o/r;f?JdA,uZp#S1ujA7\\&CD/XK;;f?JdA,uZp\"USXSDe!QX@;TQt6Z7!cDe*Ei+Cf>/E+O&4@VfsmCEP$GBm+'0ARm4t(L_JqBl$LPFCfK,@;Je`@;^1$FD5<-!<<*\"!\"],1!!","3148802":"!<d@[F*M90#64c-E,TfC\"onW'!<d@[F*dH(#64o6@VfsmCI<#NAIW-_Bldj%ARo7dDe!Pj$Zg3(G@Pc)DeWa'#64`(n5:n>pQ@00r4sHTrUMTAlEW#BgqkWCTE@4T$P@#lDfor.;f6Mt6ZljVBk28dzo^Dh]o.U.P$#O*mATDKnCi]UW!!\"ed!!!$*A7]7hE`-gtz!=3^aFCB9*Df,QJ\"TSo8@s)7!Bk29.!!!\",!\"T'K!?V<7&h3mS\"$-G?OtQfd&0Cn7&h*gc&h<sV+:eIX+Wg^$1+`L4?k37T@35KF5RILu5oTgB67`,%:^I-!?jZnbi[k/^n/hYOn/MGLJh-o4YT!SBTc*pRZ7H\"@Z7Z-jn-]6@dOYCcnh0uln-T/UnJ_IHn-/lBnJ;02$>\"'gFAlmaAO158!!!92F(o/r;f?JdA,uZ1#S1ujA7\\&CD/XK;;f?JdA,uZ1\"USXSDe!QX@;TQd9kei`A0>E'Gp%0MDf0+o(L_JqBl$LPFCfK,@;Je`@;^1$FD5<-!<<*\"!\"],1!!","4195330":"!<d@[F*M90#64c-E,TfC#64`(!<d@[F*dB&#64o6@VfsmCI<#NAIW-_Bldj%ARo7dDe!Pj$#O*mATDKnCi]UW!!%[(!!!$*A7]7hE`-gtz!=3^aFCB9*Df,QJ\"TSo8@s)7!Bk28d!!!!0s8N'!&,uV8$>\"'gFAlmaAO158!'^_qF(o/r;f?JdA,uZp#S1ujA7\\&CD/XK;;f?JdA,uZp\"USXSDe!QX@;TQf6Zm?gDf09!CLq<)@VfsmCC:qeG%#*$9jr-TEbSru;0?;bFD5i2ATIkP!!!!1!!!!","4196354":"!<d@[F*M90#64c-E,TfC#64`(!<d@[F*dE'#64o6@VfsmCI<#NAIW-_Bldj%ARo7dDe!Pj$#O*mATDKnCi][Y!!\"SS!!\"VT!!&Z;!!!$*A7]7hE`-gtz!=3^aFCB9*Df,QJ\"TSo8@s)7!Bk2;Tz0I$Pte+!D\\e5H>if6.-:g8b2rqn`=Urpg%Cpk&Q#gr9=JrR1a#%fZMo&2+#KeQW#Mdma=6eo(ObfTlM6gV3_bh;83Oe5$'`fq/96pQ#:t'/T_5(1[Fh(m4nC*RXsC)3b.V)mfW#*od;f'LVsf(k_oU*Rk*Urq$1f*r5kV'/ou4(P`$2*6/,3'0cMK(QAKI*7\"Yj*pWmD'jLgV)QX\"VrqlcD'jh!h)Qs1h*rc6!(QJM?dkh%Kemnb)plYV$rR([$fouIlgU$r90&lt!+Vb&Fnh0u0oL&[GfRs5kh:)F&0'*+C+WUSm:A+[.dm!hQf8]iOgs5t@0'ND2rqZW#0'`PTeR&<ng91M)54&C1?loC.0(/fs52u]30H:'k:A\"U.:A4a@53N$2:AFmr53i:!d2`8J:B(:sn0%cW5nX2Dnfn,k:_Ngc:?)@C5nj?!^_Hi[5o0TU5o]oYDYO4=:?qr1If06m:_Eac?K2)U:_Wn0?KV?#?lT03?KhKu?L%[S?L@mf?LInA@2&`#DW:auDYF-sIe`uPDX.>cDXIQ!DXRWSJ._i@E\"i:2IcCK2No^:STG@N?IeEbcJJ\\H4Np$M1JK+^\"Id7'uJKFpUIfBC-OV7aTNoL.2J.qusNogA0Np-SSNp?_uT'ZRBNpcutOV.[TT&TlDOV@h!T(rA3TH!sBT'HIBn/hYpY5\\JOTG.AeY2]Od^?#B1cLq6a^?5NSY3>tuY3Q,BY5J>NYn@(!n.Pd`^>f8fYnR4SYnmJ\"YoEe&^A.c@^?YjTcKtYucMdh@^@)(Rn.G^`cJnq!^_?cRcLh0R^`3?%rq?DOcKG;!cM7IQcKbN/cMml-hW\"Z3d1l^ghW=iUd2W1HrqHJahWY'ShWk7!rquiahX:ITj#6uKj?WhWoj@e1kA^P5k^`aEq4Rcul`gI#r4r@CmEbkDrp]t0j^A33rQtTtjDk8RqP!sRoMY`Rk%\"KVpNQ[%l,*Ncmc+=Cn/VL(oiM2hk_B16l'DHHlGNa!mFMAFoLJsgp1451qR-E2m)K06rq-8/k%4X3s7QGAp1OGTlF-hTo/Qf2pk]!2l,WmcrS%=DjEUctq5s^hqoJi0rqQPsj#mFGj@o]Yja%!2k`#VGlb*>%r6>;VokXZCkC!EGmcso!mG.g\"j_Y(eo036CjF.-tpl5@Bqn<'urVllsoPXa/l-BA`o.pA2p1\"(erpp,.roO3qrqc[$$>\"'gFAlmaAO158!'^_qF(o/r;f?JdA,uZa#S1ujA7\\&CD/XK;;f?JdA,uZa\"USXSDe!QX@;TQa6Z6p_ATAo&Ci<g!$Q!5p@;0OP@<?($BjkgTF^]00Bln'#EruCB!!!Q1!!!Q1!!!Q1!!!","4197378":"!<d@[F*M90#64c-E,TfC#64`(!<d@[F*dH(#64o6@VfsmCI<#NAIW-_Bldj%ARo7dDe!Pj$Zg3(G@Pc)DeWa'%KHJ/5nF/!0EDge-%H$s0C]YT&jQHt'nHqs)5%!1*T-qu*oR\\2!C77s#%A\\T$*b$A$bu`B%FG^e$P@#lDfor.;f6Mt6ZljVBk28ez;XaYko'cVf_%6SS$#O*mATDKnCi]XX!!%[(!!\"ed!!!$*A7]7hE`-gtz!=3^aFCB9*Df,QJ\"TSo8@s)7!Bk28pz!\"T&0Yn-pI!>>J7TE,':&-N\"KJIqo/J-#`U@NY[ZhuEcenIP^AhuNj\"nIYd4n.,LPnIbj.$>\"'gFAlmaAO158!!!92F(o/r;f?JdA,uZ1#S1ujA7\\&CD/XK;;f?JdA,uZ1\"USXSDe!QX@;TQo6Z7!cDe*Ei+CfP5Ec5i0@r#Xl+C]/*@quGg@<Q'nCe\\>[ATDKnCf,=`DKKT7Bk;>ez&-)\\1&-)\\1","5243906":"!<d@[F*M90#64c-E,TfC#QOi)!<d@[F*dB&#64o6@VfsmCI<#NAIW-_Bldj%ARo7dDe!Pj$#O*mATDKnCi]UW!!%[(!!!$*A7]7hE`-gtz!=3^aFCB9*Df,QJ\"TSo8@s)7!Bk28dz&,uV?s8N')$>\"'gFAlmaAO158!!!92F(o/r;f?JdA,uZ1#S1ujA7\\&CD/XK;;f?JdA,uZ1\"USXSDe!QX@;TQf6Zm?gDf09!CLq<)@VfsmCC:qeG%#*$9jr-TEbSru;0?;bFD5i2ATIkP!!!!1!!!!","5244930":"!<d@[F*M90#64c-E,TfC#QOi)!<d@[F*dE'#64o6@VfsmCI<#NAIW-_Bldj%ARo7dDe!Pj$#O*mATDKnCi][Y!!\"SS!!\"VT!!&Z;!!!$*A7]7hE`-gtz!=3^aFCB9*Df,QJ\"TSo8@s)7!Bk2;Oz0Ga]hnf[u5er]q4*Us+@dmO0IgVa(7enb=/fpi$b*rc4JdRF4EgUmMogsuIEe4]j]f7s?V&1dg3h:r\"Gf8K^V&0Co1nh1\"$oM5JFp29rhf:E!#gV3aHh;85%fq/6F'2S]1)Qs/B)o)Id'jgtb&g@B#(PVu7*RY!D&g[Q5*Rt0f'1Dq!)oVht&gma#'0cM;*S1@D(Q/?G*7\"Z5&hO.3'MSVU(7bKR)nc:\"*Sgbd(QSV!dng#Gg91JXgX#p%52ZGSeR&:hh:2K<rp]t4ng+8[f7j8L0'*+3dmX77qo&PErq6>4dQISNgs5t@rRV$i0'WIh@2K#sf8BWl+W:Be:`BD?rqc]4d2W2(0(&eh+W^[4oM#>6esufhgV!U8h;&(jdm!j'0HU;cf8fq&rr2sC:@\\B@52uZ2:A\"U.:A=gQ:`07s53W*C0H'qd:AOt.55YH1;'#efhX(C)55kQcYn-p=Idd=O5o0PY?Ln/]DYX:.5oKgC:@&&C:@82UYo`u]TFq5N?K(uC?l&f3?M\"4t?KD31?K_Ed:`9>1?KqR1?Mjic?N'sPIe!IsDWCh!Ie<\\aDYO3t@2f6EDYa@QDX7GU@3,I3DXIQbJJJ;GIe3VaJ/\\K4Icg`eY4r!`Id-sSNpHeuJK=mUNpZoRNo0pdNoL.2Y4M]rT&futT(`5PT)&EnY4)E?Y4;QQTGISgT&Tj.d22nPOW+>CT'QO3OWFPfT'cY@Y4DWsY4Vd@^?5Nc^_m-@^?GZuTGmm2Y3H&1Y5A=S_&`[CY5SG0hV\\DRYnmEk^?#BR^?>TuYo3\\EcM@OQn/DAN^?bpe^?u%2n.u'UcL_*AcK,(ScM7IA^`!3scMR_0cMdkBn/hW^hW\"W2rq-8>hWb-4d2E&1hWt=\"d2i>UhX1FTj\"^WFoL&Zhol'm@k^rmGl&u/YlG*H2mF)(GrpTn/j\\l1$p2g9UqQ^,Cm)&lWrpp+Ro/-M3lE^Oeoi(odpk8]Cl,3TtrRCmSjE1K0q5OF4ngsiZj#I-Xj@KDjj`U]Ck_T=Xla[%6r5o\"WmFD;eok4ATkBR,XrqZVTn/;:emFVH2j_4dfrS%=To/m#UjE^j0pko-TqmldAoLo8!om6\\Ql,s+Qn/_STj]qo4p3cqdk`5bil(8%&lHB=TmG@rirr)oSj$*S$qS!!em*>b$oj.XdpO<2Bj^/&flG!B+$>\"'gFAlmaAO158!!!92F(o/r;f?JdA,uZa#S1ujA7\\&CD/XK;;f?JdA,uZa\"USXSDe!QX@;TQa6Z6p_ATAo&Ci<g!$Q!5p@;0OP@<?($BjkgTF^]00Bln'#EruCB!!!Q1!!!Q1!!!Q1!!!","5245954":"!<d@[F*M90#64c-E,TfC#QOi)!<d@[F*dH(#64o6@VfsmCI<#NAIW-_Bldj%ARo7dDe!Pj$#O*mATDKnCi]UW!!%[(!!!$*A7]7hE`-gtz!=3^aFCB9*Df,QJ\"TSo8@s)7!Bk28dz!\"T&?n.,L)$>\"'gFAlmaAO158!'^_qF(o/r;f?JdA,uZp#S1ujA7\\&CD/XK;;f?JdA,uZp\"USXSDe!QX@;TQo6Z7!cDe*Ei+CfP5Ec5i0@r#Xl+C]/*@quGg@<Q'nCe\\>[ATDKnCf,=`DKKT7Bk;>dz&-)\\1","6292482":"!<d@[F*M90#64c-E,TfC#ljr*!<d@[F*dB&#64o6@VfsmCI<#NAIW-_Bldj%ARo7dDe!Pj$#O*mATDKnCi]UW!!%[(!!!$*A7]7hE`-gtz!=3^aFCB9*Df,QJ\"TSo8@s)7!Bk28d!!!!0s8N'!&,uV8$>\"'gFAlmaAO158!'^_qF(o/r;f?JdA,uZp#S1ujA7\\&CD/XK;;f?JdA,uZp\"USXSDe!QX@;TQf6Zm?gDf09!CLq<)@VfsmCC:qeG%#*$9jr-TEbSru;0?;bFD5i2ATIkP!!!!1!!!!","6293506":"!<d@[F*M90#64c-E,TfC#ljr*!<d@[F*dE'#64o6@VfsmCI<#NAIW-_Bldj%ARo7dDe!Pj$#O*mATDKnCi][Y!!\"SS!!\"VT!!&Z;!!!$*A7]7hE`-gtz!=3^aFCB9*Df,QJ\"TSo8@s)7!Bk29\"!<<*\"&0h/Te3O'7emSOYacQQ'gT^_Y*Us+@f7<oE*rc3odl.7\\eQ2`)g8=p)grBC[5SjEN+<LTFdQISle6)d5g8t@:gXuS\"eQi0Jgt_tgdm!ijr6GB4e6`4Fg:mUg'/BRh'iG&5(OuPf)PR65*5V_\"'M&6J(2j3s(QneB)n5nlh9u?Y(P`&H)4ppq&gRNE*Rk-f&h!cX*S:CD'0$#D'j(Kf(Pi*C)Q3[f*68/C(QAKi'M8G#)nH*U'M\\\\6)nl@3&hX7E'j^q\"(QJOT)Qj,\"*Spkf&ha:U(QSXf*T$l!+VFeW@PRobePZAKpOE5Fg7eQKgsH*'0&cmUe49Q`et2pdgUI5-r5&Fh:a5rqrpp+VngFK)h:M]o53)`B0(f3R53;ldrqHJFdl7>ZeQ;g'g8G\"'grKJY0'`P4oM,C\\gV*[)?Msl`nh1\"&eQr78qQ9hXh;84l0(&c2:B(:r;%Wj3?LRq.54S[ud1QIY532ft0GjeR5oB]e:AOsc0H1\"u53i6e5o]pS0HU;T:At5-:>l4!Ie!J,:A+[@;&B>05oTj3:AY%@;&o\\u5T]t@?L\\\"a:_j%\"?KD3!DY='QTbd`p;&fY&?L%XRTcO6r?LIpf?lo@Q@1`MEDW(US@28l%nfn-(DY4!aOVe.cOVn1cDYsL3@2o=!OW=MST'ZR@T'c[RDXRW3JKY(\"dkUn.IdmCcnfe&mJ//,TIcLN2NqEBbT&p'?Id$m2JK\"ZgNqrabId7$TOW4DBrqlcjJKFpeNrK+cT&9VdNoC(1Y4M^]Nqi[bNr&e_OV%U#nf[uNrp]t;T(2kAOVRt#T&g!@Y3>tdOW+>#T'HFQn/hZ+T'l^f_%?_U^@2+PY2TICn.l\"-Y4_jQYo!M1Tc=-6^A7i@Y3Q,BYoNl!rqui^Y3uBA^@D7s^?,HCn.u(o_&39C^A.c0YoEeV^A@orn/_SqcMmkQhV\\DchVnQ0rq$1qcK,(CcLq6sn/).qcKbM4n/DAO_&NL2n/VK<d1HBgl&Yodq2kY_rq-8.hW=j0n/24srqQPrhWb-Trqc]?n/MGqhX1FCrr2s.n.G^2o.^4ToO%Y/lG*E1rQtTTrpTn/jDb2ApjiDdqPF66qnW7bj#$iij@',&j`1DTk_0$iq3D\"5la$UEmF)(grpg%Qoje(ekB-hir5J_3qm6>urR:gRj^eL\"la6b\"mF;5To/?YejE:QApkJieqmHKBrRV$erq6>@oLT%3olgCbl,Ngbj#@(\"j]hhHp3Zk#k_fJ%l'ha7lGs$emFqZ5ngsj5o/QfBqRQ^!m)oI5j#R4DrqZW/o/crdlFR,Cj$*Ripl>F#l-'1RrS7J1oka]ckC!Bfq98p-j^/&Vp29s!pO3,1l(.qDlb<JgmG@s4rr)osoM5JdkC3O3q6'c($>\"'gFAlmaAO158!!!92F(o/r;f?JdA,uZa#S1ujA7\\&CD/XK;;f?JdA,uZa\"USXSDe!QX@;TQa6Z6p_ATAo&Ci<g!$Q!5p@;0OP@<?($BjkgTF^]00Bln'#EruCB!!!Q1!!!Q1!!!Q1!!!","6294530":"!<d@[F*M90#64c-E,TfC#ljr*!<d@[F*dH(#64o6@VfsmCI<#NAIW-_Bldj%ARo7dDe!Pj$#O*mATDKnCi]UW!!%[(!!!$*A7]7hE`-gtz!=3^aFCB9*Df,QJ\"TSo8@s)7!Bk28dz!\"T&?n.,L)$>\"'gFAlmaAO158!'^_qF(o/r;f?JdA,uZp#S1ujA7\\&CD/XK;;f?JdA,uZp\"USXSDe!QX@;TQo6Z7!cDe*Ei+CfP5Ec5i0@r#Xl+C]/*@quGg@<Q'nCe\\>[ATDKnCf,=`DKKT7Bk;>dz&-)\\1","7341058":"!<d@[F*M90#64c-E,TfC$31&+!<d@[F*dB&#64o6@VfsmCI<#NAIW-_Bldj%ARo7dDe!Pj$#O*mATDKnCi]UW!!%[(!!!$*A7]7hE`-gtz!=3^aFCB9*Df,QJ\"TSo8@s)7!Bk28d!!!!0s8N'!&,uV8$>\"'gFAlmaAO158!'^_qF(o/r;f?JdA,uZp#S1ujA7\\&CD/XK;;f?JdA,uZp\"USXSDe!QX@;TQf6Zm?gDf09!CLq<)@VfsmCC:qeG%#*$9jr-TEbSru;0?;bFD5i2ATIkP!!!!1!!!!","7342082":"!<d@[F*M90#64c-E,TfC$31&+!<d@[F*dE'#64o6@VfsmCI<#NAIW-_Bldj%ARo7dDe!Pj$#O*mATDKnCi][Y!!\"SS!!\"VT!!&Z;!!!$*A7]7hE`-gtz!=3^aFCB9*Df,QJ\"TSo8@s)7!Bk29\"!<<*\":_Ng/dng#Eg;![g*q]LUdS^&fg;<n5h9l9Wo2>WS+<LS[dPh/&e5cQGg=?73%fZNJoiD-4qPO=4r7:q!nh0unh;83odl@DieQMs7p1XMgq5F@Ur5er3qPjP\"dlRQ6r6#)UeQi0jqQ0bEdld]Xp2'fVq4.N4r6562o036EeR&=Gf8fq$qQBngr6G?D&g78V(2*^L(OuPf)41F**ROm\"'2\\cB(P)T!)SlFt(P;cD&gIH4*Rb'U&l\\lt(PDfT)Undb(PW!\"*pE]F'MeaL(QJN9)nuE)'0$#D'j(Kf)Q3[f*68/S'06/f(2<oE)4CW#*6J;U*rc5F'l*iT)63eS'0H<3(2O&g)4UcE*6\\HB'0ZHU'lF'2)4prg)Qj,\"*6nTT(2j3Tnf[u7esHF=h9c3(0&QaCdnp)Xg;*b%:@S<.0&cmeng\"2jh=L\\6do6<6g;Eth?KD2s?KM<0oM5I-gV3`/0'NFhdl7>ZeQ;g'qPXCGr5\\l$f89R&dlIK'p1s`'fpi&:r5o#6?KqQsoihF%-]8&3qPsV%rqc]4o/m#if8]jJr6,/X0'iVe?Msl`dlmckeSYBHfq/9(qQ9hXr6><%0(&c2p29s%:B(:r:@J6.?Le(`0bj_!:_j%P0c:\"5:A=jR?KhNd:`TPBf8BXHcMR\\&5T^!d:At5]:_Wn/@2/fb:_s+b@2K$0:`06:?Jtp-?K_IP;',i#?LIn!OV%TuDW(XD?kNGdT&Kc/OV7ab@2&`CT(N(q@2ArVDWq1f@2]0DT)&Gq?lT0tOW=JRT'ZR@OWFSdT'c[R@35REDXRW3Npm&cT&B_uJJ%uRJJeN%Nqi[QJK+^bJ.D\\TJKFmdNrK+dT&9Z!n.G^mOW\"77T'69dn/MH(OWOZ#T'l^fn.>X-Y2KC2cLLrrYS7(@_%cuShW4cQYSR:ShW=lcY3?\"F_&*3AYSmMAhWb-qn/VM_rqui^TcX=#Y3uB!cLCm]cM.F0hWY+-n/hYrcMml,n.Pdq_%Zodn.l\"O_&!-B_&39Tn/;99hV\\DTrp]t?hVnQ1n.bqOn/24ShWP$chWt:1hX1FCrr2s.o0<9cj\\Psfp1OF9pOE5Rl&YoUqPF6&l`gI#r5J^HmF2.HrpTn/j\"^WVoKiO!ohb]1kAgSEpl>Crq2kY0nfe&dj\\c+3l&u-#qm$2Srq-7TpN$<ula6agj#$j4oL8gUj\\u7UkB$`\"q31kcng=EDoi1uupN6IBl'MKXrRCmco/6Sdj]2D\"kB6lDqmHKBmH+Fuj#[9jpNHUdlaHnDmcab4j]V\\FkBI#fqmZWdmG%`6pNZb1lam2#kC!B6l'qdWrqZW?j]hi3qn3!TrqlcQj$!M#oj%RSrSIVCj^/&Vp3m#0l(.qDlb<Jgrr)oskC3O3q4@Y*rqQO\"$>\"'gFAlmaAO158!!!92F(o/r;f?JdA,uZa#S1ujA7\\&CD/XK;;f?JdA,uZa\"USXSDe!QX@;TQa6Z6p_ATAo&Ci<g!$Q!5p@;0OP@<?($BjkgTF^]00Bln'#EruCB!!!Q1!!!Q1!!!Q1!!!","7343106":"!<d@[F*M90#64c-E,TfC$31&+!<d@[F*dH(#64o6@VfsmCI<#NAIW-_Bldj%ARo7dDe!Pj$#O*mATDKnCi]UW!!%[(!!!$*A7]7hE`-gtz!=3^aFCB9*Df,QJ\"TSo8@s)7!Bk28dz!\"T&?n.,L)$>\"'gFAlmaAO158!'^_qF(o/r;f?JdA,uZp#S1ujA7\\&CD/XK;;f?JdA,uZp\"USXSDe!QX@;TQo6Z7!cDe*Ei+CfP5Ec5i0@r#Xl+C]/*@quGg@<Q'nCe\\>[ATDKnCf,=`DKKT7Bk;>dz&-)\\1","8389634":"!<d@[F*M90#64c-E,TfC$NL/,!<d@[F*dB&#64o6@VfsmCI<#NAIW-_Bldj%ARo7dDe!Pj$Zg3(G@Pc)DeWa'$NL/,[u^CdV/Q21WNZ-uP[<SSR_J\"dS%nb!G+Rjs;EjaR>i,,R0HTfc55t-R$P@#lDfor.;f6Mt6ZljVBk28dznB_.<:[e>l$#O*mATDKnCi][Y!!%[(!!&Z;!!\"VT!!!$*A7]7hE`-gtz!=3^aFCB9*Df,QJ\"TSo8@s)7!Bk28mz*qK@U54nnD?MOStYPJ<4^@qV^TD8MsO8AuNhXpl+^A.a[rpp+\"rp]so$>\"'gFAlmaAO158!!!92F(o/r;f?JdA,uZ1#S1ujA7\\&CD/XK;;f?JdA,uZ1\"USXSDe!QX@;TQo6Z7!cDe*Ei+CfP5Ec5i0@r#Xl+C]/*@quGg@<Q'nCe\\>[ATDKnCf,=`DKKT7Bk;>fz&-)\\1&-)\\1&-)\\1","8390658":"!<d@[F*M90#64c-E,TfC$NL/,!<d@[F*dE'#64o6@VfsmCI<#NAIW-_Bldj%ARo7dDe!Pj$#O*mATDKnCi][Y!!\"SS!!\"VT!!&Z;!!!$*A7]7hE`-gtz!=3^aFCB9*Df,QJ\"TSo8@s)7!Bk29^z5XbYQ`R+Yc:A\"T0\"]>@Dp1jXN#D3%\"fp_sa$DIPDqptg%oiV8KqPaH[pPT#Znj`\\1oLT%5qmc\\Mohkc5f7EuGqP!sE(NTU3pk&Q%pN$=Dckc[khY.#Ee6;pIg:I?<YW2]:]\\<F>^A.c)Z9&')[(HCg[B0E4;%Wg4njNN^?Jto2:_`sV?M+<KUeLj>X1\\K;@1`PFDW(XDOV.[AT&Kc/n.bp]rpp+ZDY4\",O;e1sT)/NMQ>ZccQ_\"3NB:f//J,fTTJIhedNpm&cOV%X2T&B`@NoU4Brq-9cLQ;K1R@aHcOUqR#T&9ZArq$3dQ]D+RTb.;4Y2KC2n.G^Nrpg$sn.>X.rp]steR8Fef?aL<psB'Oj\\Z$gp0dq2kAgS5pj`>Sl&YoUqTo3ppjrJul&l'2q3q?i$>\"'gFAlmaAO158!!!92F(o/r;f?JdA,uZQ#S1ujA7\\&CD/XK;;f?JdA,uZQ\"USXSDe!QX@;TQa6Z6p_ATAo&Ci<g!$Q!5p@;0OP@<?($BjkgTF^]00Bln'#EruCB!!!Q1!!!Q1!!!Q1!!!","8391682":"!<d@[F*M90#64c-E,TfC$NL/,!<d@[F*dH(#64o6@VfsmCI<#NAIW-_Bldj%ARo7dDe!Pj$Zg3(G@Pc)DeWa'$ig8-[t\"hdV-jW1WLsRuPX$)dPu/D!R^!_1S$32!G**R@;D8gc>gO2c0G\"lt54B3c$P@#lDfor.;f6Mt6ZljVBk28czo'cVe$#O*mATDKnCi][Y!!%[(!!&Z;!!\"VT!!!$*A7]7hE`-gtz!=3^aFCB9*Df,QJ\"TSo8@s)7!Bk28mz&/,$f0GORU:`080TF(a4YSR:oO9krsJ-uENckQP<YSdEln.Pd3n.>X+$>\"'gFAlmaAO158!!!92F(o/r;f?JdA,uZ1#S1ujA7\\&CD/XK;;f?JdA,uZ1\"USXSDe!QX@;TQo6Z7!cDe*Ei+CfP5Ec5i0@r#Xl+C]/*@quGg@<Q'nCe\\>[ATDKnCf,=`DKKT7Bk;>fz&-)\\1&-)\\1&-)\\1","9439234":"!<d@[F*M90#64c-E,TfC$ig8-!<d@[F*dE'#64o6@VfsmCI<#NAI<0jDIIT<Cgh1\"\"U&pmE+Kr(BkM+$F)Q2A@q@<3DD,gKD.tS6Ci=640a%`%DffE0AQSp4!!!-.D.Rd%6#L=OA_Ra;56M43DffE0AQf'6!!!<3@rH1\"ARfgnA,l`?Eb02uBl[-o@<?&\\!!!!%#B+3dF(KGqz\":&jWAohO*=TAF%!!EOFAnH*qFBSYE!!!01DImp6DfTV\\De*DZ!!","1048579":"!<d@[F*M<1#64c-E,TfC\"98E%!<d@[F*d?%#64o6@VfsmCI<#NAIW-_Bldj%ARo7dDe!Pj$#O*mATDKnCi]UW!!)p+!!!$*A7]7hE`-gtz!=3^aFCB9*Df,QJ\"TSo8@s)7!Bk28czq\"Fao$>\"'gFAlmaAO158!!!92F(o/r;f?JdA,uZ1#S1ujA7\\&CD/XK;;f?JdA,uZ1\"USXSDe!QX@;TQg6YL%OF<GXHDf0,/@WH0mCNBk\"@<Q'nCe\\>[ATDKnCf,=`DKKT7Bk;>dz&-)\\1","1052675":"!<d@[F*M<1#64c-E,TfC\"98E%!<d@[F*dK)#64o6@VfsmCI<#NAIW-_Bldj%ARo7dDe!Pj$#O*mATDKnCi]UW!!)p+!!!$*A7]7hE`-gtz!=3^aFCB9*Df,QJ\"TSo8@s)7!Bk28czn94j<$>\"'gFAlmaAO158!!!92F(o/r;f?JdA,uZ1#S1ujA7\\&CD/XK;;f?JdA,uZ1\"USXSDe!QX@;TQg6YL%OF<GXHDf0,/@WH0mCNBk\"@<Q'nCe\\>[ATDKnCf,=`DKKT7Bk;>dz&-)\\1","2098179":"!<d@[F*M<1#64c-E,TfC\"TSN&!<d@[F*dB&#64o6@VfsmCI<#NAIW-_Bldj%ARo7dDe!Pj$Zg3(G@Pc)DeWa'%KHJ/n.\"7To/t>!i!dm2_&UZ!ZsNV0P[)lA<ds]A10V!a&/qeR&ic!R(4)YS(OXU1#&CFC$(T?B$P@#lDfor.;f6Mt6ZljVBk28hzn8J@.(m\"_#plGI\\qlg&+qOdfqr9s[o$#O*mATDKnCi]UW!!\"ed!!!$*A7]7hE`-gtz!=3^aFCB9*Df,QJ\"TSo8@s)7!Bk29)z)Y!eM>kJ))?24JN*68,Q4o55p*6\\Du55tW@%,M!R4l67E4Nd`@4l-/?30=1BC[_<:/$f3gI.71\\>,)(,>fQi-4N[Z`4O4!P>I+<^>fZmJHD(<Q>Hn0m>fcuA?Ma^LIe<[GSBq6@Idd=C$>\"'gFAlmaAO158!!!92F(o/r;f?JdA,uZ1#S1ujA7\\&CD/XK;;f?JdA,uZ1\"USXSDe!QX@;TQd9kei`A0>E'Gp%0MDf0+o(L_JqBl$LPFCfK,@;Je`@;^1$FD5<-!<<*\"!\"],1!!","2099203":"!<d@[F*M<1#64c-E,TfC\"TSN&!<d@[F*dE'#64o6@VfsmCI<#NAIW-_Bldj%ARo7dDe!Pj$#O*mATDKnCi]UW!!\"ed!!!$*A7]7hE`-gtz!=3^aFCB9*Df,QJ\"TSo8@s)7!Bk29)z9Ci-K4SJhD:A=g>*r,ef555,@5PY;P&,cL%+8Pt*9[j&A9Z6u30V\\UN5b\\688:pn!5[sdZ5W&O`6T5!R&17Hg5UHJP0IHj.!#YcG+;b)g0GXY15SjEO&/bJ#0GskD5R7@Q+:/%@&./CC$>\"'gFAlmaAO158!'^_qF(o/r;f?JdA,uZp#S1ujA7\\&CD/XK;;f?JdA,uZp\"USXSDe!QX@;TQd9kei`A0>E'Gp%0MDf0+o(L_JqBl$LPFCfK,@;Je`@;^1$FD5<-!<<*\"!\"],1!!","2100227":"!<d@[F*M<1#64c-E,TfC\"TSN&!<d@[F*dH(#64o6@VfsmCI<#NAIW-_Bldj%ARo7dDe!Pj$Zg3(G@Pc)DeWa'\"onW'o._<e_%Sp21f+hc&6)L,&Jf?d'QPo.$P@#lDfor.;f6Mt6ZljVBk28gzq!\\7bp2C!9n.5R)oM>Mnnh:%O$#O*mATDKnCi]UW!!\"ed!!!$*A7]7hE`-gtz!=3^aFCB9*Df,QJ\"TSo8@s)7!Bk29)z0Jrh1<)EVq(3'=^0F\\\"i0dZmN+W:?b1+iRR0c^8P+:eJA0cpC(1H>GT0dcsP+t<St+WLKu'0H9R+W^XR1+rX%1HGNA,<GnR,<c*[0c9td1+E:A0cU221HYZt1Htm20Fn-d:_Ng3E\\RP\"$>\"'gFAlmaAO158!!!92F(o/r;f?JdA,uZ1#S1ujA7\\&CD/XK;;f?JdA,uZ1\"USXSDe!QX@;TQd9kei`A0>E'Gp%0MDf0+o(L_JqBl$LPFCfK,@;Je`@;^1$FD5<-!<<*\"!\"],1!!","3146755":"!<d@[F*M<1#64c-E,TfC\"onW'!<d@[F*dB&#64o6@VfsmCI<#NAIW-_Bldj%ARo7dDe!Pj$#O*mATDKnCi]UW!!\"ed!!!$*A7]7hE`-gtz!=3^aFCB9*Df,QJ\"TSo8@s)7!Bk29&!!!!\"4nAXs4Mh(`55\"tQ4l$*J4O!kG55bK>5Q1Wa/AV<P/CXYr/B%U//Bn1Q0(/f00E2\"a*5MV0*5_bb*6&!:*T$kT*6nNa%eBZ3%FG/0%FY;r&,cKI%*&?u%da7h%*\\bX$>\"'gFAlmaAO158!'^_qF(o/r;f?JdA,uZp#S1ujA7\\&CD/XK;;f?JdA,uZp\"USXSDe!QX@;TQd9kei`A0>E'Gp%0MDf0+o(L_JqBl$LPFCfK,@;Je`@;^1$FD5<-!<<*\"!\"],1!!","3147779":"!<d@[F*M<1#64c-E,TfC\"onW'!<d@[F*dE'#64o6@VfsmCI<#NAIW-_Bldj%ARo7dDe!Pj$#O*mATDKnCi]UW!!\"ed!!!$*A7]7hE`-gtz!=3^aFCB9*Df,QJ\"TSo8@s)7!Bk297!!!!a\"A&T$!\"T';#`esn&,uWK!?V;\\\"^(hU*q')j)4CPe$EjH&#Cc`H$bl\\7%Gq/i!\\XPX'Q3uU$(h4%%*nph'0cJ:&.\\b\\+9)=l&K_\"('NkF0'j:UB(ln[%)nuBX*T$k5+tir4-[u-4)6X%V/C+<Z0'`M35PbAs,[LJf/%bl!/`-QV+Wg^4,<Z%T->rn4.%UFu+:eJ3._buC0)kqB.$\"?6$>\"'gFAlmaAO158!!!92F(o/r;f?JdA,uZ1#S1ujA7\\&CD/XK;;f?JdA,uZ1\"USXSDe!QX@;TQd9kei`A0>E'Gp%0MDf0+o(L_JqBl$LPFCfK,@;Je`@;^1$FD5<-!<<*\"!\"],1!!","3148803":"!<d@[F*M<1#64c-E,TfC\"onW'!<d@[F*dH(#64o6@VfsmCI<#NAIW-_Bldj%ARo7dDe!Pj$#O*mATDKnCi]UW!!\"ed!!!$*A7]7hE`-gtz!=3^aFCB9*Df,QJ\"TSo8@s)7!Bk29+z+<^^b\"#0cu0E_@u!>5B/!\"T';+Y<\\U'0-'N&MF+r,;B0Q+Vauc0Fn/W'0ZBt1GAeQ+Yj$Q1*loU,;T<t0EhGS1H#5R,<,\\/,<Z%d0cpAt0ED.U1*Q]30bFCQ1Gf)10c^7(1+!!R1+`KY1H5B`1Hb^D$>\"'gFAlmaAO158!!!92F(o/r;f?JdA,uZ1#S1ujA7\\&CD/XK;;f?JdA,uZ1\"USXSDe!QX@;TQd9kei`A0>E'Gp%0MDf0+o(L_JqBl$LPFCfK,@;Je`@;^1$FD5<-!<<*\"!\"],1!!","4195331":"!<d@[F*M<1#64c-E,TfC#64`(!<d@[F*dB&#64o6@VfsmCI<#NAIW-_Bldj%ARo7dDe!Pj$#O*mATDKnCi]XX!!%a*!!$U<!!!$*A7]7hE`-gtz!=3^aFCB9*Df,QJ\"TSo8@s)7!Bk28mz%ep$c*pE]e+9)>6*q'(0*o[2$+7K7B+7T@T+85ai*p*HB*p<WU+8>jB$>\"'gFAlmaAO158!!!92F(o/r;f?JdA,uZ1#S1ujA7\\&CD/XK;;f?JdA,uZ1\"USXSDe!QX@;TQp6Zm?gDf09!CLq<)@VfsmCEP$GBm+'0ARm4t(L_JqBl$LPFCfK,@;Je`@;^1$FD5<-!WW3#!\"],1!\"],1!!","4196355":"!<d@[F*M<1#64c-E,TfC#64`(!<d@[F*dE'#64o6@VfsmCI<#NAIW-_Bldj%ARo7dDe!Pj$#O*mATDKnCi]UW!!%[(!!!$*A7]7hE`-gtz!=3^aFCB9*Df,QJ\"TSo8@s)7!Bk28dz&,uV0!\"T&8$>\"'gFAlmaAO158!'^_qF(o/r;f?JdA,uZp#S1ujA7\\&CD/XK;;f?JdA,uZp\"USXSDe!QX@;TQf6Zm?gDf09!CLq<)@VfsmCC:qeG%#*$9jr-TEbSru;0?;bFD5i2ATIkP!!!!1!!!!","4197379":"!<d@[F*M<1#64c-E,TfC#64`(!<d@[F*dH(#64o6@VfsmCI<#NAIW-_Bldj%ARo7dDe!Pj$#O*mATDKnCi]XX!!%a*!!$U<!!!$*A7]7hE`-gtz!=3^aFCB9*Df,QJ\"TSo8@s)7!Bk28mz&/5+@!$;2<&-W)3&JtLV&-`,S&-r<!&./E\"&K1\\T&.8ND&K_\"h&.\\aH$>\"'gFAlmaAO158!!!92F(o/r;f?JdA,uZ1#S1ujA7\\&CD/XK;;f?JdA,uZ1\"USXSDe!QX@;TQp6Zm?gDf09!CLq<)@VfsmCEP$GBm+'0ARm4t(L_JqBl$LPFCfK,@;Je`@;^1$FD5<-!WW3#!\"],1!\"],1!!","5243907":"!<d@[F*M<1#64c-E,TfC#QOi)!<d@[F*dB&#64o6@VfsmCI<#NAIW-_Bldj%ARo7dDe!Pj$#O*mATDKnCi]XX!!%a*!!$U<!!!$*A7]7hE`-gtz!=3^aFCB9*Df,QJ\"TSo8@s)7!Bk28lz*r5l@%f?=R%dsGF+8l2t&,uX7*p`p4+8c,d*ps$e+9)B3*q'+8$>\"'gFAlmaAO158!!!92F(o/r;f?JdA,uZ1#S1ujA7\\&CD/XK;;f?JdA,uZ1\"USXSDe!QX@;TQp6Zm?gDf09!CLq<)@VfsmCEP$GBm+'0ARm4t(L_JqBl$LPFCfK,@;Je`@;^1$FD5<-!WW3#!\"],1!\"],1!!","5244931":"!<d@[F*M<1#64c-E,TfC#QOi)!<d@[F*dE'#64o6@VfsmCI<#NAIW-_Bldj%ARo7dDe!Pj$#O*mATDKnCi]UW!!%[(!!!$*A7]7hE`-gtz!=3^aFCB9*Df,QJ\"TSo8@s)7!Bk28dz&,uV0!\"T&8$>\"'gFAlmaAO158!'^_qF(o/r;f?JdA,uZp#S1ujA7\\&CD/XK;;f?JdA,uZp\"USXSDe!QX@;TQf6Zm?gDf09!CLq<)@VfsmCC:qeG%#*$9jr-TEbSru;0?;bFD5i2ATIkP!!!!1!!!!","5245955":"!<d@[F*M<1#64c-E,TfC#QOi)!<d@[F*dH(#64o6@VfsmCI<#NAIW-_Bldj%ARo7dDe!Pj$#O*mATDKnCi]UW!!%a*!!!$*A7]7hE`-gtz!=3^aFCB9*Df,QJ\"TSo8@s)7!Bk28cz&0ClX$>\"'gFAlmaAO158!'^_qF(o/r;f?JdA,uZp#S1ujA7\\&CD/XK;;f?JdA,uZp\"USXSDe!QX@;TQp6Zm?gDf09!CLq<)@VfsmCEP$GBm+'0ARm4t(L_JqBl$LPFCfK,@;Je`@;^1$FD5<-!<<*\"!\"],1!!","6292483":"!<d@[F*M<1#64c-E,TfC#ljr*!<d@[F*dB&#64o6@VfsmCI<#NAIW-_Bldj%ARo7dDe!Pj$#O*mATDKnCi]XX!!%a*!!$U<!!!$*A7]7hE`-gtz!=3^aFCB9*Df,QJ\"TSo8@s)7!Bk28tz*oI&!&,uV@%d3nS%dF)!%dsAu+7K:C*o[24+7]Cd*od5T+7oS\"*p*K#+8>hU*pEZe+8Z)4*p`pD+8u8f*q'+!+9)?I$>\"'gFAlmaAO158!!!92F(o/r;f?JdA,uZ1#S1ujA7\\&CD/XK;;f?JdA,uZ1\"USXSDe!QX@;TQp6Zm?gDf09!CLq<)@VfsmCEP$GBm+'0ARm4t(L_JqBl$LPFCfK,@;Je`@;^1$FD5<-!WW3#!\"],1!\"],1!!","6293507":"!<d@[F*M<1#64c-E,TfC#ljr*!<d@[F*dE'#64o6@VfsmCI<#NAIW-_Bldj%ARo7dDe!Pj$#O*mATDKnCi]UW!!%[(!!!$*A7]7hE`-gtz!=3^aFCB9*Df,QJ\"TSo8@s)7!Bk28dz&,uV0!\"T&8$>\"'gFAlmaAO158!'^_qF(o/r;f?JdA,uZp#S1ujA7\\&CD/XK;;f?JdA,uZp\"USXSDe!QX@;TQf6Zm?gDf09!CLq<)@VfsmCC:qeG%#*$9jr-TEbSru;0?;bFD5i2ATIkP!!!!1!!!!","6294531":"!<d@[F*M<1#64c-E,TfC#ljr*!<d@[F*dH(#64o6@VfsmCI<#NAIW-_Bldj%ARo7dDe!Pj$#O*mATDKnCi]XX!!%a*!!$U<!!!$*A7]7hE`-gtz!=3^aFCB9*Df,QJ\"TSo8@s)7!Bk28lz&/G7b&./DV!?;-E!\"T(V!?V;]&JtM1&KLnW&.ATe&.\\d\"&K^uY$>\"'gFAlmaAO158!!!92F(o/r;f?JdA,uZ1#S1ujA7\\&CD/XK;;f?JdA,uZ1\"USXSDe!QX@;TQp6Zm?gDf09!CLq<)@VfsmCEP$GBm+'0ARm4t(L_JqBl$LPFCfK,@;Je`@;^1$FD5<-!WW3#!\"],1!\"],1!!","7341059":"!<d@[F*M<1#64c-E,TfC$31&+!<d@[F*dB&#64o6@VfsmCI<#NAIW-_Bldj%ARo7dDe!Pj$#O*mATDKnCi]UW!!%a*!!!$*A7]7hE`-gtz!=3^aFCB9*Df,QJ\"TSo8@s)7!Bk28cz*rc3G$>\"'gFAlmaAO158!!!92F(o/r;f?JdA,uZ1#S1ujA7\\&CD/XK;;f?JdA,uZ1\"USXSDe!QX@;TQp6Zm?gDf09!CLq<)@VfsmCEP$GBm+'0ARm4t(L_JqBl$LPFCfK,@;Je`@;^1$FD5<-!<<*\"!\"],1!!","7342083":"!<d@[F*M<1#64c-E,TfC$31&+!<d@[F*dE'#64o6@VfsmCI<#NAIW-_Bldj%ARo7dDe!Pj$#O*mATDKnCi]UW!!%[(!!!$*A7]7hE`-gtz!=3^aFCB9*Df,QJ\"TSo8@s)7!Bk28dz&,uV0!\"T&8$>\"'gFAlmaAO158!'^_qF(o/r;f?JdA,uZp#S1ujA7\\&CD/XK;;f?JdA,uZp\"USXSDe!QX@;TQf6Zm?gDf09!CLq<)@VfsmCC:qeG%#*$9jr-TEbSru;0?;bFD5i2ATIkP!!!!1!!!!","7343107":"!<d@[F*M<1#64c-E,TfC$31&+!<d@[F*dH(#64o6@VfsmCI<#NAIW-_Bldj%ARo7dDe!Pj$#O*mATDKnCi]UW!!%a*!!!$*A7]7hE`-gtz!=3^aFCB9*Df,QJ\"TSo8@s)7!Bk28cz&0ClX$>\"'gFAlmaAO158!'^_qF(o/r;f?JdA,uZp#S1ujA7\\&CD/XK;;f?JdA,uZp\"USXSDe!QX@;TQp6Zm?gDf09!CLq<)@VfsmCEP$GBm+'0ARm4t(L_JqBl$LPFCfK,@;Je`@;^1$FD5<-!<<*\"!\"],1!!","8389635":"!<d@[F*M<1#64c-E,TfC$NL/,!<d@[F*dB&#64o6@VfsmCI<#NAIW-_Bldj%ARo7dDe!Pj$#O*mATDKnCi]UW!!%a*!!!$*A7]7hE`-gtz!=3^aFCB9*Df,QJ\"TSo8@s)7!Bk28ez+7T=2*oI#0%cIBn$>\"'gFAlmaAO158!'^_qF(o/r;f?JdA,uZp#S1ujA7\\&CD/XK;;f?JdA,uZp\"USXSDe!QX@;TQp6Zm?gDf09!CLq<)@VfsmCEP$GBm+'0ARm4t(L_JqBl$LPFCfK,@;Je`@;^1$FD5<-!<<*\"!\"],1!!","8390659":"!<d@[F*M<1#64c-E,TfC$NL/,!<d@[F*dE'#64o6@VfsmCI<#NAIW-_Bldj%ARo7dDe!Pj$Zg3(G@Pc)DeWa'#ljr*YQp'dTET'1O;(7dOVM\"!E>Fl@:_GVc;&n*d0G\"lt0cood$P@#lDfor.;f6Mt6ZljVBk28fz$.&YQqQKr$n;mVPr9s[o$#O*mATDKnCi][Y!!%[(!!&Z;!!\"VT!!!$*A7]7hE`-gtz!=3^aFCB9*Df,QJ\"TSo8@s)7!Bk28lz&/,$D*qK@S&iBY3*7Y$S'NkE$)S#iU(7,#O#+5Lb\"f_X.#E&Wh$>\"'gFAlmaAO158!!!92F(o/r;f?JdA,uZ1#S1ujA7\\&CD/XK;;f?JdA,uZ1\"USXSDe!QX@;TQo6Z7!cDe*Ei+CfP5Ec5i0@r#Xl+C]/*@quGg@<Q'nCe\\>[ATDKnCf,=`DKKT7Bk;>fz&-)\\1&-)\\1&-)\\1","8391683":"!<d@[F*M<1#64c-E,TfC$NL/,!<d@[F*dH(#64o6@VfsmCI<#NAIW-_Bldj%ARo7dDe!Pj$#O*mATDKnCi]UW!!%a*!!!$*A7]7hE`-gtz!=3^aFCB9*Df,QJ\"TSo8@s)7!Bk28ez!\"f23&.egR&-2b:$>\"'gFAlmaAO158!'^_qF(o/r;f?JdA,uZp#S1ujA7\\&CD/XK;;f?JdA,uZp\"USXSDe!QX@;TQp6Zm?gDf09!CLq<)@VfsmCEP$GBm+'0ARm4t(L_JqBl$LPFCfK,@;Je`@;^1$FD5<-!<<*\"!\"],1!!","1048580":"!<d@[F*M?2#64c-E,TfC\"98E%!<d@[F*d?%#64o6@VfsmCI<#NAIW-_Bldj%ARo7dDe!Pj$#O*mATDKnCi]UW!!)p+!!!$*A7]7hE`-gtz!=3^aFCB9*Df,QJ\"TSo8@s)7!Bk28czGkV1D$>\"'gFAlmaAO158!!!92F(o/r;f?JdA,uZ1#S1ujA7\\&CD/XK;;f?JdA,uZ1\"USXSDe!QX@;TQg6YL%OF<GXHDf0,/@WH0mCNBk\"@<Q'nCe\\>[ATDKnCf,=`DKKT7Bk;>dz&-)\\1","1049604":"!<d@[F*M?2#64c-E,TfC\"98E%!<d@[F*dB&#64o6@VfsmCI<#NAIW-_Bldj%ARo7dDe!Pj$#O*mATDKnCi]UW!!)p+!!!$*A7]7hE`-gtz!=3^aFCB9*Df,QJ\"TSo8@s)7!Bk28czE;'><$>\"'gFAlmaAO158!!!92F(o/r;f?JdA,uZ1#S1ujA7\\&CD/XK;;f?JdA,uZ1\"USXSDe!QX@;TQg6YL%OF<GXHDf0,/@WH0mCNBk\"@<Q'nCe\\>[ATDKnCf,=`DKKT7Bk;>dz&-)\\1","1050628":"!<d@[F*M?2#64c-E,TfC\"98E%!<d@[F*dE'#64o6@VfsmCI<#NAIW-_Bldj%ARo7dDe!Pj$#O*mATDKnCi]UW!!)p+!!!$*A7]7hE`-gtz!=3^aFCB9*Df,QJ\"TSo8@s)7!Bk28czE;'><$>\"'gFAlmaAO158!!!92F(o/r;f?JdA,uZ1#S1ujA7\\&CD/XK;;f?JdA,uZ1\"USXSDe!QX@;TQg6YL%OF<GXHDf0,/@WH0mCNBk\"@<Q'nCe\\>[ATDKnCf,=`DKKT7Bk;>dz&-)\\1","1051652":"!<d@[F*M?2#64c-E,TfC\"98E%!<d@[F*dH(#64o6@VfsmCI<#NAIW-_Bldj%ARo7dDe!Pj$#O*mATDKnCi]UW!!)p+!!!$*A7]7hE`-gtz!=3^aFCB9*Df,QJ\"TSo8@s)7!Bk28czE;'><$>\"'gFAlmaAO158!!!92F(o/r;f?JdA,uZ1#S1ujA7\\&CD/XK;;f?JdA,uZ1\"USXSDe!QX@;TQg6YL%OF<GXHDf0,/@WH0mCNBk\"@<Q'nCe\\>[ATDKnCf,=`DKKT7Bk;>dz&-)\\1","1052676":"!<d@[F*M?2#64c-E,TfC\"98E%!<d@[F*dK)#64o6@VfsmCI<#NAIW-_Bldj%ARo7dDe!Pj$#O*mATDKnCi]UW!!)p+!!!$*A7]7hE`-gtz!=3^aFCB9*Df,QJ\"TSo8@s)7!Bk28czE-D9f$>\"'gFAlmaAO158!!!92F(o/r;f?JdA,uZ1#S1ujA7\\&CD/XK;;f?JdA,uZ1\"USXSDe!QX@;TQg6YL%OF<GXHDf0,/@WH0mCNBk\"@<Q'nCe\\>[ATDKnCf,=`DKKT7Bk;>dz&-)\\1"},"Entities":[],"ReplaceMode":2,"EntranceRotation":-1,"OriginalPos":{"X":507235,"Z":511984,"InternalY":3}}