{"GameVersion":"1.21.0-rc.6","SizeX":3,"SizeY":13,"SizeZ":4,"BlockCodes":{"3296":"game:rockpolished-redmarble","0":"game:air","1918":"game:attachingplant-moss","9448":"game:attachingplant-spottymoss","22802":"game:overlay-grime-dirtlight-bottom","4147":"game:drystone-mixed","11652":"game:metalblock-corroded-plain-cupronickel","9450":"game:overlay-damagedstone","6179":"game:rock-granite","9340":"game:metalblock-corroded-plain-gold","9376":"game:metalblock-new-riveted-uranium","1326":"game:metalblock-new-plain-gold","8613":"game:meta-underground","456":"game:chiseledblock"},"ItemCodes":{},"Indices":[0,2048,1048576,1049600,1050624,3073,1048577,1049601,1050625,1051649,2098177,2099201,3146753,4195329,5243905,6292481,7341057,8389633,9438209,10486785,11535361,12583937,2,2050,1048578,1049602,1050626],"BlockIds":[8613,8613,456,456,456,8613,456,456,456,456,456,456,456,456,456,456,456,456,456,456,456,456,8613,8613,456,456,456],"DecorIndices":[],"DecorIds":[],"BlockEntities":{"1048576":"!<d@[F*QES#64c-E,TfC\"onW'!<d@[F*dB&#64o6@VfsmCI<#NAIW-_Bldj%ARo7dDe!Pj$#O*mATDKnCi]UW!!(pc!!!B4A7]7hE_0e_\"onW'zzzIKoiQkTg-.z!=34I@rHBcDfbsZ!!!$*Ec6&.FD5Z2!2'Jq$O:0a@W,skEs)IC!!)N[!(?JR!/UFI!6kB@!!ipCD/\")jBk1d@DZKh\\#RPQdA7\\\\XCh[D\\!$DOXF(o/r6#:CVF*(?!Ch[D\\!$DFO@VfsmCJJ;TAH3)S@<Q'nCe\\>[ATDKnCf,=`DKKT7Bk;>dz&-)\\1","1049600":"!<d@[F*QES#64c-E,TfC\"onW'!<d@[F*dE'#64o6@VfsmCI<#NAIW-_Bldj%ARo7dDe!Pj$#O*mATDKnCi]UW!!(pc!!!B4A7]7hE_0e_\"onW'zzzIKoiQIKoiQz!=34I@rHBcDfbsZ!!!$*Ec6&.FD5Z2!2'Jq$O:0a@W,skEs)IC!!)N[!(?>N!/U.A!6js4!!ipCD/\")jBk1d@DZKh^#RPQdA7\\\\XCh[D\\!$V[ZF(o/r6#:CVF*(?!Ch[D\\!$VRQ@VfsmCJJ;TAH3)S@<Q'nCe\\>[ATDKnCf,=`DKKT7Bk;>dz&-)\\1","1050624":"!<d@[F*QES#64c-E,TfC\"onW'!<d@[F*dH(#64o6@VfsmCI<#NAIW-_Bldj%ARo7dDe!Pj$#O*mATDKnCi]UW!!(pc!!!B4A7]7hE_0e_\"onW'zzzkTg-.kTg-.z!=34I@rHBcDfbsZ!!!$*Ec6&.FD5Z2!2'Jq$O:0a@W,skEs)IC!!)N[!(?=c!/U,k!6jps!!ipCD/\")jBk1d@DZKh\\#RPQdA7\\\\XCh[D\\!$DOXF(o/r6#:CVF*(?!Ch[D\\!$DFO@VfsmCJJ;TAH3)S@<Q'nCe\\>[ATDKnCf,=`DKKT7Bk;>dz&-)\\1","1048577":"!<d@[F*QHT#64c-E,TfC\"onW'!<d@[F*dB&#64o6@VfsmCI<#NAIW-_Bldj%ARo7dDe!Pj$#O*mATDKnCi]UW!!(pc!!!B4A7]7hE_0e_\"onW'zzzzIKoiQz!=34I@rHBcDfbsZ!!!$*Ec6&.FD5Z2!2'Jq$O:0a@W,skEs)IC!!)N[!'p2N!.akA!5SO4!!ipCD/\")jBk1d@DZKh`#RPQdA7\\\\XCh[D\\!$hg\\F(o/r6#:CVF*(?!Ch[D\\!$h^S@VfsmCJJ;TAH3)S@<Q'nCe\\>[ATDKnCf,=`DKKT7Bk;>dz&-)\\1","1049601":"!<d@[F*QHT#64c-E,TfC\"onW'!<d@[F*dE'#64o6@VfsmCI<#NAIW-_Bldj%ARo7dDe!Pj$#O*mATDKnCi]UW!!(pc!!!B4A7]7hE_0e_\"onW'&m527IKoiQIKoiQIKoiQ&m527z!=34I@rHBcDfbsZ!!!$*Ec6&.FD5Z2!2'Jq$O:0a@W,skEruCB!!)NY!:]LX!$U=h!!ipCD/\")jBk1d@DZKi&#RPQdA7\\\\XCh[D\\!'^`\"F(o/r6#:CVF*(?!Ch[D\\!'^Vn@VfsmCJJ;TAK4!KARlp&Des-/BOt]sEc5H'+=Ka#@;]e$ALS!'@<Q'nCe\\>[ATDKnCf,=`DKKT7Bk;>dz&-)\\1","1050625":"!<d@[F*QHT#64c-E,TfC\"onW'!<d@[F*dH(#64o6@VfsmCI<#NAIW-_Bldj%ARo7dDe!Pj$#O*mATDKnCi]UW!!(pc!!!B4A7]7hE_0e_\"onW'zkTg-.zzkTg-.z!=34I@rHBcDfbsZ!!!$*Ec6&.FD5Z2!2'Jq$O:0a@W,skEsMaG!!)M7!!#\"T!3krW!3l*2!3djJ!!N)e!%dpA!58.(!!ipCD/\")jBk1d@DZKh]#RPQdA7\\\\XCh[D\\!$MUYF(o/r6#:CVF*(?!Ch[D\\!$MLP@VfsmCJJ;TAH3)S@<Q'nCe\\>[ATDKnCf,=`DKKT7Bk;>dz&-)\\1","1051649":"!<d@[F*QHT#64c-E,TfC\"onW'!<d@[F*dK)#64o6@VfsmCI<#NAIW-_Bldj%ARo7dDe!Pj$#O*mATDKnCi]UW!!(pc!!!B4A7]7hE_0e_\"onW'zkTg-.kTg-.kTg-.kTg-.z!=34I@rHBcDfbsZ!!!$*Ec6&.FD5Z2!2'Jq$O:0a@W,skEsMaG!!\"_L!3dUC!4-P>!!Mf]!$qL=!4i(*!%dWN!57mF!!ipCD/\")jBk1d@DZKh\\#RPQdA7\\\\XCh[D\\!$DOXF(o/r6#:CVF*(?!Ch[D\\!$DFO@VfsmCJJ;TAK+H[DJLA3@<,gnAKZ#3@r!28:iC/aF(f,q.16r#G%#*$9jr-TEbSru;0?;bFD5i2ATIkP!!!!1!!!!","2098177":"!<d@[F*QHT#64c-E,TfC#64`(!<d@[F*dE'#64o6@VfsmCI<#NAIW-_Bldj%ARo7dDe!Pj$#O*mATDKnCi]UW!!(pc!!!B4A7]7hE_0e_\"onW'IKoiQkTg-.kTg-.IKoiQzz!=34I@rHBcDfbsZ!!!$*Ec6&.FD5Z2!2'Jq$O:0a@W,skEshsJ!!)NY!:]LX!$U=8!$QaX!%*3g!%@3n!%>&A!(cJE!(a<d!'0E+!'.7S!!ipCD/\")jBk1d@DZKhl#RPQdA7\\\\XCh[D\\!&+ZhF(o/r6#:CVF*(?!Ch[D\\!&+Q_@VfsmCJJ;TAK4!KARlp&Des-/BOt]sEc5H'+=Ka#@;]e$ALS!'@<Q'nCe\\>[ATDKnCf,=`DKKT7Bk;>dz&-)\\1","2099201":"!<d@[F*QHT#64c-E,TfC#64`(!<d@[F*dH(#64o6@VfsmCI<#NAIW-_Bldj%ARo7dDe!Pj$Zg3(G@Pc)DeWa'\"onW'\\:A>p7rU9b8WYb/2fuA+3L$iM.#3rc$P@#lDfor.;f6Mt6ZljVBk28fz@.4.$r9s[lMQd'fn?;m#$#O*mATDKnCi]XX!!\"ed!!%[(!!!$*A7]7hE`-gtz!=3^aFCB9*Df,QJ\"TSo8@s)7!Bk28k!!!!HOHKVlHF!W2E&7SSFHZ_rO>Hu?J-uCfJSP98R^3#TOHT\\N$>\"'gFAlmaAO158!!!92F(o/r;f?JdA,uZ1#S1ujA7\\&CD/XK;;f?JdA,uZ1\"USXSDe!QX@;TQd9kei`A0>E'Gp%0MDf0+o(L_JqBl$LPFCfK,@;Je`@;^1$FD5<-!WW3#!\"],1!\"],1!!","3146753":"!<d@[F*QHT#64c-E,TfC#QOi)!<d@[F*dE'#64o6@VfsmCI<#NAIW-_Bldj%ARo7dDe!Pj$#O*mATDKnCi]UW!!(pc!!!B4A7]7hE_0e_\"onW'IKoiQzkTg-.IKoiQl6H?0z!=34I@rHBcDfbsZ!!!$*Ec6&.FD5Z2!2'Jq$O:0a@W,skEtnZT!!)N[!'p4R!(#[7!(#qY!(,-l!(,J[!+ONO!(4UL!(5#]!+WuT!+X0T!(=(,!(=Q_!+`H4!+`^V!(EOa!(F*a!+hoi!+i7X!+qBI!+qeZ!!ipCD/\")jBk1d@DZKh\\#RPQdA7\\\\XCh[D\\!$DOXF(o/r6#:CVF*(?!Ch[D\\!$DFO@VfsmCJJ;TAK4!KARlp&Des-/BOt]sEc5H'+=Ka#@;]e$ALS!'@<Q'nCe\\>[ATDKnCf,=`DKKT7Bk;>dz&-)\\1","4195329":"!<d@[F*QHT#64c-E,TfC#ljr*!<d@[F*dE'#64o6@VfsmCI<#NAIW-_Bldj%ARo7dDe!Pj$#O*mATDKnCi]XX!!(pc!!\"5\\!!!B4A7]7hE_0e_\"onW'IKoiQkTg-.kTg-.l6H?0zz!=34I@rHBcDfbsZ!!!$*Ec6&.FD5Z2!2'Jq$O:0a@W,skEtA<O!#!kT!!C6&!>EFZ!#*MY!!K]+!<g!,!>Mn:!#3&[!!T/`!<oO.!#;7n!#;T]!!\\W@!=#(0!#C_N!#D-_!!ipCD/\")jBk1d@DZKh<#RPQdA7\\\\XCh[D\\!!!98F(o/r6#:CVF*(?!Ch[D\\!!!0/@VfsmCJJ;TAK4!KARlp&Des-/BOt]sEc5H'+=Ka#@;]e$ALS!'@<Q'nCe\\>[ATDKnCf,=`DKKT7Bk;>ez&-)\\1&-)\\1","5243905":"!<d@[F*QHT#64c-E,TfC$31&+!<d@[F*dE'#64o6@VfsmCI<#NAIW-_Bldj%ARo7dDe!Pj$#O*mATDKnCi]XX!!(pc!!\"5\\!!!B4A7]7hE_0e_\"onW'IKoiQkTg-.IKoiQIKoiQzz!=34I@rHBcDfbsZ!!!$*Ec6&.FD5Z2!2'Jq$O:0a@W,skEtA<O!#!kT!!C6&!>EFZ!#*MY!!K]+!<g!,!>Mn:!#3&[!!T/`!<oO.!#;7n!#;T]!!\\W@!=#(0!#C_N!#D-_!!ipCD/\")jBk1d@DZKh<#RPQdA7\\\\XCh[D\\!!!98F(o/r6#:CVF*(?!Ch[D\\!!!0/@VfsmCJJ;TAK4!KARlp&Des-/BOt]sEc5H'+=Ka#@;]e$ALS!'@<Q'nCe\\>[ATDKnCf,=`DKKT7Bk;>ez&-)\\1&-)\\1","6292481":"!<d@[F*QHT#64c-E,TfC$NL/,!<d@[F*dE'#64o6@VfsmCI<#NAIW-_Bldj%ARo7dDe!Pj$#O*mATDKnCi]XX!!(pc!!\"5\\!!!B4A7]7hE_0e_\"onW'IKoiQkTg-.l6H?0l6H?0zz!=34I@rHBcDfbsZ!!!$*Ec6&.FD5Z2!2'Jq$O:0a@W,skEtA<O!#!kT!!C6&!>EFZ!#*MY!!K]+!<g!,!>Mn:!#3&[!!T/`!<oO.!#;7n!#;T]!!\\W@!=#(0!#C_N!#D-_!!ipCD/\")jBk1d@DZKh<#RPQdA7\\\\XCh[D\\!!!98F(o/r6#:CVF*(?!Ch[D\\!!!0/@VfsmCJJ;TAK4!KARlp&Des-/BOt]sEc5H'+=Ka#@;]e$ALS!'@<Q'nCe\\>[ATDKnCf,=`DKKT7Bk;>ez&-)\\1&-)\\1","7341057":"!<d@[F*QHT#64c-E,TfC$ig8-!<d@[F*dE'#64o6@VfsmCI<#NAIW-_Bldj%ARo7dDe!Pj$#O*mATDKnCi]XX!!(pc!!\"5\\!!!B4A7]7hE_0e_\"onW'IKoiQkTg-.IKoiQIKoiQzz!=34I@rHBcDfbsZ!!!$*Ec6&.FD5Z2!2'Jq$O:0a@W,skEtA<O!#!kT!!C6&!>EFZ!#*MY!!K]+!<g!,!>Mn:!#3&[!!T/`!<oO.!#;7n!#;T]!!\\W@!=#(0!#C_N!#D-_!!ipCD/\")jBk1d@DZKh<#RPQdA7\\\\XCh[D\\!!!98F(o/r6#:CVF*(?!Ch[D\\!!!0/@VfsmCJJ;TAK4!KARlp&Des-/BOt]sEc5H'+=Ka#@;]e$ALS!'@<Q'nCe\\>[ATDKnCf,=`DKKT7Bk;>ez&-)\\1&-)\\1","8389633":"!<d@[F*QHT#64c-E,TfC%0-A.!<d@[F*dE'#64o6@VfsmCI<#NAIW-_Bldj%ARo7dDe!Pj$Zg3(G@Pc)DeWa'!rr<$nDNa8naHJXs7,OX$P@#lDfor.;f6Mt6ZljVBk28dz&+BQ0n,NFr$#O*mATDKnCi]XX!!(pc!!\"5\\!!!B4A7]7hE_0e_\"onW'kTg-.IKoiQIKoiQIKoiQl6H?0IKoiQ!=34I@rHBcDfbsZ!!!$*Ec6&.FD5Z2!2'Jq$O:0a@W,skEtA<O!#!kT!!C6&!>EFZ!#*MY!!K]+!<g!,!>Mn:!#3&[!!T/`!<oO.!#;7n!#;T]!!\\W@!=#(0!#C_N!#D-_!!ipCD/\")jBk1d@DZKhL#RPQdA7\\\\XCh[D\\!\"]DHF(o/r6#:CVF*(?!Ch[D\\!\"];?@VfsmCJJ;TAK4!KARlp&Des-/BOt]sEc5H'+=Ka#@;]e$ALS!'@<Q'nCe\\>[ATDKnCf,=`DKKT7Bk;>ez&-)\\1&-)\\1","9438209":"!<d@[F*QHT#64c-E,TfC%KHJ/!<d@[F*dE'#64o6@VfsmCI<#NAIW-_Bldj%ARo7dDe!Pj$#O*mATDKnCi]XX!!(pc!!\"5\\!!!B4A7]7hE_0e_\"onW'kTg-.IKoiQIKoiQIKoiQzz!=34I@rHBcDfbsZ!!!$*Ec6&.FD5Z2!2'Jq$O:0a@W,skEtA<O!#!kT!!C6&!>EFZ!#*MY!!K]+!<g!,!>Mn:!#3&[!!T/`!<oO.!#;7n!#;T]!!\\W@!=#(0!#C_N!#D-_!!ipCD/\")jBk1d@DZKi&#RPQdA7\\\\XCh[D\\!'^`\"F(o/r6#:CVF*(?!Ch[D\\!'^Vn@VfsmCJJ;TAK4!KARlp&Des-/BOt]sEc5H'+=Ka#@;]e$ALS!'@<Q'nCe\\>[ATDKnCf,=`DKKT7Bk;>ez&-)\\1&-)\\1","10486785":"!<d@[F*QHT#64c-E,TfC%fcS0!<d@[F*dE'#64o6@VfsmCI<#NAIW-_Bldj%ARo7dDe!Pj$Zg3(G@Pc)DeWa'%0-A.KPJ!sM7U1sE0*!YEAY-)E\\-qbF8bh5FSs/ZGD*F*HLM.>Hgs#pI.XlJC7uCC5oeqc$P@#lDfor.;f6Mt6ZljVBk28dz\"RlBl+7K7<$#O*mATDKnCi][Y!!(pc!!%Bl!!&Z;!!!B4A7]7hE_0e_\"onW'kTg-.kTg-.kTg-.kTg-.zz!=34I@rHBcDfbsZ!!!$*Ec6&.FD5Z2!2'Jq$O:0a@W,skEutA^!-%E4!H8)6!C>]*!+D#Q!-/&5!<U]u!)h7q!/!DT!g>am!JG'S!JG3t!Q8Sd!lRU!!n:eR!QA-!!QAcC!qfMg!lel3!f=@T!K\"Ct!Qhcd!m-e!!njuR!G^TU!.*Yf!6V3u!QqsC!rA]g!dilB!6_j1!e9b'!=0$DD/\")jBk1d@DZKh<#RPQdA7\\\\XCh[D\\!$DOXF(o/r6#:CVF*(?!Ch[D\\!!!0/@VfsmCJJ;TAKsig@<6O5F!,R<AKXK`ARTZf;flGiF_)[M+=M2IA7]h(.16r#G%#*$9jr-TEbSru;0?;bFD5i2ATIqR!!!!1!!!!1!!!!1!!!!","11535361":"!<d@[F*QHT#64c-E,TfC&-)\\1!<d@[F*dE'#64o6@VfsmCI<#NAIW-_Bldj%ARo7dDe!Pj$#O*mATDKnCi][Y!!%Bl!!&Z;!!\"VT!!!$*A7]7hE`-gtz!=3^aFCB9*Df,QJ\"TSo8@s)7!Bk29C!!!\"Pep.7sep7A)epdZ+[#b8*\\WHn3[XeGsZrmAX[[-uI\\=*Dn[<_hQZq:>/\\XNW3\\;LC\"Zs*RL\\=N]=ZsNh/\\=Wa>VL\\`TW/CY`V-<r,Ue:_+Q@T(9PY(sUKSKP<M3e3qKNS;QKLu6RM44S=M4XeALlVT?A<6d*BorE3Aq9ssA5iOSAs<9pBpA[qA4cm0Bq#,<<e17H<([/_=H<Fr7Y(TI7>h2b7XkEd9[*P>4N@GS4NdcB4l$+T4NmfB41t[333<1t2LPVd4O4&f2Lb]4$>\"'gFAlmaAO158!'^_qF(o/r;f?JdA,uZp#S1ujA7\\&CD/XK;;f?JdA,uZp\"USXSDe!QX@;TR\"96+H^FEMXIFD,5.7ri0LF:(rg@<?X'+>FueFDl2@D^c&1@<Q'nCe\\>[ATDKnCf,=`DKKT7Bk;>fz&-)\\1&-)\\1&-)\\1","12583937":"!<d@[F*QHT#64c-E,TfC&HDe2!<d@[F*dE'#64o6@VfsmCI<#NAIW-_Bldj%ARo7dDe!Pj$#O*mATDKnCi][Y!!%Bl!!&Z;!!\"VT!!!$*A7]7hE`-gtz!=3^aFCB9*Df,QJ\"TSo8@s)7!Bk291!!!!#eoUmj`cV7g\\<HsrZr@$)\\:jo^[8d3,WKdH`UdY9pUmhAkR?.CRR\",5UR$%M2R$7S`Q[8^UR%\")!Q\"pAcPY2\"bR]?ItP</dMM3%cTM37lULk5UcLm%m.Lm.mPLkYnBKk:;fBTN30BT`ERBp/NTBS-A0B6sUm=HWY@=G$U]<1<mj4Nd`B4O4'7$>\"'gFAlmaAO158!'^_qF(o/r;f?JdA,uZp#S1ujA7\\&CD/XK;;f?JdA,uZp\"USXSDe!QX@;TR!96+H^FEMXIFD,5.7ri0LF:(rg@<?X'+>FueBOtU_.16r#G%#*$9jr-TEbSru;0?;bFD5i2ATIqR!!!!1!!!!1!!!!1!!!!","1048578":"!<d@[F*QKU#64c-E,TfC\"onW'!<d@[F*dB&#64o6@VfsmCI<#NAIW-_Bldj%ARo7dDe!Pj$#O*mATDKnCi]UW!!(pc!!!$*A7]7hE`-gtz!=3^aFCB9*Df,QJ\"TSo8@s)7!Bk28fznFHWF[.aQNGl%KV4T>Be$>\"'gFAlmaAO158!$DORF(o/r;f?JdA,uZQ#S1ujA7\\&CD/XK;;f?JdA,uZQ\"USXSDe!QX@;TQU$Q!5p@;0OP@<?($BjkgTF^]00Bln'#Erc7@!!!Q1!!!","1049602":"!<d@[F*QKU#64c-E,TfC\"onW'!<d@[F*dE'#64o6@VfsmCI<#NAIW-_Bldj%ARo7dDe!Pj$#O*mATDKnCi]UW!!(pc!!!B4A7]7hE_0e_\"onW'zzzzkTg-.z!=34I@rHBcDfbsZ!!!$*Ec6&.FD5Z2!2'Jq$O:0a@W,skEs)IC!!'7t!.]%c!5L;g!\"AAg!!ipCD/\")jBk1d@DZKhd#RPQdA7\\\\XCh[D\\!%8*`F(o/r6#:CVF*(?!Ch[D\\!%8!W@VfsmCJJ;TAH3)S@<Q'nCe\\>[ATDKnCf,=`DKKT7Bk;>dz&-)\\1","1050626":"!<d@[F*QKU#64c-E,TfC\"onW'!<d@[F*dH(#64o6@VfsmCI<#NAIW-_Bldj%ARo7dDe!Pj$#O*mATDKnCi]UW!!(pc!!!B4A7]7hE_0e_\"onW'zzzzkTg-.z!=34I@rHBcDfbsZ!!!$*Ec6&.FD5Z2!2'Jq$O:0a@W,skEs)IC!!'7t!.]$8!5L9Q!\"AAg!!ipCD/\")jBk1d@DZKh\\#RPQdA7\\\\XCh[D\\!$DOXF(o/r6#:CVF*(?!Ch[D\\!$DFO@VfsmCJJ;TAH3)S@<Q'nCe\\>[ATDKnCf,=`DKKT7Bk;>dz&-)\\1"},"Entities":[],"ReplaceMode":2,"EntranceRotation":-1,"OriginalPos":{"X":508122,"Z":511985,"InternalY":5}}