{
	"editor": {
		"allAngles": false,
		"entityTextureMode": false
	},
	"textureWidth": 16,
	"textureHeight": 16,
	"textureSizes": {
	},
	"textures": {
		"top": "H:/VintageStory 1.20.4/assets/survival/textures/block/wood/debarked/oak",
		"beams": "H:/VintageStory 1.20.4/assets/survival/textures/block/wood/debarked/oak",
		"string": "H:/VintageStory 1.20.4/assets/survival/textures/item/tool/material/string"
	},
	"elements": [
		{
			"name": "Origin",
			"from": [ 8.0, 0.0, 8.0 ],
			"to": [ 9.0, 1.0, 9.0 ],
			"rotationOrigin": [ 8.0, 0.0, 8.0 ],
			"faces": {
			},
			"children": [
				{
					"name": "Cube6",
					"from": [ 0.0, 0.0, 0.0 ],
					"to": [ 1.0, 1.0, 1.0 ],
					"rotationOrigin": [ 0.5, 0.0, 0.5 ],
					"rotationY": 45.0,
					"faces": {
					},
					"children": [
						{
							"name": "Cube2",
							"from": [ 0.0, 0.0, 0.0 ],
							"to": [ 1.0, 4.0, 1.0 ],
							"rotationOrigin": [ 0.5, 0.0, 0.5 ],
							"rotationX": 1.0,
							"rotationY": -3.0,
							"rotationZ": -2.0,
							"faces": {
								"north": { "texture": "#beams", "uv": [ 8.5, 1.0, 12.5, 2.0 ], "rotation": 90 },
								"east": { "texture": "#beams", "uv": [ 5.5, 8.5, 9.5, 9.5 ], "rotation": 90 },
								"south": { "texture": "#beams", "uv": [ 7.5, 0.0, 11.5, 1.0 ], "rotation": 90 },
								"west": { "texture": "#beams", "uv": [ 7.5, 7.0, 11.5, 8.0 ], "rotation": 90 },
								"up": { "texture": "#beams", "uv": [ 4.0, 7.5, 5.0, 8.5 ], "windMode": [-1,-1,-1,-1] },
								"down": { "texture": "#beams", "uv": [ 4.5, 7.5, 5.5, 8.5 ], "windMode": [-1,-1,-1,-1] }
							},
							"children": [
								{
									"name": "Cube3",
									"from": [ 0.0, 4.0, 0.0 ],
									"to": [ 1.0, 8.0, 1.0 ],
									"rotationOrigin": [ 0.5, 4.0, 0.5 ],
									"rotationX": 2.0,
									"rotationY": -6.0,
									"rotationZ": 2.0,
									"faces": {
										"north": { "texture": "#beams", "uv": [ 11.0, 2.5, 15.0, 3.5 ], "rotation": 90 },
										"east": { "texture": "#beams", "uv": [ 8.5, 2.5, 12.5, 3.5 ], "rotation": 90 },
										"south": { "texture": "#beams", "uv": [ 1.5, 3.0, 5.5, 4.0 ], "rotation": 90 },
										"west": { "texture": "#beams", "uv": [ 3.0, 0.0, 7.0, 1.0 ], "rotation": 90 },
										"up": { "texture": "#beams", "uv": [ 6.0, 5.5, 7.0, 6.5 ] },
										"down": { "texture": "#beams", "uv": [ 1.0, 3.0, 2.0, 4.0 ] }
									},
									"children": [
										{
											"name": "Cube4",
											"from": [ 0.0, 4.0, 0.0 ],
											"to": [ 1.0, 8.0, 1.0 ],
											"rotationOrigin": [ 0.5, 4.0, 0.5 ],
											"rotationX": -2.0,
											"rotationY": -8.0,
											"rotationZ": 3.0,
											"faces": {
												"north": { "texture": "#beams", "uv": [ 3.5, 6.0, 7.5, 7.0 ], "rotation": 90 },
												"east": { "texture": "#beams", "uv": [ 9.5, 9.5, 13.5, 10.5 ], "rotation": 90 },
												"south": { "texture": "#beams", "uv": [ 4.0, 2.0, 8.0, 3.0 ], "rotation": 90 },
												"west": { "texture": "#beams", "uv": [ 10.0, 5.5, 14.0, 6.5 ], "rotation": 90 },
												"up": { "texture": "#beams", "uv": [ 14.0, 2.5, 15.0, 3.5 ] },
												"down": { "texture": "#beams", "uv": [ 1.0, 8.5, 2.0, 9.5 ] }
											},
											"children": [
												{
													"name": "Cube5",
													"from": [ 0.0, 4.0, 0.0 ],
													"to": [ 1.0, 8.0, 1.0 ],
													"rotationOrigin": [ 0.5, 4.0, 0.5 ],
													"rotationX": 3.0,
													"rotationY": 6.0,
													"rotationZ": -3.0,
													"faces": {
														"north": { "texture": "#beams", "uv": [ 4.5, 10.5, 8.5, 11.5 ], "rotation": 90 },
														"east": { "texture": "#beams", "uv": [ 9.5, 10.0, 13.5, 11.0 ], "rotation": 90 },
														"south": { "texture": "#beams", "uv": [ 11.5, 10.0, 15.5, 11.0 ], "rotation": 90 },
														"west": { "texture": "#beams", "uv": [ 8.5, 0.5, 12.5, 1.5 ], "rotation": 90 },
														"up": { "texture": "#beams", "uv": [ 0.5, 5.0, 1.5, 6.0 ] },
														"down": { "texture": "#beams", "uv": [ 4.0, 1.5, 5.0, 2.5 ] }
													},
													"children": [
														{
															"name": "Cube13",
															"from": [ 0.0, 4.0, 0.0 ],
															"to": [ 1.0, 8.0, 1.0 ],
															"rotationOrigin": [ 0.5, 4.0, 0.5 ],
															"rotationX": -3.0,
															"rotationY": -5.0,
															"rotationZ": 2.0,
															"faces": {
																"north": { "texture": "#beams", "uv": [ 8.0, 11.5, 12.0, 12.5 ], "rotation": 90 },
																"east": { "texture": "#beams", "uv": [ 2.5, 11.5, 6.5, 12.5 ], "rotation": 90 },
																"south": { "texture": "#beams", "uv": [ 8.0, 2.5, 12.0, 3.5 ], "rotation": 90 },
																"west": { "texture": "#beams", "uv": [ 0.5, 3.0, 4.5, 4.0 ], "rotation": 90 },
																"up": { "texture": "#beams", "uv": [ 0.5, 7.0, 1.5, 8.0 ] },
																"down": { "texture": "#beams", "uv": [ 6.5, 4.0, 7.5, 5.0 ] }
															},
															"children": [
																{
																	"name": "Cube14",
																	"from": [ 0.0, 4.0, 0.0 ],
																	"to": [ 1.0, 8.0, 1.0 ],
																	"rotationOrigin": [ 0.5, 4.0, 0.5 ],
																	"rotationX": -2.0,
																	"rotationY": -4.0,
																	"rotationZ": -1.0,
																	"faces": {
																		"north": { "texture": "#beams", "uv": [ 2.5, 7.0, 6.5, 8.0 ], "rotation": 90 },
																		"east": { "texture": "#beams", "uv": [ 9.5, 6.0, 13.5, 7.0 ], "rotation": 90 },
																		"south": { "texture": "#beams", "uv": [ 4.0, 0.5, 8.0, 1.5 ], "rotation": 90 },
																		"west": { "texture": "#beams", "uv": [ 12.0, 7.5, 16.0, 8.5 ], "rotation": 90 },
																		"up": { "texture": "#beams", "uv": [ 1.0, 7.0, 2.0, 8.0 ] },
																		"down": { "texture": "#beams", "uv": [ 10.5, 4.0, 11.5, 5.0 ] }
																	},
																	"children": [
																		{
																			"name": "Cube15",
																			"from": [ 0.0, 4.0, 0.0 ],
																			"to": [ 1.0, 8.0, 1.0 ],
																			"rotationOrigin": [ 0.5, 4.0, 0.5 ],
																			"rotationX": -2.0,
																			"rotationY": 2.0,
																			"rotationZ": -3.0,
																			"faces": {
																				"north": { "texture": "#beams", "uv": [ 8.0, 3.0, 12.0, 4.0 ], "rotation": 90 },
																				"east": { "texture": "#beams", "uv": [ 11.0, 10.0, 15.0, 11.0 ], "rotation": 90 },
																				"south": { "texture": "#beams", "uv": [ 5.0, 8.5, 9.0, 9.5 ], "rotation": 90 },
																				"west": { "texture": "#beams", "uv": [ 12.0, 5.5, 16.0, 6.5 ], "rotation": 90 },
																				"up": { "texture": "#beams", "uv": [ 12.0, 1.0, 13.0, 2.0 ] },
																				"down": { "texture": "#beams", "uv": [ 9.0, 6.0, 10.0, 7.0 ] }
																			},
																			"children": [
																				{
																					"name": "Cube16",
																					"from": [ 0.0, 4.0, 0.0 ],
																					"to": [ 1.0, 8.0, 1.0 ],
																					"rotationOrigin": [ 0.5, 4.0, 0.5 ],
																					"rotationX": 5.0,
																					"rotationZ": 3.0,
																					"faces": {
																						"north": { "texture": "#beams", "uv": [ 10.0, 11.0, 14.0, 12.0 ], "rotation": 90 },
																						"east": { "texture": "#beams", "uv": [ 8.5, 9.0, 12.5, 10.0 ], "rotation": 90 },
																						"south": { "texture": "#beams", "uv": [ 5.5, 5.5, 9.5, 6.5 ], "rotation": 90 },
																						"west": { "texture": "#beams", "uv": [ 10.0, 3.0, 14.0, 4.0 ], "rotation": 90 },
																						"up": { "texture": "#beams", "uv": [ 2.0, 2.0, 3.0, 3.0 ] },
																						"down": { "texture": "#beams", "uv": [ 13.0, 1.5, 14.0, 2.5 ] }
																					},
																					"children": [
																						{
																							"name": "Cube43",
																							"from": [ 0.0, 4.0, 0.0 ],
																							"to": [ 1.0, 8.0, 1.0 ],
																							"rotationOrigin": [ 0.5, 4.0, 0.5 ],
																							"rotationX": 2.0,
																							"rotationY": -2.0,
																							"rotationZ": 1.0,
																							"faces": {
																								"north": { "texture": "#beams", "uv": [ 11.0, 11.5, 15.0, 12.5 ], "rotation": 90 },
																								"east": { "texture": "#beams", "uv": [ 10.5, 5.5, 14.5, 6.5 ], "rotation": 90 },
																								"south": { "texture": "#beams", "uv": [ 2.0, 3.5, 6.0, 4.5 ], "rotation": 90 },
																								"west": { "texture": "#beams", "uv": [ 2.5, 1.0, 6.5, 2.0 ], "rotation": 90 },
																								"up": { "texture": "#beams", "uv": [ 7.0, 2.0, 8.0, 3.0 ] },
																								"down": { "texture": "#beams", "uv": [ 10.0, 3.5, 11.0, 4.5 ] }
																							},
																							"children": [
																								{
																									"name": "Cube44",
																									"from": [ 0.0, 4.0, 0.0 ],
																									"to": [ 1.0, 8.0, 1.0 ],
																									"rotationOrigin": [ 0.5, 4.0, 0.5 ],
																									"rotationX": -3.0,
																									"rotationY": 7.0,
																									"rotationZ": -2.0,
																									"faces": {
																										"north": { "texture": "#beams", "uv": [ 8.0, 4.5, 12.0, 5.5 ], "rotation": 90 },
																										"east": { "texture": "#beams", "uv": [ 12.0, 8.0, 16.0, 9.0 ], "rotation": 90 },
																										"south": { "texture": "#beams", "uv": [ 2.5, 8.0, 6.5, 9.0 ], "rotation": 90 },
																										"west": { "texture": "#beams", "uv": [ 7.0, 5.0, 11.0, 6.0 ], "rotation": 90 },
																										"up": { "texture": "#beams", "uv": [ 7.0, 5.5, 8.0, 6.5 ] },
																										"down": { "texture": "#beams", "uv": [ 1.0, 14.5, 2.0, 15.5 ] }
																									},
																									"children": [
																										{
																											"name": "Cube45",
																											"from": [ 0.0, 4.0, 0.0 ],
																											"to": [ 1.0, 8.0, 1.0 ],
																											"rotationOrigin": [ 0.5, 4.0, 0.5 ],
																											"rotationX": -4.0,
																											"rotationZ": 2.0,
																											"faces": {
																												"north": { "texture": "#beams", "uv": [ 8.5, 1.0, 12.5, 2.0 ], "rotation": 90 },
																												"east": { "texture": "#beams", "uv": [ 1.5, 2.0, 5.5, 3.0 ], "rotation": 90 },
																												"south": { "texture": "#beams", "uv": [ 4.0, 11.0, 8.0, 12.0 ], "rotation": 90 },
																												"west": { "texture": "#beams", "uv": [ 0.5, 8.5, 4.5, 9.5 ], "rotation": 90 },
																												"up": { "texture": "#beams", "uv": [ 7.5, 9.0, 8.5, 10.0 ] },
																												"down": { "texture": "#beams", "uv": [ 3.0, 2.5, 4.0, 3.5 ] }
																											},
																											"children": [
																												{
																													"name": "Cube46",
																													"from": [ 0.0, 4.0, 0.0 ],
																													"to": [ 1.0, 8.0, 1.0 ],
																													"rotationOrigin": [ 0.5, 4.0, 0.5 ],
																													"rotationX": -1.0,
																													"rotationY": 3.0,
																													"rotationZ": -5.0,
																													"faces": {
																														"north": { "texture": "#beams", "uv": [ 12.0, 1.0, 16.0, 2.0 ], "rotation": 90 },
																														"east": { "texture": "#beams", "uv": [ 3.0, 6.0, 7.0, 7.0 ], "rotation": 90 },
																														"south": { "texture": "#beams", "uv": [ 1.0, 7.0, 5.0, 8.0 ], "rotation": 90 },
																														"west": { "texture": "#beams", "uv": [ 12.0, 2.5, 16.0, 3.5 ], "rotation": 90 },
																														"up": { "texture": "#beams", "uv": [ 2.5, 9.0, 3.5, 10.0 ] },
																														"down": { "texture": "#beams", "uv": [ 6.5, 5.0, 7.5, 6.0 ] }
																													}
																												}
																											]
																										}
																									]
																								}
																							]
																						}
																					]
																				}
																			]
																		}
																	]
																}
															]
														}
													]
												}
											]
										}
									]
								}
							]
						}
					]
				},
				{
					"name": "Cube17",
					"from": [ 0.0, 0.0, -1.0 ],
					"to": [ 1.0, 1.0, 0.0 ],
					"rotationOrigin": [ 0.5, 0.0, -0.5 ],
					"rotationY": 45.0,
					"faces": {
					},
					"children": [
						{
							"name": "Cube18",
							"from": [ 0.0, 0.0, 0.0 ],
							"to": [ 1.0, 4.0, 1.0 ],
							"rotationOrigin": [ 0.5, 0.0, 0.5 ],
							"faces": {
								"north": { "texture": "#beams", "uv": [ 11.5, 5.0, 15.5, 6.0 ], "rotation": 90 },
								"east": { "texture": "#beams", "uv": [ 4.5, 4.0, 8.5, 5.0 ], "rotation": 90 },
								"south": { "texture": "#beams", "uv": [ 0.5, 8.0, 4.5, 9.0 ], "rotation": 90 },
								"west": { "texture": "#beams", "uv": [ 8.0, 5.5, 12.0, 6.5 ], "rotation": 90 },
								"up": { "texture": "#beams", "uv": [ 13.0, 6.5, 14.0, 7.5 ] },
								"down": { "texture": "#beams", "uv": [ 8.5, 14.5, 9.5, 15.5 ] }
							},
							"children": [
								{
									"name": "Cube19",
									"from": [ 0.0, 4.0, 0.0 ],
									"to": [ 1.0, 8.0, 1.0 ],
									"rotationOrigin": [ 0.5, 4.0, 0.5 ],
									"rotationX": 2.0,
									"rotationY": -4.0,
									"rotationZ": 2.0,
									"faces": {
										"north": { "texture": "#beams", "uv": [ 5.0, 5.5, 9.0, 6.5 ], "rotation": 90 },
										"east": { "texture": "#beams", "uv": [ 6.5, 1.5, 10.5, 2.5 ], "rotation": 90 },
										"south": { "texture": "#beams", "uv": [ 11.5, 14.0, 15.5, 15.0 ], "rotation": 90 },
										"west": { "texture": "#beams", "uv": [ 11.5, 0.0, 15.5, 1.0 ], "rotation": 90 },
										"up": { "texture": "#beams", "uv": [ 0.5, 0.0, 1.5, 1.0 ] },
										"down": { "texture": "#beams", "uv": [ 7.0, 0.5, 8.0, 1.5 ] }
									},
									"children": [
										{
											"name": "Cube20",
											"from": [ 0.0, 4.0, 0.0 ],
											"to": [ 1.0, 8.0, 1.0 ],
											"rotationOrigin": [ 0.5, 4.0, 0.5 ],
											"rotationX": 1.0,
											"rotationY": 5.0,
											"rotationZ": -2.0,
											"faces": {
												"north": { "texture": "#beams", "uv": [ 10.0, 10.0, 14.0, 11.0 ], "rotation": 90 },
												"east": { "texture": "#beams", "uv": [ 2.0, 10.5, 6.0, 11.5 ], "rotation": 90 },
												"south": { "texture": "#beams", "uv": [ 5.0, 0.0, 9.0, 1.0 ], "rotation": 90 },
												"west": { "texture": "#beams", "uv": [ 2.5, 3.0, 6.5, 4.0 ], "rotation": 90 },
												"up": { "texture": "#beams", "uv": [ 7.5, 13.5, 8.5, 14.5 ] },
												"down": { "texture": "#beams", "uv": [ 13.5, 7.5, 14.5, 8.5 ] }
											},
											"children": [
												{
													"name": "Cube21",
													"from": [ 0.0, 4.0, 0.0 ],
													"to": [ 1.0, 8.0, 1.0 ],
													"rotationOrigin": [ 0.5, 4.0, 0.5 ],
													"rotationX": -1.0,
													"rotationY": -4.0,
													"rotationZ": 4.0,
													"faces": {
														"north": { "texture": "#beams", "uv": [ 11.0, 14.0, 15.0, 15.0 ], "rotation": 90 },
														"east": { "texture": "#beams", "uv": [ 2.0, 3.5, 6.0, 4.5 ], "rotation": 90 },
														"south": { "texture": "#beams", "uv": [ 5.0, 4.0, 9.0, 5.0 ], "rotation": 90 },
														"west": { "texture": "#beams", "uv": [ 12.0, 5.5, 16.0, 6.5 ], "rotation": 90 },
														"up": { "texture": "#beams", "uv": [ 11.0, 4.0, 12.0, 5.0 ] },
														"down": { "texture": "#beams", "uv": [ 12.0, 12.5, 13.0, 13.5 ] }
													},
													"children": [
														{
															"name": "Cube31",
															"from": [ 0.0, 4.0, 0.0 ],
															"to": [ 1.0, 8.0, 1.0 ],
															"rotationOrigin": [ 0.0, 4.0, 0.0 ],
															"rotationX": -2.0,
															"rotationY": -2.0,
															"rotationZ": -4.0,
															"faces": {
																"north": { "texture": "#beams", "uv": [ 11.0, 0.5, 15.0, 1.5 ], "rotation": 90 },
																"east": { "texture": "#beams", "uv": [ 7.0, 5.0, 11.0, 6.0 ], "rotation": 90 },
																"south": { "texture": "#beams", "uv": [ 4.5, 5.5, 8.5, 6.5 ], "rotation": 90 },
																"west": { "texture": "#beams", "uv": [ 2.0, 10.5, 6.0, 11.5 ], "rotation": 90 },
																"up": { "texture": "#beams", "uv": [ 1.5, 9.0, 2.5, 10.0 ] },
																"down": { "texture": "#beams", "uv": [ 7.0, 9.0, 8.0, 10.0 ] }
															},
															"children": [
																{
																	"name": "Cube32",
																	"from": [ 0.0, 4.0, 0.0 ],
																	"to": [ 1.0, 8.0, 1.0 ],
																	"rotationOrigin": [ 0.5, 4.0, 0.5 ],
																	"rotationX": 1.0,
																	"rotationY": -5.0,
																	"rotationZ": -1.0,
																	"faces": {
																		"north": { "texture": "#beams", "uv": [ 10.0, 4.5, 14.0, 5.5 ], "rotation": 90 },
																		"east": { "texture": "#beams", "uv": [ 9.5, 4.0, 13.5, 5.0 ], "rotation": 90 },
																		"south": { "texture": "#beams", "uv": [ 2.0, 0.5, 6.0, 1.5 ], "rotation": 90 },
																		"west": { "texture": "#beams", "uv": [ 6.5, 3.5, 10.5, 4.5 ], "rotation": 90 },
																		"up": { "texture": "#beams", "uv": [ 13.5, 7.5, 14.5, 8.5 ] },
																		"down": { "texture": "#beams", "uv": [ 2.0, 4.0, 3.0, 5.0 ] }
																	},
																	"children": [
																		{
																			"name": "Cube33",
																			"from": [ 0.0, 4.0, 0.0 ],
																			"to": [ 1.0, 8.0, 1.0 ],
																			"rotationOrigin": [ 0.5, 4.0, 0.5 ],
																			"rotationX": -3.0,
																			"rotationY": 8.0,
																			"rotationZ": -2.0,
																			"faces": {
																				"north": { "texture": "#beams", "uv": [ 8.5, 7.0, 12.5, 8.0 ], "rotation": 90 },
																				"east": { "texture": "#beams", "uv": [ 9.0, 7.5, 13.0, 8.5 ], "rotation": 90 },
																				"south": { "texture": "#beams", "uv": [ 4.5, 1.5, 8.5, 2.5 ], "rotation": 90 },
																				"west": { "texture": "#beams", "uv": [ 8.0, 3.5, 12.0, 4.5 ], "rotation": 90 },
																				"up": { "texture": "#beams", "uv": [ 13.5, 8.0, 14.5, 9.0 ] },
																				"down": { "texture": "#beams", "uv": [ 0.0, 8.5, 1.0, 9.5 ] }
																			},
																			"children": [
																				{
																					"name": "Cube34",
																					"from": [ 0.0, 4.0, 0.0 ],
																					"to": [ 1.0, 8.0, 1.0 ],
																					"rotationOrigin": [ 0.5, 4.0, 0.5 ],
																					"rotationX": 1.0,
																					"rotationY": -4.0,
																					"rotationZ": 1.0,
																					"faces": {
																						"north": { "texture": "#beams", "uv": [ 10.5, 7.0, 14.5, 8.0 ], "rotation": 90 },
																						"east": { "texture": "#beams", "uv": [ 8.5, 10.0, 12.5, 11.0 ], "rotation": 90 },
																						"south": { "texture": "#beams", "uv": [ 4.0, 6.0, 8.0, 7.0 ], "rotation": 90 },
																						"west": { "texture": "#beams", "uv": [ 4.5, 11.0, 8.5, 12.0 ], "rotation": 90 },
																						"up": { "texture": "#beams", "uv": [ 11.5, 13.5, 12.5, 14.5 ] },
																						"down": { "texture": "#beams", "uv": [ 0.5, 2.0, 1.5, 3.0 ] }
																					},
																					"children": [
																						{
																							"name": "Cube39",
																							"from": [ 0.0, 4.0, 0.0 ],
																							"to": [ 1.0, 8.0, 1.0 ],
																							"rotationOrigin": [ 0.5, 4.0, 0.5 ],
																							"rotationX": -1.0,
																							"rotationY": -5.0,
																							"rotationZ": 3.0,
																							"faces": {
																								"north": { "texture": "#beams", "uv": [ 9.5, 5.5, 13.5, 6.5 ], "rotation": 90 },
																								"east": { "texture": "#beams", "uv": [ 0.0, 8.0, 4.0, 9.0 ], "rotation": 90 },
																								"south": { "texture": "#beams", "uv": [ 7.5, 8.0, 11.5, 9.0 ], "rotation": 90 },
																								"west": { "texture": "#beams", "uv": [ 3.5, 5.0, 7.5, 6.0 ], "rotation": 90 },
																								"up": { "texture": "#beams", "uv": [ 11.5, 13.5, 12.5, 14.5 ] },
																								"down": { "texture": "#beams", "uv": [ 2.5, 3.0, 3.5, 4.0 ] }
																							},
																							"children": [
																								{
																									"name": "Cube40",
																									"from": [ 0.0, 4.0, 0.0 ],
																									"to": [ 1.0, 8.0, 1.0 ],
																									"rotationOrigin": [ 0.5, 4.0, 0.5 ],
																									"rotationX": 2.0,
																									"rotationY": 2.0,
																									"rotationZ": -2.0,
																									"faces": {
																										"north": { "texture": "#beams", "uv": [ 6.5, 1.5, 10.5, 2.5 ], "rotation": 90 },
																										"east": { "texture": "#beams", "uv": [ 1.5, 8.5, 5.5, 9.5 ], "rotation": 90 },
																										"south": { "texture": "#beams", "uv": [ 1.0, 0.0, 5.0, 1.0 ], "rotation": 90 },
																										"west": { "texture": "#beams", "uv": [ 4.5, 6.5, 8.5, 7.5 ], "rotation": 90 },
																										"up": { "texture": "#beams", "uv": [ 10.0, 13.0, 11.0, 14.0 ] },
																										"down": { "texture": "#beams", "uv": [ 5.0, 9.5, 6.0, 10.5 ] }
																									},
																									"children": [
																										{
																											"name": "Cube41",
																											"from": [ 0.0, 4.0, 0.0 ],
																											"to": [ 1.0, 8.0, 1.0 ],
																											"rotationOrigin": [ 0.5, 4.0, 0.5 ],
																											"rotationX": 5.0,
																											"rotationY": -3.0,
																											"rotationZ": 2.0,
																											"faces": {
																												"north": { "texture": "#beams", "uv": [ 10.0, 8.5, 14.0, 9.5 ], "rotation": 90 },
																												"east": { "texture": "#beams", "uv": [ 0.5, 2.5, 4.5, 3.5 ], "rotation": 90 },
																												"south": { "texture": "#beams", "uv": [ 4.5, 0.0, 8.5, 1.0 ], "rotation": 90 },
																												"west": { "texture": "#beams", "uv": [ 11.0, 2.5, 15.0, 3.5 ], "rotation": 90 },
																												"up": { "texture": "#beams", "uv": [ 0.0, 14.0, 1.0, 15.0 ] },
																												"down": { "texture": "#beams", "uv": [ 5.0, 3.0, 6.0, 4.0 ] }
																											},
																											"children": [
																												{
																													"name": "Cube42",
																													"from": [ 0.0, 4.0, 0.0 ],
																													"to": [ 1.0, 8.0, 1.0 ],
																													"rotationOrigin": [ 0.5, 4.0, 0.5 ],
																													"rotationX": -1.0,
																													"rotationZ": 2.0,
																													"faces": {
																														"north": { "texture": "#beams", "uv": [ 9.0, 14.0, 13.0, 15.0 ], "rotation": 90 },
																														"east": { "texture": "#beams", "uv": [ 5.5, 12.5, 9.5, 13.5 ], "rotation": 90 },
																														"south": { "texture": "#beams", "uv": [ 3.0, 9.5, 7.0, 10.5 ], "rotation": 90 },
																														"west": { "texture": "#beams", "uv": [ 5.5, 12.0, 9.5, 13.0 ], "rotation": 90 },
																														"up": { "texture": "#beams", "uv": [ 12.0, 11.0, 13.0, 12.0 ] },
																														"down": { "texture": "#beams", "uv": [ 3.5, 6.5, 4.5, 7.5 ] }
																													}
																												}
																											]
																										}
																									]
																								}
																							]
																						}
																					]
																				}
																			]
																		}
																	]
																}
															]
														}
													]
												}
											]
										}
									]
								}
							]
						}
					]
				},
				{
					"name": "Cube22",
					"from": [ -1.0, 0.0, -0.5 ],
					"to": [ 0.0, 1.0, 0.5 ],
					"rotationOrigin": [ -0.5, 0.0, 0.0 ],
					"rotationY": 45.0,
					"faces": {
					},
					"children": [
						{
							"name": "Cube23",
							"from": [ 0.0, 0.0, 0.0 ],
							"to": [ 1.0, 4.0, 1.0 ],
							"rotationOrigin": [ 0.5, 0.0, 0.5 ],
							"rotationX": 1.0,
							"rotationY": 3.0,
							"rotationZ": 1.0,
							"faces": {
								"north": { "texture": "#beams", "uv": [ 9.5, 2.5, 13.5, 3.5 ], "rotation": 90 },
								"east": { "texture": "#beams", "uv": [ 2.5, 8.0, 6.5, 9.0 ], "rotation": 90 },
								"south": { "texture": "#beams", "uv": [ 2.5, 6.0, 6.5, 7.0 ], "rotation": 90 },
								"west": { "texture": "#beams", "uv": [ 9.5, 5.0, 13.5, 6.0 ], "rotation": 90 },
								"up": { "texture": "#beams", "uv": [ 9.5, 9.0, 10.5, 10.0 ] },
								"down": { "texture": "#beams", "uv": [ 14.0, 6.5, 15.0, 7.5 ] }
							},
							"children": [
								{
									"name": "Cube24",
									"from": [ 0.0, 4.0, 0.0 ],
									"to": [ 1.0, 8.0, 1.0 ],
									"rotationOrigin": [ 0.5, 4.0, 0.5 ],
									"rotationX": -1.0,
									"rotationY": 4.0,
									"rotationZ": 2.0,
									"faces": {
										"north": { "texture": "#beams", "uv": [ 2.0, 8.5, 6.0, 9.5 ], "rotation": 90 },
										"east": { "texture": "#beams", "uv": [ 5.0, 0.0, 9.0, 1.0 ], "rotation": 90 },
										"south": { "texture": "#beams", "uv": [ 12.0, 0.0, 16.0, 1.0 ], "rotation": 90 },
										"west": { "texture": "#beams", "uv": [ 7.0, 10.5, 11.0, 11.5 ], "rotation": 90 },
										"up": { "texture": "#beams", "uv": [ 6.5, 12.0, 7.5, 13.0 ] },
										"down": { "texture": "#beams", "uv": [ 13.0, 14.5, 14.0, 15.5 ] }
									},
									"children": [
										{
											"name": "Cube25",
											"from": [ 0.0, 4.0, 0.0 ],
											"to": [ 1.0, 8.0, 1.0 ],
											"rotationOrigin": [ 0.5, 4.0, 0.5 ],
											"rotationX": -3.0,
											"rotationY": 4.0,
											"rotationZ": -3.0,
											"faces": {
												"north": { "texture": "#beams", "uv": [ 7.5, 5.0, 11.5, 6.0 ], "rotation": 90 },
												"east": { "texture": "#beams", "uv": [ 11.0, 2.5, 15.0, 3.5 ], "rotation": 90 },
												"south": { "texture": "#beams", "uv": [ 9.5, 7.0, 13.5, 8.0 ], "rotation": 90 },
												"west": { "texture": "#beams", "uv": [ 2.0, 1.0, 6.0, 2.0 ], "rotation": 90 },
												"up": { "texture": "#beams", "uv": [ 12.0, 6.5, 13.0, 7.5 ] },
												"down": { "texture": "#beams", "uv": [ 8.0, 9.0, 9.0, 10.0 ] }
											},
											"children": [
												{
													"name": "Cube26",
													"from": [ 0.0, 4.0, 0.0 ],
													"to": [ 1.0, 8.0, 1.0 ],
													"rotationOrigin": [ 0.5, 4.0, 0.5 ],
													"rotationX": 4.0,
													"rotationY": 7.0,
													"rotationZ": -3.0,
													"faces": {
														"north": { "texture": "#beams", "uv": [ 2.5, 6.0, 6.5, 7.0 ], "rotation": 90 },
														"east": { "texture": "#beams", "uv": [ 11.0, 3.0, 15.0, 4.0 ], "rotation": 90 },
														"south": { "texture": "#beams", "uv": [ 0.0, 3.5, 4.0, 4.5 ], "rotation": 90 },
														"west": { "texture": "#beams", "uv": [ 9.5, 8.0, 13.5, 9.0 ], "rotation": 90 },
														"up": { "texture": "#beams", "uv": [ 6.5, 2.0, 7.5, 3.0 ] },
														"down": { "texture": "#beams", "uv": [ 12.5, 11.5, 13.5, 12.5 ] }
													},
													"children": [
														{
															"name": "Cube27",
															"from": [ 0.0, 4.0, 0.0 ],
															"to": [ 1.0, 8.0, 1.0 ],
															"rotationOrigin": [ 0.5, 4.0, 0.5 ],
															"rotationX": 2.0,
															"rotationY": 6.0,
															"rotationZ": 3.0,
															"faces": {
																"north": { "texture": "#beams", "uv": [ 8.5, 6.5, 12.5, 7.5 ], "rotation": 90 },
																"east": { "texture": "#beams", "uv": [ 0.0, 10.5, 4.0, 11.5 ], "rotation": 90 },
																"south": { "texture": "#beams", "uv": [ 8.0, 10.0, 12.0, 11.0 ], "rotation": 90 },
																"west": { "texture": "#beams", "uv": [ 11.0, 9.5, 15.0, 10.5 ], "rotation": 90 },
																"up": { "texture": "#beams", "uv": [ 2.5, 13.0, 3.5, 14.0 ] },
																"down": { "texture": "#beams", "uv": [ 13.5, 11.5, 14.5, 12.5 ] }
															},
															"children": [
																{
																	"name": "Cube28",
																	"from": [ 0.0, 4.0, 0.0 ],
																	"to": [ 1.0, 8.0, 1.0 ],
																	"rotationOrigin": [ 0.5, 4.0, 0.5 ],
																	"rotationX": -3.0,
																	"rotationY": -2.0,
																	"rotationZ": 2.0,
																	"faces": {
																		"north": { "texture": "#beams", "uv": [ 9.5, 6.5, 13.5, 7.5 ], "rotation": 90 },
																		"east": { "texture": "#beams", "uv": [ 1.5, 8.0, 5.5, 9.0 ], "rotation": 90 },
																		"south": { "texture": "#beams", "uv": [ 7.5, 8.5, 11.5, 9.5 ], "rotation": 90 },
																		"west": { "texture": "#beams", "uv": [ 7.5, 7.0, 11.5, 8.0 ], "rotation": 90 },
																		"up": { "texture": "#beams", "uv": [ 5.0, 11.5, 6.0, 12.5 ] },
																		"down": { "texture": "#beams", "uv": [ 1.5, 1.0, 2.5, 2.0 ] }
																	},
																	"children": [
																		{
																			"name": "Cube29",
																			"from": [ 0.0, 4.0, 0.0 ],
																			"to": [ 1.0, 8.0, 1.0 ],
																			"rotationOrigin": [ 0.5, 4.0, 0.5 ],
																			"rotationX": -2.0,
																			"rotationY": 2.0,
																			"rotationZ": 1.0,
																			"faces": {
																				"north": { "texture": "#beams", "uv": [ 4.5, 5.0, 8.5, 6.0 ], "rotation": 90 },
																				"east": { "texture": "#beams", "uv": [ 2.5, 2.5, 6.5, 3.5 ], "rotation": 90 },
																				"south": { "texture": "#beams", "uv": [ 10.5, 4.5, 14.5, 5.5 ], "rotation": 90 },
																				"west": { "texture": "#beams", "uv": [ 10.5, 0.5, 14.5, 1.5 ], "rotation": 90 },
																				"up": { "texture": "#beams", "uv": [ 6.0, 12.5, 7.0, 13.5 ] },
																				"down": { "texture": "#beams", "uv": [ 11.5, 14.0, 12.5, 15.0 ] }
																			},
																			"children": [
																				{
																					"name": "Cube30",
																					"from": [ 0.0, 4.0, 0.0 ],
																					"to": [ 1.0, 8.0, 1.0 ],
																					"rotationOrigin": [ 0.5, 4.0, 0.5 ],
																					"rotationX": 4.0,
																					"rotationY": -8.0,
																					"rotationZ": 1.0,
																					"faces": {
																						"north": { "texture": "#beams", "uv": [ 6.5, 8.5, 10.5, 9.5 ], "rotation": 90 },
																						"east": { "texture": "#beams", "uv": [ 8.0, 11.0, 12.0, 12.0 ], "rotation": 90 },
																						"south": { "texture": "#beams", "uv": [ 2.0, 10.5, 6.0, 11.5 ], "rotation": 90 },
																						"west": { "texture": "#beams", "uv": [ 1.0, 0.5, 5.0, 1.5 ], "rotation": 90 },
																						"up": { "texture": "#beams", "uv": [ 2.0, 13.0, 3.0, 14.0 ] },
																						"down": { "texture": "#beams", "uv": [ 0.0, 7.5, 1.0, 8.5 ] }
																					},
																					"children": [
																						{
																							"name": "Cube35",
																							"from": [ 0.0, 4.0, 0.0 ],
																							"to": [ 1.0, 8.0, 1.0 ],
																							"rotationOrigin": [ 0.5, 4.0, 0.5 ],
																							"rotationX": -2.0,
																							"rotationZ": -2.0,
																							"faces": {
																								"north": { "texture": "#beams", "uv": [ 0.5, 0.5, 4.5, 1.5 ], "rotation": 90 },
																								"east": { "texture": "#beams", "uv": [ 10.0, 12.0, 14.0, 13.0 ], "rotation": 90 },
																								"south": { "texture": "#beams", "uv": [ 11.5, 8.0, 15.5, 9.0 ], "rotation": 90 },
																								"west": { "texture": "#beams", "uv": [ 3.0, 7.5, 7.0, 8.5 ], "rotation": 90 },
																								"up": { "texture": "#beams", "uv": [ 0.0, 10.0, 1.0, 11.0 ] },
																								"down": { "texture": "#beams", "uv": [ 12.0, 9.0, 13.0, 10.0 ] }
																							},
																							"children": [
																								{
																									"name": "Cube36",
																									"from": [ 0.0, 4.0, 0.0 ],
																									"to": [ 1.0, 8.0, 1.0 ],
																									"rotationOrigin": [ 0.5, 4.0, 0.5 ],
																									"rotationX": -1.0,
																									"rotationY": 4.0,
																									"rotationZ": -2.0,
																									"faces": {
																										"north": { "texture": "#beams", "uv": [ 12.0, 10.0, 16.0, 11.0 ], "rotation": 90 },
																										"east": { "texture": "#beams", "uv": [ 8.5, 11.5, 12.5, 12.5 ], "rotation": 90 },
																										"south": { "texture": "#beams", "uv": [ 4.0, 11.5, 8.0, 12.5 ], "rotation": 90 },
																										"west": { "texture": "#beams", "uv": [ 7.0, 4.0, 11.0, 5.0 ], "rotation": 90 },
																										"up": { "texture": "#beams", "uv": [ 9.0, 0.5, 10.0, 1.5 ] },
																										"down": { "texture": "#beams", "uv": [ 3.0, 7.0, 4.0, 8.0 ] }
																									},
																									"children": [
																										{
																											"name": "Cube37",
																											"from": [ 0.0, 4.0, 0.0 ],
																											"to": [ 1.0, 8.0, 1.0 ],
																											"rotationOrigin": [ 0.5, 4.0, 0.5 ],
																											"rotationX": 1.0,
																											"rotationY": -2.0,
																											"rotationZ": -9.0,
																											"faces": {
																												"north": { "texture": "#beams", "uv": [ 12.0, 7.5, 16.0, 8.5 ], "rotation": 90 },
																												"east": { "texture": "#beams", "uv": [ 3.5, 7.5, 7.5, 8.5 ], "rotation": 90 },
																												"south": { "texture": "#beams", "uv": [ 11.5, 7.5, 15.5, 8.5 ], "rotation": 90 },
																												"west": { "texture": "#beams", "uv": [ 9.0, 11.5, 13.0, 12.5 ], "rotation": 90 },
																												"up": { "texture": "#beams", "uv": [ 9.5, 11.5, 10.5, 12.5 ] },
																												"down": { "texture": "#beams", "uv": [ 9.5, 8.5, 10.5, 9.5 ] }
																											},
																											"children": [
																												{
																													"name": "Cube38",
																													"from": [ 0.0, 4.0, 0.0 ],
																													"to": [ 1.0, 8.0, 1.0 ],
																													"rotationOrigin": [ 0.5, 4.0, 0.5 ],
																													"rotationX": -2.0,
																													"rotationY": -4.0,
																													"rotationZ": 10.0,
																													"faces": {
																														"north": { "texture": "#beams", "uv": [ 0.5, 10.0, 4.5, 11.0 ], "rotation": 90 },
																														"east": { "texture": "#beams", "uv": [ 4.5, 11.5, 8.5, 12.5 ], "rotation": 90 },
																														"south": { "texture": "#beams", "uv": [ 5.5, 8.0, 9.5, 9.0 ], "rotation": 90 },
																														"west": { "texture": "#beams", "uv": [ 0.5, 2.0, 4.5, 3.0 ], "rotation": 90 },
																														"up": { "texture": "#beams", "uv": [ 12.0, 0.0, 13.0, 1.0 ] },
																														"down": { "texture": "#beams", "uv": [ 6.0, 0.0, 7.0, 1.0 ] }
																													}
																												}
																											]
																										}
																									]
																								}
																							]
																						}
																					]
																				}
																			]
																		}
																	]
																}
															]
														}
													]
												}
											]
										}
									]
								}
							]
						}
					]
				}
			]
		},
		{
			"name": "beamstop",
			"from": [ 8.0, 46.0, 8.0 ],
			"to": [ 9.0, 47.0, 9.0 ],
			"rotationOrigin": [ 8.0, 46.0, 8.0 ],
			"faces": {
			},
			"children": [
				{
					"name": "Cube7",
					"from": [ 2.0, 0.0, -0.5 ],
					"to": [ 2.5, 7.0, 0.5 ],
					"rotationOrigin": [ 2.0, 0.0, 0.0 ],
					"rotationX": 1.0,
					"rotationY": -5.0,
					"rotationZ": -8.0,
					"faces": {
						"north": { "texture": "#top", "uv": [ 3.5, 1.5, 10.5, 2.0 ], "rotation": 90 },
						"east": { "texture": "#top", "uv": [ 8.5, 4.0, 15.5, 5.0 ], "rotation": 90 },
						"south": { "texture": "#top", "uv": [ 6.0, 5.5, 13.0, 6.0 ], "rotation": 90 },
						"west": { "texture": "#top", "uv": [ 7.0, 6.0, 14.0, 7.0 ], "rotation": 90 },
						"up": { "texture": "#top", "uv": [ 7.0, 6.0, 8.0, 6.5 ], "rotation": 90 },
						"down": { "texture": "#top", "uv": [ 0.0, 13.5, 1.0, 14.0 ], "rotation": 90 }
					}
				},
				{
					"name": "Cube9",
					"from": [ -2.0, 0.0, -0.5 ],
					"to": [ -1.5, 7.0, 0.5 ],
					"rotationOrigin": [ -1.5, 0.0, 0.0 ],
					"rotationX": -1.0,
					"rotationY": 4.0,
					"rotationZ": 9.0,
					"faces": {
						"north": { "texture": "#top", "uv": [ 8.5, 10.0, 15.5, 10.5 ], "rotation": 90 },
						"east": { "texture": "#top", "uv": [ 6.5, 3.5, 13.5, 4.5 ], "rotation": 90 },
						"south": { "texture": "#top", "uv": [ 9.0, 1.5, 16.0, 2.0 ], "rotation": 90 },
						"west": { "texture": "#top", "uv": [ 8.0, 13.0, 15.0, 14.0 ], "rotation": 90 },
						"up": { "texture": "#top", "uv": [ 2.0, 6.0, 3.0, 6.5 ], "rotation": 90 },
						"down": { "texture": "#top", "uv": [ 7.0, 10.5, 8.0, 11.0 ], "rotation": 90 }
					}
				},
				{
					"name": "Cube10",
					"from": [ -2.75, 2.0, -0.25 ],
					"to": [ 3.25, 2.5, 0.25 ],
					"rotationOrigin": [ -3.0, 2.0, 0.0 ],
					"rotationX": -5.0,
					"rotationZ": 2.0,
					"faces": {
						"north": { "texture": "#top", "uv": [ 5.0, 2.5, 11.0, 3.0 ] },
						"east": { "texture": "#top", "uv": [ 0.5, 6.5, 1.0, 7.0 ] },
						"south": { "texture": "#top", "uv": [ 4.0, 7.0, 10.0, 7.5 ] },
						"west": { "texture": "#top", "uv": [ 6.5, 5.0, 7.0, 5.5 ] },
						"up": { "texture": "#top", "uv": [ 7.5, 4.5, 13.5, 5.0 ] },
						"down": { "texture": "#top", "uv": [ 2.0, 12.5, 8.0, 13.0 ] }
					}
				},
				{
					"name": "Cube11",
					"from": [ -3.25, 3.0, -0.25 ],
					"to": [ 3.75, 3.5, 0.25 ],
					"rotationOrigin": [ -3.0, 3.0, 0.0 ],
					"rotationX": -12.0,
					"rotationY": -2.0,
					"rotationZ": -3.0,
					"faces": {
						"north": { "texture": "#top", "uv": [ 7.5, 9.5, 14.5, 10.0 ] },
						"east": { "texture": "#top", "uv": [ 12.5, 8.5, 13.0, 9.0 ] },
						"south": { "texture": "#top", "uv": [ 1.5, 3.0, 8.5, 3.5 ] },
						"west": { "texture": "#top", "uv": [ 4.0, 8.5, 4.5, 9.0 ] },
						"up": { "texture": "#top", "uv": [ 3.0, 0.5, 10.0, 1.0 ] },
						"down": { "texture": "#top", "uv": [ 7.0, 3.0, 14.0, 3.5 ] }
					}
				},
				{
					"name": "Cube12",
					"from": [ -3.75, 5.0, -0.25 ],
					"to": [ 4.25, 5.5, 0.25 ],
					"rotationOrigin": [ -3.0, 5.0, 0.0 ],
					"rotationX": -8.0,
					"rotationY": -1.0,
					"rotationZ": 4.0,
					"faces": {
						"north": { "texture": "#top", "uv": [ 6.5, 5.5, 14.5, 6.0 ] },
						"east": { "texture": "#top", "uv": [ 5.0, 8.0, 5.5, 8.5 ] },
						"south": { "texture": "#top", "uv": [ 1.5, 13.5, 9.5, 14.0 ] },
						"west": { "texture": "#top", "uv": [ 1.0, 2.5, 1.5, 3.0 ] },
						"up": { "texture": "#top", "uv": [ 2.5, 2.0, 10.5, 2.5 ] },
						"down": { "texture": "#top", "uv": [ 2.5, 13.0, 10.5, 13.5 ] }
					}
				},
				{
					"name": "thickrope",
					"from": [ -2.75, 0.5, -1.8 ],
					"to": [ 3.25, 1.5, 1.2 ],
					"rotationOrigin": [ -3.0, 0.5, -1.3 ],
					"rotationX": 4.0,
					"rotationY": -7.0,
					"rotationZ": -2.0,
					"faces": {
						"north": { "texture": "#string", "uv": [ 9.5, 10.0, 15.5, 11.0 ] },
						"east": { "texture": "#string", "uv": [ 3.0, 5.0, 6.0, 6.0 ] },
						"south": { "texture": "#string", "uv": [ 9.5, 1.0, 15.5, 2.0 ] },
						"west": { "texture": "#string", "uv": [ 6.5, 2.0, 9.5, 3.0 ] },
						"up": { "texture": "#string", "uv": [ 0.5, 9.0, 6.5, 12.0 ] },
						"down": { "texture": "#string", "uv": [ 9.0, 3.0, 15.0, 6.0 ] }
					}
				}
			]
		},
		{
			"name": "tie1",
			"from": [ 6.5, 3.5, 6.5 ],
			"to": [ 9.5, 4.0, 9.5 ],
			"rotationOrigin": [ 8.0, 3.5, 8.0 ],
			"rotationX": -2.0,
			"rotationY": 18.0,
			"rotationZ": 3.0,
			"faces": {
				"north": { "texture": "#string", "uv": [ 0.5, 14.0, 3.5, 14.5 ] },
				"east": { "texture": "#string", "uv": [ 10.0, 8.5, 13.0, 9.0 ], "windMode": [-1,-1,-1,-1] },
				"south": { "texture": "#string", "uv": [ 2.0, 13.5, 5.0, 14.0 ], "windMode": [-1,-1,-1,-1] },
				"west": { "texture": "#string", "uv": [ 6.5, 8.5, 9.5, 9.0 ], "windMode": [-1,-1,-1,-1] },
				"up": { "texture": "#string", "uv": [ 10.0, 11.5, 13.0, 14.5 ], "windMode": [-1,-1,-1,-1] },
				"down": { "texture": "#string", "uv": [ 1.0, 6.0, 4.0, 9.0 ], "windMode": [-1,-1,-1,-1] }
			}
		},
		{
			"name": "tie2",
			"from": [ 6.5, 4.5, 6.5 ],
			"to": [ 9.5, 5.0, 9.5 ],
			"rotationOrigin": [ 8.0, 4.5, 8.3 ],
			"rotationX": 10.0,
			"rotationY": 2.0,
			"rotationZ": -8.0,
			"faces": {
				"north": { "texture": "#string", "uv": [ 0.5, 9.0, 3.5, 9.5 ] },
				"east": { "texture": "#string", "uv": [ 5.0, 6.0, 8.0, 6.5 ] },
				"south": { "texture": "#string", "uv": [ 5.5, 3.5, 8.5, 4.0 ] },
				"west": { "texture": "#string", "uv": [ 8.0, 3.5, 11.0, 4.0 ] },
				"up": { "texture": "#string", "uv": [ 8.5, 10.0, 11.5, 13.0 ] },
				"down": { "texture": "#string", "uv": [ 3.0, 3.5, 6.0, 6.5 ] }
			}
		},
		{
			"name": "tie3",
			"from": [ 6.5, 11.5, 6.7 ],
			"to": [ 9.5, 12.0, 9.7 ],
			"rotationOrigin": [ 8.0, 11.5, 8.2 ],
			"rotationX": -4.0,
			"rotationY": 2.0,
			"rotationZ": 2.0,
			"faces": {
				"north": { "texture": "#string", "uv": [ 6.0, 11.0, 9.0, 11.5 ] },
				"east": { "texture": "#string", "uv": [ 4.5, 6.0, 7.5, 6.5 ] },
				"south": { "texture": "#string", "uv": [ 1.0, 1.5, 4.0, 2.0 ] },
				"west": { "texture": "#string", "uv": [ 8.5, 0.0, 11.5, 0.5 ] },
				"up": { "texture": "#string", "uv": [ 9.0, 0.0, 12.0, 3.0 ] },
				"down": { "texture": "#string", "uv": [ 2.5, 4.0, 5.5, 7.0 ] }
			}
		},
		{
			"name": "tie4",
			"from": [ 6.6, 12.5, 6.7 ],
			"to": [ 9.6, 13.0, 9.7 ],
			"rotationOrigin": [ 8.1, 12.5, 8.2 ],
			"rotationX": -11.0,
			"rotationY": -14.0,
			"rotationZ": -1.0,
			"faces": {
				"north": { "texture": "#string", "uv": [ 1.0, 13.5, 4.0, 14.0 ] },
				"east": { "texture": "#string", "uv": [ 1.0, 14.0, 4.0, 14.5 ] },
				"south": { "texture": "#string", "uv": [ 7.5, 7.5, 10.5, 8.0 ] },
				"west": { "texture": "#string", "uv": [ 4.5, 3.5, 7.5, 4.0 ] },
				"up": { "texture": "#string", "uv": [ 4.5, 11.5, 7.5, 14.5 ] },
				"down": { "texture": "#string", "uv": [ 2.0, 12.0, 5.0, 15.0 ] }
			}
		},
		{
			"name": "tie5",
			"from": [ 6.5, 19.5, 7.0 ],
			"to": [ 9.5, 20.0, 10.0 ],
			"rotationOrigin": [ 8.0, 19.5, 8.5 ],
			"rotationX": 9.0,
			"rotationY": -3.0,
			"rotationZ": -10.0,
			"faces": {
				"north": { "texture": "#string", "uv": [ 0.0, 0.0, 3.0, 0.5 ] },
				"east": { "texture": "#string", "uv": [ 11.0, 12.0, 14.0, 12.5 ] },
				"south": { "texture": "#string", "uv": [ 11.5, 1.0, 14.5, 1.5 ] },
				"west": { "texture": "#string", "uv": [ 12.0, 1.5, 15.0, 2.0 ] },
				"up": { "texture": "#string", "uv": [ 6.5, 8.0, 9.5, 11.0 ] },
				"down": { "texture": "#string", "uv": [ 8.0, 6.0, 11.0, 9.0 ] }
			}
		},
		{
			"name": "tie6",
			"from": [ 6.5, 20.5, 7.0 ],
			"to": [ 9.5, 21.0, 10.0 ],
			"rotationOrigin": [ 8.0, 20.5, 8.5 ],
			"rotationX": 2.0,
			"rotationY": 13.0,
			"rotationZ": -6.0,
			"faces": {
				"north": { "texture": "#string", "uv": [ 5.5, 6.0, 8.5, 6.5 ] },
				"east": { "texture": "#string", "uv": [ 10.5, 3.5, 13.5, 4.0 ] },
				"south": { "texture": "#string", "uv": [ 10.0, 13.5, 13.0, 14.0 ] },
				"west": { "texture": "#string", "uv": [ 7.5, 12.5, 10.5, 13.0 ] },
				"up": { "texture": "#string", "uv": [ 3.0, 12.0, 6.0, 15.0 ] },
				"down": { "texture": "#string", "uv": [ 6.0, 3.5, 9.0, 6.5 ] }
			}
		},
		{
			"name": "tie7",
			"from": [ 6.5, 27.5, 7.0 ],
			"to": [ 9.5, 28.0, 10.0 ],
			"rotationOrigin": [ 8.0, 27.5, 8.5 ],
			"rotationX": 2.0,
			"rotationY": 8.0,
			"rotationZ": 2.0,
			"faces": {
				"north": { "texture": "#string", "uv": [ 2.0, 11.0, 5.0, 11.5 ] },
				"east": { "texture": "#string", "uv": [ 2.0, 10.0, 5.0, 10.5 ] },
				"south": { "texture": "#string", "uv": [ 1.5, 1.5, 4.5, 2.0 ] },
				"west": { "texture": "#string", "uv": [ 1.0, 8.5, 4.0, 9.0 ] },
				"up": { "texture": "#string", "uv": [ 2.5, 2.0, 5.5, 5.0 ] },
				"down": { "texture": "#string", "uv": [ 2.0, 6.5, 5.0, 9.5 ] }
			}
		},
		{
			"name": "tie8",
			"from": [ 6.4, 28.5, 7.0 ],
			"to": [ 9.4, 29.0, 10.0 ],
			"rotationOrigin": [ 7.9, 28.5, 8.5 ],
			"rotationX": 3.0,
			"rotationY": -3.0,
			"rotationZ": -9.0,
			"faces": {
				"north": { "texture": "#string", "uv": [ 10.0, 13.5, 13.0, 14.0 ] },
				"east": { "texture": "#string", "uv": [ 10.0, 7.0, 13.0, 7.5 ] },
				"south": { "texture": "#string", "uv": [ 7.0, 0.5, 10.0, 1.0 ] },
				"west": { "texture": "#string", "uv": [ 10.5, 12.0, 13.5, 12.5 ] },
				"up": { "texture": "#string", "uv": [ 8.5, 4.0, 11.5, 7.0 ] },
				"down": { "texture": "#string", "uv": [ 6.5, 1.5, 9.5, 4.5 ] }
			}
		},
		{
			"name": "tie9",
			"from": [ 6.5, 35.5, 6.7 ],
			"to": [ 9.5, 36.0, 9.7 ],
			"rotationOrigin": [ 8.0, 35.5, 8.2 ],
			"rotationX": 4.0,
			"rotationY": -13.0,
			"rotationZ": -4.0,
			"faces": {
				"north": { "texture": "#string", "uv": [ 9.5, 12.5, 12.5, 13.0 ] },
				"east": { "texture": "#string", "uv": [ 9.0, 7.0, 12.0, 7.5 ] },
				"south": { "texture": "#string", "uv": [ 0.5, 0.0, 3.5, 0.5 ] },
				"west": { "texture": "#string", "uv": [ 5.0, 14.0, 8.0, 14.5 ] },
				"up": { "texture": "#string", "uv": [ 10.0, 7.5, 13.0, 10.5 ] },
				"down": { "texture": "#string", "uv": [ 3.0, 8.5, 6.0, 11.5 ] }
			}
		},
		{
			"name": "tie10",
			"from": [ 6.4, 36.5, 6.9 ],
			"to": [ 9.4, 37.0, 9.9 ],
			"rotationOrigin": [ 7.9, 36.5, 8.4 ],
			"rotationX": -6.0,
			"rotationY": 5.0,
			"rotationZ": -2.0,
			"faces": {
				"north": { "texture": "#string", "uv": [ 8.0, 10.5, 11.0, 11.0 ] },
				"east": { "texture": "#string", "uv": [ 9.5, 9.0, 12.5, 9.5 ] },
				"south": { "texture": "#string", "uv": [ 7.0, 1.0, 10.0, 1.5 ] },
				"west": { "texture": "#string", "uv": [ 8.0, 6.0, 11.0, 6.5 ] },
				"up": { "texture": "#string", "uv": [ 1.0, 6.0, 4.0, 9.0 ] },
				"down": { "texture": "#string", "uv": [ 4.0, 11.0, 7.0, 14.0 ] }
			}
		},
		{
			"name": "tie11",
			"from": [ 6.7, 43.5, 6.9 ],
			"to": [ 9.7, 44.0, 9.9 ],
			"rotationOrigin": [ 8.2, 43.5, 8.4 ],
			"rotationX": -3.0,
			"rotationY": 12.0,
			"rotationZ": -4.0,
			"faces": {
				"north": { "texture": "#string", "uv": [ 11.0, 15.0, 14.0, 15.5 ] },
				"east": { "texture": "#string", "uv": [ 2.5, 1.5, 5.5, 2.0 ] },
				"south": { "texture": "#string", "uv": [ 10.5, 6.0, 13.5, 6.5 ] },
				"west": { "texture": "#string", "uv": [ 9.0, 0.0, 12.0, 0.5 ] },
				"up": { "texture": "#string", "uv": [ 12.0, 4.0, 15.0, 7.0 ] },
				"down": { "texture": "#string", "uv": [ 6.0, 9.5, 9.0, 12.5 ] }
			}
		},
		{
			"name": "tie12",
			"from": [ 6.7, 44.5, 6.9 ],
			"to": [ 9.7, 45.0, 9.9 ],
			"rotationOrigin": [ 8.2, 44.5, 8.4 ],
			"rotationX": 7.0,
			"rotationY": -10.0,
			"rotationZ": -2.0,
			"faces": {
				"north": { "texture": "#string", "uv": [ 2.5, 14.0, 5.5, 14.5 ] },
				"east": { "texture": "#string", "uv": [ 10.5, 8.5, 13.5, 9.0 ] },
				"south": { "texture": "#string", "uv": [ 10.5, 4.0, 13.5, 4.5 ] },
				"west": { "texture": "#string", "uv": [ 9.5, 15.0, 12.5, 15.5 ] },
				"up": { "texture": "#string", "uv": [ 6.0, 2.5, 9.0, 5.5 ] },
				"down": { "texture": "#string", "uv": [ 5.5, 1.0, 8.5, 4.0 ] }
			}
		}
	]}