{
	"editor": {
		"allAngles": false,
		"entityTextureMode": false
	},
	"textureWidth": 16,
	"textureHeight": 16,
	"textureSizes": {
	},
	"textures": {
		"blackbronze2": "H:/VintageStory 1.20.4/assets/survival/textures/block/metal/sheet/blackbronze2",
		"granite1": "H:/VintageStory 1.20.4/assets/survival/textures/block/stone/rock/granite1",
		"sides": "H:/VintageStory 1.20.4/assets/survival/textures/block/wood/bucket/sides",
		"charred": "H:/VintageStory 1.20.4/assets/survival/textures/block/wood/charred",
		"aged": "H:/VintageStory 1.20.4/assets/survival/textures/block/wood/debarked/aged",
		"beams": "H:/VintageStory 1.20.4/assets/survival/textures/block/wood/debarked/oak",
		"top": "H:/VintageStory 1.20.4/assets/survival/textures/block/wood/debarked/oak",
		"string": "H:/VintageStory 1.20.4/assets/survival/textures/item/tool/material/string"
	},
	"elements": [
		{
			"name": "OriginShad",
			"from": [ 8.0, 0.0, 8.0 ],
			"to": [ 9.0, 1.0, 9.0 ],
			"renderInEditor": false,
			"rotationOrigin": [ 8.0, 0.0, 8.0 ],
			"faces": {
			},
			"children": [
				{
					"name": "Cube2",
					"from": [ 0.0, -48.0, 0.0 ],
					"to": [ 1.0, -47.0, 1.0 ],
					"rotationOrigin": [ 0.0, -16.0, 0.0 ],
					"faces": {
					},
					"children": [
						{
							"name": "beamstop",
							"from": [ 0.0, 46.0, 0.0 ],
							"to": [ 1.0, 47.0, 1.0 ],
							"rotationOrigin": [ 0.0, 46.0, 0.0 ],
							"faces": {
							},
							"children": [
								{
									"name": "Cube7",
									"from": [ 2.0, 0.0, -0.5 ],
									"to": [ 2.5, 7.0, 0.5 ],
									"rotationOrigin": [ 2.0, 0.0, 0.0 ],
									"rotationX": 1.0,
									"rotationY": -5.0,
									"rotationZ": -8.0,
									"faces": {
										"north": { "texture": "#top", "uv": [ 3.5, 1.5, 10.5, 2.0 ], "rotation": 90 },
										"east": { "texture": "#top", "uv": [ 8.5, 4.0, 15.5, 5.0 ], "rotation": 90 },
										"south": { "texture": "#top", "uv": [ 6.0, 5.5, 13.0, 6.0 ], "rotation": 90 },
										"west": { "texture": "#top", "uv": [ 7.0, 6.0, 14.0, 7.0 ], "rotation": 90 },
										"up": { "texture": "#top", "uv": [ 7.0, 6.0, 8.0, 6.5 ], "rotation": 90 },
										"down": { "texture": "#top", "uv": [ 0.0, 13.5, 1.0, 14.0 ], "rotation": 90 }
									}
								},
								{
									"name": "Cube9",
									"from": [ -2.0, 0.0, -0.5 ],
									"to": [ -1.5, 7.0, 0.5 ],
									"rotationOrigin": [ -1.5, 0.0, 0.0 ],
									"rotationX": -1.0,
									"rotationY": 4.0,
									"rotationZ": 9.0,
									"faces": {
										"north": { "texture": "#top", "uv": [ 8.5, 10.0, 15.5, 10.5 ], "rotation": 90 },
										"east": { "texture": "#top", "uv": [ 6.5, 3.5, 13.5, 4.5 ], "rotation": 90 },
										"south": { "texture": "#top", "uv": [ 9.0, 1.5, 16.0, 2.0 ], "rotation": 90 },
										"west": { "texture": "#top", "uv": [ 8.0, 13.0, 15.0, 14.0 ], "rotation": 90 },
										"up": { "texture": "#top", "uv": [ 2.0, 6.0, 3.0, 6.5 ], "rotation": 90 },
										"down": { "texture": "#top", "uv": [ 7.0, 10.5, 8.0, 11.0 ], "rotation": 90 }
									}
								},
								{
									"name": "Cube10",
									"from": [ -2.75, 2.0, -0.25 ],
									"to": [ 3.25, 2.5, 0.25 ],
									"rotationOrigin": [ -3.0, 2.0, 0.0 ],
									"rotationX": -5.0,
									"rotationZ": 2.0,
									"faces": {
										"north": { "texture": "#top", "uv": [ 5.0, 2.5, 11.0, 3.0 ] },
										"east": { "texture": "#top", "uv": [ 0.5, 6.5, 1.0, 7.0 ] },
										"south": { "texture": "#top", "uv": [ 4.0, 7.0, 10.0, 7.5 ] },
										"west": { "texture": "#top", "uv": [ 6.5, 5.0, 7.0, 5.5 ] },
										"up": { "texture": "#top", "uv": [ 7.5, 4.5, 13.5, 5.0 ] },
										"down": { "texture": "#top", "uv": [ 2.0, 12.5, 8.0, 13.0 ] }
									}
								},
								{
									"name": "Cube11",
									"from": [ -3.25, 3.0, -0.25 ],
									"to": [ 3.75, 3.5, 0.25 ],
									"rotationOrigin": [ -3.0, 3.0, 0.0 ],
									"rotationX": -12.0,
									"rotationY": -2.0,
									"rotationZ": -3.0,
									"faces": {
										"north": { "texture": "#top", "uv": [ 7.5, 9.5, 14.5, 10.0 ] },
										"east": { "texture": "#top", "uv": [ 12.5, 8.5, 13.0, 9.0 ] },
										"south": { "texture": "#top", "uv": [ 1.5, 3.0, 8.5, 3.5 ] },
										"west": { "texture": "#top", "uv": [ 4.0, 8.5, 4.5, 9.0 ] },
										"up": { "texture": "#top", "uv": [ 3.0, 0.5, 10.0, 1.0 ] },
										"down": { "texture": "#top", "uv": [ 7.0, 3.0, 14.0, 3.5 ] }
									}
								},
								{
									"name": "Cube12",
									"from": [ -3.75, 5.0, -0.25 ],
									"to": [ 4.25, 5.5, 0.25 ],
									"rotationOrigin": [ -3.0, 5.0, 0.0 ],
									"rotationX": -8.0,
									"rotationY": -1.0,
									"rotationZ": 4.0,
									"faces": {
										"north": { "texture": "#top", "uv": [ 6.5, 5.5, 14.5, 6.0 ] },
										"east": { "texture": "#top", "uv": [ 5.0, 8.0, 5.5, 8.5 ] },
										"south": { "texture": "#top", "uv": [ 1.5, 13.5, 9.5, 14.0 ] },
										"west": { "texture": "#top", "uv": [ 1.0, 2.5, 1.5, 3.0 ] },
										"up": { "texture": "#top", "uv": [ 2.5, 2.0, 10.5, 2.5 ] },
										"down": { "texture": "#top", "uv": [ 2.5, 13.0, 10.5, 13.5 ] }
									}
								},
								{
									"name": "thickrope",
									"from": [ -2.75, 0.5, -1.8 ],
									"to": [ 3.25, 1.5, 1.2 ],
									"rotationOrigin": [ -3.0, 0.5, -1.3 ],
									"rotationX": 4.0,
									"rotationY": -7.0,
									"rotationZ": -2.0,
									"faces": {
										"north": { "texture": "#string", "uv": [ 9.5, 10.0, 15.5, 11.0 ] },
										"east": { "texture": "#string", "uv": [ 3.0, 5.0, 6.0, 6.0 ] },
										"south": { "texture": "#string", "uv": [ 9.5, 1.0, 15.5, 2.0 ] },
										"west": { "texture": "#string", "uv": [ 6.5, 2.0, 9.5, 3.0 ] },
										"up": { "texture": "#string", "uv": [ 0.5, 9.0, 6.5, 12.0 ] },
										"down": { "texture": "#string", "uv": [ 9.0, 3.0, 15.0, 6.0 ] }
									}
								}
							]
						},
						{
							"name": "Cube35",
							"from": [ -1.2339, 31.9507, 0.1641 ],
							"to": [ -0.2339, 35.9507, 1.1641 ],
							"rotationOrigin": [ -0.7339, 31.9507, 0.6641 ],
							"rotationX": 0.805,
							"rotationY": 60.703,
							"rotationZ": 1.142,
							"faces": {
								"north": { "texture": "#beams", "uv": [ 0.5, 0.5, 4.5, 1.5 ], "rotation": 90 },
								"east": { "texture": "#beams", "uv": [ 10.0, 12.0, 14.0, 13.0 ], "rotation": 90 },
								"south": { "texture": "#beams", "uv": [ 11.5, 8.0, 15.5, 9.0 ], "rotation": 90 },
								"west": { "texture": "#beams", "uv": [ 3.0, 7.5, 7.0, 8.5 ], "rotation": 90 },
								"up": { "texture": "#beams", "uv": [ 0.0, 10.0, 1.0, 11.0 ] },
								"down": { "texture": "#beams", "uv": [ 12.0, 9.0, 13.0, 10.0 ] }
							},
							"children": [
								{
									"name": "Cube36",
									"from": [ 0.0, 4.0, 0.0 ],
									"to": [ 1.0, 8.0, 1.0 ],
									"rotationOrigin": [ 0.5, 4.0, 0.5 ],
									"rotationX": -1.0,
									"rotationY": 4.0,
									"rotationZ": -2.0,
									"faces": {
										"north": { "texture": "#beams", "uv": [ 12.0, 10.0, 16.0, 11.0 ], "rotation": 90 },
										"east": { "texture": "#beams", "uv": [ 8.5, 11.5, 12.5, 12.5 ], "rotation": 90 },
										"south": { "texture": "#beams", "uv": [ 4.0, 11.5, 8.0, 12.5 ], "rotation": 90 },
										"west": { "texture": "#beams", "uv": [ 7.0, 4.0, 11.0, 5.0 ], "rotation": 90 },
										"up": { "texture": "#beams", "uv": [ 9.0, 0.5, 10.0, 1.5 ] },
										"down": { "texture": "#beams", "uv": [ 3.0, 7.0, 4.0, 8.0 ] }
									},
									"children": [
										{
											"name": "Cube37",
											"from": [ 0.0, 4.0, 0.0 ],
											"to": [ 1.0, 8.0, 1.0 ],
											"rotationOrigin": [ 0.5, 4.0, 0.5 ],
											"rotationX": 1.0,
											"rotationY": -2.0,
											"rotationZ": -9.0,
											"faces": {
												"north": { "texture": "#beams", "uv": [ 12.0, 7.5, 16.0, 8.5 ], "rotation": 90 },
												"east": { "texture": "#beams", "uv": [ 3.5, 7.5, 7.5, 8.5 ], "rotation": 90 },
												"south": { "texture": "#beams", "uv": [ 11.5, 7.5, 15.5, 8.5 ], "rotation": 90 },
												"west": { "texture": "#beams", "uv": [ 9.0, 11.5, 13.0, 12.5 ], "rotation": 90 },
												"up": { "texture": "#beams", "uv": [ 9.5, 11.5, 10.5, 12.5 ] },
												"down": { "texture": "#beams", "uv": [ 9.5, 8.5, 10.5, 9.5 ] }
											},
											"children": [
												{
													"name": "Cube38",
													"from": [ 0.0, 4.0, 0.0 ],
													"to": [ 1.0, 8.0, 1.0 ],
													"rotationOrigin": [ 0.5, 4.0, 0.5 ],
													"rotationX": -2.0,
													"rotationY": -4.0,
													"rotationZ": 10.0,
													"faces": {
														"north": { "texture": "#beams", "uv": [ 0.5, 10.0, 4.5, 11.0 ], "rotation": 90 },
														"east": { "texture": "#beams", "uv": [ 4.5, 11.5, 8.5, 12.5 ], "rotation": 90 },
														"south": { "texture": "#beams", "uv": [ 5.5, 8.0, 9.5, 9.0 ], "rotation": 90 },
														"west": { "texture": "#beams", "uv": [ 0.5, 2.0, 4.5, 3.0 ], "rotation": 90 },
														"up": { "texture": "#beams", "uv": [ 12.0, 0.0, 13.0, 1.0 ] },
														"down": { "texture": "#beams", "uv": [ 6.0, 0.0, 7.0, 1.0 ] }
													}
												}
											]
										}
									]
								}
							]
						},
						{
							"name": "Cube39",
							"from": [ 0.2668, 31.946, -0.7679 ],
							"to": [ 1.2668, 35.946, 0.2321 ],
							"rotationOrigin": [ 0.7668, 31.946, -0.2679 ],
							"rotationX": -2.759,
							"rotationY": 33.911,
							"rotationZ": 2.432,
							"faces": {
								"north": { "texture": "#beams", "uv": [ 9.5, 5.5, 13.5, 6.5 ], "rotation": 90 },
								"east": { "texture": "#beams", "uv": [ 0.0, 8.0, 4.0, 9.0 ], "rotation": 90 },
								"south": { "texture": "#beams", "uv": [ 7.5, 8.0, 11.5, 9.0 ], "rotation": 90 },
								"west": { "texture": "#beams", "uv": [ 3.5, 5.0, 7.5, 6.0 ], "rotation": 90 },
								"up": { "texture": "#beams", "uv": [ 11.5, 13.5, 12.5, 14.5 ] },
								"down": { "texture": "#beams", "uv": [ 2.5, 3.0, 3.5, 4.0 ] }
							},
							"children": [
								{
									"name": "Cube40",
									"from": [ 0.0, 4.0, 0.0 ],
									"to": [ 1.0, 8.0, 1.0 ],
									"rotationOrigin": [ 0.5, 4.0, 0.5 ],
									"rotationX": 2.0,
									"rotationY": 2.0,
									"rotationZ": -2.0,
									"faces": {
										"north": { "texture": "#beams", "uv": [ 6.5, 1.5, 10.5, 2.5 ], "rotation": 90 },
										"east": { "texture": "#beams", "uv": [ 1.5, 8.5, 5.5, 9.5 ], "rotation": 90 },
										"south": { "texture": "#beams", "uv": [ 1.0, 0.0, 5.0, 1.0 ], "rotation": 90 },
										"west": { "texture": "#beams", "uv": [ 4.5, 6.5, 8.5, 7.5 ], "rotation": 90 },
										"up": { "texture": "#beams", "uv": [ 10.0, 13.0, 11.0, 14.0 ] },
										"down": { "texture": "#beams", "uv": [ 5.0, 9.5, 6.0, 10.5 ] }
									},
									"children": [
										{
											"name": "Cube41",
											"from": [ 0.0, 4.0, 0.0 ],
											"to": [ 1.0, 8.0, 1.0 ],
											"rotationOrigin": [ 0.5, 4.0, 0.5 ],
											"rotationX": 5.0,
											"rotationY": -3.0,
											"rotationZ": 2.0,
											"faces": {
												"north": { "texture": "#beams", "uv": [ 10.0, 8.5, 14.0, 9.5 ], "rotation": 90 },
												"east": { "texture": "#beams", "uv": [ 0.5, 2.5, 4.5, 3.5 ], "rotation": 90 },
												"south": { "texture": "#beams", "uv": [ 4.5, 0.0, 8.5, 1.0 ], "rotation": 90 },
												"west": { "texture": "#beams", "uv": [ 11.0, 2.5, 15.0, 3.5 ], "rotation": 90 },
												"up": { "texture": "#beams", "uv": [ 0.0, 14.0, 1.0, 15.0 ] },
												"down": { "texture": "#beams", "uv": [ 5.0, 3.0, 6.0, 4.0 ] }
											},
											"children": [
												{
													"name": "Cube42",
													"from": [ 0.0, 4.0, 0.0 ],
													"to": [ 1.0, 8.0, 1.0 ],
													"rotationOrigin": [ 0.5, 4.0, 0.5 ],
													"rotationX": -1.0,
													"rotationZ": 2.0,
													"faces": {
														"north": { "texture": "#beams", "uv": [ 9.0, 14.0, 13.0, 15.0 ], "rotation": 90 },
														"east": { "texture": "#beams", "uv": [ 5.5, 12.5, 9.5, 13.5 ], "rotation": 90 },
														"south": { "texture": "#beams", "uv": [ 3.0, 9.5, 7.0, 10.5 ], "rotation": 90 },
														"west": { "texture": "#beams", "uv": [ 5.5, 12.0, 9.5, 13.0 ], "rotation": 90 },
														"up": { "texture": "#beams", "uv": [ 12.0, 11.0, 13.0, 12.0 ] },
														"down": { "texture": "#beams", "uv": [ 3.5, 6.5, 4.5, 7.5 ] }
													}
												}
											]
										}
									]
								}
							]
						},
						{
							"name": "Cube43",
							"from": [ 0.1005, 31.9646, 0.2829 ],
							"to": [ 1.1005, 35.9646, 1.2829 ],
							"rotationOrigin": [ 0.6005, 31.9646, 0.7829 ],
							"rotationX": 3.899,
							"rotationY": 24.773,
							"rotationZ": 0.115,
							"faces": {
								"north": { "texture": "#beams", "uv": [ 11.0, 11.5, 15.0, 12.5 ], "rotation": 90 },
								"east": { "texture": "#beams", "uv": [ 10.5, 5.5, 14.5, 6.5 ], "rotation": 90 },
								"south": { "texture": "#beams", "uv": [ 2.0, 3.5, 6.0, 4.5 ], "rotation": 90 },
								"west": { "texture": "#beams", "uv": [ 2.5, 1.0, 6.5, 2.0 ], "rotation": 90 },
								"up": { "texture": "#beams", "uv": [ 7.0, 2.0, 8.0, 3.0 ] },
								"down": { "texture": "#beams", "uv": [ 10.0, 3.5, 11.0, 4.5 ] }
							},
							"children": [
								{
									"name": "Cube44",
									"from": [ 0.0, 4.0, 0.0 ],
									"to": [ 1.0, 8.0, 1.0 ],
									"rotationOrigin": [ 0.5, 4.0, 0.5 ],
									"rotationX": -3.0,
									"rotationY": 7.0,
									"rotationZ": -2.0,
									"faces": {
										"north": { "texture": "#beams", "uv": [ 8.0, 4.5, 12.0, 5.5 ], "rotation": 90 },
										"east": { "texture": "#beams", "uv": [ 12.0, 8.0, 16.0, 9.0 ], "rotation": 90 },
										"south": { "texture": "#beams", "uv": [ 2.5, 8.0, 6.5, 9.0 ], "rotation": 90 },
										"west": { "texture": "#beams", "uv": [ 7.0, 5.0, 11.0, 6.0 ], "rotation": 90 },
										"up": { "texture": "#beams", "uv": [ 7.0, 5.5, 8.0, 6.5 ] },
										"down": { "texture": "#beams", "uv": [ 1.0, 14.5, 2.0, 15.5 ] }
									},
									"children": [
										{
											"name": "Cube45",
											"from": [ 0.0, 4.0, 0.0 ],
											"to": [ 1.0, 8.0, 1.0 ],
											"rotationOrigin": [ 0.5, 4.0, 0.5 ],
											"rotationX": -4.0,
											"rotationZ": 2.0,
											"faces": {
												"north": { "texture": "#beams", "uv": [ 8.5, 1.0, 12.5, 2.0 ], "rotation": 90 },
												"east": { "texture": "#beams", "uv": [ 1.5, 2.0, 5.5, 3.0 ], "rotation": 90 },
												"south": { "texture": "#beams", "uv": [ 4.0, 11.0, 8.0, 12.0 ], "rotation": 90 },
												"west": { "texture": "#beams", "uv": [ 0.5, 8.5, 4.5, 9.5 ], "rotation": 90 },
												"up": { "texture": "#beams", "uv": [ 7.5, 9.0, 8.5, 10.0 ] },
												"down": { "texture": "#beams", "uv": [ 3.0, 2.5, 4.0, 3.5 ] }
											},
											"children": [
												{
													"name": "Cube46",
													"from": [ 0.0, 4.0, 0.0 ],
													"to": [ 1.0, 8.0, 1.0 ],
													"rotationOrigin": [ 0.5, 4.0, 0.5 ],
													"rotationX": -1.0,
													"rotationY": 3.0,
													"rotationZ": -5.0,
													"faces": {
														"north": { "texture": "#beams", "uv": [ 12.0, 1.0, 16.0, 2.0 ], "rotation": 90 },
														"east": { "texture": "#beams", "uv": [ 3.0, 6.0, 7.0, 7.0 ], "rotation": 90 },
														"south": { "texture": "#beams", "uv": [ 1.0, 7.0, 5.0, 8.0 ], "rotation": 90 },
														"west": { "texture": "#beams", "uv": [ 12.0, 2.5, 16.0, 3.5 ], "rotation": 90 },
														"up": { "texture": "#beams", "uv": [ 2.5, 9.0, 3.5, 10.0 ] },
														"down": { "texture": "#beams", "uv": [ 6.5, 5.0, 7.5, 6.0 ] }
													}
												}
											]
										}
									]
								}
							]
						},
						{
							"name": "tie9",
							"from": [ -1.5, 35.5, -1.3 ],
							"to": [ 1.5, 36.0, 1.7 ],
							"rotationOrigin": [ 0.0, 35.5, 0.2 ],
							"rotationX": 4.0,
							"rotationY": -13.0,
							"rotationZ": -4.0,
							"faces": {
								"north": { "texture": "#string", "uv": [ 9.5, 12.5, 12.5, 13.0 ] },
								"east": { "texture": "#string", "uv": [ 9.0, 7.0, 12.0, 7.5 ] },
								"south": { "texture": "#string", "uv": [ 0.5, 0.0, 3.5, 0.5 ] },
								"west": { "texture": "#string", "uv": [ 5.0, 14.0, 8.0, 14.5 ] },
								"up": { "texture": "#string", "uv": [ 10.0, 7.5, 13.0, 10.5 ] },
								"down": { "texture": "#string", "uv": [ 3.0, 8.5, 6.0, 11.5 ] }
							}
						},
						{
							"name": "tie10",
							"from": [ -1.6, 36.5, -1.1 ],
							"to": [ 1.4, 37.0, 1.9 ],
							"rotationOrigin": [ -0.1, 36.5, 0.4 ],
							"rotationX": -6.0,
							"rotationY": 5.0,
							"rotationZ": -2.0,
							"faces": {
								"north": { "texture": "#string", "uv": [ 8.0, 10.5, 11.0, 11.0 ] },
								"east": { "texture": "#string", "uv": [ 9.5, 9.0, 12.5, 9.5 ] },
								"south": { "texture": "#string", "uv": [ 7.0, 1.0, 10.0, 1.5 ] },
								"west": { "texture": "#string", "uv": [ 8.0, 6.0, 11.0, 6.5 ] },
								"up": { "texture": "#string", "uv": [ 1.0, 6.0, 4.0, 9.0 ] },
								"down": { "texture": "#string", "uv": [ 4.0, 11.0, 7.0, 14.0 ] }
							}
						},
						{
							"name": "tie11",
							"from": [ -1.3, 43.5, -1.1 ],
							"to": [ 1.7, 44.0, 1.9 ],
							"rotationOrigin": [ 0.2, 43.5, 0.4 ],
							"rotationX": -3.0,
							"rotationY": 12.0,
							"rotationZ": -4.0,
							"faces": {
								"north": { "texture": "#string", "uv": [ 11.0, 15.0, 14.0, 15.5 ] },
								"east": { "texture": "#string", "uv": [ 2.5, 1.5, 5.5, 2.0 ] },
								"south": { "texture": "#string", "uv": [ 10.5, 6.0, 13.5, 6.5 ] },
								"west": { "texture": "#string", "uv": [ 9.0, 0.0, 12.0, 0.5 ] },
								"up": { "texture": "#string", "uv": [ 12.0, 4.0, 15.0, 7.0 ] },
								"down": { "texture": "#string", "uv": [ 6.0, 9.5, 9.0, 12.5 ] }
							}
						},
						{
							"name": "tie12",
							"from": [ -1.3, 44.5, -1.1 ],
							"to": [ 1.7, 45.0, 1.9 ],
							"rotationOrigin": [ 0.2, 44.5, 0.4 ],
							"rotationX": 7.0,
							"rotationY": -10.0,
							"rotationZ": -2.0,
							"faces": {
								"north": { "texture": "#string", "uv": [ 2.5, 14.0, 5.5, 14.5 ] },
								"east": { "texture": "#string", "uv": [ 10.5, 8.5, 13.5, 9.0 ] },
								"south": { "texture": "#string", "uv": [ 10.5, 4.0, 13.5, 4.5 ] },
								"west": { "texture": "#string", "uv": [ 9.5, 15.0, 12.5, 15.5 ] },
								"up": { "texture": "#string", "uv": [ 6.0, 2.5, 9.0, 5.5 ] },
								"down": { "texture": "#string", "uv": [ 5.5, 1.0, 8.5, 4.0 ] }
							}
						}
					]
				}
			]
		},
		{
			"name": "Origin",
			"from": [ 8.0, 0.0, 8.0 ],
			"to": [ 9.0, 1.0, 9.0 ],
			"rotationOrigin": [ 8.0, 0.0, 8.0 ],
			"faces": {
			},
			"children": [
				{
					"name": "binding",
					"from": [ -1.0, 1.5, -1.0 ],
					"to": [ 1.0, 4.5, 1.0 ],
					"rotationOrigin": [ -1.0, 1.5, -1.0 ],
					"faces": {
						"north": { "texture": "#string", "uv": [ 0.0, 0.0, 2.0, 3.0 ] },
						"east": { "texture": "#string", "uv": [ 0.0, 0.0, 2.0, 3.0 ] },
						"south": { "texture": "#string", "uv": [ 0.0, 0.0, 2.0, 3.0 ] },
						"west": { "texture": "#string", "uv": [ 0.0, 0.0, 2.0, 3.0 ] },
						"up": { "texture": "#string", "uv": [ 0.0, 0.0, 2.0, 2.0 ] },
						"down": { "texture": "#string", "uv": [ 0.0, 0.0, 2.0, 2.0 ] }
					},
					"children": [
						{
							"name": "Cube3",
							"from": [ 0.5, 0.5, -1.0 ],
							"to": [ 1.5, 1.5, 3.0 ],
							"rotationOrigin": [ 1.0, 2.0, 1.0 ],
							"faces": {
								"north": { "texture": "#beams", "uv": [ 5.5, 5.5, 6.5, 6.5 ] },
								"east": { "texture": "#beams", "uv": [ 3.5, 6.0, 7.5, 7.0 ] },
								"south": { "texture": "#beams", "uv": [ 2.0, 12.5, 3.0, 13.5 ] },
								"west": { "texture": "#beams", "uv": [ 4.0, 5.0, 8.0, 6.0 ] },
								"up": { "texture": "#beams", "uv": [ 1.5, 3.0, 5.5, 4.0 ], "rotation": 90 },
								"down": { "texture": "#beams", "uv": [ 6.0, 5.5, 10.0, 6.5 ], "rotation": 90 }
							},
							"children": [
								{
									"name": "Cube4",
									"from": [ 0.0, 0.0, 4.0 ],
									"to": [ 1.0, 1.0, 8.0 ],
									"rotationOrigin": [ 0.5, 0.5, 4.0 ],
									"rotationX": 10.0,
									"rotationZ": -2.0,
									"faces": {
										"north": { "texture": "#beams", "uv": [ 8.5, 9.5, 9.5, 10.5 ] },
										"east": { "texture": "#beams", "uv": [ 8.5, 11.5, 12.5, 12.5 ] },
										"south": { "texture": "#beams", "uv": [ 6.5, 8.5, 7.5, 9.5 ] },
										"west": { "texture": "#beams", "uv": [ 0.5, 8.5, 4.5, 9.5 ] },
										"up": { "texture": "#beams", "uv": [ 5.0, 4.5, 9.0, 5.5 ], "rotation": 90 },
										"down": { "texture": "#beams", "uv": [ 11.5, 3.5, 15.5, 4.5 ], "rotation": 90 }
									},
									"children": [
										{
											"name": "Cube5",
											"from": [ 0.0, 0.0, 4.0 ],
											"to": [ 1.0, 1.0, 8.0 ],
											"rotationOrigin": [ 0.5, 0.5, 4.0 ],
											"rotationX": 10.0,
											"rotationZ": 1.0,
											"faces": {
												"north": { "texture": "#beams", "uv": [ 11.0, 13.0, 12.0, 14.0 ] },
												"east": { "texture": "#beams", "uv": [ 3.5, 10.0, 7.5, 11.0 ] },
												"south": { "texture": "#beams", "uv": [ 3.0, 7.0, 4.0, 8.0 ] },
												"west": { "texture": "#beams", "uv": [ 6.5, 11.0, 10.5, 12.0 ] },
												"up": { "texture": "#beams", "uv": [ 6.0, 8.0, 10.0, 9.0 ], "rotation": 90 },
												"down": { "texture": "#beams", "uv": [ 5.5, 10.5, 9.5, 11.5 ], "rotation": 90 }
											},
											"children": [
												{
													"name": "Cube6",
													"from": [ 0.0, 0.0, 4.0 ],
													"to": [ 1.0, 1.0, 8.0 ],
													"rotationOrigin": [ 0.5, 0.5, 4.0 ],
													"rotationX": 10.0,
													"faces": {
														"north": { "texture": "#beams", "uv": [ 6.5, 7.5, 7.5, 8.5 ] },
														"east": { "texture": "#beams", "uv": [ 10.0, 7.0, 14.0, 8.0 ] },
														"south": { "texture": "#beams", "uv": [ 5.5, 6.0, 6.5, 7.0 ] },
														"west": { "texture": "#beams", "uv": [ 5.5, 12.5, 9.5, 13.5 ] },
														"up": { "texture": "#beams", "uv": [ 4.0, 6.0, 8.0, 7.0 ], "rotation": 90 },
														"down": { "texture": "#beams", "uv": [ 11.5, 9.5, 15.5, 10.5 ], "rotation": 90 }
													},
													"children": [
														{
															"name": "Cube14",
															"from": [ 0.0, 0.0, 4.0 ],
															"to": [ 1.0, 1.0, 8.0 ],
															"rotationOrigin": [ 0.5, 0.5, 4.0 ],
															"rotationX": 10.0,
															"rotationZ": 1.0,
															"faces": {
																"north": { "texture": "#beams", "uv": [ 5.0, 6.0, 6.0, 7.0 ] },
																"east": { "texture": "#beams", "uv": [ 7.0, 10.0, 11.0, 11.0 ] },
																"south": { "texture": "#beams", "uv": [ 2.5, 5.5, 3.5, 6.5 ] },
																"west": { "texture": "#beams", "uv": [ 4.0, 5.5, 8.0, 6.5 ] },
																"up": { "texture": "#beams", "uv": [ 10.5, 7.0, 14.5, 8.0 ], "rotation": 90 },
																"down": { "texture": "#beams", "uv": [ 5.5, 9.5, 9.5, 10.5 ], "rotation": 90 }
															},
															"children": [
																{
																	"name": "Cube15",
																	"from": [ 0.25, 0.25, 4.0 ],
																	"to": [ 0.75, 0.75, 20.0 ],
																	"rotationOrigin": [ 0.5, 0.5, 4.0 ],
																	"rotationX": 50.0,
																	"faces": {
																		"north": { "texture": "#string", "uv": [ 9.5, 5.5, 10.0, 6.0 ] },
																		"east": { "texture": "#string", "uv": [ 6.0, 0.0, 6.5, 16.0 ], "rotation": 90 },
																		"south": { "texture": "#string", "uv": [ 8.0, 5.5, 8.5, 6.0 ], "autoUv": false },
																		"west": { "texture": "#string", "uv": [ 2.0, 0.0, 2.5, 16.0 ], "rotation": 270 },
																		"up": { "texture": "#string", "uv": [ 4.0, 0.0, 4.5, 16.0 ] },
																		"down": { "texture": "#string", "uv": [ 8.5, 0.0, 9.0, 16.0 ] }
																	},
																	"children": [
																		{
																			"name": "Cube16",
																			"from": [ -0.5, -0.5, 15.0 ],
																			"to": [ 1.0, 1.0, 17.0 ],
																			"rotationOrigin": [ 0.25, 0.25, 15.0 ],
																			"faces": {
																				"north": { "texture": "#string", "uv": [ 9.5, 5.5, 11.0, 7.0 ] },
																				"east": { "texture": "#string", "uv": [ 6.0, 6.0, 7.5, 8.0 ], "rotation": 90 },
																				"south": { "texture": "#string", "uv": [ 9.0, 9.5, 9.5, 10.0 ], "autoUv": false },
																				"west": { "texture": "#string", "uv": [ 8.0, 5.5, 9.5, 7.5 ], "rotation": 270 },
																				"up": { "texture": "#string", "uv": [ 9.0, 4.0, 10.5, 6.0 ] },
																				"down": { "texture": "#string", "uv": [ 9.5, 8.0, 11.0, 10.0 ] }
																			},
																			"children": [
																				{
																					"name": "origin",
																					"from": [ 0.9816, 0.5173, 13.1169 ],
																					"to": [ 1.9816, 0.5173, 13.1169 ],
																					"rotationOrigin": [ 0.9816, 0.5173, 12.8669 ],
																					"rotationX": -89.993,
																					"rotationY": 0.637,
																					"rotationZ": 0.264,
																					"faces": {
																						"north": { "texture": "#sides", "uv": [ 0.0, 0.0, 1.0, 0.5 ] },
																						"east": { "texture": "#sides", "uv": [ 0.0, 0.0, 0.5, 0.5 ] },
																						"south": { "texture": "#sides", "uv": [ 0.0, 0.0, 1.0, 0.5 ] },
																						"west": { "texture": "#sides", "uv": [ 0.0, 0.0, 0.5, 0.5 ] },
																						"up": { "texture": "#sides", "uv": [ 0.0, 0.0, 1.0, 0.5 ] },
																						"down": { "texture": "#sides", "uv": [ 0.0, 0.0, 1.0, 0.5 ] }
																					},
																					"children": [
																						{
																							"name": "Floor",
																							"from": [ -3.5, 0.1, -3.5 ],
																							"to": [ 3.5, 1.1, 3.5 ],
																							"rotationOrigin": [ 0.0, 0.1, 0.0 ],
																							"faces": {
																								"up": { "texture": "#charred", "uv": [ 8.0, 4.0, 15.0, 11.0 ] },
																								"down": { "texture": "#charred", "uv": [ 5.5, 1.0, 12.5, 8.0 ] }
																							}
																						},
																						{
																							"name": "N",
																							"from": [ -3.0, -0.1, -4.5 ],
																							"to": [ 0.0, 9.0, -3.5 ],
																							"rotationOrigin": [ -2.0, -0.1, -3.5 ],
																							"faces": {
																								"north": { "texture": "#aged", "uv": [ 1.0, 6.5, 10.0, 9.5 ], "rotation": 90 },
																								"south": { "texture": "#aged", "uv": [ 3.0, 7.0, 12.0, 10.0 ], "rotation": 90 },
																								"west": { "texture": "#aged", "uv": [ 8.0, 6.0, 9.0, 15.0 ] },
																								"up": { "texture": "#aged", "uv": [ 11.0, 4.0, 14.0, 5.0 ] },
																								"down": { "texture": "#aged", "uv": [ 6.0, 0.5, 9.0, 1.5 ] }
																							}
																						},
																						{
																							"name": "S",
																							"from": [ -3.0, -0.1, 3.5 ],
																							"to": [ 0.0, 9.0, 4.5 ],
																							"rotationOrigin": [ -2.0, -0.1, -2.5 ],
																							"faces": {
																								"north": { "texture": "#aged", "uv": [ 2.5, 11.5, 11.5, 14.5 ], "rotation": 90 },
																								"south": { "texture": "#aged", "uv": [ 4.5, 2.0, 13.5, 5.0 ], "rotation": 90 },
																								"west": { "texture": "#aged", "uv": [ 3.5, 5.5, 12.5, 6.5 ], "rotation": 90 },
																								"up": { "texture": "#aged", "uv": [ 6.5, 11.0, 9.5, 12.0 ], "rotation": 180 },
																								"down": { "texture": "#aged", "uv": [ 0.0, 5.0, 3.0, 6.0 ] }
																							}
																						},
																						{
																							"name": "W",
																							"from": [ -4.5, -0.1, -3.0 ],
																							"to": [ -3.5, 9.0, 0.0 ],
																							"rotationOrigin": [ -3.5, -0.1, -3.0 ],
																							"faces": {
																								"north": { "texture": "#aged", "uv": [ 6.0, 1.5, 15.0, 2.5 ], "rotation": 90 },
																								"east": { "texture": "#aged", "uv": [ 6.0, 12.5, 15.0, 15.5 ], "rotation": 90 },
																								"west": { "texture": "#aged", "uv": [ 2.5, 2.5, 11.5, 5.5 ], "rotation": 90 },
																								"up": { "texture": "#aged", "uv": [ 6.0, 14.0, 9.0, 15.0 ], "rotation": 270 },
																								"down": { "texture": "#aged", "uv": [ 2.0, 11.5, 3.0, 14.5 ] }
																							}
																						},
																						{
																							"name": "E",
																							"from": [ 3.5, -0.1, -3.0 ],
																							"to": [ 4.5, 9.0, 0.0 ],
																							"rotationOrigin": [ -2.5, -0.1, -3.0 ],
																							"faces": {
																								"north": { "texture": "#aged", "uv": [ 0.0, 12.5, 9.0, 13.5 ], "rotation": 90 },
																								"east": { "texture": "#aged", "uv": [ 1.5, 9.0, 10.5, 12.0 ], "rotation": 90 },
																								"west": { "texture": "#aged", "uv": [ 5.0, 7.5, 14.0, 10.5 ], "rotation": 90 },
																								"up": { "texture": "#aged", "uv": [ 2.0, 7.0, 5.0, 8.0 ], "rotation": 90 },
																								"down": { "texture": "#aged", "uv": [ 2.0, 6.0, 3.0, 9.0 ] }
																							}
																						},
																						{
																							"name": "WE",
																							"from": [ -4.0, 0.0, 3.0 ],
																							"to": [ -2.0, 9.1, 4.0 ],
																							"rotationOrigin": [ -3.0, 0.0, 3.0 ],
																							"rotationY": -45.0,
																							"faces": {
																								"north": { "texture": "#aged", "uv": [ 3.0, 0.0, 12.0, 2.0 ], "rotation": 90 },
																								"east": { "texture": "#aged", "uv": [ 2.0, 7.0, 11.0, 8.0 ], "rotation": 90 },
																								"south": { "texture": "#aged", "uv": [ 6.0, 9.5, 15.0, 11.5 ], "rotation": 90 },
																								"west": { "texture": "#aged", "uv": [ 1.0, 0.5, 10.0, 1.5 ], "rotation": 90 },
																								"up": { "texture": "#aged", "uv": [ 13.0, 11.0, 15.0, 12.0 ], "rotation": 180 },
																								"down": { "texture": "#aged", "uv": [ 13.5, 11.5, 15.5, 12.5 ] }
																							}
																						},
																						{
																							"name": "SE",
																							"from": [ 2.0, 0.0, 3.0 ],
																							"to": [ 4.0, 9.1, 4.0 ],
																							"rotationOrigin": [ 3.0, 0.0, 3.0 ],
																							"rotationY": 45.0,
																							"faces": {
																								"north": { "texture": "#aged", "uv": [ 1.5, 0.0, 10.5, 2.0 ], "rotation": 90 },
																								"east": { "texture": "#aged", "uv": [ 2.0, 2.0, 11.0, 3.0 ], "rotation": 90 },
																								"south": { "texture": "#aged", "uv": [ 0.0, 0.5, 9.0, 2.5 ], "rotation": 90 },
																								"west": { "texture": "#aged", "uv": [ 1.5, 4.5, 10.5, 5.5 ], "rotation": 90 },
																								"up": { "texture": "#aged", "uv": [ 10.0, 9.0, 12.0, 10.0 ], "rotation": 180 },
																								"down": { "texture": "#aged", "uv": [ 1.0, 2.5, 3.0, 3.5 ] }
																							}
																						},
																						{
																							"name": "NE",
																							"from": [ 2.8, 0.0, -3.8 ],
																							"to": [ 4.8, 9.1, -2.8 ],
																							"rotationOrigin": [ 3.8, 0.0, -3.8 ],
																							"rotationY": -45.0,
																							"faces": {
																								"north": { "texture": "#aged", "uv": [ 5.5, 13.5, 14.5, 15.5 ], "rotation": 90 },
																								"east": { "texture": "#aged", "uv": [ 2.0, 0.0, 11.0, 1.0 ], "rotation": 90 },
																								"south": { "texture": "#aged", "uv": [ 3.0, 2.5, 12.0, 4.5 ], "rotation": 90 },
																								"west": { "texture": "#aged", "uv": [ 6.5, 10.5, 15.5, 11.5 ], "rotation": 90 },
																								"up": { "texture": "#aged", "uv": [ 1.0, 12.5, 3.0, 13.5 ], "rotation": 180 },
																								"down": { "texture": "#aged", "uv": [ 6.0, 1.5, 8.0, 2.5 ] }
																							}
																						},
																						{
																							"name": "NW",
																							"from": [ -4.8, 0.0, -3.8 ],
																							"to": [ -2.8, 9.1, -2.8 ],
																							"rotationOrigin": [ -3.8, 0.0, -3.8 ],
																							"rotationY": 45.0,
																							"faces": {
																								"north": { "texture": "#aged", "uv": [ 0.0, 13.5, 9.0, 15.5 ], "rotation": 90 },
																								"east": { "texture": "#aged", "uv": [ 0.0, 5.5, 9.0, 6.5 ], "rotation": 90 },
																								"south": { "texture": "#aged", "uv": [ 2.5, 8.0, 11.5, 10.0 ], "rotation": 90 },
																								"west": { "texture": "#aged", "uv": [ 2.0, 14.5, 11.0, 15.5 ], "rotation": 90 },
																								"up": { "texture": "#aged", "uv": [ 1.0, 12.5, 3.0, 13.5 ], "rotation": 180 },
																								"down": { "texture": "#aged", "uv": [ 1.0, 0.5, 3.0, 1.5 ] }
																							}
																						},
																						{
																							"name": "S2",
																							"from": [ 0.0, -0.1, 3.5 ],
																							"to": [ 3.0, 9.0, 4.5 ],
																							"rotationOrigin": [ 1.0, -0.1, -2.5 ],
																							"faces": {
																								"north": { "texture": "#aged", "uv": [ 4.0, 5.5, 13.0, 8.5 ], "rotation": 90 },
																								"east": { "texture": "#aged", "uv": [ 5.0, 2.5, 14.0, 3.5 ], "rotation": 90 },
																								"south": { "texture": "#aged", "uv": [ 5.0, 11.5, 14.0, 14.5 ], "rotation": 90 },
																								"up": { "texture": "#aged", "uv": [ 12.5, 4.0, 15.5, 5.0 ], "rotation": 180 },
																								"down": { "texture": "#aged", "uv": [ 12.5, 14.0, 15.5, 15.0 ] }
																							}
																						},
																						{
																							"name": "W2",
																							"from": [ -4.5, -0.1, 0.0 ],
																							"to": [ -3.5, 9.0, 3.0 ],
																							"rotationOrigin": [ -3.5, -0.1, 0.0 ],
																							"faces": {
																								"east": { "texture": "#aged", "uv": [ 1.5, 6.0, 10.5, 9.0 ], "rotation": 90 },
																								"south": { "texture": "#aged", "uv": [ 4.0, 3.5, 13.0, 4.5 ], "rotation": 90 },
																								"west": { "texture": "#aged", "uv": [ 0.5, 7.0, 9.5, 10.0 ], "rotation": 90 },
																								"up": { "texture": "#aged", "uv": [ 1.5, 13.0, 4.5, 14.0 ], "rotation": 270 },
																								"down": { "texture": "#aged", "uv": [ 7.5, 1.5, 8.5, 4.5 ] }
																							}
																						},
																						{
																							"name": "N2",
																							"from": [ 0.0, -0.1, -4.5 ],
																							"to": [ 3.0, 9.0, -3.5 ],
																							"rotationOrigin": [ 1.0, -0.1, -3.5 ],
																							"faces": {
																								"north": { "texture": "#aged", "uv": [ 2.0, 11.0, 11.0, 14.0 ], "rotation": 90 },
																								"east": { "texture": "#aged", "uv": [ 0.0, 8.0, 9.0, 9.0 ], "rotation": 90 },
																								"south": { "texture": "#aged", "uv": [ 5.5, 2.5, 14.5, 5.5 ], "rotation": 90 },
																								"up": { "texture": "#aged", "uv": [ 1.0, 2.0, 4.0, 3.0 ] },
																								"down": { "texture": "#aged", "uv": [ 4.5, 12.5, 7.5, 13.5 ] }
																							}
																						},
																						{
																							"name": "E2",
																							"from": [ 3.5, -0.1, 0.0 ],
																							"to": [ 4.5, 9.0, 3.0 ],
																							"rotationOrigin": [ -2.5, -0.1, 0.0 ],
																							"faces": {
																								"east": { "texture": "#aged", "uv": [ 1.5, 1.5, 10.5, 4.5 ], "rotation": 90 },
																								"south": { "texture": "#aged", "uv": [ 0.0, 6.5, 9.0, 7.5 ], "rotation": 90 },
																								"west": { "texture": "#aged", "uv": [ 5.0, 2.5, 14.0, 5.5 ], "rotation": 90 },
																								"up": { "texture": "#aged", "uv": [ 6.0, 2.0, 9.0, 3.0 ], "rotation": 90 },
																								"down": { "texture": "#aged", "uv": [ 9.5, 4.5, 10.5, 7.5 ] }
																							}
																						},
																						{
																							"name": "origin ring 1",
																							"from": [ 0.0, 0.0, 0.0 ],
																							"to": [ 0.0, 0.0, 0.0 ],
																							"faces": {
																								"north": { "texture": "#charred", "uv": [ 0.0, 0.0, 0.5, 0.5 ] },
																								"east": { "texture": "#charred", "uv": [ 0.0, 0.0, 0.5, 0.5 ] },
																								"south": { "texture": "#charred", "uv": [ 0.0, 0.0, 0.5, 0.5 ] },
																								"west": { "texture": "#charred", "uv": [ 0.0, 0.0, 0.5, 0.5 ] },
																								"up": { "texture": "#charred", "uv": [ 0.0, 0.0, 0.5, 0.5 ] },
																								"down": { "texture": "#charred", "uv": [ 0.0, 0.0, 0.5, 0.5 ] }
																							},
																							"children": [
																								{
																									"name": "S ring",
																									"from": [ -3.3, 6.0, 4.2 ],
																									"to": [ 3.3, 7.0, 4.7 ],
																									"rotationOrigin": [ -3.3, 6.0, 4.2 ],
																									"faces": {
																										"east": { "texture": "#blackbronze2", "uv": [ 13.0, 14.5, 13.5, 15.5 ] },
																										"south": { "texture": "#blackbronze2", "uv": [ 5.0, 1.5, 11.5, 2.5 ] },
																										"west": { "texture": "#blackbronze2", "uv": [ 12.5, 5.5, 13.0, 6.5 ], "windMode": [-1,-1,-1,-1] },
																										"up": { "texture": "#blackbronze2", "uv": [ 7.5, 2.5, 14.0, 3.0 ] },
																										"down": { "texture": "#blackbronze2", "uv": [ 5.0, 8.5, 11.5, 9.0 ] }
																									}
																								},
																								{
																									"name": "N ring",
																									"from": [ -3.3, 6.0, -4.7 ],
																									"to": [ 3.3, 7.0, -4.2 ],
																									"rotationOrigin": [ -3.3, 6.0, -4.2 ],
																									"faces": {
																										"north": { "texture": "#blackbronze2", "uv": [ 9.0, 1.5, 15.5, 2.5 ] },
																										"east": { "texture": "#blackbronze2", "uv": [ 1.0, 13.5, 1.5, 14.5 ] },
																										"west": { "texture": "#blackbronze2", "uv": [ 9.5, 10.5, 10.0, 11.5 ] },
																										"up": { "texture": "#blackbronze2", "uv": [ 6.0, 0.0, 12.5, 0.5 ] },
																										"down": { "texture": "#blackbronze2", "uv": [ 1.5, 0.5, 8.0, 1.0 ] }
																									}
																								},
																								{
																									"name": "W ring",
																									"from": [ -4.7, 6.0, -3.3 ],
																									"to": [ -4.2, 7.0, 3.3 ],
																									"rotationOrigin": [ -4.7, 6.0, -2.8 ],
																									"faces": {
																										"north": { "texture": "#blackbronze2", "uv": [ 9.0, 4.0, 9.5, 5.0 ] },
																										"south": { "texture": "#blackbronze2", "uv": [ 8.0, 2.0, 8.5, 3.0 ] },
																										"west": { "texture": "#blackbronze2", "uv": [ 5.0, 1.5, 11.5, 2.5 ] },
																										"up": { "texture": "#blackbronze2", "uv": [ 15.0, 4.5, 15.5, 11.0 ] },
																										"down": { "texture": "#blackbronze2", "uv": [ 2.5, 1.0, 3.0, 7.5 ] }
																									}
																								},
																								{
																									"name": "E ring",
																									"from": [ 4.2, 6.0, -3.3 ],
																									"to": [ 4.7, 7.0, 3.3 ],
																									"rotationOrigin": [ 4.2, 6.0, -2.8 ],
																									"faces": {
																										"north": { "texture": "#blackbronze2", "uv": [ 9.0, 4.0, 9.5, 5.0 ] },
																										"east": { "texture": "#blackbronze2", "uv": [ 4.5, 1.5, 11.0, 2.5 ] },
																										"south": { "texture": "#blackbronze2", "uv": [ 8.0, 2.0, 8.5, 3.0 ] },
																										"up": { "texture": "#blackbronze2", "uv": [ 15.0, 4.5, 15.5, 11.0 ] },
																										"down": { "texture": "#blackbronze2", "uv": [ 2.5, 1.0, 3.0, 7.5 ] }
																									}
																								},
																								{
																									"name": "ring SE",
																									"from": [ 2.5, 6.0, 3.3 ],
																									"to": [ 4.5, 7.0, 3.8 ],
																									"rotationOrigin": [ 4.0, 6.0, 3.3 ],
																									"rotationX": -0.1,
																									"rotationY": 45.0,
																									"faces": {
																										"east": { "texture": "#blackbronze2", "uv": [ 10.0, 7.5, 10.5, 8.5 ] },
																										"south": { "texture": "#blackbronze2", "uv": [ 7.0, 10.5, 9.0, 11.5 ] },
																										"west": { "texture": "#blackbronze2", "uv": [ 11.5, 14.0, 12.0, 15.0 ] },
																										"up": { "texture": "#blackbronze2", "uv": [ 9.0, 0.0, 11.0, 0.5 ] },
																										"down": { "texture": "#blackbronze2", "uv": [ 0.0, 13.5, 2.0, 14.0 ] }
																									}
																								},
																								{
																									"name": "ring SW",
																									"from": [ -4.8, 6.0, 4.0 ],
																									"to": [ -2.8, 7.0, 4.5 ],
																									"rotationOrigin": [ -3.3, 6.0, 4.0 ],
																									"rotationX": -0.1,
																									"rotationY": -45.0,
																									"faces": {
																										"north": { "texture": "#blackbronze2", "uv": [ 4.5, 14.0, 6.5, 15.0 ] },
																										"south": { "texture": "#blackbronze2", "uv": [ 3.5, 12.0, 5.5, 13.0 ] },
																										"west": { "texture": "#blackbronze2", "uv": [ 11.5, 14.0, 12.0, 15.0 ] },
																										"up": { "texture": "#blackbronze2", "uv": [ 4.0, 0.0, 6.0, 0.5 ] },
																										"down": { "texture": "#blackbronze2", "uv": [ 0.0, 13.5, 2.0, 14.0 ] }
																									}
																								},
																								{
																									"name": "ring NW",
																									"from": [ -5.2, 6.0, -4.4 ],
																									"to": [ -3.2, 7.0, -3.9 ],
																									"rotationOrigin": [ -3.7, 6.0, -4.4 ],
																									"rotationX": -0.1,
																									"rotationY": 45.0,
																									"faces": {
																										"north": { "texture": "#blackbronze2", "uv": [ 4.5, 12.0, 6.5, 13.0 ] },
																										"east": { "texture": "#blackbronze2", "uv": [ 10.0, 7.5, 10.5, 8.5 ] },
																										"west": { "texture": "#blackbronze2", "uv": [ 11.5, 14.0, 12.0, 15.0 ] },
																										"up": { "texture": "#blackbronze2", "uv": [ 9.5, 13.5, 11.5, 14.0 ] },
																										"down": { "texture": "#blackbronze2", "uv": [ 0.0, 13.5, 2.0, 14.0 ] }
																									}
																								},
																								{
																									"name": "ring NE",
																									"from": [ 2.9, 6.0, -3.7 ],
																									"to": [ 4.9, 7.0, -3.2 ],
																									"rotationOrigin": [ 4.4, 6.0, -3.7 ],
																									"rotationX": 0.1,
																									"rotationY": -45.0,
																									"faces": {
																										"north": { "texture": "#blackbronze2", "uv": [ 4.5, 13.0, 6.5, 14.0 ] },
																										"east": { "texture": "#blackbronze2", "uv": [ 10.0, 7.5, 10.5, 8.5 ] },
																										"south": { "texture": "#blackbronze2", "uv": [ 3.5, 12.0, 5.5, 13.0 ] },
																										"up": { "texture": "#blackbronze2", "uv": [ 10.5, 0.5, 12.5, 1.0 ] },
																										"down": { "texture": "#blackbronze2", "uv": [ 3.5, 13.0, 5.5, 13.5 ] }
																									}
																								}
																							]
																						},
																						{
																							"name": "origin handle E",
																							"from": [ 0.0, 0.0, 0.0 ],
																							"to": [ 0.0, 0.0, 0.0 ],
																							"faces": {
																								"north": { "texture": "#charred", "uv": [ 0.0, 0.0, 0.5, 0.5 ] },
																								"east": { "texture": "#charred", "uv": [ 0.0, 0.0, 0.5, 0.5 ] },
																								"south": { "texture": "#charred", "uv": [ 0.0, 0.0, 0.5, 0.5 ] },
																								"west": { "texture": "#charred", "uv": [ 0.0, 0.0, 0.5, 0.5 ] },
																								"up": { "texture": "#charred", "uv": [ 0.0, 0.0, 0.5, 0.5 ] },
																								"down": { "texture": "#charred", "uv": [ 0.0, 0.0, 0.5, 0.5 ] }
																							},
																							"children": [
																								{
																									"name": "E handle 1",
																									"from": [ 3.4, 8.5, -2.0 ],
																									"to": [ 4.6, 10.5, -1.5 ],
																									"rotationOrigin": [ 3.4, 8.5, -2.0 ],
																									"rotationX": 25.0,
																									"faces": {
																										"north": { "texture": "#charred", "uv": [ 0.0, 0.0, 1.0, 2.0 ] },
																										"east": { "texture": "#charred", "uv": [ 0.0, 0.0, 0.5, 2.0 ] },
																										"south": { "texture": "#charred", "uv": [ 0.0, 0.0, 1.0, 2.0 ] },
																										"west": { "texture": "#charred", "uv": [ 0.0, 0.0, 0.5, 2.0 ] },
																										"up": { "texture": "#charred", "uv": [ 0.0, 0.0, 1.0, 0.5 ] },
																										"down": { "texture": "#charred", "uv": [ 0.0, 0.0, 1.0, 0.5 ] }
																									}
																								},
																								{
																									"name": "E handle 2",
																									"from": [ 3.4, 8.5, 1.5 ],
																									"to": [ 4.6, 10.5, 2.0 ],
																									"rotationOrigin": [ 3.4, 8.5, 2.0 ],
																									"rotationX": -25.0,
																									"faces": {
																										"north": { "texture": "#charred", "uv": [ 0.0, 0.0, 1.0, 2.0 ] },
																										"east": { "texture": "#charred", "uv": [ 0.0, 0.0, 0.5, 2.0 ] },
																										"south": { "texture": "#charred", "uv": [ 0.0, 0.0, 1.0, 2.0 ] },
																										"west": { "texture": "#charred", "uv": [ 0.0, 0.0, 0.5, 2.0 ] },
																										"up": { "texture": "#charred", "uv": [ 0.0, 0.0, 1.0, 0.5 ] },
																										"down": { "texture": "#charred", "uv": [ 0.0, 0.0, 1.0, 0.5 ] }
																									}
																								},
																								{
																									"name": "E handle top",
																									"from": [ 3.5, 9.9, -1.0 ],
																									"to": [ 4.5, 10.4, 1.0 ],
																									"rotationOrigin": [ 3.5, 9.9, -1.0 ],
																									"faces": {
																										"north": { "texture": "#charred", "uv": [ 0.0, 0.0, 1.0, 0.5 ] },
																										"east": { "texture": "#charred", "uv": [ 0.0, 0.0, 2.0, 0.5 ] },
																										"south": { "texture": "#charred", "uv": [ 0.0, 0.0, 1.0, 0.5 ] },
																										"west": { "texture": "#charred", "uv": [ 0.0, 0.0, 2.0, 0.5 ] },
																										"up": { "texture": "#charred", "uv": [ 0.0, 0.0, 1.0, 2.0 ] },
																										"down": { "texture": "#charred", "uv": [ 0.0, 0.0, 1.0, 2.0 ] }
																									}
																								}
																							]
																						},
																						{
																							"name": "origin handle W",
																							"from": [ -8.0, 0.0, 0.0 ],
																							"to": [ -8.0, 0.0, 0.0 ],
																							"rotationOrigin": [ -8.0, 0.0, 0.0 ],
																							"faces": {
																								"north": { "texture": "#charred", "uv": [ 2.0, 13.5, 2.5, 14.0 ] },
																								"east": { "texture": "#charred", "uv": [ 6.0, 12.5, 6.5, 13.0 ] },
																								"south": { "texture": "#charred", "uv": [ 10.0, 11.0, 10.5, 11.5 ] },
																								"west": { "texture": "#charred", "uv": [ 7.5, 0.0, 8.0, 0.5 ] },
																								"up": { "texture": "#charred", "uv": [ 1.5, 2.0, 2.0, 2.5 ] },
																								"down": { "texture": "#charred", "uv": [ 13.0, 6.0, 13.5, 6.5 ] }
																							},
																							"children": [
																								{
																									"name": "W handle 1",
																									"from": [ 3.4, 8.5, -2.0 ],
																									"to": [ 4.6, 10.5, -1.5 ],
																									"rotationOrigin": [ 3.4, 8.5, -2.0 ],
																									"rotationX": 25.0,
																									"faces": {
																										"north": { "texture": "#charred", "uv": [ 11.0, 12.5, 12.0, 14.5 ] },
																										"east": { "texture": "#charred", "uv": [ 11.0, 5.5, 11.5, 7.5 ] },
																										"south": { "texture": "#charred", "uv": [ 9.0, 2.5, 10.0, 4.5 ] },
																										"west": { "texture": "#charred", "uv": [ 3.0, 2.5, 3.5, 4.5 ] },
																										"up": { "texture": "#charred", "uv": [ 12.5, 7.5, 13.5, 8.0 ] },
																										"down": { "texture": "#charred", "uv": [ 4.0, 1.5, 5.0, 2.0 ] }
																									}
																								},
																								{
																									"name": "W handle 2",
																									"from": [ 3.4, 8.5, 1.5 ],
																									"to": [ 4.6, 10.5, 2.0 ],
																									"rotationOrigin": [ 3.4, 8.5, 2.0 ],
																									"rotationX": -25.0,
																									"faces": {
																										"north": { "texture": "#charred", "uv": [ 2.0, 6.5, 3.0, 8.5 ] },
																										"east": { "texture": "#charred", "uv": [ 2.5, 9.5, 3.0, 11.5 ] },
																										"south": { "texture": "#charred", "uv": [ 9.5, 3.5, 10.5, 5.5 ] },
																										"west": { "texture": "#charred", "uv": [ 5.5, 2.5, 6.0, 4.5 ] },
																										"up": { "texture": "#charred", "uv": [ 7.0, 4.0, 8.0, 4.5 ] },
																										"down": { "texture": "#charred", "uv": [ 5.5, 9.5, 6.5, 10.0 ] }
																									}
																								},
																								{
																									"name": "W handle top",
																									"from": [ 3.5, 9.9, -1.0 ],
																									"to": [ 4.5, 10.4, 1.0 ],
																									"rotationOrigin": [ 3.5, 9.9, -1.0 ],
																									"faces": {
																										"north": { "texture": "#charred", "uv": [ 11.5, 13.5, 12.5, 14.0 ] },
																										"east": { "texture": "#charred", "uv": [ 11.5, 13.0, 13.5, 13.5 ] },
																										"south": { "texture": "#charred", "uv": [ 4.5, 1.5, 5.5, 2.0 ] },
																										"west": { "texture": "#charred", "uv": [ 4.0, 14.5, 6.0, 15.0 ] },
																										"up": { "texture": "#charred", "uv": [ 2.0, 8.0, 3.0, 10.0 ] },
																										"down": { "texture": "#charred", "uv": [ 11.0, 4.5, 12.0, 6.5 ] }
																									}
																								}
																							]
																						},
																						{
																							"name": "origin ring 2",
																							"from": [ 0.0, -5.0, 0.0 ],
																							"to": [ 0.0, -5.0, 0.0 ],
																							"faces": {
																								"north": { "texture": "#charred", "uv": [ 0.0, 0.0, 0.5, 0.5 ] },
																								"east": { "texture": "#charred", "uv": [ 0.0, 0.0, 0.5, 0.5 ] },
																								"south": { "texture": "#charred", "uv": [ 0.0, 0.0, 0.5, 0.5 ] },
																								"west": { "texture": "#charred", "uv": [ 0.0, 0.0, 0.5, 0.5 ] },
																								"up": { "texture": "#charred", "uv": [ 0.0, 0.0, 0.5, 0.5 ] },
																								"down": { "texture": "#charred", "uv": [ 0.0, 0.0, 0.5, 0.5 ] }
																							},
																							"children": [
																								{
																									"name": "S ring3",
																									"from": [ -3.3, 6.0, 4.2 ],
																									"to": [ 3.3, 7.0, 4.7 ],
																									"rotationOrigin": [ -3.3, 6.0, 4.2 ],
																									"faces": {
																										"east": { "texture": "#blackbronze2", "uv": [ 13.0, 14.5, 13.5, 15.5 ] },
																										"south": { "texture": "#blackbronze2", "uv": [ 5.0, 1.5, 11.5, 2.5 ] },
																										"west": { "texture": "#blackbronze2", "uv": [ 12.5, 5.5, 13.0, 6.5 ] },
																										"up": { "texture": "#blackbronze2", "uv": [ 7.5, 2.5, 14.0, 3.0 ] },
																										"down": { "texture": "#blackbronze2", "uv": [ 5.0, 8.5, 11.5, 9.0 ] }
																									}
																								},
																								{
																									"name": "N ring3",
																									"from": [ -3.3, 6.0, -4.7 ],
																									"to": [ 3.3, 7.0, -4.2 ],
																									"rotationOrigin": [ -3.3, 6.0, -4.2 ],
																									"faces": {
																										"north": { "texture": "#blackbronze2", "uv": [ 9.0, 1.5, 15.5, 2.5 ] },
																										"east": { "texture": "#blackbronze2", "uv": [ 1.0, 13.5, 1.5, 14.5 ] },
																										"west": { "texture": "#blackbronze2", "uv": [ 9.5, 10.5, 10.0, 11.5 ] },
																										"up": { "texture": "#blackbronze2", "uv": [ 6.0, 0.0, 12.5, 0.5 ] },
																										"down": { "texture": "#blackbronze2", "uv": [ 1.5, 0.5, 8.0, 1.0 ] }
																									}
																								},
																								{
																									"name": "W ring3",
																									"from": [ -4.7, 6.0, -3.3 ],
																									"to": [ -4.2, 7.0, 3.3 ],
																									"rotationOrigin": [ -4.7, 6.0, -2.8 ],
																									"faces": {
																										"north": { "texture": "#blackbronze2", "uv": [ 9.0, 4.0, 9.5, 5.0 ] },
																										"south": { "texture": "#blackbronze2", "uv": [ 8.0, 2.0, 8.5, 3.0 ] },
																										"west": { "texture": "#blackbronze2", "uv": [ 5.0, 1.5, 11.5, 2.5 ] },
																										"up": { "texture": "#blackbronze2", "uv": [ 15.0, 4.5, 15.5, 11.0 ] },
																										"down": { "texture": "#blackbronze2", "uv": [ 2.5, 1.0, 3.0, 7.5 ] }
																									}
																								},
																								{
																									"name": "E ring3",
																									"from": [ 4.2, 6.0, -3.3 ],
																									"to": [ 4.7, 7.0, 3.3 ],
																									"rotationOrigin": [ 4.2, 6.0, -2.8 ],
																									"faces": {
																										"north": { "texture": "#blackbronze2", "uv": [ 9.0, 4.0, 9.5, 5.0 ] },
																										"east": { "texture": "#blackbronze2", "uv": [ 4.5, 1.5, 11.0, 2.5 ] },
																										"south": { "texture": "#blackbronze2", "uv": [ 8.0, 2.0, 8.5, 3.0 ] },
																										"up": { "texture": "#blackbronze2", "uv": [ 15.0, 4.5, 15.5, 11.0 ] },
																										"down": { "texture": "#blackbronze2", "uv": [ 2.5, 1.0, 3.0, 7.5 ] }
																									}
																								},
																								{
																									"name": "ring SE3",
																									"from": [ 2.5, 6.0, 3.3 ],
																									"to": [ 4.5, 7.0, 3.8 ],
																									"rotationOrigin": [ 4.0, 6.0, 3.3 ],
																									"rotationX": -0.1,
																									"rotationY": 45.0,
																									"faces": {
																										"east": { "texture": "#blackbronze2", "uv": [ 10.0, 7.5, 10.5, 8.5 ] },
																										"south": { "texture": "#blackbronze2", "uv": [ 7.0, 10.5, 9.0, 11.5 ] },
																										"west": { "texture": "#blackbronze2", "uv": [ 11.5, 14.0, 12.0, 15.0 ] },
																										"up": { "texture": "#blackbronze2", "uv": [ 9.0, 0.0, 11.0, 0.5 ] },
																										"down": { "texture": "#blackbronze2", "uv": [ 0.0, 13.5, 2.0, 14.0 ] }
																									}
																								},
																								{
																									"name": "ring SW3",
																									"from": [ -4.8, 6.0, 4.0 ],
																									"to": [ -2.8, 7.0, 4.5 ],
																									"rotationOrigin": [ -3.3, 6.0, 4.0 ],
																									"rotationX": -0.1,
																									"rotationY": -45.0,
																									"faces": {
																										"north": { "texture": "#blackbronze2", "uv": [ 4.5, 14.0, 6.5, 15.0 ] },
																										"south": { "texture": "#blackbronze2", "uv": [ 3.5, 12.0, 5.5, 13.0 ] },
																										"west": { "texture": "#blackbronze2", "uv": [ 11.5, 14.0, 12.0, 15.0 ] },
																										"up": { "texture": "#blackbronze2", "uv": [ 4.0, 0.0, 6.0, 0.5 ] },
																										"down": { "texture": "#blackbronze2", "uv": [ 0.0, 13.5, 2.0, 14.0 ] }
																									}
																								},
																								{
																									"name": "ring NW3",
																									"from": [ -5.2, 6.0, -4.4 ],
																									"to": [ -3.2, 7.0, -3.9 ],
																									"rotationOrigin": [ -3.7, 6.0, -4.4 ],
																									"rotationX": -0.1,
																									"rotationY": 45.0,
																									"faces": {
																										"north": { "texture": "#blackbronze2", "uv": [ 4.5, 12.0, 6.5, 13.0 ] },
																										"east": { "texture": "#blackbronze2", "uv": [ 10.0, 7.5, 10.5, 8.5 ] },
																										"west": { "texture": "#blackbronze2", "uv": [ 11.5, 14.0, 12.0, 15.0 ] },
																										"up": { "texture": "#blackbronze2", "uv": [ 9.5, 13.5, 11.5, 14.0 ] },
																										"down": { "texture": "#blackbronze2", "uv": [ 0.0, 13.5, 2.0, 14.0 ] }
																									}
																								},
																								{
																									"name": "ring NE3",
																									"from": [ 2.9, 6.0, -3.7 ],
																									"to": [ 4.9, 7.0, -3.2 ],
																									"rotationOrigin": [ 4.4, 6.0, -3.7 ],
																									"rotationX": 0.1,
																									"rotationY": -45.0,
																									"faces": {
																										"north": { "texture": "#blackbronze2", "uv": [ 4.5, 13.0, 6.5, 14.0 ] },
																										"east": { "texture": "#blackbronze2", "uv": [ 10.0, 7.5, 10.5, 8.5 ] },
																										"south": { "texture": "#blackbronze2", "uv": [ 3.5, 12.0, 5.5, 13.0 ] },
																										"up": { "texture": "#blackbronze2", "uv": [ 10.5, 0.5, 12.5, 1.0 ] },
																										"down": { "texture": "#blackbronze2", "uv": [ 3.5, 13.0, 5.5, 13.5 ] }
																									}
																								}
																							]
																						},
																						{
																							"name": "origin string",
																							"from": [ 0.0, 0.0, 0.0 ],
																							"to": [ 0.0, 0.0, 0.0 ],
																							"faces": {
																								"north": { "texture": "#charred", "uv": [ 0.0, 0.0, 0.5, 0.5 ] },
																								"east": { "texture": "#charred", "uv": [ 0.0, 0.0, 0.5, 0.5 ] },
																								"south": { "texture": "#charred", "uv": [ 0.0, 0.0, 0.5, 0.5 ] },
																								"west": { "texture": "#charred", "uv": [ 0.0, 0.0, 0.5, 0.5 ] },
																								"up": { "texture": "#charred", "uv": [ 0.0, 0.0, 0.5, 0.5 ] },
																								"down": { "texture": "#charred", "uv": [ 0.0, 0.0, 0.5, 0.5 ] }
																							},
																							"children": [
																								{
																									"name": "Cube2",
																									"from": [ -4.55, 9.85, -0.8 ],
																									"to": [ -3.45, 10.45, 0.7 ],
																									"rotationOrigin": [ -4.0, 9.8, 0.0 ],
																									"faces": {
																										"north": { "texture": "#string", "uv": [ 11.5, 5.5, 12.5, 6.0 ] },
																										"east": { "texture": "#string", "uv": [ 14.5, 5.0, 16.0, 5.5 ] },
																										"south": { "texture": "#string", "uv": [ 5.0, 12.0, 6.0, 12.5 ] },
																										"west": { "texture": "#string", "uv": [ 8.5, 8.0, 10.0, 8.5 ] },
																										"up": { "texture": "#string", "uv": [ 12.5, 13.5, 13.5, 15.0 ] },
																										"down": { "texture": "#string", "uv": [ 6.5, 4.0, 7.5, 5.5 ] }
																									}
																								},
																								{
																									"name": "Cube4",
																									"from": [ -3.8, 10.0, -0.5 ],
																									"to": [ -1.3, 10.5, 0.5 ],
																									"rotationOrigin": [ -3.8, 10.0, 0.0 ],
																									"rotationZ": 34.0,
																									"faces": {
																										"north": { "texture": "#string", "uv": [ 7.0, 10.0, 9.5, 10.5 ] },
																										"east": { "texture": "#string", "uv": [ 8.0, 13.0, 9.0, 13.5 ] },
																										"south": { "texture": "#string", "uv": [ 5.5, 10.5, 8.0, 11.0 ] },
																										"west": { "texture": "#string", "uv": [ 8.5, 12.5, 9.5, 13.0 ] },
																										"up": { "texture": "#string", "uv": [ 7.0, 10.5, 9.5, 11.5 ] },
																										"down": { "texture": "#string", "uv": [ 4.5, 9.5, 7.0, 10.5 ] }
																									},
																									"children": [
																										{
																											"name": "Cube5",
																											"from": [ 2.3, 0.0, 0.0 ],
																											"to": [ 4.3, 0.5, 1.0 ],
																											"rotationOrigin": [ 2.3, 0.0, 0.0 ],
																											"rotationX": -0.1,
																											"rotationZ": -21.0,
																											"faces": {
																												"north": { "texture": "#string", "uv": [ 11.0, 12.5, 13.0, 13.0 ] },
																												"east": { "texture": "#string", "uv": [ 14.5, 6.0, 15.5, 6.5 ] },
																												"south": { "texture": "#string", "uv": [ 10.0, 14.5, 12.0, 15.0 ] },
																												"west": { "texture": "#string", "uv": [ 0.0, 0.5, 1.0, 1.0 ] },
																												"up": { "texture": "#string", "uv": [ 9.5, 14.0, 11.5, 15.0 ] },
																												"down": { "texture": "#string", "uv": [ 9.5, 1.5, 11.5, 2.5 ] }
																											}
																										}
																									]
																								},
																								{
																									"name": "Cube3",
																									"from": [ 3.45, 9.85, -0.8 ],
																									"to": [ 4.55, 10.45, 0.7 ],
																									"rotationOrigin": [ 4.0, 9.8, 0.0 ],
																									"faces": {
																										"north": { "texture": "#string", "uv": [ 11.5, 5.5, 12.5, 6.0 ] },
																										"east": { "texture": "#string", "uv": [ 14.5, 5.0, 16.0, 5.5 ] },
																										"south": { "texture": "#string", "uv": [ 5.0, 12.0, 6.0, 12.5 ] },
																										"west": { "texture": "#string", "uv": [ 8.5, 8.0, 10.0, 8.5 ] },
																										"up": { "texture": "#string", "uv": [ 12.5, 13.5, 13.5, 15.0 ] },
																										"down": { "texture": "#string", "uv": [ 6.5, 4.0, 7.5, 5.5 ] }
																									}
																								},
																								{
																									"name": "Cube6",
																									"from": [ 1.2, 10.0, -0.5 ],
																									"to": [ 3.7, 10.5, 0.5 ],
																									"rotationOrigin": [ 3.7, 10.0, 0.0 ],
																									"rotationZ": -34.0,
																									"faces": {
																										"north": { "texture": "#string", "uv": [ 5.0, 10.0, 7.5, 10.5 ] },
																										"east": { "texture": "#string", "uv": [ 13.5, 6.5, 14.5, 7.0 ] },
																										"south": { "texture": "#string", "uv": [ 12.5, 12.5, 15.0, 13.0 ] },
																										"west": { "texture": "#string", "uv": [ 13.5, 9.0, 14.5, 9.5 ] },
																										"up": { "texture": "#string", "uv": [ 4.0, 6.0, 6.5, 7.0 ] },
																										"down": { "texture": "#string", "uv": [ 5.0, 1.0, 7.5, 2.0 ] }
																									},
																									"children": [
																										{
																											"name": "Cube7",
																											"from": [ -1.8, 0.0, 0.0 ],
																											"to": [ 0.2, 0.5, 1.0 ],
																											"rotationOrigin": [ 0.2, 0.0, 0.0 ],
																											"rotationX": 0.1,
																											"rotationZ": 21.0,
																											"faces": {
																												"north": { "texture": "#string", "uv": [ 5.0, 10.0, 7.0, 10.5 ] },
																												"east": { "texture": "#string", "uv": [ 5.5, 12.0, 6.5, 12.5 ] },
																												"south": { "texture": "#string", "uv": [ 5.5, 9.5, 7.5, 10.0 ] },
																												"west": { "texture": "#string", "uv": [ 10.5, 12.0, 11.5, 12.5 ] },
																												"up": { "texture": "#string", "uv": [ 9.0, 11.5, 11.0, 12.5 ] },
																												"down": { "texture": "#string", "uv": [ 9.0, 12.0, 11.0, 13.0 ] }
																											}
																										}
																									]
																								}
																							]
																						}
																					]
																				}
																			]
																		}
																	]
																}
															]
														}
													]
												}
											]
										}
									]
								},
								{
									"name": "Cube8",
									"from": [ 0.0, 0.0, -4.0 ],
									"to": [ 1.0, 1.0, 0.0 ],
									"rotationOrigin": [ 0.5, 0.5, 0.0 ],
									"rotationX": -10.0,
									"rotationZ": -1.0,
									"faces": {
										"north": { "texture": "#beams", "uv": [ 13.5, 13.0, 14.5, 14.0 ] },
										"east": { "texture": "#beams", "uv": [ 4.0, 7.5, 8.0, 8.5 ] },
										"south": { "texture": "#beams", "uv": [ 7.0, 9.5, 8.0, 10.5 ] },
										"west": { "texture": "#beams", "uv": [ 6.5, 6.5, 10.5, 7.5 ] },
										"up": { "texture": "#beams", "uv": [ 2.0, 7.5, 6.0, 8.5 ], "rotation": 90 },
										"down": { "texture": "#beams", "uv": [ 11.5, 2.5, 15.5, 3.5 ], "rotation": 90 }
									},
									"children": [
										{
											"name": "Cube13",
											"from": [ 0.0, 0.0, -4.0 ],
											"to": [ 1.0, 1.0, 0.0 ],
											"rotationOrigin": [ 0.5, 0.5, 0.0 ],
											"rotationX": -10.0,
											"rotationZ": 1.0,
											"faces": {
												"north": { "texture": "#beams", "uv": [ 4.5, 7.5, 5.5, 8.5 ] },
												"east": { "texture": "#beams", "uv": [ 6.0, 6.0, 10.0, 7.0 ] },
												"south": { "texture": "#beams", "uv": [ 4.5, 8.5, 5.5, 9.5 ] },
												"west": { "texture": "#beams", "uv": [ 10.0, 5.0, 14.0, 6.0 ] },
												"up": { "texture": "#beams", "uv": [ 6.0, 6.5, 10.0, 7.5 ], "rotation": 90 },
												"down": { "texture": "#beams", "uv": [ 8.5, 15.0, 12.5, 16.0 ], "rotation": 90 }
											},
											"children": [
												{
													"name": "Cube17",
													"from": [ 0.25, 0.0, -0.25 ],
													"to": [ 0.75, 0.5, 7.75 ],
													"rotationOrigin": [ 0.5, 0.0, 0.0 ],
													"rotationX": 109.992,
													"rotationY": -0.219,
													"rotationZ": 0.806,
													"faces": {
														"north": { "texture": "#string", "uv": [ 9.5, 5.5, 10.0, 6.0 ] },
														"east": { "texture": "#string", "uv": [ 8.5, 2.5, 9.0, 10.5 ], "rotation": 90 },
														"south": { "texture": "#string", "uv": [ 8.0, 5.5, 8.5, 6.0 ], "autoUv": false },
														"west": { "texture": "#string", "uv": [ 5.5, 2.5, 6.0, 10.5 ], "rotation": 270 },
														"up": { "texture": "#string", "uv": [ 9.5, 3.0, 10.0, 11.0 ] },
														"down": { "texture": "#string", "uv": [ 11.5, 1.0, 12.0, 9.0 ] }
													},
													"children": [
														{
															"name": "Cube18",
															"from": [ -0.5, -0.5, 7.0 ],
															"to": [ 1.0, 1.0, 9.0 ],
															"rotationOrigin": [ 0.25, 0.25, 7.0 ],
															"faces": {
																"north": { "texture": "#string", "uv": [ 9.5, 5.5, 11.0, 7.0 ] },
																"east": { "texture": "#string", "uv": [ 10.5, 8.5, 12.0, 10.5 ], "rotation": 90 },
																"south": { "texture": "#string", "uv": [ 8.5, 9.5, 9.0, 10.0 ], "autoUv": false },
																"west": { "texture": "#string", "uv": [ 2.0, 9.0, 3.5, 11.0 ], "rotation": 270 },
																"up": { "texture": "#string", "uv": [ 12.0, 9.0, 13.5, 11.0 ] },
																"down": { "texture": "#string", "uv": [ 11.5, 3.0, 13.0, 5.0 ] }
															},
															"children": [
																{
																	"name": "Cube19",
																	"from": [ -1.5, 0.0, 2.0 ],
																	"to": [ 3.5, 1.0, 8.0 ],
																	"rotationOrigin": [ 0.75, 0.75, 2.0 ],
																	"rotationX": 14.5,
																	"rotationY": -1.0,
																	"rotationZ": -4.0,
																	"faces": {
																		"north": { "texture": "#string", "uv": [ 7.5, 9.0, 8.5, 14.0 ], "rotation": 90 },
																		"east": { "texture": "#string", "uv": [ 8.5, 3.5, 9.5, 9.5 ], "rotation": 90 },
																		"south": { "texture": "#string", "uv": [ 12.0, 7.0, 12.5, 7.5 ], "autoUv": false },
																		"west": { "texture": "#string", "uv": [ 3.5, 2.5, 4.5, 8.5 ], "rotation": 270 },
																		"up": { "texture": "#string", "uv": [ 9.0, 4.0, 14.0, 10.0 ] },
																		"down": { "texture": "#string", "uv": [ 5.0, 2.0, 10.0, 8.0 ] }
																	}
																},
																{
																	"name": "Cube20",
																	"from": [ -1.5, 0.5, 2.0 ],
																	"to": [ 3.5, 1.5, 8.0 ],
																	"rotationOrigin": [ 0.75, 0.75, 2.0 ],
																	"rotationX": -22.5,
																	"rotationZ": 3.0,
																	"faces": {
																		"north": { "texture": "#string", "uv": [ 4.5, 5.0, 5.5, 10.0 ], "rotation": 90 },
																		"east": { "texture": "#string", "uv": [ 3.0, 2.5, 4.0, 8.5 ], "rotation": 90 },
																		"south": { "texture": "#string", "uv": [ 13.0, 4.5, 13.5, 5.0 ], "autoUv": false },
																		"west": { "texture": "#string", "uv": [ 4.0, 4.0, 5.0, 10.0 ], "rotation": 270 },
																		"up": { "texture": "#string", "uv": [ 2.0, 3.5, 7.0, 9.5 ] },
																		"down": { "texture": "#string", "uv": [ 1.5, 5.0, 6.5, 11.0 ] }
																	}
																},
																{
																	"name": "Cube21",
																	"from": [ -1.0, -2.0, 2.0 ],
																	"to": [ 3.0, 4.0, 7.0 ],
																	"rotationOrigin": [ 1.0, 0.0, 4.0 ],
																	"faces": {
																		"north": { "texture": "#granite1", "uv": [ 4.5, 4.5, 8.5, 10.5 ] },
																		"east": { "texture": "#granite1", "uv": [ 7.0, 7.5, 12.0, 13.5 ] },
																		"south": { "texture": "#granite1", "uv": [ 6.0, 5.0, 10.0, 11.0 ] },
																		"west": { "texture": "#granite1", "uv": [ 9.5, 7.5, 14.5, 13.5 ] },
																		"up": { "texture": "#granite1", "uv": [ 0.5, 6.0, 4.5, 11.0 ] },
																		"down": { "texture": "#granite1", "uv": [ 9.5, 9.0, 13.5, 14.0 ] }
																	}
																}
															]
														}
													]
												}
											]
										}
									]
								}
							]
						}
					]
				}
			]
		}
	]}