﻿[
	{
		"file": "game:config/remaps.json",
		"op": "add",
		"path": "/ancienttools:1.5.2",
		"value": [
			"/bir remapq game:debarkedlog-aged-ud ancienttools:strippedlog-aged-ud force",
			"/bir remapq game:debarkedlog-aged-ns ancienttools:strippedlog-aged-ns force",
			"/bir remapq game:debarkedlog-aged-we ancienttools:strippedlog-aged-we force",
			"/bir remapq game:debarkedlog-birch-ud ancienttools:strippedlog-birch-ud force",
			"/bir remapq game:debarkedlog-birch-ns ancienttools:strippedlog-birch-ns force",
			"/bir remapq game:debarkedlog-birch-we ancienttools:strippedlog-birch-we force",
			"/bir remapq game:debarkedlog-oak-ud ancienttools:strippedlog-oak-ud force",
			"/bir remapq game:debarkedlog-oak-ns ancienttools:strippedlog-oak-ns force",
			"/bir remapq game:debarkedlog-oak-we ancienttools:strippedlog-oak-we force",
			"/bir remapq game:debarkedlog-maple-ud ancienttools:strippedlog-maple-ud force",
			"/bir remapq game:debarkedlog-maple-ns ancienttools:strippedlog-maple-ns force",
			"/bir remapq game:debarkedlog-maple-we ancienttools:strippedlog-maple-we force",
			"/bir remapq game:debarkedlog-pine-ud ancienttools:strippedlog-pine-ud force",
			"/bir remapq game:debarkedlog-pine-ns ancienttools:strippedlog-pine-ns force",
			"/bir remapq game:debarkedlog-pine-we ancienttools:strippedlog-pine-we force",
			"/bir remapq game:debarkedlog-acacia-ud ancienttools:strippedlog-acacia-ud force",
			"/bir remapq game:debarkedlog-acacia-ns ancienttools:strippedlog-acacia-ns force",
			"/bir remapq game:debarkedlog-acacia-we ancienttools:strippedlog-acacia-we force",
			"/bir remapq game:debarkedlog-kapok-ud ancienttools:strippedlog-kapok-ud force",
			"/bir remapq game:debarkedlog-kapok-ns ancienttools:strippedlog-kapok-ns force",
			"/bir remapq game:debarkedlog-kapok-we ancienttools:strippedlog-kapok-we force",
			"/bir remapq game:debarkedlog-baldcypress-ud ancienttools:strippedlog-baldcypress-ud force",
			"/bir remapq game:debarkedlog-baldcypress-ns ancienttools:strippedlog-baldcypress-ns force",
			"/bir remapq game:debarkedlog-baldcypress-we ancienttools:strippedlog-baldcypress-we force",
			"/bir remapq game:debarkedlog-larch-ud ancienttools:strippedlog-larch-ud force",
			"/bir remapq game:debarkedlog-larch-ns ancienttools:strippedlog-larch-ns force",
			"/bir remapq game:debarkedlog-larch-we ancienttools:strippedlog-larch-we force",
			"/bir remapq game:debarkedlog-redwood-ud ancienttools:strippedlog-redwood-ud force",
			"/bir remapq game:debarkedlog-redwood-ns ancienttools:strippedlog-redwood-ns force",
			"/bir remapq game:debarkedlog-redwood-we ancienttools:strippedlog-redwood-we force",
			"/bir remapq game:debarkedlog-ebony-ud ancienttools:strippedlog-ebony-ud force",
			"/bir remapq game:debarkedlog-ebony-ns ancienttools:strippedlog-ebony-ns force",
			"/bir remapq game:debarkedlog-ebony-we ancienttools:strippedlog-ebony-we force",
			"/bir remapq game:debarkedlog-walnut-ud ancienttools:strippedlog-walnut-ud force",
			"/bir remapq game:debarkedlog-walnut-ns ancienttools:strippedlog-walnut-ns force",
			"/bir remapq game:debarkedlog-walnut-we ancienttools:strippedlog-walnut-we force",
			"/bir remapq game:debarkedlog-purpleheart-ud ancienttools:strippedlog-purpleheart-ud force",
			"/bir remapq game:debarkedlog-purpleheart-ns ancienttools:strippedlog-purpleheart-ns force",
			"/bir remapq game:debarkedlog-purpleheart-we ancienttools:strippedlog-purpleheart-we force",
		]
	},
	{
		"file": "game:config/remaps.json",
		"op": "add",
		"path": "/ancienttools:1.6.0",
		"value": [
			"/iir remapq ancienttools:hide-brained-small game:hide-brained-small force",
			"/iir remapq ancienttools:hide-brained-medium game:hide-brained-medium force",
			"/iir remapq ancienttools:hide-brained-large game:hide-brained-large force",
			"/iir remapq ancienttools:hide-brained-huge game:hide-brained-huge force",
			"/iir remapq ancienttools:hide-smoked-small game:hide-smoked-small force",
			"/iir remapq ancienttools:hide-smoked-medium game:hide-smoked-medium force",
			"/iir remapq ancienttools:hide-smoked-large game:hide-smoked-large force",
			"/iir remapq ancienttools:hide-smoked-huge game:hide-smoked-huge force",
			"/iir remapq ancienttools:barkflour-birch game:flour-birch force",
			"/iir remapq ancienttools:barkflour-pine game:flour-pine force",
			"/iir remapq ancienttools:barkflour-maple game:flour-maple force",
			"/iir remapq ancienttools:barkdough-birch game:dough-birch force",
			"/iir remapq ancienttools:barkdough-pine game:dough-pine force",
			"/iir remapq ancienttools:barkdough-maple game:dough-maple force",
			"/iir remapq ancienttools:barkbread-birch-partbaked game:bread-birch-partbaked force",
			"/iir remapq ancienttools:barkbread-birch-perfect game:bread-birch-perfect force",
			"/iir remapq ancienttools:barkbread-birch-charred game:bread-birch-charred force",
			"/iir remapq ancienttools:barkbread-pine-partbaked game:bread-pine-partbaked force",
			"/iir remapq ancienttools:barkbread-pine-perfect game:bread-pine-perfect force",
			"/iir remapq ancienttools:barkbread-pine-charred game:bread-pine-charred force",
			"/iir remapq ancienttools:barkbread-maple-partbaked game:bread-maple-partbaked force",
			"/iir remapq ancienttools:barkbread-maple-perfect game:bread-maple-perfect force",
			"/iir remapq ancienttools:barkbread-maple-charred game:bread-maple-charred force",
			"/bir remapq ancienttools:salvepot-empty ancienttools:salvepot-blue-empty force",
			"/bir remapq ancienttools:salvepot-residuecovered ancienttools:salvepot-blue-residuecovered force",
			"/bir remapq ancienttools:salvepot-birch ancienttools:salvepot-blue-birch force",
			"/bir remapq ancienttools:salvepot-birchresiduecovered ancienttools:salvepot-blue-birchresiduecovered force",
			"/bir remapq ancienttools:salvepot-pine ancienttools:salvepot-blue-pine force",
			"/bir remapq ancienttools:salvepot-pineresiduecovered ancienttools:salvepot-blue-pineresiduecovered force",
			"/bir remapq ancienttools:salvepot-maple ancienttools:salvepot-blue-maple force",
			"/bir remapq ancienttools:salvepot-mapleresiduecovered ancienttools:salvepot-blue-mapleresiduecovered force",
			"/bir remapq ancienttools:salvepot-oak ancienttools:salvepot-blue-oak force",
			"/bir remapq ancienttools:salvepot-oakresiduecovered ancienttools:salvepot-blue-oakresiduecovered force",
			"/bir remapq ancienttools:salvepot-acacia ancienttools:salvepot-blue-acacia force",
			"/bir remapq ancienttools:salvepot-acaciaresiduecovered ancienttools:salvepot-blue-acaciaresiduecovered force",
			"/bir remapq ancienttools:salvepot-hardwax ancienttools:salvepot-blue-hardwax force",
			"/bir remapq ancienttools:salvepot-hardwaxresiduecovered ancienttools:salvepot-blue-hardwaxresiduecovered force",
			"/bir remapq ancienttools:salvepot-softwax ancienttools:salvepot-blue-softwax force",
			"/bir remapq ancienttools:salvepot-barkoil ancienttools:salvepot-blue-barkoil force",
			"/bir remapq ancienttools:salvepot-finishedsalve ancienttools:salvepot-blue-finishedsalve force",
			"/bir remapq ancienttools:pitchpot-empty ancienttools:pitchpot-blue-empty force",
			"/bir remapq ancienttools:pitchpot-residuecovered ancienttools:pitchpot-blue-residuecovered force",
			"/bir remapq ancienttools:pitchpot-unmixed ancienttools:pitchpot-blue-unmixed force",
			"/bir remapq ancienttools:pitchpot-unmixedresiduecovered ancienttools:pitchpot-blue-unmixedresiduecovered force",
			"/bir remapq ancienttools:pitchpot-finishedpitchinventory ancienttools:pitchpot-blue-finishedpitchinventory force",
			"/bir remapq ancienttools:pitchpot-finishedpitch ancienttools:pitchpot-blue-finishedpitch force",
		]
	}
]