﻿[
    {
		ingredientPattern: "L,Q",
		ingredients: {
			"L": { type: "item", code: "ancienttools:barkjerkinarmor-body-acacia" },
			"Q": { type: "item", code: "ancienttools:leather-normal-acacia" }
		},
		width: 1,
		height: 2,
		shapeless: true,
		recipeGroup: 2,
		copyAttributesFrom: 'L',
		averageDurability: false,
		output: { type: "item", code: "ancienttools:barkjerkinarmor-body-acacia"  }
	},
	{
		ingredientPattern: "L,Q",
		ingredients: {
			"L": { type: "item", code: "ancienttools:barkjerkinarmor-body-aged" },
			"Q": { type: "item", code: "ancienttools:leather-normal-aged" }
		},
		width: 1,
		height: 2,
		shapeless: true,
		recipeGroup: 2,
		copyAttributesFrom: 'L',
		averageDurability: false,
		output: { type: "item", code: "ancienttools:barkjerkinarmor-body-aged"  }
	},
	{
		ingredientPattern: "L,Q",
		ingredients: {
			"L": { type: "item", code: "ancienttools:barkjerkinarmor-body-baldcypress" },
			"Q": { type: "item", code: "ancienttools:leather-normal-baldcypress" }
		},
		width: 1,
		height: 2,
		shapeless: true,
		recipeGroup: 2,
		copyAttributesFrom: 'L',
		averageDurability: false,
		output: { type: "item", code: "ancienttools:barkjerkinarmor-body-baldcypress"  }
	},
	{
		ingredientPattern: "L,Q",
		ingredients: {
			"L": { type: "item", code: "ancienttools:barkjerkinarmor-body-birch" },
			"Q": { type: "item", code: "ancienttools:leather-normal-birch" }
		},
		width: 1,
		height: 2,
		shapeless: true,
		recipeGroup: 2,
		copyAttributesFrom: 'L',
		averageDurability: false,
		output: { type: "item", code: "ancienttools:barkjerkinarmor-body-birch"  }
	},
	{
		ingredientPattern: "L,Q",
		ingredients: {
			"L": { type: "item", code: "ancienttools:barkjerkinarmor-body-cypress" },
			"Q": { type: "item", code: "ancienttools:leather-normal-cypress" }
		},
		width: 1,
		height: 2,
		shapeless: true,
		recipeGroup: 2,
		copyAttributesFrom: 'L',
		averageDurability: false,
		output: { type: "item", code: "ancienttools:barkjerkinarmor-body-cypress"  }
	},
	{
		ingredientPattern: "L,Q",
		ingredients: {
			"L": { type: "item", code: "ancienttools:barkjerkinarmor-body-ebony" },
			"Q": { type: "item", code: "ancienttools:leather-normal-ebony" }
		},
		width: 1,
		height: 2,
		shapeless: true,
		recipeGroup: 2,
		copyAttributesFrom: 'L',
		averageDurability: false,
		output: { type: "item", code: "ancienttools:barkjerkinarmor-body-ebony"  }
	},
	{
		ingredientPattern: "L,Q",
		ingredients: {
			"L": { type: "item", code: "ancienttools:barkjerkinarmor-body-kapok" },
			"Q": { type: "item", code: "ancienttools:leather-normal-kapok" }
		},
		width: 1,
		height: 2,
		shapeless: true,
		recipeGroup: 2,
		copyAttributesFrom: 'L',
		averageDurability: false,
		output: { type: "item", code: "ancienttools:barkjerkinarmor-body-kapok"  }
	},
	{
		ingredientPattern: "L,Q",
		ingredients: {
			"L": { type: "item", code: "ancienttools:barkjerkinarmor-body-larch" },
			"Q": { type: "item", code: "ancienttools:leather-normal-larch" }
		},
		width: 1,
		height: 2,
		shapeless: true,
		recipeGroup: 2,
		copyAttributesFrom: 'L',
		averageDurability: false,
		output: { type: "item", code: "ancienttools:barkjerkinarmor-body-larch"  }
	},
	{
		ingredientPattern: "L,Q",
		ingredients: {
			"L": { type: "item", code: "ancienttools:barkjerkinarmor-body-maple" },
			"Q": { type: "item", code: "ancienttools:leather-normal-maple" }
		},
		width: 1,
		height: 2,
		shapeless: true,
		recipeGroup: 2,
		copyAttributesFrom: 'L',
		averageDurability: false,
		output: { type: "item", code: "ancienttools:barkjerkinarmor-body-maple"  }
	},
	{
		ingredientPattern: "L,Q",
		ingredients: {
			"L": { type: "item", code: "ancienttools:barkjerkinarmor-body-pine" },
			"Q": { type: "item", code: "ancienttools:leather-normal-pine" }
		},
		width: 1,
		height: 2,
		shapeless: true,
		recipeGroup: 2,
		copyAttributesFrom: 'L',
		averageDurability: false,
		output: { type: "item", code: "ancienttools:barkjerkinarmor-body-pine"  }
	},
	{
		ingredientPattern: "L,Q",
		ingredients: {
			"L": { type: "item", code: "ancienttools:barkjerkinarmor-body-purpleheart" },
			"Q": { type: "item", code: "ancienttools:leather-normal-purpleheart" }
		},
		width: 1,
		height: 2,
		shapeless: true,
		recipeGroup: 2,
		copyAttributesFrom: 'L',
		averageDurability: false,
		output: { type: "item", code: "ancienttools:barkjerkinarmor-body-purpleheart"  }
	},
	{
		ingredientPattern: "L,Q",
		ingredients: {
			"L": { type: "item", code: "ancienttools:barkjerkinarmor-body-redwood" },
			"Q": { type: "item", code: "ancienttools:leather-normal-redwood" }
		},
		width: 1,
		height: 2,
		shapeless: true,
		recipeGroup: 2,
		copyAttributesFrom: 'L',
		averageDurability: false,
		output: { type: "item", code: "ancienttools:barkjerkinarmor-body-redwood"  }
	},
	{
		ingredientPattern: "L,Q",
		ingredients: {
			"L": { type: "item", code: "ancienttools:barkjerkinarmor-body-walnut" },
			"Q": { type: "item", code: "ancienttools:leather-normal-walnut" }
		},
		width: 1,
		height: 2,
		shapeless: true,
		recipeGroup: 2,
		copyAttributesFrom: 'L',
		averageDurability: false,
		output: { type: "item", code: "ancienttools:barkjerkinarmor-body-walnut"  }
	},
]