﻿{
	code: "bark",
	class: "ItemBark",
	creativeinventory: { "general": ["*"], "items": ["*"], "ancienttools": ["*"] },
	attributesByType: {
		"@bark-(birch|pine)": {
			salveProperties: {
				isMedicinalBark: true,
				langCode: "ancienttools:blockhelp-insert-{bark}bark"
			},
			mortarProperties: {
				shapePath: "ancienttools:shapes/block/mortar/resourceshapes/resource_ancienttools_bark_{bark}",
				texturePaths: [{ code: "{bark}", path: "game:block/wood/bark/{bark}" }],
				groundStack: { type: "item", code: "ancienttools:barkflour-{bark}" },
				resultQuantity: 1
			},
			handbook: {
				extraSections: [{
					title: "ancienttools:handbook-usedfor-handbookinfo",
					text: "ancienttools:handbook-salve-craftinfo-dot"
				},
				{
					title: "ancienttools:handbook-usedfor-handbookinfo",
					text: "ancienttools:handbook-barktanning-craftinfo-dot"
				}],
				groupBy: ["bark-*"],
				createdBy: "ancienttools:handbook-barkstripping-craftinfo"
			}
		},
		"@bark-(oak|acacia)": {
			salveProperties: {
				isMedicinalBark: true,
				langCode: "ancienttools:blockhelp-insert-{bark}bark"
			},
			handbook: {
				extraSections: [{
					title: "ancienttools:handbook-usedfor-handbookinfo",
					text: "ancienttools:handbook-salve-craftinfo-dot"
				},
				{
					title: "ancienttools:handbook-usedfor-handbookinfo",
					text: "ancienttools:handbook-barktanning-craftinfo-dot"
				}],
				groupBy: ["bark-*"],
				createdBy: "ancienttools:handbook-barkstripping-craftinfo"
			}
		},
		"@bark-(maple)": {
			mortarProperties: {
				shapePath: "ancienttools:shapes/block/mortar/resourceshapes/resource_ancienttools_bark_birch",
				texturePaths: [{ code: "{bark}", path: "game:block/wood/bark/{bark}" }],
				groundStack: { type: "item", code: "ancienttools:barkflour-{bark}" },
				resultQuantity: 1
			},
			handbook: {
				groupBy: ["bark-*"],
				createdBy: "ancienttools:handbook-barkstripping-craftinfo"
			}
		},
		"*": {
			handbook: {
				groupBy: ["bark-*"],
				createdBy: "ancienttools:handbook-barkstripping-craftinfo"
			},
		}
	},
	behaviorsByType: {
		"@bark-(birch|pine|oak|acacia)": [
			{ 
				name: "ConvertBlockUsingIngredient", 
				properties: {
					convertFromBlockCode: "game:claypot-{color}-fired",
					convertToBlockCode: "ancienttools:salvepot-{color}-empty",
					"wildcard": "color",
					"quantityNeeded": 1
				}
			},
			{ 
				name: "ConvertBlockUsingIngredient", 
				properties: {
					convertFromBlockCode: "game:dirtyclaypot-{color}-empty",
					convertToBlockCode: "ancienttools:salvepot-{color}-residuecovered",
					"wildcard": "color",
					"quantityNeeded": 1
				}
			},
			{
				name: "GroundStorable",
				properties: {
					layout: "Stacking",
					placeRemoveSound: "game:sounds/block/planks",
					stackingModel: "ancienttools:block/piles/bark",
					stackingTextures: {
						bark: "game:block/wood/bark/{bark}",
					},
					tessQuantityElements: 18,
					stackingCapacity: 64,
					collisionBox: { x1: 0, y1: 0, z1: 0, x2: 1, y2: 0.0625, z2: 1 },
					cbScaleYByLayer: 0.25,
					transferQuantity: 1,
					bulkTransferQuantity: 4,
					"upSolid": false,
					maxFireable: 32,
				}
			}
		],
		"*": [
			{
				name: "GroundStorable",
				properties: {
					layout: "Stacking",
					placeRemoveSound: "game:sounds/block/planks",
					stackingModel: "ancienttools:block/piles/bark",
					stackingTexturesByType: {
						"@bark-(cypress)": {
							bark: "ancienttools:block/wood/bark/{bark}",
						},
						"*": {
							bark: "game:block/wood/bark/{bark}",
						}
					},
					tessQuantityElements: 18,
					stackingCapacity: 64,
					collisionBox: { x1: 0, y1: 0, z1: 0, x2: 1, y2: 0.0625, z2: 1 },
					cbScaleYByLayer: 0.25,
					transferQuantity: 1,
					bulkTransferQuantity: 4,
					"upSolid": false,
					maxFireable: 32,
				}
			}
		]
	},
	variantgroups: [
        { code: "bark", loadFromProperties: "game:block/wood", states:["aged", "cypress"] }
    ],
	drawtype: "json",
    shape: { base: "item/resource/bark" },
    texturesByType: {
		"@bark-(cypress)": {
			bark: { base: "ancienttools:block/wood/bark/{bark}" }
		},
		"*": {
			bark: { base: "game:block/wood/bark/{bark}" }
		}
	},
	maxstacksize: 64,
	combustiblePropsByType: {
		"@bark-(birch|aged)": {
			burnTemperature: 800,
			burnDuration: 4,
			meltingPoint: 650,
			meltingDuration: 45,
			smeltedRatio: 4,
			smeltingType: "fire",
			smeltedStack: { type: "item", code: "ancienttools:barkash" },
			requiresContainer: false
		},
		"*": {
			burnTemperature: 800,
			burnDuration: 8,
			meltingPoint: 650,
			meltingDuration: 45,
			smeltedRatio: 4,
			smeltingType: "fire",
			smeltedStack: { type: "item", code: "ancienttools:barkash" },
			requiresContainer: false
		}
	},
	grindingPropsByType: {
		"*-birch": {
			groundStack: { type: "item", code: "ancienttools:barkflour-birch" }
		},
		"*-pine": {
			groundStack: { type: "item", code: "ancienttools:barkflour-pine" }
		},
		"*-maple": {
			groundStack: { type: "item", code: "ancienttools:barkflour-maple" }
		}
	},
	guiTransform: {
		translation: { x: 3, y: 4, z: 0 },
		rotation: { x: -25, y: -44, z: -168 },
		origin: { x: 0.5, y: 0, z: 0.5 },
		scale: 3.47
	},
	fpHandTransform: {
		translation: { x: 0.05, y: 0.5, z: 0 },
		rotation: { x: 17, y: -8, z: 14 },
		origin: { x: 0.5, y: 0, z: 0.5 },
		scale: 2.21
	},
	tpHandTransform: {
		translation: { x: -1, y: 0, z: -0.8 },
		rotation: { x: 0, y: -86, z: 0 },
		origin: { x: 0.5, y: 0, z: 0.5 },
		scale: 0.57
	},
	groundTransform: {
		translation: { x: 0, y: 0, z: 0 },
		rotation: { x: 0, y: 0, z: 0 },
		origin: { x: 0.5, y: 0, z: 0.5299 },
		scale: 3.5
	}
}