﻿{
    "code": "barkash",
    creativeinventory: { "general": ["*"], "items": ["*"], "ancienttools": ["*"] },
    "attributes": {
		fertilizerProps: { n: 0, p: 0, k: 30 },
		dissolveInWater: true,
    },
	"behaviors": [
		{ "name": "ATPreventGroundStorageStacking" },
		{
			name: "GroundStorable",
			properties: {
				layout: "Stacking",
				placeRemoveSound: "game:block/leather",
				stackingModel: "ancienttools:item/resource/barkash",
				stackingTextures: {
					ash: "ancienttools:item/resource/barkash",
				},
				tessQuantityElements: 3,
				stackingCapacity: 12,
				"maxStackingHeight":  1,
				collisionBox: { x1: 0, y1: 0, z1: 0, x2: 1, y2: 0.0625, z2: 1 },
				cbScaleYByLayer: 0.0625,
				transferQuantity: 1,
				bulkTransferQuantity: 4,
				"upSolid": false,
			}
		}
	],
    drawtype: "json",
    shape: { base: "item/resource/barkash" },
    textures: {
		ash: { base: "ancienttools:item/resource/barkash" }
	},
	maxstacksize: 64,
    guiTransform: {
		rotation: { x: 143, y: 28, z: 0 },
		origin: { x: 0.6, y: 0.3, z: 0.3 },
		scale: 1.54
	},
    tpHandTransform: {
		translation: { x: -2.3, y: -1.4, z: -1.5 },
		rotation: { x: 0, y: 0, z: -90 }
	},
	groundTransform: {
		translation: { x: 0, y: 0.15, z: 0 },
		rotation: { x: 0, y: 0, z: 0 },
		origin: { x: 0.5, y: 0.5, z: 0.5299 },
		scale: 1.5
	}
}