﻿{
    "code": "barkchunk",
    creativeinventory: { "general": ["*"], "items": ["*"], "ancienttools": ["*"] },
	variantgroups: [
        { code: "bark", loadFromProperties: "game:block/wood", states:["aged", "cypress"] }
    ],
	attributes: {
		handbook: {
			groupBy: ["barkchunk-*"],
			createdBy: "ancienttools:handbook-smashingbark-craftinfo",
			extraSections: [{
					title: "ancienttools:handbook-usedfor-handbookinfo",
					text: "ancienttools:handbook-barktanning-craftinfo-dot"
			}],
		}
	},
	drawtype: "json",
    shape: { base: "item/resource/barkchunks" },
    texturesByType: {
		"@barkchunk-(cypress)": {
			bark: { base: "ancienttools:block/wood/bark/{bark}" }
		},
		"*": {
			bark: { base: "game:block/wood/bark/{bark}" }
		}
	},
	maxstacksize: 64,
	combustiblePropsByType: {
		"@bark-(birch|aged)": {
			burnTemperature: 800,
			burnDuration: 4,
		},
		"*": {
			burnTemperature: 800,
			burnDuration: 8,
		}
	},
	guiTransform: {
		translation: { x: 0, y: 0, z: 0 },
		rotation: { x: -25, y: -27, z: -172 },
		origin: { x: 0.55, y: 0.05, z: 0.55 },
		scale: 2.61
	},
	fpHandTransform: {
		translation: { x: 0.05, y: 0.5, z: 0 },
		rotation: { x: 17, y: -8, z: 14 },
		origin: { x: 0.5, y: 0, z: 0.5 },
		scale: 2.21
	},
	tpHandTransform: {
		translation: { x: -1, y: 0, z: -0.8 },
		rotation: { x: 0, y: -86, z: 0 },
		origin: { x: 0.5, y: 0, z: 0.5 },
		scale: 0.57
	},
	groundTransform: {
		translation: { x: 0, y: 0, z: 0 },
		rotation: { x: 0, y: 0, z: 0 },
		origin: { x: 0.5, y: 0, z: 0.5299 },
		scale: 3.5
	}
}