﻿{
	code: "leather",
	shape: { base: "game:item/resource/leather-heavy" },
	behaviors: [
		{ name: "GroundStorable", properties: { layout: 'SingleCenter', collisionBox: { x1: 0.2, y1: 0, z1: 0.2, x2: 0.8, y2: 0.1, z2: 0.8 } } }
	],
	attributes: {
		displaycaseable: true, 
		shelvable: true,
		onDisplayTransform: {
			translation: { x: 0.05, y: 0, z: 0 },
			rotation: { x: 0, y: -90, z: 0 },
			origin: { x: 0.5, y: 0, z: 0.5 },
			scale: 0.65
		},
		handbook: {
			groupBy: ["leather-*"],
			createdBy: "ancienttools:handbook-barktanning-craftinfo"
		},
	},
	variantgroups: [
		{ code:"type", states: ["normal"] },
		{ code:"color", states: ["acacia", "aged", "baldcypress", "birch", "cypress", "ebony", "kapok", "larch", "maple", "pine", "purpleheart", "redwood", "walnut"] }
	],
	texturesByType: {
		"*": { "leather":  { base: "ancienttools:item/resource/leather/{color}"  } }
	},
	creativeinventory: { "general": ["*"], "items": ["*"], "ancienttools": ["*"] },
	maxstacksize: 64,
	materialDensity: 500,
	guiTransform: {
		rotation: { x: -180, y: 77, z: -53 },
		origin: { x: 0.5, y: 0.1, z: 0.52 },
		scale: 1.87
	},
	fpHandTransform: {
		translation: { x: 0.25, y: 0, z: 0 },
		rotation: { x: 150, y: 0, z: -87 },
		origin: { x: 0.6, y: 0.3, z: 0.5 },
		scale: 1.82
	},
	tpHandTransform: {
		translation: { x: -1, y: -1.2, z: -1.45 },
		rotation: { x: 92, y: -180, z: 180 },
		scale: 0.49
	},
	groundTransform: {
		translation: { x: 0, y: 0.25, z: 0 },
		rotation: { x: 0, y: 0, z: 0 },
		origin: { x: 0.5, y: 0.32, z: 0.5299 },
		scale: 4
	}
}