{
	"editor": {
		"backDropShape": "E:/Programs/VSModelCreator/seraph-faceless",
		"collapsedPaths": "Root/lever_1,Root/Bow/Bow_right_limb_19,Root/Bow/Bow_right_limb_13,Root/Bow,Root/Stock,Root/Stock/Stock_front_1,Root/Shoulder-Sling/Weapon_origin/Stock,Root/Bow/Bow_right_limb_7,Root/String,Root/Crossbow/String,Root/Bow_holder_1,Root/Crossbow/Stock/Bow_holder,Root/Shoulder-Sling/Weapon_origin,Root/Bow_holder_4,Root/Bow_right_limb_7,Root/Bow_right_limb_1,Root/Cube12,Root/Crossbow/Stock,Root/Crossbow/Bow,Root/Stock/Stock_back_1,Root/Bow/Bow_right_limb_19/Bow_right_limb_7,Root/Cube2,Root/Cube3,Root/Wheel",
		"allAngles": false,
		"entityTextureMode": false
	},
	"textureWidth": 16,
	"textureHeight": 16,
	"textureSizes": {
	},
	"textures": {
		"shoulder-sling-plain-linen": "game:block/cloth/linen/normal1",
		"shoulder-sling-plain-bone": "game:block/creature/bone",
		"shoulder-sling-plain-material": "game:block/leather/plain",
		"shoulder-sling-plain-metal": "game:block/metal/plate/brass",
		"shoulder-sling-plain-woodbow": "game:block/wood/debarked/larch",
		"shoulder-sling-plain-weapon-wood": "game:block/wood/debarked/oak"
	},
	"elements": [
		{
			"name": "Shoulder-Sling",
			"stepParentName": "UpperTorso",
			"from": [ 0.0, 0.0, 3.1 ],
			"to": [ 0.0, 0.0, 3.1 ],
			"rotationOrigin": [ 0.0, 0.0, 3.1 ],
			"faces": {
			},
			"children": [
				{
					"name": "Weapon_origin",
					"from": [ -1.7, -1.8, 1.0 ],
					"to": [ -1.7, -1.8, 1.0 ],
					"rotationOrigin": [ -1.7, -1.8, 1.0 ],
					"rotationX": 14.0,
					"rotationY": 170.0,
					"rotationZ": -35.0,
					"faces": {
					},
					"children": [
						{
							"name": "Stock",
							"from": [ -0.6, -0.8, -5.6 ],
							"to": [ -0.6, -0.8, -5.6 ],
							"rotationOrigin": [ -0.6, -0.8, -5.6 ],
							"faces": {
								"north": { "texture": "#shoulder-sling-plain-weapon-wood", "uv": [ 0.0, 0.0, 0.5, 0.5 ], "autoUv": false },
								"east": { "texture": "#shoulder-sling-plain-weapon-wood", "uv": [ 0.0, 0.0, 0.5, 0.5 ], "autoUv": false },
								"south": { "texture": "#shoulder-sling-plain-weapon-wood", "uv": [ 0.0, 0.0, 0.5, 0.5 ], "autoUv": false },
								"west": { "texture": "#shoulder-sling-plain-weapon-wood", "uv": [ 0.0, 0.0, 0.5, 0.5 ], "autoUv": false },
								"up": { "texture": "#shoulder-sling-plain-weapon-wood", "uv": [ 0.0, 0.0, 0.5, 0.5 ], "autoUv": false },
								"down": { "texture": "#shoulder-sling-plain-weapon-wood", "uv": [ 0.0, 0.0, 0.5, 0.5 ], "autoUv": false }
							},
							"children": [
								{
									"name": "Stock_front_1",
									"from": [ 0.4, 0.4, -4.0 ],
									"to": [ 0.4, 0.4, -4.0 ],
									"rotationOrigin": [ 0.4, 0.4, -4.0 ],
									"faces": {
										"east": { "texture": "#shoulder-sling-plain-weapon-wood", "uv": [ 0.0, 0.0, 0.5, 0.5 ], "autoUv": false },
										"south": { "texture": "#shoulder-sling-plain-weapon-wood", "uv": [ 0.0, 0.0, 0.5, 0.5 ], "autoUv": false, "windMode": [-1,-1,-1,-1] },
										"west": { "texture": "#shoulder-sling-plain-weapon-wood", "uv": [ 0.0, 0.0, 0.5, 0.5 ], "autoUv": false },
										"up": { "texture": "#shoulder-sling-plain-weapon-wood", "uv": [ 5.5, 5.0, 6.0, 5.5 ], "autoUv": false },
										"down": { "texture": "#shoulder-sling-plain-weapon-wood", "uv": [ 0.0, 0.0, 0.5, 0.5 ], "autoUv": false }
									},
									"children": [
										{
											"name": "Stock_front_2",
											"from": [ -0.4, 0.4, 0.0 ],
											"to": [ 0.0, 1.2, 7.6 ],
											"rotationOrigin": [ -0.4, 0.4, 0.0 ],
											"faces": {
												"east": { "texture": "#shoulder-sling-plain-weapon-wood", "uv": [ 0.5, 11.0, 10.0, 12.0 ], "autoUv": false },
												"south": { "texture": "#shoulder-sling-plain-weapon-wood", "uv": [ 0.5, 0.5, 1.0, 1.5 ], "autoUv": false },
												"west": { "texture": "#shoulder-sling-plain-weapon-wood", "uv": [ 0.0, 11.0, 9.5, 12.0 ], "autoUv": false },
												"up": { "texture": "#shoulder-sling-plain-weapon-wood", "uv": [ 2.5, 2.0, 12.0, 2.5 ], "rotation": 90, "autoUv": false },
												"down": { "texture": "#shoulder-sling-plain-weapon-wood", "uv": [ 1.0, 5.5, 10.5, 6.0 ], "rotation": 90, "autoUv": false }
											}
										},
										{
											"name": "Stock_front_3",
											"from": [ 0.4, 0.4, 0.0 ],
											"to": [ 0.8, 1.2, 7.6 ],
											"rotationOrigin": [ 0.4, 0.4, 0.0 ],
											"faces": {
												"east": { "texture": "#shoulder-sling-plain-weapon-wood", "uv": [ 2.0, 11.0, 11.5, 12.0 ], "autoUv": false },
												"south": { "texture": "#shoulder-sling-plain-weapon-wood", "uv": [ 0.0, 0.0, 0.5, 1.0 ], "autoUv": false },
												"west": { "texture": "#shoulder-sling-plain-weapon-wood", "uv": [ 0.0, 2.0, 9.5, 3.0 ], "autoUv": false },
												"up": { "texture": "#shoulder-sling-plain-weapon-wood", "uv": [ 1.5, 2.0, 11.0, 2.5 ], "rotation": 90, "autoUv": false },
												"down": { "texture": "#shoulder-sling-plain-weapon-wood", "uv": [ 0.0, 6.0, 9.5, 6.5 ], "rotation": 90, "autoUv": false }
											}
										},
										{
											"name": "Stock_front_4",
											"from": [ -0.392, -1.2, -2.4 ],
											"to": [ 0.792, -0.4, 7.6 ],
											"rotationOrigin": [ -0.32, -0.4, -2.4 ],
											"rotationX": -4.6,
											"faces": {
												"north": { "texture": "#shoulder-sling-plain-weapon-wood", "uv": [ 6.5, 7.5, 8.0, 8.5 ], "autoUv": false },
												"east": { "texture": "#shoulder-sling-plain-weapon-wood", "uv": [ 0.0, 0.0, 12.5, 1.0 ], "autoUv": false },
												"south": { "texture": "#shoulder-sling-plain-weapon-wood", "uv": [ 0.0, 0.0, 1.0, 1.0 ], "autoUv": false },
												"west": { "texture": "#shoulder-sling-plain-weapon-wood", "uv": [ 0.0, 0.0, 12.5, 1.0 ], "autoUv": false },
												"up": { "texture": "#shoulder-sling-plain-weapon-wood", "uv": [ 4.5, 2.0, 6.0, 14.5 ], "autoUv": false },
												"down": { "texture": "#shoulder-sling-plain-weapon-wood", "uv": [ 1.5, 5.0, 14.0, 6.5 ], "rotation": 90, "autoUv": false }
											}
										},
										{
											"name": "Stock_front_6",
											"from": [ -0.4, -0.4, 2.0 ],
											"to": [ 0.8, 0.4, 11.6 ],
											"rotationOrigin": [ -0.4, -0.4, 2.0 ],
											"faces": {
												"north": { "texture": "#shoulder-sling-plain-weapon-wood", "uv": [ 8.0, 5.5, 9.5, 6.5 ], "autoUv": false },
												"east": { "texture": "#shoulder-sling-plain-weapon-wood", "uv": [ 0.0, 0.0, 12.0, 1.0 ], "autoUv": false },
												"west": { "texture": "#shoulder-sling-plain-weapon-wood", "uv": [ 0.0, 0.0, 12.0, 1.0 ], "autoUv": false },
												"down": { "texture": "#shoulder-sling-plain-weapon-wood", "uv": [ 2.0, 5.5, 14.0, 7.0 ], "rotation": 90, "autoUv": false }
											}
										},
										{
											"name": "Stock_front_5",
											"from": [ 0.4, 0.4, -2.4 ],
											"to": [ 0.8, 1.2, 0.0 ],
											"rotationOrigin": [ 0.4, 0.4, -2.4 ],
											"faces": {
												"north": { "texture": "#shoulder-sling-plain-weapon-wood", "uv": [ 4.5, 5.0, 5.0, 6.0 ], "autoUv": false },
												"east": { "texture": "#shoulder-sling-plain-weapon-wood", "uv": [ 3.5, 2.0, 6.5, 3.0 ], "autoUv": false },
												"west": { "texture": "#shoulder-sling-plain-weapon-wood", "uv": [ 3.0, 2.0, 6.0, 3.0 ], "autoUv": false },
												"up": { "texture": "#shoulder-sling-plain-weapon-wood", "uv": [ 4.0, 1.0, 4.5, 4.0 ], "autoUv": false },
												"down": { "texture": "#shoulder-sling-plain-weapon-wood", "uv": [ 2.5, 3.5, 3.0, 6.5 ], "autoUv": false }
											}
										},
										{
											"name": "Stock_front_8",
											"from": [ -0.4, 0.4, -2.4 ],
											"to": [ 0.0, 1.2, 0.0 ],
											"rotationOrigin": [ -0.4, 0.4, -2.4 ],
											"faces": {
												"north": { "texture": "#shoulder-sling-plain-weapon-wood", "uv": [ 8.0, 5.5, 8.5, 6.5 ], "autoUv": false },
												"east": { "texture": "#shoulder-sling-plain-weapon-wood", "uv": [ 0.0, 0.0, 3.0, 1.0 ], "autoUv": false },
												"west": { "texture": "#shoulder-sling-plain-weapon-wood", "uv": [ 1.0, 2.0, 4.0, 3.0 ], "autoUv": false },
												"up": { "texture": "#shoulder-sling-plain-weapon-wood", "uv": [ 6.0, 1.5, 6.5, 4.5 ], "autoUv": false },
												"down": { "texture": "#shoulder-sling-plain-weapon-wood", "uv": [ 4.0, 1.5, 4.5, 4.5 ], "autoUv": false }
											}
										},
										{
											"name": "Stock_front_9",
											"from": [ 0.0, 0.4, -2.4 ],
											"to": [ 0.4, 0.96, 0.0 ],
											"rotationOrigin": [ 0.0, 0.4, -2.4 ],
											"faces": {
												"north": { "texture": "#shoulder-sling-plain-weapon-wood", "uv": [ 8.0, 5.5, 8.5, 6.0 ], "autoUv": false },
												"up": { "texture": "#shoulder-sling-plain-weapon-wood", "uv": [ 5.5, 5.0, 6.0, 8.0 ], "autoUv": false },
												"down": { "texture": "#shoulder-sling-plain-weapon-wood", "uv": [ 4.0, 1.5, 4.5, 4.5 ], "autoUv": false }
											}
										},
										{
											"name": "Stock_front_10",
											"from": [ -0.4, -0.4, -0.4 ],
											"to": [ 0.8, 0.4, 1.2 ],
											"rotationOrigin": [ -0.4, -0.4, -0.4 ],
											"faces": {
												"north": { "texture": "#shoulder-sling-plain-weapon-wood", "uv": [ 8.0, 5.5, 9.5, 6.5 ], "autoUv": false },
												"east": { "texture": "#shoulder-sling-plain-weapon-wood", "uv": [ 0.0, 0.0, 2.0, 1.0 ], "autoUv": false },
												"south": { "texture": "#shoulder-sling-plain-weapon-wood", "uv": [ 0.0, 0.0, 1.5, 1.0 ], "autoUv": false },
												"west": { "texture": "#shoulder-sling-plain-weapon-wood", "uv": [ 0.0, 0.0, 2.0, 1.0 ], "autoUv": false },
												"up": { "texture": "#shoulder-sling-plain-weapon-wood", "uv": [ 6.0, 1.5, 7.5, 3.5 ], "autoUv": false },
												"down": { "texture": "#shoulder-sling-plain-weapon-wood", "uv": [ 4.0, 1.5, 5.5, 3.5 ], "autoUv": false }
											}
										},
										{
											"name": "Stock_front_11",
											"from": [ -0.4, 0.4, 8.0 ],
											"to": [ 0.8, 0.8, 8.8 ],
											"rotationOrigin": [ -0.4, 0.4, 8.0 ],
											"faces": {
												"north": { "texture": "#shoulder-sling-plain-weapon-wood", "uv": [ 8.0, 5.5, 9.5, 6.0 ], "autoUv": false },
												"east": { "texture": "#shoulder-sling-plain-weapon-wood", "uv": [ 0.0, 0.0, 1.0, 0.5 ], "autoUv": false },
												"south": { "texture": "#shoulder-sling-plain-weapon-wood", "uv": [ 0.0, 0.0, 1.5, 0.5 ], "autoUv": false },
												"west": { "texture": "#shoulder-sling-plain-weapon-wood", "uv": [ 0.0, 0.0, 1.0, 0.5 ], "autoUv": false },
												"up": { "texture": "#shoulder-sling-plain-weapon-wood", "uv": [ 6.0, 1.5, 7.5, 2.5 ], "autoUv": false },
												"down": { "texture": "#shoulder-sling-plain-weapon-wood", "uv": [ 4.0, 1.5, 5.5, 2.5 ], "autoUv": false }
											},
											"children": [
												{
													"name": "Stock_front_12",
													"from": [ 0.0, 0.0, 0.8 ],
													"to": [ 0.4, 0.8, 3.6 ],
													"rotationOrigin": [ 0.8, 0.0, 0.8 ],
													"faces": {
														"north": { "texture": "#shoulder-sling-plain-weapon-wood", "uv": [ 8.0, 5.5, 8.5, 6.5 ], "autoUv": false },
														"east": { "texture": "#shoulder-sling-plain-weapon-wood", "uv": [ 3.0, 2.0, 6.5, 3.0 ], "autoUv": false },
														"south": { "texture": "#shoulder-sling-plain-weapon-wood", "uv": [ 0.0, 0.0, 0.5, 1.0 ], "autoUv": false },
														"west": { "texture": "#shoulder-sling-plain-weapon-wood", "uv": [ 3.5, 2.0, 7.0, 3.0 ], "autoUv": false },
														"up": { "texture": "#shoulder-sling-plain-weapon-wood", "uv": [ 3.5, 2.0, 7.0, 2.5 ], "rotation": 90, "autoUv": false }
													}
												},
												{
													"name": "Stock_front_13",
													"from": [ 0.8, 0.0, 0.8 ],
													"to": [ 1.2, 0.8, 3.6 ],
													"rotationOrigin": [ 1.6, 0.0, 0.8 ],
													"faces": {
														"north": { "texture": "#shoulder-sling-plain-weapon-wood", "uv": [ 8.0, 5.5, 8.5, 6.5 ], "autoUv": false },
														"east": { "texture": "#shoulder-sling-plain-weapon-wood", "uv": [ 3.5, 2.0, 7.0, 3.0 ], "autoUv": false },
														"south": { "texture": "#shoulder-sling-plain-weapon-wood", "uv": [ 0.0, 0.0, 0.5, 1.0 ], "autoUv": false },
														"west": { "texture": "#shoulder-sling-plain-weapon-wood", "uv": [ 2.0, 4.0, 5.5, 5.0 ], "autoUv": false },
														"up": { "texture": "#shoulder-sling-plain-weapon-wood", "uv": [ 7.0, 2.0, 10.5, 2.5 ], "rotation": 90, "autoUv": false }
													}
												},
												{
													"name": "Lever",
													"from": [ 0.4, 0.0, 0.0 ],
													"to": [ 0.8, 0.8, 2.4 ],
													"rotationOrigin": [ 0.4, 0.0, 2.4 ],
													"rotationX": 5.0,
													"faces": {
														"north": { "texture": "#shoulder-sling-plain-bone", "uv": [ 7.0, 4.5, 7.5, 5.5 ], "autoUv": false },
														"east": { "texture": "#shoulder-sling-plain-bone", "uv": [ 6.5, 4.5, 9.5, 5.5 ], "autoUv": false },
														"south": { "texture": "#shoulder-sling-plain-bone", "uv": [ 7.0, 4.5, 7.5, 5.5 ], "autoUv": false },
														"west": { "texture": "#shoulder-sling-plain-bone", "uv": [ 6.0, 6.0, 9.0, 7.0 ], "autoUv": false },
														"up": { "texture": "#shoulder-sling-plain-bone", "uv": [ 7.0, 5.0, 7.5, 8.0 ], "autoUv": false },
														"down": { "texture": "#shoulder-sling-plain-bone", "uv": [ 7.5, 5.0, 8.0, 8.0 ], "autoUv": false }
													},
													"children": [
														{
															"name": "Cube3",
															"from": [ 0.0, 0.0, 2.4 ],
															"to": [ 0.4, 0.8, 5.6 ],
															"rotationOrigin": [ 0.0, 0.0, 2.4 ],
															"rotationX": -25.0,
															"faces": {
																"north": { "texture": "#shoulder-sling-plain-bone", "uv": [ 7.0, 5.0, 7.5, 6.0 ], "autoUv": false },
																"east": { "texture": "#shoulder-sling-plain-bone", "uv": [ 8.5, 10.0, 12.5, 11.0 ], "autoUv": false },
																"south": { "texture": "#shoulder-sling-plain-bone", "uv": [ 0.0, 0.0, 0.5, 1.0 ], "autoUv": false },
																"west": { "texture": "#shoulder-sling-plain-bone", "uv": [ 5.5, 7.5, 9.5, 8.5 ], "autoUv": false },
																"up": { "texture": "#shoulder-sling-plain-bone", "uv": [ 8.5, 6.5, 9.0, 10.5 ], "autoUv": false },
																"down": { "texture": "#shoulder-sling-plain-bone", "uv": [ 9.0, 7.0, 9.5, 11.0 ], "autoUv": false }
															}
														}
													]
												},
												{
													"name": "Lever2",
													"from": [ -0.16, 0.0, 2.0 ],
													"to": [ 1.36, 0.4, 2.4 ],
													"rotationOrigin": [ -0.16, 0.0, 4.4 ],
													"faces": {
														"north": { "texture": "#shoulder-sling-plain-bone", "uv": [ 0.0, 0.0, 1.5, 0.5 ], "autoUv": false },
														"east": { "texture": "#shoulder-sling-plain-bone", "uv": [ 0.0, 0.0, 0.5, 0.5 ], "autoUv": false },
														"south": { "texture": "#shoulder-sling-plain-bone", "uv": [ 0.0, 0.0, 1.5, 0.5 ], "autoUv": false },
														"west": { "texture": "#shoulder-sling-plain-bone", "uv": [ 0.0, 0.0, 0.5, 0.5 ], "autoUv": false },
														"up": { "texture": "#shoulder-sling-plain-bone", "uv": [ 0.0, 0.0, 1.5, 0.5 ], "autoUv": false },
														"down": { "texture": "#shoulder-sling-plain-bone", "uv": [ 0.0, 0.0, 1.5, 0.5 ], "autoUv": false }
													}
												},
												{
													"name": "catch",
													"from": [ -0.16, 0.0, -0.4 ],
													"to": [ 0.4, 0.88, 0.0 ],
													"rotationOrigin": [ -0.16, 0.0, -0.4 ],
													"faces": {
														"north": { "texture": "#shoulder-sling-plain-bone", "uv": [ 8.0, 10.5, 8.5, 11.5 ], "autoUv": false },
														"east": { "texture": "#shoulder-sling-plain-bone", "uv": [ 5.5, 6.5, 6.0, 7.5 ], "autoUv": false },
														"south": { "texture": "#shoulder-sling-plain-bone", "uv": [ 6.0, 7.5, 6.5, 8.5 ], "autoUv": false },
														"west": { "texture": "#shoulder-sling-plain-bone", "uv": [ 9.0, 8.0, 9.5, 9.0 ], "autoUv": false },
														"up": { "texture": "#shoulder-sling-plain-bone", "uv": [ 7.5, 9.0, 8.0, 9.5 ], "autoUv": false },
														"down": { "texture": "#shoulder-sling-plain-bone", "uv": [ 7.0, 13.0, 7.5, 13.5 ], "autoUv": false }
													}
												},
												{
													"name": "catch2",
													"from": [ 0.4, 0.0, -0.4 ],
													"to": [ 0.88, 0.64, 0.0 ],
													"rotationOrigin": [ 0.4, 0.0, -0.4 ],
													"faces": {
														"north": { "texture": "#shoulder-sling-plain-bone", "uv": [ 6.5, 8.0, 7.0, 8.5 ], "autoUv": false },
														"east": { "texture": "#shoulder-sling-plain-bone", "uv": [ 7.0, 5.0, 7.5, 5.5 ], "autoUv": false },
														"south": { "texture": "#shoulder-sling-plain-bone", "uv": [ 8.0, 7.5, 8.5, 8.0 ], "autoUv": false },
														"west": { "texture": "#shoulder-sling-plain-bone", "uv": [ 7.5, 7.0, 8.0, 7.5 ], "autoUv": false },
														"up": { "texture": "#shoulder-sling-plain-bone", "uv": [ 7.0, 8.0, 7.5, 8.5 ], "autoUv": false },
														"down": { "texture": "#shoulder-sling-plain-bone", "uv": [ 5.0, 9.5, 5.5, 10.0 ], "autoUv": false }
													}
												},
												{
													"name": "catch3",
													"from": [ 0.8, 0.0, -0.4 ],
													"to": [ 1.28, 0.88, 0.0 ],
													"rotationOrigin": [ 0.8, 0.0, -0.4 ],
													"faces": {
														"north": { "texture": "#shoulder-sling-plain-bone", "uv": [ 6.5, 8.0, 7.0, 9.0 ], "autoUv": false },
														"east": { "texture": "#shoulder-sling-plain-bone", "uv": [ 7.0, 5.0, 7.5, 6.0 ], "autoUv": false },
														"south": { "texture": "#shoulder-sling-plain-bone", "uv": [ 8.0, 7.5, 8.5, 8.5 ], "autoUv": false },
														"west": { "texture": "#shoulder-sling-plain-bone", "uv": [ 7.5, 7.0, 8.0, 8.0 ], "autoUv": false },
														"up": { "texture": "#shoulder-sling-plain-bone", "uv": [ 7.0, 8.0, 7.5, 8.5 ], "autoUv": false },
														"down": { "texture": "#shoulder-sling-plain-bone", "uv": [ 5.0, 9.5, 5.5, 10.0 ], "autoUv": false }
													}
												}
											]
										},
										{
											"name": "Stock_front_7",
											"from": [ 0.0, 0.4, 0.0 ],
											"to": [ 0.4, 0.96, 7.6 ],
											"rotationOrigin": [ 0.0, 0.4, 0.0 ],
											"faces": {
												"east": { "texture": "#shoulder-sling-plain-weapon-wood", "uv": [ 0.0, 0.0, 9.5, 0.5 ], "autoUv": false },
												"south": { "texture": "#shoulder-sling-plain-weapon-wood", "uv": [ 0.0, 0.0, 0.5, 0.5 ], "autoUv": false },
												"west": { "texture": "#shoulder-sling-plain-weapon-wood", "uv": [ 0.0, 0.0, 9.5, 0.5 ], "autoUv": false },
												"up": { "texture": "#shoulder-sling-plain-weapon-wood", "uv": [ 5.5, 5.0, 6.0, 14.5 ], "autoUv": false },
												"down": { "texture": "#shoulder-sling-plain-weapon-wood", "uv": [ 0.0, 0.0, 0.5, 9.5 ], "autoUv": false }
											}
										}
									]
								},
								{
									"name": "Stock_back_1",
									"from": [ 0.008, 0.4, 7.6 ],
									"to": [ 1.192, 1.2, 17.2 ],
									"rotationOrigin": [ 0.0, 1.2, 7.6 ],
									"rotationX": 5.0,
									"faces": {
										"east": { "texture": "#shoulder-sling-plain-weapon-wood", "uv": [ 0.0, 0.0, 12.0, 1.0 ], "autoUv": false },
										"south": { "texture": "#shoulder-sling-plain-weapon-wood", "uv": [ 0.0, 0.0, 1.5, 1.0 ], "autoUv": false, "windMode": [-1,-1,-1,-1] },
										"west": { "texture": "#shoulder-sling-plain-weapon-wood", "uv": [ 0.0, 0.0, 12.0, 1.0 ], "autoUv": false },
										"up": { "texture": "#shoulder-sling-plain-weapon-wood", "uv": [ 5.5, 3.0, 7.0, 15.0 ], "autoUv": false }
									},
									"children": [
										{
											"name": "Stock_back_2",
											"from": [ 0.008, 0.0, 0.0 ],
											"to": [ 1.176, 0.8, 9.6 ],
											"rotationOrigin": [ -0.016, 0.0, 9.6 ],
											"rotationX": -2.4,
											"faces": {
												"east": { "texture": "#shoulder-sling-plain-weapon-wood", "uv": [ 1.5, 5.5, 13.5, 6.5 ], "autoUv": false },
												"south": { "texture": "#shoulder-sling-plain-weapon-wood", "uv": [ 0.0, 0.0, 1.0, 1.0 ], "autoUv": false, "windMode": [-1,-1,-1,-1] },
												"west": { "texture": "#shoulder-sling-plain-weapon-wood", "uv": [ 0.5, 6.0, 12.5, 7.0 ], "autoUv": false },
												"down": { "texture": "#shoulder-sling-plain-weapon-wood", "uv": [ 0.5, 5.5, 12.5, 7.0 ], "rotation": 90, "autoUv": false }
											}
										}
									]
								},
								{
									"name": "Bow_holder",
									"from": [ 0.0, -0.16, -2.88 ],
									"to": [ 0.0, -0.16, -2.88 ],
									"rotationOrigin": [ 0.0, 0.32, -2.88 ],
									"faces": {
									},
									"children": [
										{
											"name": "Bow_holder_4",
											"from": [ -0.56, -0.08, -2.8 ],
											"to": [ 0.0, 1.52, -1.2 ],
											"rotationOrigin": [ -0.56, 0.56, -2.0 ],
											"faces": {
												"north": { "texture": "#shoulder-sling-plain-linen", "uv": [ 0.0, 0.0, 1.0, 3.0 ], "autoUv": false },
												"east": { "texture": "#shoulder-sling-plain-linen", "uv": [ 0.0, 0.0, 3.0, 3.0 ], "autoUv": false },
												"south": { "texture": "#shoulder-sling-plain-linen", "uv": [ 0.0, 0.0, 1.0, 3.0 ], "autoUv": false },
												"west": { "texture": "#shoulder-sling-plain-linen", "uv": [ 0.0, 0.0, 3.0, 3.0 ], "autoUv": false },
												"up": { "texture": "#shoulder-sling-plain-linen", "uv": [ 0.0, 0.0, 1.0, 3.0 ], "autoUv": false },
												"down": { "texture": "#shoulder-sling-plain-linen", "uv": [ 0.0, 0.0, 1.0, 3.0 ], "autoUv": false }
											},
											"children": [
												{
													"name": "Bow_holder_5",
													"from": [ 0.0, 0.4, 1.6 ],
													"to": [ 0.56, 1.2, 3.28 ],
													"rotationOrigin": [ 0.0, 0.4, 1.6 ],
													"rotationY": 19.5,
													"faces": {
														"west": { "texture": "#shoulder-sling-plain-linen", "uv": [ 0.0, 0.0, 3.0, 1.5 ], "autoUv": false },
														"up": { "texture": "#shoulder-sling-plain-linen", "uv": [ 0.0, 0.0, 1.0, 3.0 ], "autoUv": false },
														"down": { "texture": "#shoulder-sling-plain-linen", "uv": [ 0.0, 0.0, 1.0, 3.0 ], "autoUv": false }
													}
												}
											]
										},
										{
											"name": "Bow_holder_7",
											"from": [ 1.2, -0.08, -2.8 ],
											"to": [ 1.76, 1.52, -1.2 ],
											"rotationOrigin": [ 1.2, 0.56, -2.0 ],
											"faces": {
												"north": { "texture": "#shoulder-sling-plain-linen", "uv": [ 0.0, 0.0, 1.0, 3.0 ], "autoUv": false },
												"east": { "texture": "#shoulder-sling-plain-linen", "uv": [ 0.0, 0.0, 3.0, 3.0 ], "autoUv": false },
												"south": { "texture": "#shoulder-sling-plain-linen", "uv": [ 0.0, 0.0, 1.0, 3.0 ], "autoUv": false },
												"west": { "texture": "#shoulder-sling-plain-linen", "uv": [ 0.0, 0.0, 3.0, 3.0 ], "autoUv": false },
												"up": { "texture": "#shoulder-sling-plain-linen", "uv": [ 0.0, 0.0, 1.0, 3.0 ], "autoUv": false },
												"down": { "texture": "#shoulder-sling-plain-linen", "uv": [ 0.0, 0.0, 1.0, 3.0 ], "autoUv": false }
											},
											"children": [
												{
													"name": "Bow_holder_8",
													"from": [ 0.0, 0.4, 1.6 ],
													"to": [ 0.56, 1.2, 3.28 ],
													"rotationOrigin": [ 0.56, 0.4, 1.6 ],
													"rotationY": -19.5,
													"faces": {
														"east": { "texture": "#shoulder-sling-plain-linen", "uv": [ 0.0, 0.0, 3.0, 1.5 ], "autoUv": false, "windMode": [-1,-1,-1,-1] },
														"up": { "texture": "#shoulder-sling-plain-linen", "uv": [ 0.0, 0.0, 1.0, 3.0 ], "autoUv": false },
														"down": { "texture": "#shoulder-sling-plain-linen", "uv": [ 0.0, 0.0, 1.0, 3.0 ], "autoUv": false }
													}
												}
											]
										},
										{
											"name": "Bow_holder2",
											"from": [ 0.0, 0.312, 0.0 ],
											"to": [ 1.2, 0.96, 0.4 ],
											"rotationOrigin": [ 0.0, 0.72, 0.0 ],
											"faces": {
												"east": { "texture": "#shoulder-sling-plain-linen", "uv": [ 0.0, 0.0, 0.5, 1.5 ], "autoUv": false, "windMode": [-1,-1,-1,-1] },
												"south": { "texture": "#shoulder-sling-plain-linen", "uv": [ 0.0, 0.0, 2.0, 1.5 ], "autoUv": false },
												"west": { "texture": "#shoulder-sling-plain-linen", "uv": [ 0.0, 0.0, 0.5, 1.5 ], "autoUv": false, "windMode": [-1,-1,-1,-1] },
												"down": { "texture": "#shoulder-sling-plain-linen", "uv": [ 0.0, 0.0, 2.0, 0.5 ], "autoUv": false }
											}
										}
									]
								}
							]
						},
						{
							"name": "Bow",
							"from": [ -6.2, -1.04, -10.96 ],
							"to": [ -6.2, -1.04, -10.96 ],
							"rotationOrigin": [ 0.2, -0.48, -10.96 ],
							"rotationX": -10.0,
							"faces": {
								"north": { "texture": "#shoulder-sling-plain-weapon-wood", "uv": [ 0.0, 0.0, 0.5, 0.5 ], "autoUv": false },
								"east": { "texture": "#shoulder-sling-plain-weapon-wood", "uv": [ 0.0, 0.0, 0.5, 0.5 ], "autoUv": false },
								"south": { "texture": "#shoulder-sling-plain-weapon-wood", "uv": [ 0.0, 0.0, 0.5, 0.5 ], "autoUv": false },
								"west": { "texture": "#shoulder-sling-plain-weapon-wood", "uv": [ 0.0, 0.0, 0.5, 0.5 ], "autoUv": false },
								"up": { "texture": "#shoulder-sling-plain-weapon-wood", "uv": [ 0.0, 0.0, 0.5, 0.5 ], "autoUv": false },
								"down": { "texture": "#shoulder-sling-plain-weapon-wood", "uv": [ 0.0, 0.0, 0.5, 0.5 ], "autoUv": false }
							},
							"children": [
								{
									"name": "Bow_limbs",
									"from": [ 5.6, 0.24, 0.0 ],
									"to": [ 6.8, 1.04, 0.8 ],
									"rotationOrigin": [ 5.6, 0.2418, 0.0 ],
									"faces": {
										"north": { "texture": "#shoulder-sling-plain-woodbow", "uv": [ 0.0, 0.0, 1.5, 1.0 ], "autoUv": false },
										"up": { "texture": "#shoulder-sling-plain-woodbow", "uv": [ 0.0, 0.0, 1.5, 1.0 ], "autoUv": false },
										"down": { "texture": "#shoulder-sling-plain-woodbow", "uv": [ 0.0, 0.0, 1.5, 1.0 ], "autoUv": false }
									},
									"children": [
										{
											"name": "Bow_right_limb_13",
											"from": [ 1.2, 0.0, 0.0 ],
											"to": [ 3.2, 0.8, 0.8 ],
											"rotationOrigin": [ 1.2, 0.0018, 0.0 ],
											"rotationY": -1.0,
											"faces": {
												"north": { "texture": "#shoulder-sling-plain-woodbow", "uv": [ 6.5, 3.0, 9.0, 4.0 ], "autoUv": false },
												"east": { "texture": "#shoulder-sling-plain-woodbow", "uv": [ 0.0, 0.0, 1.0, 1.0 ], "autoUv": false },
												"south": { "texture": "#shoulder-sling-plain-woodbow", "uv": [ 12.0, 9.0, 14.5, 10.0 ], "autoUv": false },
												"up": { "texture": "#shoulder-sling-plain-woodbow", "uv": [ 5.5, 7.0, 8.0, 8.0 ], "autoUv": false },
												"down": { "texture": "#shoulder-sling-plain-woodbow", "uv": [ 6.0, 7.0, 8.5, 8.0 ], "autoUv": false }
											},
											"children": [
												{
													"name": "Bow_right_limb_14",
													"from": [ 2.0, 0.008, 0.0 ],
													"to": [ 4.0, 0.792, 0.8 ],
													"rotationOrigin": [ 2.0, 0.0, 0.0 ],
													"rotationY": -5.0,
													"faces": {
														"north": { "texture": "#shoulder-sling-plain-woodbow", "uv": [ 7.0, 2.5, 9.5, 3.5 ], "autoUv": false },
														"east": { "texture": "#shoulder-sling-plain-woodbow", "uv": [ 0.0, 0.0, 1.0, 0.5 ], "autoUv": false },
														"south": { "texture": "#shoulder-sling-plain-woodbow", "uv": [ 11.0, 6.0, 13.5, 7.0 ], "autoUv": false },
														"up": { "texture": "#shoulder-sling-plain-woodbow", "uv": [ 5.5, 7.0, 8.0, 8.0 ], "autoUv": false },
														"down": { "texture": "#shoulder-sling-plain-woodbow", "uv": [ 6.5, 7.0, 9.0, 8.0 ], "autoUv": false }
													},
													"children": [
														{
															"name": "Bow_right_limb_15",
															"from": [ 2.0, 0.008, 0.0 ],
															"to": [ 4.0, 0.776, 0.72 ],
															"rotationOrigin": [ 2.0, 0.0, 0.0 ],
															"rotationY": -5.0,
															"faces": {
																"north": { "texture": "#shoulder-sling-plain-woodbow", "uv": [ 6.0, 3.0, 8.5, 4.0 ], "autoUv": false },
																"east": { "texture": "#shoulder-sling-plain-woodbow", "uv": [ 0.0, 0.0, 0.5, 0.5 ], "autoUv": false },
																"south": { "texture": "#shoulder-sling-plain-woodbow", "uv": [ 12.5, 9.0, 15.0, 10.0 ], "autoUv": false },
																"up": { "texture": "#shoulder-sling-plain-woodbow", "uv": [ 12.5, 7.0, 15.0, 7.9 ], "autoUv": false },
																"down": { "texture": "#shoulder-sling-plain-woodbow", "uv": [ 10.5, 7.0, 13.0, 7.9 ], "autoUv": false }
															},
															"children": [
																{
																	"name": "Bow_right_limb_16",
																	"from": [ 2.0, 0.008, 0.0 ],
																	"to": [ 4.0, 0.76, 0.72 ],
																	"rotationOrigin": [ 2.0, 0.0, 0.0 ],
																	"rotationY": -5.0,
																	"faces": {
																		"north": { "texture": "#shoulder-sling-plain-woodbow", "uv": [ 7.0, 3.0, 9.5, 4.0 ], "autoUv": false },
																		"east": { "texture": "#shoulder-sling-plain-woodbow", "uv": [ 0.0, 0.0, 0.5, 0.5 ], "autoUv": false },
																		"south": { "texture": "#shoulder-sling-plain-woodbow", "uv": [ 12.0, 9.0, 14.5, 10.0 ], "autoUv": false },
																		"up": { "texture": "#shoulder-sling-plain-woodbow", "uv": [ 6.0, 7.0, 8.5, 7.9 ], "autoUv": false },
																		"down": { "texture": "#shoulder-sling-plain-woodbow", "uv": [ 8.5, 7.0, 11.0, 7.9 ], "autoUv": false }
																	},
																	"children": [
																		{
																			"name": "Bow_right_limb_17",
																			"from": [ 2.0, 0.008, 0.0 ],
																			"to": [ 3.6, 0.728, 0.64 ],
																			"rotationOrigin": [ 2.0, 0.0, 0.0 ],
																			"rotationY": -5.0,
																			"faces": {
																				"north": { "texture": "#shoulder-sling-plain-woodbow", "uv": [ 6.5, 3.0, 8.5, 4.0 ], "autoUv": false },
																				"east": { "texture": "#shoulder-sling-plain-woodbow", "uv": [ 0.0, 0.0, 0.5, 0.5 ], "autoUv": false },
																				"south": { "texture": "#shoulder-sling-plain-woodbow", "uv": [ 12.0, 5.5, 14.0, 6.5 ], "autoUv": false },
																				"up": { "texture": "#shoulder-sling-plain-woodbow", "uv": [ 10.0, 7.0, 12.0, 7.8 ], "autoUv": false },
																				"down": { "texture": "#shoulder-sling-plain-woodbow", "uv": [ 10.5, 7.0, 12.5, 7.8 ], "autoUv": false }
																			},
																			"children": [
																				{
																					"name": "Bow_right_limb_18",
																					"from": [ 1.52, 0.16, 0.08 ],
																					"to": [ 2.72, 0.64, 0.64 ],
																					"rotationOrigin": [ 1.52, 0.16, 0.64 ],
																					"rotationY": 10.0,
																					"faces": {
																						"north": { "texture": "#shoulder-sling-plain-woodbow", "uv": [ 0.0, 0.0, 1.5, 0.5 ], "autoUv": false },
																						"east": { "texture": "#shoulder-sling-plain-woodbow", "uv": [ 0.0, 0.0, 0.5, 0.5 ], "autoUv": false },
																						"south": { "texture": "#shoulder-sling-plain-woodbow", "uv": [ 0.0, 0.0, 1.5, 0.5 ], "autoUv": false },
																						"up": { "texture": "#shoulder-sling-plain-woodbow", "uv": [ 0.0, 0.0, 1.5, 0.5 ], "autoUv": false },
																						"down": { "texture": "#shoulder-sling-plain-woodbow", "uv": [ 0.0, 0.0, 1.5, 0.5 ], "autoUv": false }
																					},
																					"children": [
																						{
																							"name": "String_4",
																							"from": [ 0.24, -0.16, -0.16 ],
																							"to": [ 0.96, 0.64, 1.04 ],
																							"rotationOrigin": [ 0.24, 0.16, 0.24 ],
																							"faces": {
																								"north": { "texture": "#shoulder-sling-plain-linen", "uv": [ 0.0, 0.0, 1.5, 1.5 ], "autoUv": false },
																								"east": { "texture": "#shoulder-sling-plain-linen", "uv": [ 0.0, 0.0, 2.5, 1.5 ], "autoUv": false },
																								"south": { "texture": "#shoulder-sling-plain-linen", "uv": [ 5.0, 8.5, 6.5, 10.0 ], "autoUv": false },
																								"west": { "texture": "#shoulder-sling-plain-linen", "uv": [ 0.0, 0.0, 2.5, 1.5 ], "autoUv": false },
																								"up": { "texture": "#shoulder-sling-plain-linen", "uv": [ 0.0, 0.0, 1.5, 2.5 ], "autoUv": false },
																								"down": { "texture": "#shoulder-sling-plain-linen", "uv": [ 0.0, 0.0, 1.5, 2.5 ], "autoUv": false }
																							}
																						}
																					]
																				}
																			]
																		}
																	]
																}
															]
														}
													]
												}
											]
										},
										{
											"name": "Bow_right_limb_20",
											"from": [ 0.0, -0.8, 0.0 ],
											"to": [ 2.0, 0.0, 0.8 ],
											"rotationOrigin": [ 0.0, 0.0, 0.0 ],
											"rotationY": 1.0,
											"rotationZ": 180.0,
											"faces": {
												"north": { "texture": "#shoulder-sling-plain-woodbow", "uv": [ 6.5, 3.0, 9.0, 4.0 ], "autoUv": false },
												"east": { "texture": "#shoulder-sling-plain-woodbow", "uv": [ 0.0, 0.0, 1.0, 1.0 ], "autoUv": false },
												"south": { "texture": "#shoulder-sling-plain-woodbow", "uv": [ 10.5, 9.0, 13.0, 10.0 ], "autoUv": false },
												"up": { "texture": "#shoulder-sling-plain-woodbow", "uv": [ 6.0, 7.0, 8.5, 8.0 ], "autoUv": false },
												"down": { "texture": "#shoulder-sling-plain-woodbow", "uv": [ 6.0, 7.0, 8.5, 8.0 ], "autoUv": false }
											},
											"children": [
												{
													"name": "Bow_right_limb_21",
													"from": [ 2.0, 0.008, 0.0 ],
													"to": [ 4.0, 0.792, 0.8 ],
													"rotationOrigin": [ 2.0, 0.0, 0.0 ],
													"rotationY": -5.0,
													"faces": {
														"north": { "texture": "#shoulder-sling-plain-woodbow", "uv": [ 3.0, 3.5, 5.5, 4.5 ], "autoUv": false },
														"east": { "texture": "#shoulder-sling-plain-woodbow", "uv": [ 0.0, 0.0, 1.0, 0.5 ], "autoUv": false },
														"south": { "texture": "#shoulder-sling-plain-woodbow", "uv": [ 12.5, 9.5, 15.0, 10.5 ], "autoUv": false },
														"up": { "texture": "#shoulder-sling-plain-woodbow", "uv": [ 6.0, 7.0, 8.5, 8.0 ], "autoUv": false },
														"down": { "texture": "#shoulder-sling-plain-woodbow", "uv": [ 5.5, 7.0, 8.0, 8.0 ], "autoUv": false }
													},
													"children": [
														{
															"name": "Bow_right_limb_22",
															"from": [ 2.0, 0.008, 0.0 ],
															"to": [ 4.0, 0.776, 0.72 ],
															"rotationOrigin": [ 2.0, 0.0, 0.0 ],
															"rotationY": -5.0,
															"faces": {
																"north": { "texture": "#shoulder-sling-plain-woodbow", "uv": [ 13.0, 0.5, 15.5, 1.5 ], "autoUv": false },
																"east": { "texture": "#shoulder-sling-plain-woodbow", "uv": [ 0.0, 0.0, 0.5, 0.5 ], "autoUv": false },
																"south": { "texture": "#shoulder-sling-plain-woodbow", "uv": [ 12.5, 9.0, 15.0, 10.0 ], "autoUv": false },
																"up": { "texture": "#shoulder-sling-plain-woodbow", "uv": [ 6.5, 12.5, 9.0, 13.4 ], "autoUv": false },
																"down": { "texture": "#shoulder-sling-plain-woodbow", "uv": [ 4.5, 12.5, 7.0, 13.4 ], "autoUv": false }
															},
															"children": [
																{
																	"name": "Bow_right_limb_23",
																	"from": [ 2.0, 0.008, 0.0 ],
																	"to": [ 4.0, 0.76, 0.72 ],
																	"rotationOrigin": [ 2.0, 0.0, 0.0 ],
																	"rotationY": -5.0,
																	"faces": {
																		"north": { "texture": "#shoulder-sling-plain-woodbow", "uv": [ 13.5, 1.5, 16.0, 2.5 ], "autoUv": false },
																		"east": { "texture": "#shoulder-sling-plain-woodbow", "uv": [ 0.0, 0.0, 0.5, 0.5 ], "autoUv": false },
																		"south": { "texture": "#shoulder-sling-plain-woodbow", "uv": [ 12.0, 9.0, 14.5, 10.0 ], "autoUv": false },
																		"up": { "texture": "#shoulder-sling-plain-woodbow", "uv": [ 6.0, 7.0, 8.5, 7.9 ], "autoUv": false },
																		"down": { "texture": "#shoulder-sling-plain-woodbow", "uv": [ 6.0, 7.0, 8.5, 7.9 ], "autoUv": false }
																	},
																	"children": [
																		{
																			"name": "Bow_right_limb_24",
																			"from": [ 2.0, 0.008, 0.0 ],
																			"to": [ 3.6, 0.728, 0.64 ],
																			"rotationOrigin": [ 2.0, 0.0, 0.0 ],
																			"rotationY": -5.0,
																			"faces": {
																				"north": { "texture": "#shoulder-sling-plain-woodbow", "uv": [ 7.5, 3.0, 9.5, 4.0 ], "autoUv": false },
																				"east": { "texture": "#shoulder-sling-plain-woodbow", "uv": [ 0.0, 0.0, 0.5, 0.5 ], "autoUv": false },
																				"south": { "texture": "#shoulder-sling-plain-woodbow", "uv": [ 13.5, 6.0, 15.5, 7.0 ], "autoUv": false },
																				"up": { "texture": "#shoulder-sling-plain-woodbow", "uv": [ 1.5, 7.0, 3.5, 7.8 ], "autoUv": false },
																				"down": { "texture": "#shoulder-sling-plain-woodbow", "uv": [ 1.0, 7.0, 3.0, 7.8 ], "autoUv": false }
																			},
																			"children": [
																				{
																					"name": "Bow_right_limb_25",
																					"from": [ 1.52, 0.16, 0.08 ],
																					"to": [ 2.72, 0.64, 0.64 ],
																					"rotationOrigin": [ 1.52, 0.16, 0.64 ],
																					"rotationY": 10.0,
																					"faces": {
																						"north": { "texture": "#shoulder-sling-plain-woodbow", "uv": [ 0.0, 0.0, 1.5, 0.5 ], "autoUv": false },
																						"east": { "texture": "#shoulder-sling-plain-woodbow", "uv": [ 0.0, 0.0, 0.5, 0.5 ], "autoUv": false },
																						"south": { "texture": "#shoulder-sling-plain-woodbow", "uv": [ 0.0, 0.0, 1.5, 0.5 ], "autoUv": false },
																						"up": { "texture": "#shoulder-sling-plain-woodbow", "uv": [ 0.0, 0.0, 1.5, 0.5 ], "autoUv": false },
																						"down": { "texture": "#shoulder-sling-plain-woodbow", "uv": [ 0.0, 0.0, 1.5, 0.5 ], "autoUv": false }
																					},
																					"children": [
																						{
																							"name": "String_5",
																							"from": [ 0.24, -0.16, -0.16 ],
																							"to": [ 0.96, 0.64, 1.04 ],
																							"rotationOrigin": [ 0.24, 0.16, 0.24 ],
																							"faces": {
																								"north": { "texture": "#shoulder-sling-plain-linen", "uv": [ 0.0, 0.0, 1.5, 1.5 ], "autoUv": false },
																								"east": { "texture": "#shoulder-sling-plain-linen", "uv": [ 0.0, 0.0, 2.5, 1.5 ], "autoUv": false },
																								"south": { "texture": "#shoulder-sling-plain-linen", "uv": [ 0.0, 0.0, 1.5, 1.5 ], "autoUv": false },
																								"west": { "texture": "#shoulder-sling-plain-linen", "uv": [ 0.0, 0.0, 2.5, 1.5 ], "autoUv": false },
																								"up": { "texture": "#shoulder-sling-plain-linen", "uv": [ 0.0, 0.0, 1.5, 2.5 ], "autoUv": false },
																								"down": { "texture": "#shoulder-sling-plain-linen", "uv": [ 0.0, 0.0, 1.5, 2.5 ], "autoUv": false }
																							}
																						}
																					]
																				}
																			]
																		}
																	]
																}
															]
														}
													]
												}
											]
										}
									]
								}
							]
						},
						{
							"name": "String",
							"from": [ -0.6, 0.8, -8.64 ],
							"to": [ 0.6, 1.2, -8.232 ],
							"rotationOrigin": [ -0.6, 0.8, -8.56 ],
							"faces": {
								"north": { "texture": "#shoulder-sling-plain-linen", "uv": [ 7.0, 3.5, 8.5, 4.5 ], "autoUv": false },
								"east": { "texture": "#shoulder-sling-plain-linen", "uv": [ 0.0, 0.0, 0.5, 0.5 ], "autoUv": false },
								"south": { "texture": "#shoulder-sling-plain-linen", "uv": [ 8.0, 6.5, 9.5, 7.5 ], "autoUv": false },
								"west": { "texture": "#shoulder-sling-plain-linen", "uv": [ 0.0, 0.0, 0.5, 0.5 ], "autoUv": false },
								"up": { "texture": "#shoulder-sling-plain-linen", "uv": [ 9.5, 7.5, 11.0, 8.5 ], "autoUv": false }
							},
							"children": [
								{
									"name": "String_2",
									"from": [ 1.2, 0.0, 0.0 ],
									"to": [ 10.8, 0.4, 0.4 ],
									"rotationOrigin": [ 1.2, 0.4, 0.4 ],
									"rotationZ": -5.5,
									"faces": {
										"north": { "texture": "#shoulder-sling-plain-linen", "uv": [ 0.0, 1.5, 16.0, 2.5 ], "autoUv": false },
										"east": { "texture": "#shoulder-sling-plain-linen", "uv": [ 0.0, 0.0, 0.5, 0.5 ], "autoUv": false },
										"south": { "texture": "#shoulder-sling-plain-linen", "uv": [ 0.0, 4.0, 16.0, 5.0 ], "autoUv": false },
										"up": { "texture": "#shoulder-sling-plain-linen", "uv": [ 0.0, 7.0, 16.0, 8.0 ], "autoUv": false },
										"down": { "texture": "#shoulder-sling-plain-linen", "uv": [ 0.0, 9.5, 16.0, 10.5 ], "autoUv": false }
									}
								},
								{
									"name": "String_6",
									"from": [ 0.0, 0.0, 0.4 ],
									"to": [ 9.6, 0.4, 0.8 ],
									"rotationOrigin": [ 0.0, 0.4, 0.4 ],
									"rotationY": -180.0,
									"rotationZ": -5.5,
									"faces": {
										"north": { "texture": "#shoulder-sling-plain-linen", "uv": [ 0.0, 10.0, 16.0, 11.0 ], "autoUv": false },
										"east": { "texture": "#shoulder-sling-plain-linen", "uv": [ 0.0, 0.0, 0.5, 0.5 ], "autoUv": false },
										"south": { "texture": "#shoulder-sling-plain-linen", "uv": [ 0.0, 3.5, 16.0, 4.5 ], "autoUv": false },
										"up": { "texture": "#shoulder-sling-plain-linen", "uv": [ 0.0, 10.0, 16.0, 11.0 ], "autoUv": false },
										"down": { "texture": "#shoulder-sling-plain-linen", "uv": [ 0.0, 13.5, 16.0, 14.5 ], "autoUv": false }
									}
								}
							]
						},
						{
							"name": "Attachment_bolt",
							"from": [ 0.0, 1.0, -1.6 ],
							"to": [ 0.8, 1.8, -0.8 ],
							"rotationOrigin": [ 0.0, 1.0, -1.6 ],
							"faces": {
							},
							"attachmentpoints": [
								{
									"code": "bolt",
									"posX": "0.0","posY": "0.0","posZ": "0.0",
									"rotationX": "0.0","rotationY": "90.0","rotationZ": "0.0"
								}
							]
						}
					]
				},
				{
					"name": "Sling_origin",
					"from": [ 4.0, 5.0, 0.0 ],
					"to": [ 4.0, 5.0, 0.0 ],
					"rotationOrigin": [ 4.0, 5.0, 0.0 ],
					"faces": {
						"north": { "texture": "#shoulder-sling-plain-material", "uv": [ 0.0, 0.0, 0.5, 0.5 ] },
						"east": { "texture": "#shoulder-sling-plain-material", "uv": [ 0.0, 0.0, 0.5, 0.5 ] },
						"south": { "texture": "#shoulder-sling-plain-material", "uv": [ 0.0, 0.0, 0.5, 0.5 ] },
						"west": { "texture": "#shoulder-sling-plain-material", "uv": [ 0.0, 0.0, 0.5, 0.5 ] },
						"up": { "texture": "#shoulder-sling-plain-material", "uv": [ 0.0, 0.0, 0.5, 0.5 ] },
						"down": { "texture": "#shoulder-sling-plain-material", "uv": [ 0.0, 0.0, 0.5, 0.5 ] }
					},
					"children": [
						{
							"name": "sling_0",
							"from": [ -4.6, 0.0, -3.1 ],
							"to": [ 1.7, 0.7, -2.6 ],
							"rotationOrigin": [ -4.6, 0.0, -3.1 ],
							"faces": {
								"north": { "texture": "#shoulder-sling-plain-material", "uv": [ 0.0, 0.0, 6.0, 0.5 ] },
								"east": { "texture": "#shoulder-sling-plain-material", "uv": [ 0.0, 0.0, 0.5, 0.5 ] },
								"south": { "texture": "#shoulder-sling-plain-material", "uv": [ 0.0, 0.0, 6.0, 0.5 ] },
								"west": { "texture": "#shoulder-sling-plain-material", "uv": [ 0.0, 0.0, 0.5, 0.5 ] },
								"up": { "texture": "#shoulder-sling-plain-material", "uv": [ 0.0, 0.0, 6.0, 0.5 ] },
								"down": { "texture": "#shoulder-sling-plain-material", "uv": [ 0.0, 0.0, 6.0, 0.5 ] }
							},
							"children": [
								{
									"name": "sling_2",
									"from": [ 0.0, 0.0, 0.0 ],
									"to": [ 5.0, 0.5, 0.5 ],
									"rotationOrigin": [ 0.0, 0.0, 0.5 ],
									"rotationX": 34.0,
									"rotationZ": -104.0,
									"faces": {
										"north": { "texture": "#shoulder-sling-plain-material", "uv": [ 0.0, 0.0, 5.0, 0.5 ] },
										"east": { "texture": "#shoulder-sling-plain-material", "uv": [ 0.0, 0.0, 0.5, 0.5 ] },
										"south": { "texture": "#shoulder-sling-plain-material", "uv": [ 0.0, 0.0, 5.0, 0.5 ] },
										"west": { "texture": "#shoulder-sling-plain-material", "uv": [ 0.0, 0.0, 0.5, 0.5 ] },
										"up": { "texture": "#shoulder-sling-plain-material", "uv": [ 0.0, 0.0, 5.0, 0.5 ] },
										"down": { "texture": "#shoulder-sling-plain-material", "uv": [ 0.0, 0.0, 5.0, 0.5 ] }
									},
									"children": [
										{
											"name": "sling_4",
											"from": [ 5.0, 0.0, 0.0 ],
											"to": [ 8.5, 0.5, 0.5 ],
											"rotationOrigin": [ 5.0, 0.0, 0.5 ],
											"rotationY": 12.0,
											"rotationZ": 29.0,
											"faces": {
												"north": { "texture": "#shoulder-sling-plain-material", "uv": [ 0.0, 0.0, 3.5, 0.5 ] },
												"east": { "texture": "#shoulder-sling-plain-material", "uv": [ 0.0, 0.0, 0.5, 0.5 ] },
												"south": { "texture": "#shoulder-sling-plain-material", "uv": [ 0.0, 0.0, 3.5, 0.5 ] },
												"west": { "texture": "#shoulder-sling-plain-material", "uv": [ 0.0, 0.0, 0.5, 0.5 ] },
												"up": { "texture": "#shoulder-sling-plain-material", "uv": [ 0.0, 0.0, 3.5, 0.5 ] },
												"down": { "texture": "#shoulder-sling-plain-material", "uv": [ 0.0, 0.0, 3.5, 0.5 ] }
											}
										}
									]
								},
								{
									"name": "sling_5",
									"from": [ 6.3, 0.0, 0.0 ],
									"to": [ 15.3, 0.5, 0.6 ],
									"rotationOrigin": [ 6.3, 0.0, 0.0 ],
									"rotationY": -90.0,
									"rotationZ": -45.0,
									"faces": {
										"north": { "texture": "#shoulder-sling-plain-material", "uv": [ 0.0, 0.0, 9.0, 0.5 ] },
										"east": { "texture": "#shoulder-sling-plain-material", "uv": [ 0.0, 0.0, 0.5, 0.5 ] },
										"south": { "texture": "#shoulder-sling-plain-material", "uv": [ 0.0, 0.0, 9.0, 0.5 ] },
										"west": { "texture": "#shoulder-sling-plain-material", "uv": [ 0.0, 0.0, 0.5, 0.5 ] },
										"up": { "texture": "#shoulder-sling-plain-material", "uv": [ 0.0, 0.0, 9.0, 0.5 ] },
										"down": { "texture": "#shoulder-sling-plain-material", "uv": [ 0.0, 0.0, 9.0, 0.5 ] }
									},
									"children": [
										{
											"name": "sling_6",
											"from": [ 9.0, 0.0, 0.0 ],
											"to": [ 18.0, 0.5, 0.6 ],
											"rotationOrigin": [ 9.0, 0.0, 0.0 ],
											"rotationX": 6.0,
											"rotationY": -64.0,
											"faces": {
												"north": { "texture": "#shoulder-sling-plain-material", "uv": [ 0.0, 0.0, 9.0, 0.5 ] },
												"east": { "texture": "#shoulder-sling-plain-material", "uv": [ 0.0, 0.0, 0.5, 0.5 ] },
												"south": { "texture": "#shoulder-sling-plain-material", "uv": [ 0.0, 0.0, 9.0, 0.5 ] },
												"west": { "texture": "#shoulder-sling-plain-material", "uv": [ 0.0, 0.0, 0.5, 0.5 ] },
												"up": { "texture": "#shoulder-sling-plain-material", "uv": [ 0.0, 0.0, 9.0, 0.5 ] },
												"down": { "texture": "#shoulder-sling-plain-material", "uv": [ 0.0, 0.0, 9.0, 0.5 ] }
											}
										}
									]
								}
							]
						},
						{
							"name": "sling_1",
							"from": [ -4.6, -5.7, -8.2 ],
							"to": [ -3.3, -5.4, -7.1 ],
							"rotationOrigin": [ -4.6, -5.7, -8.2 ],
							"rotationX": 45.0,
							"faces": {
								"north": { "texture": "#shoulder-sling-plain-metal", "uv": [ 0.0, 0.0, 1.0, 0.5 ] },
								"east": { "texture": "#shoulder-sling-plain-metal", "uv": [ 0.0, 0.0, 1.0, 0.5 ] },
								"south": { "texture": "#shoulder-sling-plain-metal", "uv": [ 0.0, 0.0, 1.0, 0.5 ] },
								"west": { "texture": "#shoulder-sling-plain-metal", "uv": [ 0.0, 0.0, 1.0, 0.5 ] },
								"up": { "texture": "#shoulder-sling-plain-metal", "uv": [ 0.0, 0.0, 1.0, 1.0 ] },
								"down": { "texture": "#shoulder-sling-plain-metal", "uv": [ 0.0, 0.0, 1.0, 1.0 ] }
							}
						},
						{
							"name": "sling_3",
							"from": [ -7.1, -8.6, 5.7 ],
							"to": [ -6.1, -8.3, 6.8 ],
							"rotationOrigin": [ -7.1, -8.6, 5.7 ],
							"rotationX": 135.0,
							"faces": {
								"north": { "texture": "#shoulder-sling-plain-metal", "uv": [ 0.0, 0.0, 1.0, 0.5 ] },
								"east": { "texture": "#shoulder-sling-plain-metal", "uv": [ 0.0, 0.0, 1.0, 0.5 ] },
								"south": { "texture": "#shoulder-sling-plain-metal", "uv": [ 0.0, 0.0, 1.0, 0.5 ] },
								"west": { "texture": "#shoulder-sling-plain-metal", "uv": [ 0.0, 0.0, 1.0, 0.5 ] },
								"up": { "texture": "#shoulder-sling-plain-metal", "uv": [ 0.0, 0.0, 1.0, 1.0 ] },
								"down": { "texture": "#shoulder-sling-plain-metal", "uv": [ 0.0, 0.0, 1.0, 1.0 ] }
							}
						}
					]
				}
			]
		}
	],
	"animations": [
		{
			"name": "draw",
			"code": "draw",
			"quantityframes": 30,
			"onActivityStopped": "Rewind",
			"onAnimationEnd": "Hold",
			"keyframes": [
				{
					"frame": 0,
					"elements": {
						"String": { "offsetX": 0.0, "offsetY": 0.0, "offsetZ": 0.0 },
						"String_6": { "rotationX": 0.0, "rotationY": 0.0, "rotationZ": 0.0 },
						"String_2": { "rotationX": 0.0, "rotationY": 0.0, "rotationZ": 0.0 },
						"Bow_right_limb_20": { "rotationX": 0.0, "rotationY": 0.0, "rotationZ": 0.0 },
						"Bow_right_limb_21": { "rotationX": 0.0, "rotationY": 0.0, "rotationZ": 0.0 },
						"Bow_right_limb_22": { "rotationX": 0.0, "rotationY": 0.0, "rotationZ": 0.0 },
						"Bow_right_limb_23": { "rotationX": 0.0, "rotationY": 0.0, "rotationZ": 0.0 },
						"Bow_right_limb_24": { "rotationX": 0.0, "rotationY": 0.0, "rotationZ": 0.0 },
						"Bow_right_limb_13": { "rotationX": 0.0, "rotationY": 0.0, "rotationZ": 0.0 },
						"Bow_right_limb_14": { "rotationX": 0.0, "rotationY": 0.0, "rotationZ": 0.0 },
						"Bow_right_limb_15": { "rotationX": 0.0, "rotationY": 0.0, "rotationZ": 0.0 },
						"Bow_right_limb_16": { "rotationX": 0.0, "rotationY": 0.0, "rotationZ": 0.0 },
						"Bow_right_limb_17": { "rotationX": 0.0, "rotationY": 0.0, "rotationZ": 0.0 },
						"Lever": { "rotationX": 0.0, "rotationY": 0.0, "rotationZ": 0.0 }
					}
				},
				{
					"frame": 5,
					"elements": {
						"Lever": { "rotationX": 0.0, "rotationY": 0.0, "rotationZ": 0.0 },
						"Bow_right_limb_20": { "rotationX": 0.0, "rotationY": 0.0, "rotationZ": 0.0 },
						"Bow_right_limb_21": { "rotationX": 0.0, "rotationY": 0.0, "rotationZ": 0.0 },
						"Bow_right_limb_22": { "rotationX": 0.0, "rotationY": 0.0, "rotationZ": 0.0 },
						"Bow_right_limb_23": { "rotationX": 0.0, "rotationY": 0.0, "rotationZ": 0.0 },
						"Bow_right_limb_24": { "rotationX": 0.0, "rotationY": 0.0, "rotationZ": 0.0 },
						"Bow_right_limb_13": { "rotationX": 0.0, "rotationY": 0.0, "rotationZ": 0.0 },
						"Bow_right_limb_14": { "rotationX": 0.0, "rotationY": 0.0, "rotationZ": 0.0 },
						"Bow_right_limb_15": { "rotationX": 0.0, "rotationY": 0.0, "rotationZ": 0.0 },
						"Bow_right_limb_16": { "rotationX": 0.0, "rotationY": 0.0, "rotationZ": 0.0 },
						"Bow_right_limb_17": { "rotationX": 0.0, "rotationY": 0.0, "rotationZ": 0.0 },
						"String": { "offsetX": 0.0, "offsetY": 0.0, "offsetZ": 0.0 },
						"String_2": { "rotationX": 0.0, "rotationY": 0.0, "rotationZ": 0.0 },
						"String_6": { "rotationX": 0.0, "rotationY": 0.0, "rotationZ": 0.0 }
					}
				},
				{
					"frame": 25,
					"elements": {
						"String": { "offsetX": 0.0, "offsetY": 0.16, "offsetZ": 7.04 },
						"String_6": { "rotationX": 0.0, "rotationY": -31.0, "rotationZ": 1.0 },
						"String_2": { "rotationX": 0.0, "rotationY": 31.0, "rotationZ": 1.0 },
						"Bow_right_limb_20": { "rotationX": 0.0, "rotationY": 1.0, "rotationZ": 0.0 },
						"Bow_right_limb_21": { "rotationX": 0.0, "rotationY": -5.0, "rotationZ": 0.0 },
						"Bow_right_limb_22": { "rotationX": 0.0, "rotationY": -7.0, "rotationZ": 0.0 },
						"Bow_right_limb_23": { "rotationX": 0.0, "rotationY": -9.0, "rotationZ": 0.0 },
						"Bow_right_limb_24": { "rotationX": 0.0, "rotationY": -11.0, "rotationZ": 0.0 },
						"Bow_right_limb_13": { "rotationX": 0.0, "rotationY": -1.0, "rotationZ": 0.0 },
						"Bow_right_limb_14": { "rotationX": 0.0, "rotationY": -5.0, "rotationZ": 0.0 },
						"Bow_right_limb_15": { "rotationX": 0.0, "rotationY": -7.0, "rotationZ": 0.0 },
						"Bow_right_limb_16": { "rotationX": 0.0, "rotationY": -9.0, "rotationZ": 0.0 },
						"Bow_right_limb_17": { "rotationX": 0.0, "rotationY": -11.0, "rotationZ": 0.0 },
						"Lever": { "rotationX": 0.0, "rotationY": 0.0, "rotationZ": 0.0 }
					}
				},
				{
					"frame": 29,
					"elements": {
						"Lever": { "rotationX": -14.0, "rotationY": 0.0, "rotationZ": 0.0 },
						"String": { "offsetX": 0.0, "offsetY": -0.32, "offsetZ": 7.04 },
						"String_6": { "rotationX": 0.0, "rotationY": -31.0, "rotationZ": 4.0 },
						"String_2": { "rotationX": 0.0, "rotationY": 31.0, "rotationZ": 4.0 },
						"Bow_right_limb_20": { "rotationX": 0.0, "rotationY": 1.0, "rotationZ": 0.0 },
						"Bow_right_limb_21": { "rotationX": 0.0, "rotationY": -5.0, "rotationZ": 0.0 },
						"Bow_right_limb_22": { "rotationX": 0.0, "rotationY": -7.0, "rotationZ": 0.0 },
						"Bow_right_limb_23": { "rotationX": 0.0, "rotationY": -9.0, "rotationZ": 0.0 },
						"Bow_right_limb_24": { "rotationX": 0.0, "rotationY": -11.0, "rotationZ": 0.0 },
						"Bow_right_limb_13": { "rotationX": 0.0, "rotationY": -1.0, "rotationZ": 0.0 },
						"Bow_right_limb_14": { "rotationX": 0.0, "rotationY": -5.0, "rotationZ": 0.0 },
						"Bow_right_limb_15": { "rotationX": 0.0, "rotationY": -7.0, "rotationZ": 0.0 },
						"Bow_right_limb_16": { "rotationX": 0.0, "rotationY": -9.0, "rotationZ": 0.0 },
						"Bow_right_limb_17": { "rotationX": 0.0, "rotationY": -11.0, "rotationZ": 0.0 }
					}
				}
			]
		},

		{
			"name": "load",
			"code": "load",
			"quantityframes": 30,
			"onActivityStopped": "Rewind",
			"onAnimationEnd": "Hold",
			"keyframes": [
				{
					"frame": 0,
					"elements": {
						"Attachment_bolt": { "offsetX": -4.0, "offsetY": -12.0, "offsetZ": 12.0, "rotationX": 0.0, "rotationY": 0.0, "rotationZ": 0.0 },
						"Lever": { "rotationX": -14.0, "rotationY": 0.0, "rotationZ": 0.0 },
						"String": { "offsetX": 0.0, "offsetY": -0.32, "offsetZ": 7.04 },
						"String_6": { "rotationX": 0.0, "rotationY": -31.0, "rotationZ": 4.0 },
						"String_2": { "rotationX": 0.0, "rotationY": 31.0, "rotationZ": 4.0 },
						"Bow_right_limb_20": { "rotationX": 0.0, "rotationY": 1.0, "rotationZ": 0.0 },
						"Bow_right_limb_21": { "rotationX": 0.0, "rotationY": -5.0, "rotationZ": 0.0 },
						"Bow_right_limb_22": { "rotationX": 0.0, "rotationY": -7.0, "rotationZ": 0.0 },
						"Bow_right_limb_23": { "rotationX": 0.0, "rotationY": -9.0, "rotationZ": 0.0 },
						"Bow_right_limb_24": { "rotationX": 0.0, "rotationY": -11.0, "rotationZ": 0.0 },
						"Bow_right_limb_13": { "rotationX": 0.0, "rotationY": -1.0, "rotationZ": 0.0 },
						"Bow_right_limb_14": { "rotationX": 0.0, "rotationY": -5.0, "rotationZ": 0.0 },
						"Bow_right_limb_15": { "rotationX": 0.0, "rotationY": -7.0, "rotationZ": 0.0 },
						"Bow_right_limb_16": { "rotationX": 0.0, "rotationY": -9.0, "rotationZ": 0.0 },
						"Bow_right_limb_17": { "rotationX": 0.0, "rotationY": -11.0, "rotationZ": 0.0 }
					}
				},
				{
					"frame": 9,
					"elements": {
						"Lever": { "rotationX": -14.0, "rotationY": 0.0, "rotationZ": 0.0 },
						"Bow_right_limb_13": { "rotationX": 0.0, "rotationY": -1.0, "rotationZ": 0.0 },
						"Bow_right_limb_14": { "rotationX": 0.0, "rotationY": -5.0, "rotationZ": 0.0 },
						"Bow_right_limb_15": { "rotationX": 0.0, "rotationY": -7.0, "rotationZ": 0.0 },
						"Bow_right_limb_16": { "rotationX": 0.0, "rotationY": -9.0, "rotationZ": 0.0 },
						"Bow_right_limb_17": { "rotationX": 0.0, "rotationY": -11.0, "rotationZ": 0.0 },
						"Bow_right_limb_20": { "rotationX": 0.0, "rotationY": 1.0, "rotationZ": 0.0 },
						"Bow_right_limb_21": { "rotationX": 0.0, "rotationY": -5.0, "rotationZ": 0.0 },
						"Bow_right_limb_22": { "rotationX": 0.0, "rotationY": -7.0, "rotationZ": 0.0 },
						"Bow_right_limb_23": { "rotationX": 0.0, "rotationY": -9.0, "rotationZ": 0.0 },
						"Bow_right_limb_24": { "rotationX": 0.0, "rotationY": -11.0, "rotationZ": 0.0 },
						"String": { "offsetX": 0.0, "offsetY": -0.32, "offsetZ": 7.04 },
						"String_2": { "rotationX": 0.0, "rotationY": 31.0, "rotationZ": 4.0 },
						"String_6": { "rotationX": 0.0, "rotationY": -31.0, "rotationZ": 4.0 },
						"Attachment_bolt": { "offsetX": -4.0, "offsetY": 0.8, "offsetZ": 8.8, "rotationX": 0.0, "rotationY": 0.0, "rotationZ": 0.0 }
					}
				},
				{
					"frame": 19,
					"elements": {
						"Attachment_bolt": { "offsetX": 0.0, "offsetY": 1.6, "offsetZ": -1.6, "rotationX": 15.0, "rotationY": 0.0, "rotationZ": 0.0 }
					}
				},
				{
					"frame": 29,
					"elements": {
						"Attachment_bolt": { "offsetX": 0.0, "offsetY": 0.0, "offsetZ": 0.0, "rotationX": 0.0, "rotationY": 0.0, "rotationZ": 0.0 },
						"Lever": { "rotationX": -14.0, "rotationY": 0.0, "rotationZ": 0.0 },
						"String": { "offsetX": 0.0, "offsetY": -0.32, "offsetZ": 7.04 },
						"String_6": { "rotationX": 0.0, "rotationY": -31.0, "rotationZ": 4.0 },
						"String_2": { "rotationX": 0.0, "rotationY": 31.0, "rotationZ": 4.0 },
						"Bow_right_limb_20": { "rotationX": 0.0, "rotationY": 1.0, "rotationZ": 0.0 },
						"Bow_right_limb_21": { "rotationX": 0.0, "rotationY": -5.0, "rotationZ": 0.0 },
						"Bow_right_limb_22": { "rotationX": 0.0, "rotationY": -7.0, "rotationZ": 0.0 },
						"Bow_right_limb_23": { "rotationX": 0.0, "rotationY": -9.0, "rotationZ": 0.0 },
						"Bow_right_limb_24": { "rotationX": 0.0, "rotationY": -11.0, "rotationZ": 0.0 },
						"Bow_right_limb_13": { "rotationX": 0.0, "rotationY": -1.0, "rotationZ": 0.0 },
						"Bow_right_limb_14": { "rotationX": 0.0, "rotationY": -5.0, "rotationZ": 0.0 },
						"Bow_right_limb_15": { "rotationX": 0.0, "rotationY": -7.0, "rotationZ": 0.0 },
						"Bow_right_limb_16": { "rotationX": 0.0, "rotationY": -9.0, "rotationZ": 0.0 },
						"Bow_right_limb_17": { "rotationX": 0.0, "rotationY": -11.0, "rotationZ": 0.0 }
					}
				}
			]
		},

		{
			"name": "release",
			"code": "release",
			"quantityframes": 30,
			"onActivityStopped": "PlayTillEnd",
			"onAnimationEnd": "Hold",
			"keyframes": [
				{
					"frame": 0,
					"elements": {
						"Lever": { "rotationX": -14.0, "rotationY": 0.0, "rotationZ": 0.0 },
						"String": { "offsetX": 0.0, "offsetY": -0.32, "offsetZ": 7.04 },
						"String_6": { "rotationX": 0.0, "rotationY": -31.0, "rotationZ": 4.0 },
						"String_2": { "rotationX": 0.0, "rotationY": 31.0, "rotationZ": 4.0 },
						"Bow_right_limb_20": { "rotationX": 0.0, "rotationY": 1.0, "rotationZ": 0.0 },
						"Bow_right_limb_21": { "rotationX": 0.0, "rotationY": -5.0, "rotationZ": 0.0 },
						"Bow_right_limb_22": { "rotationX": 0.0, "rotationY": -7.0, "rotationZ": 0.0 },
						"Bow_right_limb_23": { "rotationX": 0.0, "rotationY": -9.0, "rotationZ": 0.0 },
						"Bow_right_limb_24": { "rotationX": 0.0, "rotationY": -11.0, "rotationZ": 0.0 },
						"Bow_right_limb_13": { "rotationX": 0.0, "rotationY": -1.0, "rotationZ": 0.0 },
						"Bow_right_limb_14": { "rotationX": 0.0, "rotationY": -5.0, "rotationZ": 0.0 },
						"Bow_right_limb_15": { "rotationX": 0.0, "rotationY": -7.0, "rotationZ": 0.0 },
						"Bow_right_limb_16": { "rotationX": 0.0, "rotationY": -9.0, "rotationZ": 0.0 },
						"Bow_right_limb_17": { "rotationX": 0.0, "rotationY": -11.0, "rotationZ": 0.0 },
						"Attachment_bolt": { "offsetX": 0.0, "offsetY": 0.0, "offsetZ": 0.0 }
					}
				},
				{
					"frame": 15,
					"elements": {
						"Lever": { "rotationX": -5.0, "rotationY": 0.0, "rotationZ": 0.0 },
						"Bow_right_limb_13": { "rotationX": 0.0, "rotationY": -1.0, "rotationZ": 0.0 },
						"Bow_right_limb_14": { "rotationX": 0.0, "rotationY": -5.0, "rotationZ": 0.0 },
						"Bow_right_limb_15": { "rotationX": 0.0, "rotationY": -7.0, "rotationZ": 0.0 },
						"Bow_right_limb_16": { "rotationX": 0.0, "rotationY": -9.0, "rotationZ": 0.0 },
						"Bow_right_limb_17": { "rotationX": 0.0, "rotationY": -11.0, "rotationZ": 0.0 },
						"Bow_right_limb_20": { "rotationX": 0.0, "rotationY": 1.0, "rotationZ": 0.0 },
						"Bow_right_limb_21": { "rotationX": 0.0, "rotationY": -5.0, "rotationZ": 0.0 },
						"Bow_right_limb_22": { "rotationX": 0.0, "rotationY": -7.0, "rotationZ": 0.0 },
						"Bow_right_limb_23": { "rotationX": 0.0, "rotationY": -9.0, "rotationZ": 0.0 },
						"Bow_right_limb_24": { "rotationX": 0.0, "rotationY": -11.0, "rotationZ": 0.0 },
						"String": { "offsetX": 0.0, "offsetY": 0.0, "offsetZ": 7.04 },
						"String_2": { "rotationX": 0.0, "rotationY": 31.0, "rotationZ": 2.0 },
						"String_6": { "rotationX": 0.0, "rotationY": -31.0, "rotationZ": 2.0 },
						"Attachment_bolt": { "offsetX": 0.0, "offsetY": 0.0, "offsetZ": 0.0 }
					}
				},
				{
					"frame": 20,
					"elements": {
						"String": { "offsetX": 0.0, "offsetY": 0.0, "offsetZ": 0.0 },
						"String_6": { "rotationX": 0.0, "rotationY": 0.0, "rotationZ": 0.0 },
						"String_2": { "rotationX": 0.0, "rotationY": 0.0, "rotationZ": 0.0 },
						"Bow_right_limb_20": { "rotationX": 0.0, "rotationY": 0.0, "rotationZ": 0.0 },
						"Bow_right_limb_21": { "rotationX": 0.0, "rotationY": 0.0, "rotationZ": 0.0 },
						"Bow_right_limb_22": { "rotationX": 0.0, "rotationY": 0.0, "rotationZ": 0.0 },
						"Bow_right_limb_23": { "rotationX": 0.0, "rotationY": 0.0, "rotationZ": 0.0 },
						"Bow_right_limb_24": { "rotationX": 0.0, "rotationY": 0.0, "rotationZ": 0.0 },
						"Bow_right_limb_13": { "rotationX": 0.0, "rotationY": 0.0, "rotationZ": 0.0 },
						"Bow_right_limb_14": { "rotationX": 0.0, "rotationY": 0.0, "rotationZ": 0.0 },
						"Bow_right_limb_15": { "rotationX": 0.0, "rotationY": 0.0, "rotationZ": 0.0 },
						"Bow_right_limb_16": { "rotationX": 0.0, "rotationY": 0.0, "rotationZ": 0.0 },
						"Bow_right_limb_17": { "rotationX": 0.0, "rotationY": 0.0, "rotationZ": 0.0 },
						"Lever": { "rotationX": 0.0, "rotationY": 0.0, "rotationZ": 0.0 },
						"Attachment_bolt": { "offsetX": 0.0, "offsetY": 0.0, "offsetZ": -7.04 }
					}
				},
				{
					"frame": 29,
					"elements": {
						"String": { "offsetX": 0.0, "offsetY": 0.0, "offsetZ": 0.0 },
						"String_6": { "rotationX": 0.0, "rotationY": 0.0, "rotationZ": 0.0 },
						"String_2": { "rotationX": 0.0, "rotationY": 0.0, "rotationZ": 0.0 },
						"Bow_right_limb_20": { "rotationX": 0.0, "rotationY": 0.0, "rotationZ": 0.0 },
						"Bow_right_limb_21": { "rotationX": 0.0, "rotationY": 0.0, "rotationZ": 0.0 },
						"Bow_right_limb_22": { "rotationX": 0.0, "rotationY": 0.0, "rotationZ": 0.0 },
						"Bow_right_limb_23": { "rotationX": 0.0, "rotationY": 0.0, "rotationZ": 0.0 },
						"Bow_right_limb_24": { "rotationX": 0.0, "rotationY": 0.0, "rotationZ": 0.0 },
						"Bow_right_limb_13": { "rotationX": 0.0, "rotationY": 0.0, "rotationZ": 0.0 },
						"Bow_right_limb_14": { "rotationX": 0.0, "rotationY": 0.0, "rotationZ": 0.0 },
						"Bow_right_limb_15": { "rotationX": 0.0, "rotationY": 0.0, "rotationZ": 0.0 },
						"Bow_right_limb_16": { "rotationX": 0.0, "rotationY": 0.0, "rotationZ": 0.0 },
						"Bow_right_limb_17": { "rotationX": 0.0, "rotationY": 0.0, "rotationZ": 0.0 },
						"Lever": { "rotationX": 0.0, "rotationY": 0.0, "rotationZ": 0.0 },
						"Attachment_bolt": { "offsetX": 0.0, "offsetY": 0.0, "offsetZ": -25.6 }
					}
				}
			]
		}
	]
}