{
	"editor": {
		"backDropShape": "E:/Programs/VSModelCreator/seraph-faceless",
		"collapsedPaths": "Root/Crossbow/Wheel/Cube2,Root/lever_1,Root/Bow/Bow_right_limb_19,Root/Crossbow/Wheel/Cube3,Root/Crossbow/Wheel,Root/Bow/Bow_right_limb_13,Root/Bow,Root/Stock,Root/Stock/Stock_front_1,Root/Bow/Bow_right_limb_7,Root/String,Root/Crossbow/Stock/Stock_front_1/Stock_front_11,Root/Crossbow/Plate,Root/Plate,Root/Crossbow/String,Root/Bow_holder_1,Root/Shoulder-Sling/Weapon_origin,Root/Bow_holder_4,Root/Bow_right_limb_7,Root/Bow_right_limb_1,Root/Cube12,Root/Stock/Stock_back_1,Root/Crossbow/Wheel/Cube12,Root/Bow/Bow_right_limb_19/Bow_right_limb_7,Root/Cube2,Root/Cube3,Root/Wheel,Root/Crossbow/lever_1",
		"allAngles": false,
		"entityTextureMode": false
	},
	"textureWidth": 16,
	"textureHeight": 16,
	"textureSizes": {
	},
	"textures": {
		"shoulder-sling-plain-linen": "game:block/cloth/linen/normal1",
		"shoulder-sling-plain-material": "game:block/leather/plain",
		"shoulder-sling-plain-brass": "game:block/metal/plate/brass",
		"shoulder-sling-plain-metal": "game:block/metal/plate/brass",
		"shoulder-sling-plain-weapon-metal": "game:block/metal/plate/tinbronze",
		"shoulder-sling-plain-woodbow": "game:block/wood/debarked/larch",
		"shoulder-sling-plain-weapon-wood": "game:block/wood/debarked/oak"
	},
	"elements": [
		{
			"name": "Shoulder-Sling",
			"stepParentName": "UpperTorso",
			"from": [ 0.0, 0.0, 3.1 ],
			"to": [ 0.0, 0.0, 3.1 ],
			"rotationOrigin": [ 0.0, 0.0, 3.1 ],
			"faces": {
			},
			"children": [
				{
					"name": "Weapon_origin",
					"from": [ -0.8, -1.9, 0.0 ],
					"to": [ -0.8, -1.9, 0.0 ],
					"rotationOrigin": [ -0.8, -1.9, 0.0 ],
					"rotationX": 12.0,
					"rotationY": 170.0,
					"rotationZ": -35.0,
					"faces": {
					},
					"children": [
						{
							"name": "String",
							"from": [ -0.4, 1.6, -5.04 ],
							"to": [ 0.8, 2.0, -4.64 ],
							"rotationOrigin": [ -0.4, 1.6, -4.96 ],
							"faces": {
								"north": { "texture": "#shoulder-sling-plain-linen", "uv": [ 7.0, 3.5, 9.0, 4.5 ], "autoUv": false },
								"east": { "texture": "#shoulder-sling-plain-linen", "uv": [ 0.0, 0.0, 0.5, 0.5 ], "autoUv": false },
								"south": { "texture": "#shoulder-sling-plain-linen", "uv": [ 8.0, 6.5, 10.0, 7.5 ], "autoUv": false },
								"west": { "texture": "#shoulder-sling-plain-linen", "uv": [ 0.0, 0.0, 0.5, 0.5 ], "autoUv": false },
								"up": { "texture": "#shoulder-sling-plain-linen", "uv": [ 9.5, 7.5, 11.5, 8.5 ], "autoUv": false }
							},
							"children": [
								{
									"name": "String_2",
									"from": [ 1.2, 0.0, 0.0 ],
									"to": [ 9.2, 0.4, 0.4 ],
									"rotationOrigin": [ 1.2, 0.4, 0.4 ],
									"rotationZ": -4.0,
									"faces": {
										"north": { "texture": "#shoulder-sling-plain-linen", "uv": [ 0.0, 1.5, 16.0, 2.5 ], "autoUv": false },
										"east": { "texture": "#shoulder-sling-plain-linen", "uv": [ 0.0, 0.0, 0.5, 0.5 ], "autoUv": false },
										"south": { "texture": "#shoulder-sling-plain-linen", "uv": [ 0.0, 4.0, 16.0, 5.0 ], "autoUv": false },
										"up": { "texture": "#shoulder-sling-plain-linen", "uv": [ 0.0, 7.0, 16.0, 8.0 ], "autoUv": false },
										"down": { "texture": "#shoulder-sling-plain-linen", "uv": [ 0.0, 9.5, 16.0, 10.5 ], "autoUv": false }
									}
								},
								{
									"name": "String_6",
									"from": [ 0.0, 0.0, 0.4 ],
									"to": [ 8.0, 0.4, 0.8 ],
									"rotationOrigin": [ 0.0, 0.4, 0.4 ],
									"rotationY": -180.0,
									"rotationZ": -4.0,
									"faces": {
										"north": { "texture": "#shoulder-sling-plain-linen", "uv": [ 0.0, 10.0, 16.0, 11.0 ], "autoUv": false },
										"east": { "texture": "#shoulder-sling-plain-linen", "uv": [ 0.0, 0.0, 0.5, 0.5 ], "autoUv": false },
										"south": { "texture": "#shoulder-sling-plain-linen", "uv": [ 0.0, 3.5, 16.0, 4.5 ], "autoUv": false },
										"up": { "texture": "#shoulder-sling-plain-linen", "uv": [ 0.0, 10.0, 16.0, 11.0 ], "autoUv": false },
										"down": { "texture": "#shoulder-sling-plain-linen", "uv": [ 0.0, 13.5, 16.0, 14.5 ], "autoUv": false }
									}
								}
							]
						},
						{
							"name": "Lever",
							"from": [ -0.008, -0.8, 0.0 ],
							"to": [ 0.408, 1.2, 0.8 ],
							"rotationOrigin": [ 0.0, 0.8, 0.4 ],
							"rotationX": -23.0,
							"faces": {
								"north": { "texture": "#shoulder-sling-plain-weapon-metal", "uv": [ 9.0, 2.0, 9.5, 4.5 ], "autoUv": false },
								"east": { "texture": "#shoulder-sling-plain-weapon-metal", "uv": [ 8.0, 2.0, 9.0, 4.5 ], "autoUv": false },
								"south": { "texture": "#shoulder-sling-plain-weapon-metal", "uv": [ 7.5, 2.5, 8.0, 5.0 ], "autoUv": false },
								"west": { "texture": "#shoulder-sling-plain-weapon-metal", "uv": [ 8.0, 2.0, 9.0, 4.5 ], "autoUv": false }
							},
							"children": [
								{
									"name": "lever_2",
									"from": [ 0.008, 0.0, 0.0 ],
									"to": [ 0.408, 0.4, 2.4 ],
									"rotationOrigin": [ 0.0, 0.0, 0.0 ],
									"rotationX": 15.0,
									"faces": {
										"east": { "texture": "#shoulder-sling-plain-weapon-metal", "uv": [ 7.5, 2.0, 10.5, 2.5 ], "rotation": 180, "autoUv": false },
										"west": { "texture": "#shoulder-sling-plain-weapon-metal", "uv": [ 7.5, 2.0, 10.5, 2.5 ], "autoUv": false },
										"up": { "texture": "#shoulder-sling-plain-weapon-metal", "uv": [ 7.5, 2.0, 10.5, 2.5 ], "rotation": 90, "autoUv": false },
										"down": { "texture": "#shoulder-sling-plain-weapon-metal", "uv": [ 7.5, 2.0, 10.5, 2.5 ], "rotation": 90, "autoUv": false }
									},
									"children": [
										{
											"name": "lever_3",
											"from": [ 0.008, 0.0, 2.4 ],
											"to": [ 0.392, 0.4, 5.6 ],
											"rotationOrigin": [ 0.0, 0.4, 2.4 ],
											"rotationX": 17.0,
											"faces": {
												"east": { "texture": "#shoulder-sling-plain-weapon-metal", "uv": [ 10.0, 2.0, 14.0, 2.5 ], "rotation": 180, "autoUv": false },
												"south": { "texture": "#shoulder-sling-plain-weapon-metal", "uv": [ 0.0, 0.0, 0.5, 0.5 ], "autoUv": false },
												"west": { "texture": "#shoulder-sling-plain-weapon-metal", "uv": [ 10.0, 2.0, 14.0, 2.5 ], "autoUv": false },
												"up": { "texture": "#shoulder-sling-plain-weapon-metal", "uv": [ 10.0, 2.0, 14.0, 2.5 ], "rotation": 90, "autoUv": false },
												"down": { "texture": "#shoulder-sling-plain-weapon-metal", "uv": [ 10.0, 2.0, 14.0, 2.5 ], "rotation": 90, "autoUv": false }
											}
										}
									]
								}
							]
						},
						{
							"name": "Plate",
							"from": [ 0.64, 0.4, -1.28 ],
							"to": [ 0.88, 1.68, 1.2 ],
							"rotationOrigin": [ 0.64, 0.4, -1.28 ],
							"faces": {
								"north": { "texture": "#shoulder-sling-plain-brass", "uv": [ 0.0, 0.0, 0.5, 1.5 ], "autoUv": false },
								"east": { "texture": "#shoulder-sling-plain-brass", "uv": [ 0.0, 0.0, 3.0, 1.5 ], "autoUv": false },
								"south": { "texture": "#shoulder-sling-plain-brass", "uv": [ 0.0, 0.0, 0.5, 1.5 ], "autoUv": false },
								"west": { "texture": "#shoulder-sling-plain-brass", "uv": [ 0.0, 0.0, 3.0, 1.5 ], "autoUv": false },
								"up": { "texture": "#shoulder-sling-plain-brass", "uv": [ 0.0, 0.0, 0.5, 3.0 ], "autoUv": false },
								"down": { "texture": "#shoulder-sling-plain-brass", "uv": [ 0.0, 0.0, 0.5, 3.0 ], "autoUv": false }
							},
							"children": [
								{
									"name": "Plate2",
									"from": [ -1.12, 0.0, 0.0 ],
									"to": [ -0.88, 1.28, 2.48 ],
									"rotationOrigin": [ -1.12, 0.0, 0.0 ],
									"faces": {
										"north": { "texture": "#shoulder-sling-plain-brass", "uv": [ 0.0, 0.0, 0.5, 1.5 ], "autoUv": false },
										"east": { "texture": "#shoulder-sling-plain-brass", "uv": [ 0.0, 0.0, 3.0, 1.5 ], "autoUv": false },
										"south": { "texture": "#shoulder-sling-plain-brass", "uv": [ 0.0, 0.0, 0.5, 1.5 ], "autoUv": false },
										"west": { "texture": "#shoulder-sling-plain-brass", "uv": [ 0.0, 0.0, 3.0, 1.5 ], "autoUv": false },
										"up": { "texture": "#shoulder-sling-plain-brass", "uv": [ 0.0, 0.0, 0.5, 3.0 ], "autoUv": false },
										"down": { "texture": "#shoulder-sling-plain-brass", "uv": [ 0.0, 0.0, 0.5, 3.0 ], "autoUv": false }
									}
								},
								{
									"name": "Plate3",
									"from": [ -1.2, 0.8, 1.04 ],
									"to": [ 0.32, 1.12, 1.36 ],
									"rotationOrigin": [ -1.2, 0.8, 1.04 ],
									"faces": {
										"north": { "texture": "#shoulder-sling-plain-weapon-metal", "uv": [ 0.0, 0.0, 1.5, 0.5 ], "autoUv": false },
										"east": { "texture": "#shoulder-sling-plain-weapon-metal", "uv": [ 0.0, 0.0, 0.5, 0.5 ], "autoUv": false },
										"south": { "texture": "#shoulder-sling-plain-weapon-metal", "uv": [ 0.0, 0.0, 1.5, 0.5 ], "autoUv": false },
										"west": { "texture": "#shoulder-sling-plain-weapon-metal", "uv": [ 0.0, 0.0, 0.5, 0.5 ], "autoUv": false },
										"up": { "texture": "#shoulder-sling-plain-weapon-metal", "uv": [ 0.0, 0.0, 1.5, 0.5 ], "autoUv": false },
										"down": { "texture": "#shoulder-sling-plain-weapon-metal", "uv": [ 0.0, 0.0, 1.5, 0.5 ], "autoUv": false }
									}
								},
								{
									"name": "Plate4",
									"from": [ -1.2, 0.24, 1.52 ],
									"to": [ 0.32, 0.56, 1.84 ],
									"rotationOrigin": [ -1.2, 0.24, 1.52 ],
									"faces": {
										"north": { "texture": "#shoulder-sling-plain-weapon-metal", "uv": [ 0.0, 0.0, 1.5, 0.5 ], "autoUv": false },
										"east": { "texture": "#shoulder-sling-plain-weapon-metal", "uv": [ 0.0, 0.0, 0.5, 0.5 ], "autoUv": false },
										"south": { "texture": "#shoulder-sling-plain-weapon-metal", "uv": [ 0.0, 0.0, 1.5, 0.5 ], "autoUv": false },
										"west": { "texture": "#shoulder-sling-plain-weapon-metal", "uv": [ 0.0, 0.0, 0.5, 0.5 ], "autoUv": false },
										"up": { "texture": "#shoulder-sling-plain-weapon-metal", "uv": [ 0.0, 0.0, 1.5, 0.5 ], "autoUv": false },
										"down": { "texture": "#shoulder-sling-plain-weapon-metal", "uv": [ 0.0, 0.0, 1.5, 0.5 ], "autoUv": false }
									}
								}
							]
						},
						{
							"name": "Wheel",
							"from": [ -0.16, 1.12, -0.48 ],
							"to": [ -0.16, 1.12, -0.48 ],
							"rotationOrigin": [ 0.24, 1.52, -0.08 ],
							"rotationX": -67.5,
							"faces": {
								"north": { "texture": "#shoulder-sling-plain-weapon-metal", "uv": [ 0.0, 0.0, 0.5, 0.5 ], "autoUv": false },
								"east": { "texture": "#shoulder-sling-plain-weapon-metal", "uv": [ 0.0, 0.0, 0.5, 0.5 ], "autoUv": false },
								"south": { "texture": "#shoulder-sling-plain-weapon-metal", "uv": [ 0.0, 0.0, 0.5, 0.5 ], "autoUv": false },
								"west": { "texture": "#shoulder-sling-plain-weapon-metal", "uv": [ 0.0, 0.0, 0.5, 0.5 ], "autoUv": false },
								"up": { "texture": "#shoulder-sling-plain-weapon-metal", "uv": [ 0.0, 0.0, 0.5, 0.5 ], "autoUv": false },
								"down": { "texture": "#shoulder-sling-plain-weapon-metal", "uv": [ 0.0, 0.0, 0.5, 0.5 ], "autoUv": false }
							},
							"children": [
								{
									"name": "Cube2",
									"from": [ 0.24, 0.0, 0.0 ],
									"to": [ 0.24, 0.0, 0.0 ],
									"rotationOrigin": [ 0.64, 0.4, 0.4 ],
									"faces": {
										"north": { "texture": "#shoulder-sling-plain-weapon-metal", "uv": [ 2.5, 6.5, 3.0, 7.0 ], "autoUv": false },
										"east": { "texture": "#shoulder-sling-plain-weapon-metal", "uv": [ 1.5, 4.5, 2.0, 5.0 ], "autoUv": false },
										"south": { "texture": "#shoulder-sling-plain-weapon-metal", "uv": [ 5.5, 9.5, 6.0, 10.0 ], "autoUv": false },
										"west": { "texture": "#shoulder-sling-plain-weapon-metal", "uv": [ 3.0, 10.0, 3.5, 10.5 ], "autoUv": false },
										"up": { "texture": "#shoulder-sling-plain-weapon-metal", "uv": [ 2.0, 4.5, 2.5, 5.0 ], "autoUv": false },
										"down": { "texture": "#shoulder-sling-plain-weapon-metal", "uv": [ 3.0, 9.0, 3.5, 9.5 ], "autoUv": false }
									},
									"children": [
										{
											"name": "Cube4",
											"from": [ 0.24, -0.16, 0.0 ],
											"to": [ 0.56, 0.0, 0.8 ],
											"rotationOrigin": [ 0.24, -0.16, 0.0 ],
											"faces": {
												"north": { "texture": "#shoulder-sling-plain-weapon-metal", "uv": [ 5.0, 13.0, 5.5, 13.5 ], "autoUv": false },
												"east": { "texture": "#shoulder-sling-plain-weapon-metal", "uv": [ 5.5, 7.5, 6.5, 8.0 ], "autoUv": false },
												"south": { "texture": "#shoulder-sling-plain-weapon-metal", "uv": [ 3.0, 4.5, 3.5, 5.0 ], "autoUv": false },
												"west": { "texture": "#shoulder-sling-plain-weapon-metal", "uv": [ 9.5, 6.0, 10.5, 6.5 ], "autoUv": false },
												"up": { "texture": "#shoulder-sling-plain-weapon-metal", "uv": [ 7.0, 6.5, 7.5, 7.5 ], "autoUv": false },
												"down": { "texture": "#shoulder-sling-plain-weapon-metal", "uv": [ 6.5, 6.5, 7.0, 7.5 ], "autoUv": false }
											}
										},
										{
											"name": "Cube5",
											"from": [ 0.24, 0.0, -0.16 ],
											"to": [ 0.56, 0.48, 0.96 ],
											"rotationOrigin": [ 0.24, 0.0, -0.16 ],
											"faces": {
												"north": { "texture": "#shoulder-sling-plain-weapon-metal", "uv": [ 6.5, 8.0, 7.0, 8.5 ], "autoUv": false },
												"east": { "texture": "#shoulder-sling-plain-weapon-metal", "uv": [ 7.0, 8.0, 8.0, 8.5 ], "autoUv": false },
												"south": { "texture": "#shoulder-sling-plain-weapon-metal", "uv": [ 5.0, 6.0, 5.5, 6.5 ], "autoUv": false },
												"west": { "texture": "#shoulder-sling-plain-weapon-metal", "uv": [ 3.0, 8.5, 4.0, 9.0 ], "autoUv": false },
												"up": { "texture": "#shoulder-sling-plain-weapon-metal", "uv": [ 4.0, 4.0, 4.5, 5.0 ], "autoUv": false },
												"down": { "texture": "#shoulder-sling-plain-weapon-metal", "uv": [ 5.5, 4.0, 6.0, 5.0 ], "autoUv": false }
											}
										},
										{
											"name": "Cube6",
											"from": [ 0.24, 0.48, 0.0 ],
											"to": [ 0.56, 0.96, 0.48 ],
											"rotationOrigin": [ 0.24, 0.48, 0.0 ],
											"faces": {
												"north": { "texture": "#shoulder-sling-plain-weapon-metal", "uv": [ 5.5, 6.0, 6.0, 6.5 ], "autoUv": false },
												"east": { "texture": "#shoulder-sling-plain-weapon-metal", "uv": [ 5.5, 5.0, 6.0, 5.5 ], "autoUv": false },
												"south": { "texture": "#shoulder-sling-plain-weapon-metal", "uv": [ 3.0, 6.0, 3.5, 6.5 ], "autoUv": false },
												"west": { "texture": "#shoulder-sling-plain-weapon-metal", "uv": [ 8.0, 8.5, 8.5, 9.0 ], "autoUv": false },
												"up": { "texture": "#shoulder-sling-plain-weapon-metal", "uv": [ 5.5, 7.0, 6.0, 7.5 ], "autoUv": false },
												"down": { "texture": "#shoulder-sling-plain-weapon-metal", "uv": [ 4.0, 6.5, 4.5, 7.0 ], "autoUv": false }
											}
										},
										{
											"name": "Cube7",
											"from": [ 0.24, 0.48, -0.16 ],
											"to": [ 0.56, 0.8, 0.0 ],
											"rotationOrigin": [ 0.24, 0.48, -0.16 ],
											"faces": {
												"north": { "texture": "#shoulder-sling-plain-weapon-metal", "uv": [ 8.5, 8.5, 9.0, 9.0 ], "autoUv": false },
												"east": { "texture": "#shoulder-sling-plain-weapon-metal", "uv": [ 4.0, 5.5, 4.5, 6.0 ], "autoUv": false },
												"south": { "texture": "#shoulder-sling-plain-weapon-metal", "uv": [ 7.0, 8.0, 7.5, 8.5 ], "autoUv": false },
												"west": { "texture": "#shoulder-sling-plain-weapon-metal", "uv": [ 1.5, 6.0, 2.0, 6.5 ], "autoUv": false },
												"up": { "texture": "#shoulder-sling-plain-weapon-metal", "uv": [ 4.5, 6.0, 5.0, 6.5 ], "autoUv": false },
												"down": { "texture": "#shoulder-sling-plain-weapon-metal", "uv": [ 3.0, 8.5, 3.5, 9.0 ], "autoUv": false }
											}
										}
									]
								},
								{
									"name": "Cube3",
									"from": [ 0.0, 0.0, 0.0 ],
									"to": [ 0.0, 0.0, 0.0 ],
									"rotationOrigin": [ 0.4, 0.4, 0.4 ],
									"faces": {
										"north": { "texture": "#shoulder-sling-plain-weapon-metal", "uv": [ 0.0, 0.0, 0.5, 0.5 ], "autoUv": false },
										"east": { "texture": "#shoulder-sling-plain-weapon-metal", "uv": [ 0.0, 0.0, 0.5, 0.5 ], "autoUv": false },
										"south": { "texture": "#shoulder-sling-plain-weapon-metal", "uv": [ 0.0, 0.0, 0.5, 0.5 ], "autoUv": false },
										"west": { "texture": "#shoulder-sling-plain-weapon-metal", "uv": [ 0.0, 0.0, 0.5, 0.5 ], "autoUv": false },
										"up": { "texture": "#shoulder-sling-plain-weapon-metal", "uv": [ 0.0, 0.0, 0.5, 0.5 ], "autoUv": false },
										"down": { "texture": "#shoulder-sling-plain-weapon-metal", "uv": [ 0.0, 0.0, 0.5, 0.5 ], "autoUv": false }
									},
									"children": [
										{
											"name": "Cube8",
											"from": [ 0.24, -0.16, 0.0 ],
											"to": [ 0.48, 0.0, 0.8 ],
											"rotationOrigin": [ 0.24, -0.16, 0.0 ],
											"faces": {
												"north": { "texture": "#shoulder-sling-plain-weapon-metal", "uv": [ 9.0, 5.0, 9.5, 5.5 ], "autoUv": false },
												"east": { "texture": "#shoulder-sling-plain-weapon-metal", "uv": [ 4.5, 9.5, 5.5, 10.0 ], "autoUv": false },
												"south": { "texture": "#shoulder-sling-plain-weapon-metal", "uv": [ 1.5, 6.0, 2.0, 6.5 ], "autoUv": false },
												"west": { "texture": "#shoulder-sling-plain-weapon-metal", "uv": [ 8.5, 6.0, 9.5, 6.5 ], "autoUv": false },
												"up": { "texture": "#shoulder-sling-plain-weapon-metal", "uv": [ 5.0, 8.0, 5.5, 9.0 ], "autoUv": false },
												"down": { "texture": "#shoulder-sling-plain-weapon-metal", "uv": [ 6.5, 3.0, 7.0, 4.0 ], "autoUv": false }
											}
										},
										{
											"name": "Cube9",
											"from": [ 0.24, 0.0, -0.16 ],
											"to": [ 0.48, 0.32, 0.96 ],
											"rotationOrigin": [ 0.24, 0.0, -0.16 ],
											"faces": {
												"north": { "texture": "#shoulder-sling-plain-weapon-metal", "uv": [ 7.0, 4.0, 7.5, 4.5 ], "autoUv": false },
												"east": { "texture": "#shoulder-sling-plain-weapon-metal", "uv": [ 6.0, 6.0, 7.0, 6.5 ], "autoUv": false },
												"south": { "texture": "#shoulder-sling-plain-weapon-metal", "uv": [ 4.0, 5.5, 4.5, 6.0 ], "autoUv": false },
												"west": { "texture": "#shoulder-sling-plain-weapon-metal", "uv": [ 7.0, 5.5, 8.0, 6.0 ], "autoUv": false },
												"up": { "texture": "#shoulder-sling-plain-weapon-metal", "uv": [ 6.0, 5.5, 6.5, 6.5 ], "autoUv": false },
												"down": { "texture": "#shoulder-sling-plain-weapon-metal", "uv": [ 6.0, 3.0, 6.5, 4.0 ], "autoUv": false }
											}
										}
									]
								},
								{
									"name": "Cube12",
									"from": [ -0.32, 0.0, 0.0 ],
									"to": [ -0.32, 0.0, 0.0 ],
									"rotationOrigin": [ 0.08, 0.4, 0.4 ],
									"faces": {
										"north": { "texture": "#shoulder-sling-plain-weapon-metal", "uv": [ 0.0, 0.0, 0.5, 0.5 ], "autoUv": false },
										"east": { "texture": "#shoulder-sling-plain-weapon-metal", "uv": [ 0.0, 0.0, 0.5, 0.5 ], "autoUv": false },
										"south": { "texture": "#shoulder-sling-plain-weapon-metal", "uv": [ 0.0, 0.0, 0.5, 0.5 ], "autoUv": false },
										"west": { "texture": "#shoulder-sling-plain-weapon-metal", "uv": [ 0.0, 0.0, 0.5, 0.5 ], "autoUv": false },
										"up": { "texture": "#shoulder-sling-plain-weapon-metal", "uv": [ 0.0, 0.0, 0.5, 0.5 ], "autoUv": false },
										"down": { "texture": "#shoulder-sling-plain-weapon-metal", "uv": [ 0.0, 0.0, 0.5, 0.5 ], "autoUv": false }
									},
									"children": [
										{
											"name": "Cube13",
											"from": [ 0.24, -0.16, 0.0 ],
											"to": [ 0.56, 0.0, 0.8 ],
											"rotationOrigin": [ 0.24, -0.16, 0.0 ],
											"faces": {
												"north": { "texture": "#shoulder-sling-plain-weapon-metal", "uv": [ 7.5, 3.5, 8.0, 4.0 ], "autoUv": false },
												"east": { "texture": "#shoulder-sling-plain-weapon-metal", "uv": [ 8.5, 7.0, 9.5, 7.5 ], "autoUv": false },
												"south": { "texture": "#shoulder-sling-plain-weapon-metal", "uv": [ 7.5, 5.5, 8.0, 6.0 ], "autoUv": false },
												"west": { "texture": "#shoulder-sling-plain-weapon-metal", "uv": [ 7.5, 2.0, 8.5, 2.5 ], "autoUv": false },
												"up": { "texture": "#shoulder-sling-plain-weapon-metal", "uv": [ 8.0, 9.5, 8.5, 10.5 ], "autoUv": false },
												"down": { "texture": "#shoulder-sling-plain-weapon-metal", "uv": [ 6.0, 5.0, 6.5, 6.0 ], "autoUv": false }
											}
										},
										{
											"name": "Cube14",
											"from": [ 0.24, 0.0, -0.16 ],
											"to": [ 0.56, 0.48, 0.96 ],
											"rotationOrigin": [ 0.24, 0.0, -0.16 ],
											"faces": {
												"north": { "texture": "#shoulder-sling-plain-weapon-metal", "uv": [ 6.0, 6.0, 6.5, 6.5 ], "autoUv": false },
												"east": { "texture": "#shoulder-sling-plain-weapon-metal", "uv": [ 7.0, 7.0, 8.0, 7.5 ], "autoUv": false },
												"south": { "texture": "#shoulder-sling-plain-weapon-metal", "uv": [ 5.0, 6.5, 5.5, 7.0 ], "autoUv": false },
												"west": { "texture": "#shoulder-sling-plain-weapon-metal", "uv": [ 6.0, 8.5, 7.0, 9.0 ], "autoUv": false },
												"up": { "texture": "#shoulder-sling-plain-weapon-metal", "uv": [ 5.0, 7.5, 5.5, 8.5 ], "autoUv": false },
												"down": { "texture": "#shoulder-sling-plain-weapon-metal", "uv": [ 4.5, 3.5, 5.0, 4.5 ], "autoUv": false }
											}
										},
										{
											"name": "Cube15",
											"from": [ 0.24, 0.48, 0.0 ],
											"to": [ 0.56, 0.96, 0.48 ],
											"rotationOrigin": [ 0.24, 0.48, 0.0 ],
											"faces": {
												"north": { "texture": "#shoulder-sling-plain-weapon-metal", "uv": [ 4.0, 2.5, 4.5, 3.0 ], "autoUv": false },
												"east": { "texture": "#shoulder-sling-plain-weapon-metal", "uv": [ 8.0, 10.0, 8.5, 10.5 ], "autoUv": false },
												"south": { "texture": "#shoulder-sling-plain-weapon-metal", "uv": [ 11.0, 9.0, 11.5, 9.5 ], "autoUv": false },
												"west": { "texture": "#shoulder-sling-plain-weapon-metal", "uv": [ 4.5, 2.0, 5.0, 2.5 ], "autoUv": false },
												"up": { "texture": "#shoulder-sling-plain-weapon-metal", "uv": [ 6.0, 4.5, 6.5, 5.0 ], "autoUv": false },
												"down": { "texture": "#shoulder-sling-plain-weapon-metal", "uv": [ 6.0, 4.0, 6.5, 4.5 ], "autoUv": false }
											}
										},
										{
											"name": "Cube16",
											"from": [ 0.24, 0.48, -0.16 ],
											"to": [ 0.56, 0.8, 0.0 ],
											"rotationOrigin": [ 0.24, 0.48, -0.16 ],
											"faces": {
												"north": { "texture": "#shoulder-sling-plain-weapon-metal", "uv": [ 3.5, 5.5, 4.0, 6.0 ], "autoUv": false },
												"east": { "texture": "#shoulder-sling-plain-weapon-metal", "uv": [ 8.0, 7.0, 8.5, 7.5 ], "autoUv": false },
												"south": { "texture": "#shoulder-sling-plain-weapon-metal", "uv": [ 3.5, 7.0, 4.0, 7.5 ], "autoUv": false },
												"west": { "texture": "#shoulder-sling-plain-weapon-metal", "uv": [ 2.0, 4.0, 2.5, 4.5 ], "autoUv": false },
												"up": { "texture": "#shoulder-sling-plain-weapon-metal", "uv": [ 6.5, 7.0, 7.0, 7.5 ], "autoUv": false },
												"down": { "texture": "#shoulder-sling-plain-weapon-metal", "uv": [ 6.0, 4.0, 6.5, 4.5 ], "autoUv": false }
											}
										}
									]
								}
							]
						},
						{
							"name": "Bow",
							"from": [ -6.0, -0.08, -8.4 ],
							"to": [ -6.0, -0.08, -8.4 ],
							"rotationOrigin": [ 0.4, 0.48, -8.4 ],
							"rotationX": -10.0,
							"faces": {
								"north": { "texture": "#shoulder-sling-plain-weapon-metal", "uv": [ 0.0, 0.0, 0.5, 0.5 ], "autoUv": false },
								"east": { "texture": "#shoulder-sling-plain-weapon-metal", "uv": [ 0.0, 0.0, 0.5, 0.5 ], "autoUv": false },
								"south": { "texture": "#shoulder-sling-plain-weapon-metal", "uv": [ 0.0, 0.0, 0.5, 0.5 ], "autoUv": false },
								"west": { "texture": "#shoulder-sling-plain-weapon-metal", "uv": [ 0.0, 0.0, 0.5, 0.5 ], "autoUv": false },
								"up": { "texture": "#shoulder-sling-plain-weapon-metal", "uv": [ 0.0, 0.0, 0.5, 0.5 ], "autoUv": false },
								"down": { "texture": "#shoulder-sling-plain-weapon-metal", "uv": [ 0.0, 0.0, 0.5, 0.5 ], "autoUv": false }
							},
							"children": [
								{
									"name": "Bow_right_limb_1",
									"from": [ 7.2, 0.2418, 0.0 ],
									"to": [ 8.8, 1.0418, 1.12 ],
									"rotationOrigin": [ 7.2, 0.2418, 0.0 ],
									"rotationY": -1.0,
									"faces": {
										"north": { "texture": "#shoulder-sling-plain-woodbow", "uv": [ 0.0, 0.0, 2.0, 1.0 ], "autoUv": false },
										"east": { "texture": "#shoulder-sling-plain-woodbow", "uv": [ 0.0, 0.0, 1.0, 1.0 ], "autoUv": false },
										"south": { "texture": "#shoulder-sling-plain-woodbow", "uv": [ 3.5, 3.0, 5.5, 4.0 ], "autoUv": false },
										"up": { "texture": "#shoulder-sling-plain-woodbow", "uv": [ 1.0, 7.0, 3.0, 8.5 ], "autoUv": false },
										"down": { "texture": "#shoulder-sling-plain-woodbow", "uv": [ 0.5, 13.0, 2.5, 14.5 ], "autoUv": false }
									},
									"children": [
										{
											"name": "Bow_right_limb_2",
											"from": [ 1.6, 0.008, 0.0 ],
											"to": [ 3.2, 0.792, 1.04 ],
											"rotationOrigin": [ 1.6, 0.0, 0.0 ],
											"rotationY": -10.0,
											"faces": {
												"north": { "texture": "#shoulder-sling-plain-woodbow", "uv": [ 0.0, 0.0, 2.0, 1.0 ], "autoUv": false },
												"east": { "texture": "#shoulder-sling-plain-woodbow", "uv": [ 0.0, 0.0, 1.0, 0.5 ], "autoUv": false },
												"south": { "texture": "#shoulder-sling-plain-woodbow", "uv": [ 9.0, 0.0, 11.0, 1.0 ], "autoUv": false },
												"up": { "texture": "#shoulder-sling-plain-woodbow", "uv": [ 4.0, 7.0, 6.0, 8.4 ], "autoUv": false },
												"down": { "texture": "#shoulder-sling-plain-woodbow", "uv": [ 2.0, 13.0, 4.0, 14.4 ], "autoUv": false }
											},
											"children": [
												{
													"name": "Bow_right_limb_3",
													"from": [ 1.6, 0.008, 0.0 ],
													"to": [ 3.2, 0.776, 0.96 ],
													"rotationOrigin": [ 1.6, 0.0, 0.0 ],
													"rotationY": -10.0,
													"faces": {
														"north": { "texture": "#shoulder-sling-plain-woodbow", "uv": [ 0.0, 0.0, 2.0, 1.1 ], "autoUv": false },
														"east": { "texture": "#shoulder-sling-plain-woodbow", "uv": [ 0.0, 0.0, 1.0, 0.5 ], "autoUv": false },
														"south": { "texture": "#shoulder-sling-plain-woodbow", "uv": [ 7.5, 3.0, 9.5, 4.0 ], "autoUv": false },
														"up": { "texture": "#shoulder-sling-plain-woodbow", "uv": [ 6.5, 7.0, 8.5, 8.3 ], "autoUv": false },
														"down": { "texture": "#shoulder-sling-plain-woodbow", "uv": [ 5.5, 14.0, 7.5, 15.3 ], "autoUv": false }
													},
													"children": [
														{
															"name": "Bow_right_limb_4",
															"from": [ 1.6, 0.008, 0.0 ],
															"to": [ 3.2, 0.76, 0.88 ],
															"rotationOrigin": [ 1.6, 0.0, 0.0 ],
															"rotationY": -10.0,
															"faces": {
																"north": { "texture": "#shoulder-sling-plain-woodbow", "uv": [ 0.0, 0.0, 2.0, 1.0 ], "autoUv": false },
																"east": { "texture": "#shoulder-sling-plain-woodbow", "uv": [ 0.0, 0.0, 1.0, 0.5 ], "autoUv": false },
																"south": { "texture": "#shoulder-sling-plain-woodbow", "uv": [ 3.0, 4.5, 5.0, 5.5 ], "autoUv": false },
																"up": { "texture": "#shoulder-sling-plain-woodbow", "uv": [ 5.0, 7.0, 7.0, 8.2 ], "autoUv": false },
																"down": { "texture": "#shoulder-sling-plain-woodbow", "uv": [ 8.0, 14.0, 10.0, 15.2 ], "autoUv": false }
															},
															"children": [
																{
																	"name": "Bow_right_limb_5",
																	"from": [ 1.6, 0.008, 0.0 ],
																	"to": [ 3.2, 0.744, 0.8 ],
																	"rotationOrigin": [ 1.6, 0.0, 0.0 ],
																	"rotationY": -10.0,
																	"faces": {
																		"north": { "texture": "#shoulder-sling-plain-woodbow", "uv": [ 0.0, 0.0, 2.0, 1.0 ], "autoUv": false },
																		"east": { "texture": "#shoulder-sling-plain-woodbow", "uv": [ 0.0, 0.0, 1.0, 1.0 ], "autoUv": false },
																		"south": { "texture": "#shoulder-sling-plain-woodbow", "uv": [ 11.0, 6.0, 13.0, 7.0 ], "autoUv": false },
																		"up": { "texture": "#shoulder-sling-plain-woodbow", "uv": [ 7.5, 7.0, 9.5, 8.1 ], "autoUv": false },
																		"down": { "texture": "#shoulder-sling-plain-woodbow", "uv": [ 6.5, 14.0, 8.5, 15.1 ], "autoUv": false }
																	},
																	"children": [
																		{
																			"name": "Bow_right_limb_6",
																			"from": [ 1.52, 0.16, 0.08 ],
																			"to": [ 2.88, 0.56, 0.72 ],
																			"rotationOrigin": [ 1.52, 0.16, 0.64 ],
																			"rotationY": 35.0,
																			"faces": {
																				"north": { "texture": "#shoulder-sling-plain-woodbow", "uv": [ 0.0, 0.0, 1.5, 0.5 ], "autoUv": false },
																				"east": { "texture": "#shoulder-sling-plain-woodbow", "uv": [ 0.0, 0.0, 1.0, 0.5 ], "autoUv": false },
																				"south": { "texture": "#shoulder-sling-plain-woodbow", "uv": [ 0.0, 0.0, 1.5, 0.5 ], "autoUv": false },
																				"up": { "texture": "#shoulder-sling-plain-woodbow", "uv": [ 0.0, 0.0, 1.5, 1.0 ], "autoUv": false },
																				"down": { "texture": "#shoulder-sling-plain-woodbow", "uv": [ 0.0, 0.0, 1.5, 1.0 ], "autoUv": false }
																			},
																			"children": [
																				{
																					"name": "Bow_right_limb_13",
																					"from": [ 0.56, -0.16, -0.16 ],
																					"to": [ 1.2, 0.56, 1.2 ],
																					"rotationOrigin": [ 1.2, 0.32, 0.0 ],
																					"rotationY": -10.0,
																					"faces": {
																						"north": { "texture": "#shoulder-sling-plain-linen", "uv": [ 0.0, 0.0, 1.5, 1.5 ], "autoUv": false },
																						"east": { "texture": "#shoulder-sling-plain-linen", "uv": [ 0.0, 0.0, 3.0, 1.5 ], "autoUv": false },
																						"south": { "texture": "#shoulder-sling-plain-linen", "uv": [ 0.0, 0.0, 1.5, 1.5 ], "autoUv": false },
																						"west": { "texture": "#shoulder-sling-plain-linen", "uv": [ 0.0, 0.0, 3.0, 1.5 ], "autoUv": false, "windMode": [-1,-1,-1,-1] },
																						"up": { "texture": "#shoulder-sling-plain-linen", "uv": [ 0.0, 0.0, 1.5, 3.0 ], "autoUv": false },
																						"down": { "texture": "#shoulder-sling-plain-linen", "uv": [ 0.0, 0.0, 1.5, 3.0 ], "autoUv": false }
																					}
																				}
																			]
																		}
																	]
																}
															]
														}
													]
												}
											]
										}
									]
								},
								{
									"name": "Bow_right_limb_7",
									"from": [ 5.2, 1.04, 0.0 ],
									"to": [ 6.8, 1.84, 1.12 ],
									"rotationOrigin": [ 5.2, 1.0418, 0.0 ],
									"rotationY": 1.0,
									"rotationZ": 180.0,
									"faces": {
										"north": { "texture": "#shoulder-sling-plain-woodbow", "uv": [ 0.0, 0.0, 2.0, 1.0 ], "autoUv": false },
										"east": { "texture": "#shoulder-sling-plain-woodbow", "uv": [ 0.0, 0.0, 1.0, 1.0 ], "autoUv": false },
										"south": { "texture": "#shoulder-sling-plain-woodbow", "uv": [ 3.5, 3.0, 5.5, 4.0 ], "autoUv": false },
										"up": { "texture": "#shoulder-sling-plain-woodbow", "uv": [ 8.0, 12.5, 10.0, 14.0 ], "autoUv": false },
										"down": { "texture": "#shoulder-sling-plain-woodbow", "uv": [ 4.0, 7.0, 6.0, 8.5 ], "autoUv": false }
									},
									"children": [
										{
											"name": "Bow_right_limb_8",
											"from": [ 1.6, 0.008, 0.0 ],
											"to": [ 3.2, 0.792, 1.04 ],
											"rotationOrigin": [ 1.6, 0.0, 0.0 ],
											"rotationY": -10.0,
											"faces": {
												"north": { "texture": "#shoulder-sling-plain-woodbow", "uv": [ 0.0, 0.0, 2.0, 1.0 ], "autoUv": false },
												"east": { "texture": "#shoulder-sling-plain-woodbow", "uv": [ 0.0, 0.0, 1.0, 0.5 ], "autoUv": false },
												"south": { "texture": "#shoulder-sling-plain-woodbow", "uv": [ 9.0, 0.0, 11.0, 1.0 ], "autoUv": false },
												"up": { "texture": "#shoulder-sling-plain-woodbow", "uv": [ 4.5, 12.5, 6.5, 13.9 ], "autoUv": false },
												"down": { "texture": "#shoulder-sling-plain-woodbow", "uv": [ 13.5, 7.0, 15.5, 8.4 ], "autoUv": false }
											},
											"children": [
												{
													"name": "Bow_right_limb_9",
													"from": [ 1.6, 0.008, 0.0 ],
													"to": [ 3.2, 0.776, 0.96 ],
													"rotationOrigin": [ 1.6, 0.0, 0.0 ],
													"rotationY": -10.0,
													"faces": {
														"north": { "texture": "#shoulder-sling-plain-woodbow", "uv": [ 0.0, 0.0, 2.0, 1.1 ], "autoUv": false },
														"east": { "texture": "#shoulder-sling-plain-woodbow", "uv": [ 0.0, 0.0, 1.0, 0.5 ], "autoUv": false },
														"south": { "texture": "#shoulder-sling-plain-woodbow", "uv": [ 7.5, 3.0, 9.5, 4.0 ], "autoUv": false },
														"up": { "texture": "#shoulder-sling-plain-woodbow", "uv": [ 7.0, 12.5, 9.0, 13.8 ], "autoUv": false },
														"down": { "texture": "#shoulder-sling-plain-woodbow", "uv": [ 9.5, 7.0, 11.5, 8.3 ], "autoUv": false }
													},
													"children": [
														{
															"name": "Bow_right_limb_10",
															"from": [ 1.6, 0.008, 0.0 ],
															"to": [ 3.2, 0.76, 0.88 ],
															"rotationOrigin": [ 1.6, 0.0, 0.0 ],
															"rotationY": -10.0,
															"faces": {
																"north": { "texture": "#shoulder-sling-plain-woodbow", "uv": [ 0.0, 0.0, 2.0, 1.0 ], "autoUv": false },
																"east": { "texture": "#shoulder-sling-plain-woodbow", "uv": [ 0.0, 0.0, 1.0, 0.5 ], "autoUv": false },
																"south": { "texture": "#shoulder-sling-plain-woodbow", "uv": [ 3.0, 4.5, 5.0, 5.5 ], "autoUv": false },
																"up": { "texture": "#shoulder-sling-plain-woodbow", "uv": [ 6.5, 12.5, 8.5, 13.7 ], "autoUv": false },
																"down": { "texture": "#shoulder-sling-plain-woodbow", "uv": [ 5.0, 7.0, 7.0, 8.2 ], "autoUv": false }
															},
															"children": [
																{
																	"name": "Bow_right_limb_11",
																	"from": [ 1.6, 0.008, 0.0 ],
																	"to": [ 3.2, 0.744, 0.8 ],
																	"rotationOrigin": [ 1.6, 0.0, 0.0 ],
																	"rotationY": -10.0,
																	"faces": {
																		"north": { "texture": "#shoulder-sling-plain-woodbow", "uv": [ 0.0, 0.0, 2.0, 1.0 ], "autoUv": false },
																		"east": { "texture": "#shoulder-sling-plain-woodbow", "uv": [ 0.0, 0.0, 1.0, 1.0 ], "autoUv": false },
																		"south": { "texture": "#shoulder-sling-plain-woodbow", "uv": [ 11.0, 6.0, 13.0, 7.0 ], "autoUv": false },
																		"up": { "texture": "#shoulder-sling-plain-woodbow", "uv": [ 7.5, 12.5, 9.5, 13.6 ], "autoUv": false },
																		"down": { "texture": "#shoulder-sling-plain-woodbow", "uv": [ 4.0, 7.0, 6.0, 8.1 ], "autoUv": false }
																	},
																	"children": [
																		{
																			"name": "Bow_right_limb_12",
																			"from": [ 1.52, 0.16, 0.08 ],
																			"to": [ 2.88, 0.56, 0.72 ],
																			"rotationOrigin": [ 1.52, 0.16, 0.64 ],
																			"rotationY": 35.0,
																			"faces": {
																				"north": { "texture": "#shoulder-sling-plain-woodbow", "uv": [ 0.0, 0.0, 1.5, 0.5 ], "autoUv": false },
																				"east": { "texture": "#shoulder-sling-plain-woodbow", "uv": [ 0.0, 0.0, 1.0, 0.5 ], "autoUv": false },
																				"south": { "texture": "#shoulder-sling-plain-woodbow", "uv": [ 0.0, 0.0, 1.5, 0.5 ], "autoUv": false },
																				"up": { "texture": "#shoulder-sling-plain-woodbow", "uv": [ 0.0, 0.0, 1.5, 1.0 ], "autoUv": false },
																				"down": { "texture": "#shoulder-sling-plain-woodbow", "uv": [ 0.0, 0.0, 1.5, 1.0 ], "autoUv": false }
																			},
																			"children": [
																				{
																					"name": "Bow_right_limb_14",
																					"from": [ 0.56, -0.16, -0.16 ],
																					"to": [ 1.2, 0.56, 1.2 ],
																					"rotationOrigin": [ 1.12, 0.32, 0.0 ],
																					"rotationY": -10.0,
																					"faces": {
																						"north": { "texture": "#shoulder-sling-plain-linen", "uv": [ 0.0, 0.0, 1.5, 1.5 ], "autoUv": false },
																						"east": { "texture": "#shoulder-sling-plain-linen", "uv": [ 0.0, 0.0, 3.0, 1.5 ], "autoUv": false },
																						"south": { "texture": "#shoulder-sling-plain-linen", "uv": [ 0.0, 0.0, 1.5, 1.5 ], "autoUv": false },
																						"west": { "texture": "#shoulder-sling-plain-linen", "uv": [ 0.0, 0.0, 3.0, 1.5 ], "autoUv": false },
																						"up": { "texture": "#shoulder-sling-plain-linen", "uv": [ 0.0, 0.0, 1.5, 3.0 ], "autoUv": false },
																						"down": { "texture": "#shoulder-sling-plain-linen", "uv": [ 0.0, 0.0, 1.5, 3.0 ], "autoUv": false }
																					}
																				}
																			]
																		}
																	]
																}
															]
														}
													]
												}
											]
										}
									]
								}
							]
						},
						{
							"name": "Stock",
							"from": [ -0.4, 0.0, -2.4 ],
							"to": [ -0.4, 0.0, -2.4 ],
							"rotationOrigin": [ -0.4, 0.0, -2.4 ],
							"faces": {
								"north": { "texture": "#shoulder-sling-plain-weapon-wood", "uv": [ 0.0, 0.0, 0.5, 0.5 ], "autoUv": false },
								"east": { "texture": "#shoulder-sling-plain-weapon-wood", "uv": [ 0.0, 0.0, 0.5, 0.5 ], "autoUv": false },
								"south": { "texture": "#shoulder-sling-plain-weapon-wood", "uv": [ 0.0, 0.0, 0.5, 0.5 ], "autoUv": false },
								"west": { "texture": "#shoulder-sling-plain-weapon-wood", "uv": [ 0.0, 0.0, 0.5, 0.5 ], "autoUv": false },
								"up": { "texture": "#shoulder-sling-plain-weapon-wood", "uv": [ 0.0, 0.0, 0.5, 0.5 ], "autoUv": false },
								"down": { "texture": "#shoulder-sling-plain-weapon-wood", "uv": [ 0.0, 0.0, 0.5, 0.5 ], "autoUv": false }
							},
							"children": [
								{
									"name": "Stock_front_1",
									"from": [ 0.4, 0.4, -6.4 ],
									"to": [ 0.8, 1.36, 1.6 ],
									"rotationOrigin": [ 0.4, 0.4, -6.4 ],
									"faces": {
										"north": { "texture": "#shoulder-sling-plain-weapon-wood", "uv": [ 2.5, 8.5, 3.0, 9.5 ], "autoUv": false },
										"south": { "texture": "#shoulder-sling-plain-weapon-wood", "uv": [ 0.0, 0.0, 0.5, 1.0 ], "autoUv": false },
										"up": { "texture": "#shoulder-sling-plain-weapon-wood", "uv": [ 0.0, 0.0, 10.0, 0.5 ], "rotation": 90, "autoUv": false }
									},
									"children": [
										{
											"name": "Stock_front_2",
											"from": [ -0.4, 0.0, 0.0 ],
											"to": [ 0.0, 1.2, 8.0 ],
											"rotationOrigin": [ -0.4, 0.0, 0.0 ],
											"faces": {
												"north": { "texture": "#shoulder-sling-plain-weapon-wood", "uv": [ 8.0, 5.5, 8.5, 7.0 ], "autoUv": false },
												"east": { "texture": "#shoulder-sling-plain-weapon-wood", "uv": [ 0.0, 0.0, 10.0, 1.5 ], "autoUv": false },
												"south": { "texture": "#shoulder-sling-plain-weapon-wood", "uv": [ 0.0, 0.0, 0.5, 1.5 ], "autoUv": false },
												"west": { "texture": "#shoulder-sling-plain-weapon-wood", "uv": [ 5.5, 7.0, 15.5, 8.5 ], "autoUv": false },
												"up": { "texture": "#shoulder-sling-plain-weapon-wood", "uv": [ 3.0, 7.0, 13.0, 7.5 ], "rotation": 90, "autoUv": false }
											}
										},
										{
											"name": "Stock_front_3",
											"from": [ 0.4, 0.0, 0.0 ],
											"to": [ 0.8, 1.2, 8.0 ],
											"rotationOrigin": [ 0.4, 0.0, 0.0 ],
											"faces": {
												"north": { "texture": "#shoulder-sling-plain-weapon-wood", "uv": [ 4.5, 5.0, 5.0, 6.5 ], "autoUv": false },
												"east": { "texture": "#shoulder-sling-plain-weapon-wood", "uv": [ 0.0, 7.0, 10.0, 8.5 ], "autoUv": false },
												"south": { "texture": "#shoulder-sling-plain-weapon-wood", "uv": [ 0.0, 0.0, 0.5, 1.5 ], "autoUv": false },
												"west": { "texture": "#shoulder-sling-plain-weapon-wood", "uv": [ 0.0, 0.0, 10.0, 1.5 ], "autoUv": false },
												"up": { "texture": "#shoulder-sling-plain-weapon-wood", "uv": [ 3.5, 7.0, 13.5, 7.5 ], "rotation": 90, "autoUv": false }
											}
										},
										{
											"name": "Stock_front_4",
											"from": [ -0.4, -0.8, 0.0 ],
											"to": [ 0.8, 0.0, 3.6 ],
											"rotationOrigin": [ -0.4, -0.8, 0.0 ],
											"faces": {
												"north": { "texture": "#shoulder-sling-plain-weapon-wood", "uv": [ 9.0, 4.0, 10.5, 5.0 ], "autoUv": false },
												"east": { "texture": "#shoulder-sling-plain-weapon-wood", "uv": [ 0.0, 0.0, 4.5, 1.0 ], "autoUv": false },
												"west": { "texture": "#shoulder-sling-plain-weapon-wood", "uv": [ 0.0, 0.0, 4.5, 1.0 ], "autoUv": false },
												"down": { "texture": "#shoulder-sling-plain-weapon-wood", "uv": [ 8.0, 4.5, 9.5, 9.0 ], "autoUv": false }
											}
										},
										{
											"name": "Stock_front_5",
											"from": [ -0.392, -0.8, 2.8 ],
											"to": [ 0.792, 3.2, 3.6 ],
											"rotationOrigin": [ -0.4, -0.8, 3.6 ],
											"rotationX": 83.5,
											"faces": {
												"east": { "texture": "#shoulder-sling-plain-weapon-wood", "uv": [ 0.0, 0.0, 1.0, 5.0 ], "autoUv": false },
												"south": { "texture": "#shoulder-sling-plain-weapon-wood", "uv": [ 5.5, 7.5, 10.5, 9.0 ], "rotation": 90, "autoUv": false },
												"west": { "texture": "#shoulder-sling-plain-weapon-wood", "uv": [ 0.0, 0.0, 1.0, 5.0 ], "autoUv": false }
											}
										},
										{
											"name": "Stock_front_6",
											"from": [ -0.4, -0.4, 7.2 ],
											"to": [ 0.8, 0.0, 8.8 ],
											"rotationOrigin": [ -0.4, -0.4, 7.2 ],
											"faces": {
												"north": { "texture": "#shoulder-sling-plain-weapon-wood", "uv": [ 13.0, 2.0, 14.5, 2.5 ], "autoUv": false },
												"east": { "texture": "#shoulder-sling-plain-weapon-wood", "uv": [ 8.0, 9.0, 10.0, 9.5 ], "autoUv": false },
												"south": { "texture": "#shoulder-sling-plain-weapon-wood", "uv": [ 0.0, 0.0, 1.5, 0.5 ], "autoUv": false },
												"west": { "texture": "#shoulder-sling-plain-weapon-wood", "uv": [ 9.0, 5.5, 11.0, 6.0 ], "autoUv": false },
												"up": { "texture": "#shoulder-sling-plain-weapon-wood", "uv": [ 1.5, 5.0, 3.0, 7.0 ], "autoUv": false },
												"down": { "texture": "#shoulder-sling-plain-weapon-wood", "uv": [ 5.5, 6.5, 7.0, 8.5 ], "autoUv": false }
											},
											"children": [
												{
													"name": "Stock_front_8",
													"from": [ 0.0, 0.0, 1.6 ],
													"to": [ 0.4, 0.4, 2.8 ],
													"rotationOrigin": [ 0.0, 0.0, 1.6 ],
													"faces": {
														"north": { "texture": "#shoulder-sling-plain-weapon-wood", "uv": [ 8.0, 5.5, 8.5, 6.0 ], "autoUv": false },
														"east": { "texture": "#shoulder-sling-plain-weapon-wood", "uv": [ 0.0, 0.0, 1.5, 0.5 ], "autoUv": false },
														"south": { "texture": "#shoulder-sling-plain-weapon-wood", "uv": [ 0.0, 0.0, 0.5, 0.5 ], "autoUv": false },
														"west": { "texture": "#shoulder-sling-plain-weapon-wood", "uv": [ 8.0, 3.5, 9.5, 4.0 ], "autoUv": false },
														"up": { "texture": "#shoulder-sling-plain-weapon-wood", "uv": [ 6.0, 1.5, 6.5, 3.0 ], "autoUv": false },
														"down": { "texture": "#shoulder-sling-plain-weapon-wood", "uv": [ 11.5, 3.0, 12.0, 4.5 ], "autoUv": false }
													}
												},
												{
													"name": "Stock_front_9",
													"from": [ 0.0, 0.0, 2.8 ],
													"to": [ 1.2, 0.4, 3.2 ],
													"rotationOrigin": [ 0.0, 0.0, 2.8 ],
													"faces": {
														"north": { "texture": "#shoulder-sling-plain-weapon-wood", "uv": [ 8.0, 5.5, 9.5, 6.0 ], "autoUv": false },
														"east": { "texture": "#shoulder-sling-plain-weapon-wood", "uv": [ 0.0, 0.0, 0.5, 0.5 ], "autoUv": false },
														"south": { "texture": "#shoulder-sling-plain-weapon-wood", "uv": [ 13.0, 4.5, 14.5, 5.0 ], "autoUv": false },
														"west": { "texture": "#shoulder-sling-plain-weapon-wood", "uv": [ 0.0, 0.0, 0.5, 0.5 ], "autoUv": false },
														"down": { "texture": "#shoulder-sling-plain-weapon-wood", "uv": [ 12.5, 2.0, 14.0, 2.5 ], "autoUv": false }
													}
												},
												{
													"name": "Stock_front_10",
													"from": [ 0.0, 0.0, 1.6 ],
													"to": [ 0.4, 0.4, 2.8 ],
													"rotationOrigin": [ 0.0, 0.0, 1.6 ],
													"faces": {
														"north": { "texture": "#shoulder-sling-plain-weapon-wood", "uv": [ 8.0, 5.5, 8.5, 6.0 ], "autoUv": false },
														"east": { "texture": "#shoulder-sling-plain-weapon-wood", "uv": [ 0.0, 0.0, 1.5, 0.5 ], "autoUv": false },
														"south": { "texture": "#shoulder-sling-plain-weapon-wood", "uv": [ 0.0, 0.0, 0.5, 0.5 ], "autoUv": false },
														"west": { "texture": "#shoulder-sling-plain-weapon-wood", "uv": [ 0.0, 0.0, 1.5, 0.5 ], "autoUv": false },
														"up": { "texture": "#shoulder-sling-plain-weapon-wood", "uv": [ 6.0, 1.5, 6.5, 3.0 ], "autoUv": false },
														"down": { "texture": "#shoulder-sling-plain-weapon-wood", "uv": [ 4.0, 1.5, 4.5, 3.0 ], "autoUv": false }
													}
												},
												{
													"name": "Stock_front_11",
													"from": [ 0.8, 0.0, 1.6 ],
													"to": [ 1.2, 0.4, 2.8 ],
													"rotationOrigin": [ 0.8, 0.0, 1.6 ],
													"faces": {
														"north": { "texture": "#shoulder-sling-plain-weapon-wood", "uv": [ 8.0, 5.5, 8.5, 6.0 ], "autoUv": false },
														"east": { "texture": "#shoulder-sling-plain-weapon-wood", "uv": [ 13.0, 3.5, 14.5, 4.0 ], "autoUv": false },
														"south": { "texture": "#shoulder-sling-plain-weapon-wood", "uv": [ 0.0, 0.0, 0.5, 0.5 ], "autoUv": false },
														"west": { "texture": "#shoulder-sling-plain-weapon-wood", "uv": [ 0.5, 6.0, 2.0, 6.5 ], "autoUv": false },
														"up": { "texture": "#shoulder-sling-plain-weapon-wood", "uv": [ 6.0, 1.5, 6.5, 3.0 ], "autoUv": false },
														"down": { "texture": "#shoulder-sling-plain-weapon-wood", "uv": [ 9.5, 2.5, 10.0, 4.0 ], "autoUv": false }
													}
												}
											]
										},
										{
											"name": "Stock_front_7",
											"from": [ -0.4, 0.0, 9.36 ],
											"to": [ 0.8, 1.2, 10.4 ],
											"rotationOrigin": [ -0.4, 0.0, 9.36 ],
											"faces": {
												"north": { "texture": "#shoulder-sling-plain-weapon-wood", "uv": [ 8.0, 5.5, 9.5, 7.0 ], "autoUv": false, "windMode": [-1,-1,-1,-1] },
												"east": { "texture": "#shoulder-sling-plain-weapon-wood", "uv": [ 0.0, 0.0, 1.0, 1.5 ], "autoUv": false },
												"south": { "texture": "#shoulder-sling-plain-weapon-wood", "uv": [ 0.0, 0.0, 1.5, 1.5 ], "autoUv": false },
												"west": { "texture": "#shoulder-sling-plain-weapon-wood", "uv": [ 0.0, 0.0, 1.0, 1.5 ], "autoUv": false },
												"up": { "texture": "#shoulder-sling-plain-weapon-wood", "uv": [ 6.5, 6.7, 8.0, 8.0 ], "autoUv": false },
												"down": { "texture": "#shoulder-sling-plain-weapon-wood", "uv": [ 4.0, 1.5, 5.5, 2.5 ], "autoUv": false }
											}
										}
									]
								},
								{
									"name": "Stock_back_1",
									"from": [ 0.008, 0.8, 4.0 ],
									"to": [ 1.192, 1.6, 13.6 ],
									"rotationOrigin": [ 0.0, 1.6, 4.0 ],
									"rotationX": 7.0,
									"faces": {
										"east": { "texture": "#shoulder-sling-plain-weapon-wood", "uv": [ 1.0, 7.0, 13.0, 8.0 ], "autoUv": false },
										"south": { "texture": "#shoulder-sling-plain-weapon-wood", "uv": [ 5.0, 2.0, 6.5, 3.0 ], "autoUv": false, "windMode": [-1,-1,-1,-1] },
										"west": { "texture": "#shoulder-sling-plain-weapon-wood", "uv": [ 3.5, 7.0, 15.5, 8.0 ], "autoUv": false },
										"up": { "texture": "#shoulder-sling-plain-weapon-wood", "uv": [ 4.0, 7.0, 16.0, 8.5 ], "rotation": 90, "autoUv": false }
									},
									"children": [
										{
											"name": "Stock_back_2",
											"from": [ 0.008, 0.0, 0.0 ],
											"to": [ 1.176, 0.8, 9.6 ],
											"rotationOrigin": [ -0.016, 0.0, 9.6 ],
											"rotationX": -4.7,
											"faces": {
												"east": { "texture": "#shoulder-sling-plain-weapon-wood", "uv": [ 1.5, 5.5, 13.5, 6.5 ], "autoUv": false },
												"west": { "texture": "#shoulder-sling-plain-weapon-wood", "uv": [ 0.5, 6.0, 12.5, 7.0 ], "autoUv": false },
												"down": { "texture": "#shoulder-sling-plain-weapon-wood", "uv": [ 1.0, 5.5, 13.0, 7.0 ], "rotation": 90, "autoUv": false }
											}
										}
									]
								},
								{
									"name": "Stirrup",
									"from": [ 1.6, 0.137, -6.104 ],
									"to": [ 1.6, 0.137, -6.104 ],
									"rotationOrigin": [ 1.6, 0.137, -6.102 ],
									"rotationX": -10.0,
									"faces": {
										"north": { "texture": "#shoulder-sling-plain-weapon-metal", "uv": [ 0.0, 0.0, 0.5, 0.5 ], "autoUv": false },
										"east": { "texture": "#shoulder-sling-plain-weapon-metal", "uv": [ 0.0, 0.0, 0.5, 0.5 ], "autoUv": false },
										"south": { "texture": "#shoulder-sling-plain-weapon-metal", "uv": [ 0.0, 0.0, 0.5, 0.5 ], "autoUv": false },
										"west": { "texture": "#shoulder-sling-plain-weapon-metal", "uv": [ 0.0, 0.0, 0.5, 0.5 ], "autoUv": false },
										"up": { "texture": "#shoulder-sling-plain-weapon-metal", "uv": [ 0.0, 0.0, 0.5, 0.5 ], "autoUv": false },
										"down": { "texture": "#shoulder-sling-plain-weapon-metal", "uv": [ 0.0, 0.0, 0.5, 0.5 ], "autoUv": false }
									},
									"children": [
										{
											"name": "Bow_holder_7",
											"from": [ 0.0, 0.0, -1.12 ],
											"to": [ 0.4, 0.8, 0.08 ],
											"rotationOrigin": [ 0.0, 0.0, 0.08 ],
											"rotationY": -40.0,
											"faces": {
												"east": { "texture": "#shoulder-sling-plain-weapon-metal", "uv": [ 0.0, 0.0, 1.5, 1.0 ], "autoUv": false },
												"west": { "texture": "#shoulder-sling-plain-weapon-metal", "uv": [ 0.0, 0.0, 1.5, 1.0 ], "autoUv": false },
												"up": { "texture": "#shoulder-sling-plain-weapon-metal", "uv": [ 0.0, 0.0, 0.5, 1.5 ], "autoUv": false },
												"down": { "texture": "#shoulder-sling-plain-weapon-metal", "uv": [ 0.0, 0.0, 0.5, 1.5 ], "autoUv": false }
											},
											"children": [
												{
													"name": "Bow_holder_11",
													"from": [ 0.0, 0.0, -1.2 ],
													"to": [ 0.4, 0.8, 0.0 ],
													"rotationOrigin": [ 0.4, 0.0, 0.0 ],
													"rotationY": 30.0,
													"faces": {
														"east": { "texture": "#shoulder-sling-plain-weapon-metal", "uv": [ 7.5, 4.0, 9.0, 5.0 ], "autoUv": false },
														"west": { "texture": "#shoulder-sling-plain-weapon-metal", "uv": [ 0.0, 0.0, 1.5, 1.0 ], "autoUv": false },
														"up": { "texture": "#shoulder-sling-plain-weapon-metal", "uv": [ 0.0, 0.0, 0.5, 1.5 ], "autoUv": false },
														"down": { "texture": "#shoulder-sling-plain-weapon-metal", "uv": [ 0.0, 0.0, 0.5, 1.5 ], "autoUv": false }
													},
													"children": [
														{
															"name": "Bow_holder_12",
															"from": [ 0.0, 0.0, -1.2 ],
															"to": [ 0.4, 0.8, 0.0 ],
															"rotationOrigin": [ 0.4, 0.0, 0.0 ],
															"rotationY": 40.0,
															"faces": {
																"east": { "texture": "#shoulder-sling-plain-weapon-metal", "uv": [ 9.5, 6.5, 11.0, 7.5 ], "autoUv": false },
																"west": { "texture": "#shoulder-sling-plain-weapon-metal", "uv": [ 0.0, 0.0, 1.5, 1.0 ], "autoUv": false },
																"up": { "texture": "#shoulder-sling-plain-weapon-metal", "uv": [ 0.0, 0.0, 0.5, 1.5 ], "autoUv": false },
																"down": { "texture": "#shoulder-sling-plain-weapon-metal", "uv": [ 0.0, 0.0, 0.5, 1.5 ], "autoUv": false }
															},
															"children": [
																{
																	"name": "Bow_holder_16",
																	"from": [ 0.0, 0.0, -1.2 ],
																	"to": [ 0.4, 0.8, 0.0 ],
																	"rotationOrigin": [ 0.4, 0.0, 0.0 ],
																	"rotationY": 40.0,
																	"faces": {
																		"east": { "texture": "#shoulder-sling-plain-weapon-metal", "uv": [ 10.0, 6.0, 11.5, 7.0 ], "autoUv": false },
																		"west": { "texture": "#shoulder-sling-plain-weapon-metal", "uv": [ 7.5, 5.5, 9.0, 6.5 ], "autoUv": false },
																		"up": { "texture": "#shoulder-sling-plain-weapon-metal", "uv": [ 0.0, 0.0, 0.5, 1.5 ], "autoUv": false },
																		"down": { "texture": "#shoulder-sling-plain-weapon-metal", "uv": [ 0.0, 0.0, 0.5, 1.5 ], "autoUv": false }
																	}
																}
															]
														}
													]
												}
											]
										},
										{
											"name": "Bow_holder_8",
											"from": [ -2.4, 0.0, -1.12 ],
											"to": [ -2.0, 0.8, 0.08 ],
											"rotationOrigin": [ -2.0, 0.0, 0.08 ],
											"rotationY": 40.0,
											"faces": {
												"east": { "texture": "#shoulder-sling-plain-weapon-metal", "uv": [ 0.0, 0.0, 1.5, 1.0 ], "autoUv": false },
												"west": { "texture": "#shoulder-sling-plain-weapon-metal", "uv": [ 10.5, 6.0, 12.0, 7.0 ], "autoUv": false },
												"up": { "texture": "#shoulder-sling-plain-weapon-metal", "uv": [ 0.0, 0.0, 0.5, 1.5 ], "autoUv": false },
												"down": { "texture": "#shoulder-sling-plain-weapon-metal", "uv": [ 0.0, 0.0, 0.5, 1.5 ], "autoUv": false }
											},
											"children": [
												{
													"name": "Bow_holder_13",
													"from": [ 0.0, 0.0, -1.2 ],
													"to": [ 0.4, 0.8, 0.0 ],
													"rotationOrigin": [ 0.0, 0.0, 0.0 ],
													"rotationY": -30.0,
													"faces": {
														"east": { "texture": "#shoulder-sling-plain-weapon-metal", "uv": [ 0.0, 0.0, 1.5, 1.0 ], "autoUv": false },
														"west": { "texture": "#shoulder-sling-plain-weapon-metal", "uv": [ 7.5, 5.5, 9.0, 6.5 ], "autoUv": false },
														"up": { "texture": "#shoulder-sling-plain-weapon-metal", "uv": [ 0.0, 0.0, 0.5, 1.5 ], "autoUv": false },
														"down": { "texture": "#shoulder-sling-plain-weapon-metal", "uv": [ 0.0, 0.0, 0.5, 1.5 ], "autoUv": false }
													},
													"children": [
														{
															"name": "Bow_holder_14",
															"from": [ 0.0, 0.0, -1.2 ],
															"to": [ 0.4, 0.8, 0.0 ],
															"rotationOrigin": [ 0.0, 0.0, 0.0 ],
															"rotationY": -40.0,
															"faces": {
																"east": { "texture": "#shoulder-sling-plain-weapon-metal", "uv": [ 0.0, 0.0, 1.5, 1.0 ], "autoUv": false },
																"west": { "texture": "#shoulder-sling-plain-weapon-metal", "uv": [ 13.0, 3.5, 14.5, 4.5 ], "autoUv": false },
																"up": { "texture": "#shoulder-sling-plain-weapon-metal", "uv": [ 0.0, 0.0, 0.5, 1.5 ], "autoUv": false },
																"down": { "texture": "#shoulder-sling-plain-weapon-metal", "uv": [ 0.0, 0.0, 0.5, 1.5 ], "autoUv": false }
															},
															"children": [
																{
																	"name": "Bow_holder_15",
																	"from": [ 0.0, 0.0, -1.2 ],
																	"to": [ 0.4, 0.8, 0.0 ],
																	"rotationOrigin": [ 0.0, 0.0, 0.0 ],
																	"rotationY": -40.0,
																	"faces": {
																		"east": { "texture": "#shoulder-sling-plain-weapon-metal", "uv": [ 11.5, 8.0, 13.0, 9.0 ], "autoUv": false },
																		"west": { "texture": "#shoulder-sling-plain-weapon-metal", "uv": [ 9.5, 4.0, 11.0, 5.0 ], "autoUv": false },
																		"up": { "texture": "#shoulder-sling-plain-weapon-metal", "uv": [ 0.0, 0.0, 0.5, 1.5 ], "autoUv": false },
																		"down": { "texture": "#shoulder-sling-plain-weapon-metal", "uv": [ 0.0, 0.0, 0.5, 1.5 ], "autoUv": false }
																	}
																}
															]
														}
													]
												}
											]
										},
										{
											"name": "Bow_holder_9",
											"from": [ -1.6, 0.0, -3.208 ],
											"to": [ -0.4, 0.8, -2.776 ],
											"rotationOrigin": [ -1.6, 0.0, -3.2 ],
											"faces": {
												"north": { "texture": "#shoulder-sling-plain-weapon-metal", "uv": [ 10.0, 7.5, 11.5, 8.5 ], "autoUv": false },
												"south": { "texture": "#shoulder-sling-plain-weapon-metal", "uv": [ 12.0, 5.5, 13.5, 6.5 ], "autoUv": false },
												"up": { "texture": "#shoulder-sling-plain-weapon-metal", "uv": [ 0.0, 0.0, 1.5, 0.5 ], "autoUv": false },
												"down": { "texture": "#shoulder-sling-plain-weapon-metal", "uv": [ 0.0, 0.0, 1.5, 0.5 ], "autoUv": false }
											}
										},
										{
											"name": "Bow_holder_10",
											"from": [ -2.4, 0.0, 0.08 ],
											"to": [ 0.4, 0.8, 0.32 ],
											"rotationOrigin": [ -2.4, 0.0, 0.48 ],
											"faces": {
												"north": { "texture": "#shoulder-sling-plain-weapon-metal", "uv": [ 0.0, 0.0, 4.5, 1.0 ], "autoUv": false },
												"east": { "texture": "#shoulder-sling-plain-weapon-metal", "uv": [ 0.0, 0.0, 0.5, 1.0 ], "autoUv": false },
												"south": { "texture": "#shoulder-sling-plain-weapon-metal", "uv": [ 0.0, 0.0, 4.5, 1.0 ], "autoUv": false },
												"west": { "texture": "#shoulder-sling-plain-weapon-metal", "uv": [ 0.0, 0.0, 0.5, 1.0 ], "autoUv": false },
												"up": { "texture": "#shoulder-sling-plain-weapon-metal", "uv": [ 0.0, 0.0, 4.5, 0.5 ], "autoUv": false },
												"down": { "texture": "#shoulder-sling-plain-weapon-metal", "uv": [ 0.0, 0.0, 4.5, 0.5 ], "autoUv": false }
											}
										}
									]
								},
								{
									"name": "Bow_holder",
									"from": [ 0.56, 0.64, -6.4 ],
									"to": [ 0.56, 0.64, -6.4 ],
									"rotationOrigin": [ 0.56, 0.64, -6.4 ],
									"faces": {
										"north": { "texture": "#shoulder-sling-plain-linen", "uv": [ 0.0, 0.0, 0.5, 0.5 ], "autoUv": false },
										"east": { "texture": "#shoulder-sling-plain-linen", "uv": [ 0.0, 0.0, 0.5, 0.5 ], "autoUv": false },
										"south": { "texture": "#shoulder-sling-plain-linen", "uv": [ 0.0, 0.0, 0.5, 0.5 ], "autoUv": false },
										"west": { "texture": "#shoulder-sling-plain-linen", "uv": [ 0.0, 0.0, 0.5, 0.5 ], "autoUv": false },
										"up": { "texture": "#shoulder-sling-plain-linen", "uv": [ 0.0, 0.0, 0.5, 0.5 ], "autoUv": false },
										"down": { "texture": "#shoulder-sling-plain-linen", "uv": [ 0.0, 0.0, 0.5, 0.5 ], "autoUv": false }
									},
									"children": [
										{
											"name": "Bow_holder_1",
											"from": [ 0.64, -0.8, 0.0 ],
											"to": [ 1.2, 0.8, 1.76 ],
											"rotationOrigin": [ 0.64, -0.32, 0.32 ],
											"faces": {
												"north": { "texture": "#shoulder-sling-plain-linen", "uv": [ 0.0, 0.0, 1.0, 3.0 ], "autoUv": false },
												"east": { "texture": "#shoulder-sling-plain-linen", "uv": [ 0.0, 0.0, 3.0, 3.0 ], "autoUv": false },
												"south": { "texture": "#shoulder-sling-plain-linen", "uv": [ 0.0, 0.0, 1.0, 3.0 ], "autoUv": false },
												"up": { "texture": "#shoulder-sling-plain-linen", "uv": [ 0.0, 0.0, 1.0, 3.0 ], "autoUv": false },
												"down": { "texture": "#shoulder-sling-plain-linen", "uv": [ 0.0, 0.0, 1.0, 3.0 ], "autoUv": false }
											},
											"children": [
												{
													"name": "Bow_holder_2",
													"from": [ 0.0, 0.16, 1.36 ],
													"to": [ 0.32, 1.36, 3.2 ],
													"rotationOrigin": [ 0.0, 0.16, 1.36 ],
													"faces": {
														"east": { "texture": "#shoulder-sling-plain-linen", "uv": [ 0.0, 0.0, 3.0, 2.0 ], "autoUv": false },
														"south": { "texture": "#shoulder-sling-plain-linen", "uv": [ 0.0, 0.0, 0.5, 2.0 ], "autoUv": false },
														"up": { "texture": "#shoulder-sling-plain-linen", "uv": [ 0.0, 0.0, 0.5, 3.0 ], "autoUv": false },
														"down": { "texture": "#shoulder-sling-plain-linen", "uv": [ 0.0, 0.0, 0.5, 3.0 ], "autoUv": false }
													}
												}
											]
										},
										{
											"name": "Bow_holder_4",
											"from": [ -1.12, -0.8, 0.0 ],
											"to": [ -0.56, 0.8, 1.76 ],
											"rotationOrigin": [ -1.12, -0.32, 0.32 ],
											"faces": {
												"north": { "texture": "#shoulder-sling-plain-linen", "uv": [ 0.0, 0.0, 1.0, 3.0 ], "autoUv": false },
												"south": { "texture": "#shoulder-sling-plain-linen", "uv": [ 0.0, 0.0, 1.0, 3.0 ], "autoUv": false },
												"west": { "texture": "#shoulder-sling-plain-linen", "uv": [ 0.0, 0.0, 3.0, 3.0 ], "autoUv": false },
												"up": { "texture": "#shoulder-sling-plain-linen", "uv": [ 0.0, 0.0, 1.0, 3.0 ], "autoUv": false },
												"down": { "texture": "#shoulder-sling-plain-linen", "uv": [ 0.0, 0.0, 1.0, 3.0 ], "autoUv": false }
											},
											"children": [
												{
													"name": "Bow_holder_5",
													"from": [ 0.24, 0.16, 1.36 ],
													"to": [ 0.56, 1.36, 3.2 ],
													"rotationOrigin": [ 0.24, 0.16, 1.36 ],
													"faces": {
														"north": { "texture": "#shoulder-sling-plain-linen", "uv": [ 0.0, 0.0, 0.5, 1.5 ], "autoUv": false },
														"south": { "texture": "#shoulder-sling-plain-linen", "uv": [ 0.0, 0.0, 1.0, 2.0 ], "autoUv": false },
														"west": { "texture": "#shoulder-sling-plain-linen", "uv": [ 0.0, 0.0, 3.0, 2.0 ], "autoUv": false },
														"up": { "texture": "#shoulder-sling-plain-linen", "uv": [ 0.0, 0.0, 0.5, 3.0 ], "autoUv": false },
														"down": { "texture": "#shoulder-sling-plain-linen", "uv": [ 0.0, 0.0, 0.5, 3.0 ], "autoUv": false }
													}
												}
											]
										},
										{
											"name": "Bow_holder2",
											"from": [ -1.12, -0.56, -0.32 ],
											"to": [ 1.2, 0.56, 0.0 ],
											"rotationOrigin": [ -1.2, -0.16, -4.0E-4 ],
											"faces": {
												"north": { "texture": "#shoulder-sling-plain-linen", "uv": [ 0.0, 0.0, 4.5, 2.0 ], "autoUv": false },
												"east": { "texture": "#shoulder-sling-plain-linen", "uv": [ 0.0, 0.0, 0.5, 2.0 ], "autoUv": false },
												"west": { "texture": "#shoulder-sling-plain-linen", "uv": [ 0.0, 0.0, 0.5, 2.0 ], "autoUv": false },
												"up": { "texture": "#shoulder-sling-plain-linen", "uv": [ 0.0, 0.0, 4.5, 0.5 ], "autoUv": false },
												"down": { "texture": "#shoulder-sling-plain-linen", "uv": [ 0.0, 0.0, 4.5, 0.5 ], "autoUv": false }
											}
										}
									]
								}
							]
						},
						{
							"name": "Attachment_bolt",
							"from": [ 0.2, 1.8, -0.8 ],
							"to": [ 0.2, 1.8, -0.8 ],
							"rotationOrigin": [ 0.2, 1.8, -0.8 ],
							"faces": {
								"north": { "texture": "#shoulder-sling-plain-weapon-metal", "uv": [ 0.0, 0.0, 0.5, 0.5 ], "autoUv": false },
								"east": { "texture": "#shoulder-sling-plain-weapon-metal", "uv": [ 0.0, 0.0, 0.5, 0.5 ], "autoUv": false },
								"south": { "texture": "#shoulder-sling-plain-weapon-metal", "uv": [ 0.0, 0.0, 0.5, 0.5 ], "autoUv": false },
								"west": { "texture": "#shoulder-sling-plain-weapon-metal", "uv": [ 0.0, 0.0, 0.5, 0.5 ], "autoUv": false },
								"up": { "texture": "#shoulder-sling-plain-weapon-metal", "uv": [ 0.0, 0.0, 0.5, 0.5 ], "autoUv": false },
								"down": { "texture": "#shoulder-sling-plain-weapon-metal", "uv": [ 0.0, 0.0, 0.5, 0.5 ], "autoUv": false }
							},
							"attachmentpoints": [
								{
									"code": "bolt",
									"posX": "0.0","posY": "0.0","posZ": "0.0",
									"rotationX": "0.0","rotationY": "90.0","rotationZ": "0.0"
								}
							]
						}
					]
				},
				{
					"name": "Sling_origin",
					"from": [ 4.0, 5.0, 0.0 ],
					"to": [ 4.0, 5.0, 0.0 ],
					"rotationOrigin": [ 4.0, 5.0, 0.0 ],
					"faces": {
						"north": { "texture": "#shoulder-sling-plain-material", "uv": [ 0.0, 0.0, 0.5, 0.5 ] },
						"east": { "texture": "#shoulder-sling-plain-material", "uv": [ 0.0, 0.0, 0.5, 0.5 ] },
						"south": { "texture": "#shoulder-sling-plain-material", "uv": [ 0.0, 0.0, 0.5, 0.5 ] },
						"west": { "texture": "#shoulder-sling-plain-material", "uv": [ 0.0, 0.0, 0.5, 0.5 ] },
						"up": { "texture": "#shoulder-sling-plain-material", "uv": [ 0.0, 0.0, 0.5, 0.5 ] },
						"down": { "texture": "#shoulder-sling-plain-material", "uv": [ 0.0, 0.0, 0.5, 0.5 ] }
					},
					"children": [
						{
							"name": "sling_0",
							"from": [ -4.6, 0.0, -3.1 ],
							"to": [ 1.7, 0.7, -2.6 ],
							"rotationOrigin": [ -4.6, 0.0, -3.1 ],
							"faces": {
								"north": { "texture": "#shoulder-sling-plain-material", "uv": [ 0.0, 0.0, 6.0, 0.5 ] },
								"east": { "texture": "#shoulder-sling-plain-material", "uv": [ 0.0, 0.0, 0.5, 0.5 ] },
								"south": { "texture": "#shoulder-sling-plain-material", "uv": [ 0.0, 0.0, 6.0, 0.5 ] },
								"west": { "texture": "#shoulder-sling-plain-material", "uv": [ 0.0, 0.0, 0.5, 0.5 ] },
								"up": { "texture": "#shoulder-sling-plain-material", "uv": [ 0.0, 0.0, 6.0, 0.5 ] },
								"down": { "texture": "#shoulder-sling-plain-material", "uv": [ 0.0, 0.0, 6.0, 0.5 ] }
							},
							"children": [
								{
									"name": "sling_2",
									"from": [ 0.0, 0.0, 0.0 ],
									"to": [ 5.0, 0.5, 0.5 ],
									"rotationOrigin": [ 0.0, 0.0, 0.5 ],
									"rotationX": 34.0,
									"rotationZ": -104.0,
									"faces": {
										"north": { "texture": "#shoulder-sling-plain-material", "uv": [ 0.0, 0.0, 5.0, 0.5 ] },
										"east": { "texture": "#shoulder-sling-plain-material", "uv": [ 0.0, 0.0, 0.5, 0.5 ] },
										"south": { "texture": "#shoulder-sling-plain-material", "uv": [ 0.0, 0.0, 5.0, 0.5 ] },
										"west": { "texture": "#shoulder-sling-plain-material", "uv": [ 0.0, 0.0, 0.5, 0.5 ] },
										"up": { "texture": "#shoulder-sling-plain-material", "uv": [ 0.0, 0.0, 5.0, 0.5 ] },
										"down": { "texture": "#shoulder-sling-plain-material", "uv": [ 0.0, 0.0, 5.0, 0.5 ] }
									},
									"children": [
										{
											"name": "sling_4",
											"from": [ 5.0, 0.0, 0.0 ],
											"to": [ 8.5, 0.5, 0.5 ],
											"rotationOrigin": [ 5.0, 0.0, 0.5 ],
											"rotationY": 12.0,
											"rotationZ": 29.0,
											"faces": {
												"north": { "texture": "#shoulder-sling-plain-material", "uv": [ 0.0, 0.0, 3.5, 0.5 ] },
												"east": { "texture": "#shoulder-sling-plain-material", "uv": [ 0.0, 0.0, 0.5, 0.5 ] },
												"south": { "texture": "#shoulder-sling-plain-material", "uv": [ 0.0, 0.0, 3.5, 0.5 ] },
												"west": { "texture": "#shoulder-sling-plain-material", "uv": [ 0.0, 0.0, 0.5, 0.5 ] },
												"up": { "texture": "#shoulder-sling-plain-material", "uv": [ 0.0, 0.0, 3.5, 0.5 ] },
												"down": { "texture": "#shoulder-sling-plain-material", "uv": [ 0.0, 0.0, 3.5, 0.5 ] }
											}
										}
									]
								},
								{
									"name": "sling_5",
									"from": [ 6.3, 0.0, 0.0 ],
									"to": [ 15.3, 0.5, 0.6 ],
									"rotationOrigin": [ 6.3, 0.0, 0.0 ],
									"rotationY": -90.0,
									"rotationZ": -45.0,
									"faces": {
										"north": { "texture": "#shoulder-sling-plain-material", "uv": [ 0.0, 0.0, 9.0, 0.5 ] },
										"east": { "texture": "#shoulder-sling-plain-material", "uv": [ 0.0, 0.0, 0.5, 0.5 ] },
										"south": { "texture": "#shoulder-sling-plain-material", "uv": [ 0.0, 0.0, 9.0, 0.5 ] },
										"west": { "texture": "#shoulder-sling-plain-material", "uv": [ 0.0, 0.0, 0.5, 0.5 ] },
										"up": { "texture": "#shoulder-sling-plain-material", "uv": [ 0.0, 0.0, 9.0, 0.5 ] },
										"down": { "texture": "#shoulder-sling-plain-material", "uv": [ 0.0, 0.0, 9.0, 0.5 ] }
									},
									"children": [
										{
											"name": "sling_6",
											"from": [ 9.0, 0.0, 0.0 ],
											"to": [ 18.0, 0.5, 0.6 ],
											"rotationOrigin": [ 9.0, 0.0, 0.0 ],
											"rotationX": 6.0,
											"rotationY": -64.0,
											"faces": {
												"north": { "texture": "#shoulder-sling-plain-material", "uv": [ 0.0, 0.0, 9.0, 0.5 ] },
												"east": { "texture": "#shoulder-sling-plain-material", "uv": [ 0.0, 0.0, 0.5, 0.5 ] },
												"south": { "texture": "#shoulder-sling-plain-material", "uv": [ 0.0, 0.0, 9.0, 0.5 ] },
												"west": { "texture": "#shoulder-sling-plain-material", "uv": [ 0.0, 0.0, 0.5, 0.5 ] },
												"up": { "texture": "#shoulder-sling-plain-material", "uv": [ 0.0, 0.0, 9.0, 0.5 ] },
												"down": { "texture": "#shoulder-sling-plain-material", "uv": [ 0.0, 0.0, 9.0, 0.5 ] }
											}
										}
									]
								}
							]
						},
						{
							"name": "sling_1",
							"from": [ -4.6, -5.7, -8.2 ],
							"to": [ -3.3, -5.4, -7.1 ],
							"rotationOrigin": [ -4.6, -5.7, -8.2 ],
							"rotationX": 45.0,
							"faces": {
								"north": { "texture": "#shoulder-sling-plain-metal", "uv": [ 0.0, 0.0, 1.0, 0.5 ] },
								"east": { "texture": "#shoulder-sling-plain-metal", "uv": [ 0.0, 0.0, 1.0, 0.5 ] },
								"south": { "texture": "#shoulder-sling-plain-metal", "uv": [ 0.0, 0.0, 1.0, 0.5 ] },
								"west": { "texture": "#shoulder-sling-plain-metal", "uv": [ 0.0, 0.0, 1.0, 0.5 ] },
								"up": { "texture": "#shoulder-sling-plain-metal", "uv": [ 0.0, 0.0, 1.0, 1.0 ] },
								"down": { "texture": "#shoulder-sling-plain-metal", "uv": [ 0.0, 0.0, 1.0, 1.0 ] }
							}
						},
						{
							"name": "sling_3",
							"from": [ -7.1, -8.6, 5.7 ],
							"to": [ -6.1, -8.3, 6.8 ],
							"rotationOrigin": [ -7.1, -8.6, 5.7 ],
							"rotationX": 135.0,
							"faces": {
								"north": { "texture": "#shoulder-sling-plain-metal", "uv": [ 0.0, 0.0, 1.0, 0.5 ] },
								"east": { "texture": "#shoulder-sling-plain-metal", "uv": [ 0.0, 0.0, 1.0, 0.5 ] },
								"south": { "texture": "#shoulder-sling-plain-metal", "uv": [ 0.0, 0.0, 1.0, 0.5 ] },
								"west": { "texture": "#shoulder-sling-plain-metal", "uv": [ 0.0, 0.0, 1.0, 0.5 ] },
								"up": { "texture": "#shoulder-sling-plain-metal", "uv": [ 0.0, 0.0, 1.0, 1.0 ] },
								"down": { "texture": "#shoulder-sling-plain-metal", "uv": [ 0.0, 0.0, 1.0, 1.0 ] }
							}
						}
					]
				}
			]
		}
	],
	"animations": [
		{
			"name": "draw",
			"code": "draw",
			"quantityframes": 30,
			"onActivityStopped": "Rewind",
			"onAnimationEnd": "Hold",
			"keyframes": [
				{
					"frame": 0,
					"elements": {
						"String": { "offsetX": 0.0, "offsetY": 0.0, "offsetZ": 0.0, "rotationX": 0.0, "rotationY": 0.0, "rotationZ": 0.0 },
						"String_6": { "rotationX": 0.0, "rotationY": 0.0, "rotationZ": 0.0 },
						"String_2": { "rotationX": 0.0, "rotationY": 0.0, "rotationZ": 0.0 },
						"Wheel": { "rotationX": 0.0, "rotationY": 0.0, "rotationZ": 0.0 },
						"Bow_right_limb_1": { "rotationX": 0.0, "rotationY": 0.0, "rotationZ": 0.0 },
						"Bow_right_limb_2": { "rotationX": 0.0, "rotationY": 0.0, "rotationZ": 0.0 },
						"Bow_right_limb_3": { "rotationX": 0.0, "rotationY": 0.0, "rotationZ": 0.0 },
						"Bow_right_limb_4": { "rotationX": 0.0, "rotationY": 0.0, "rotationZ": 0.0 },
						"Bow_right_limb_5": { "rotationX": 0.0, "rotationY": 0.0, "rotationZ": 0.0 },
						"Bow_right_limb_13": { "rotationX": 0.0, "rotationY": 0.0, "rotationZ": 0.0 },
						"Bow_right_limb_7": { "rotationX": 0.0, "rotationY": 0.0, "rotationZ": 0.0 },
						"Bow_right_limb_8": { "rotationX": 0.0, "rotationY": 0.0, "rotationZ": 0.0 },
						"Bow_right_limb_9": { "rotationX": 0.0, "rotationY": 0.0, "rotationZ": 0.0 },
						"Bow_right_limb_10": { "rotationX": 0.0, "rotationY": 0.0, "rotationZ": 0.0 },
						"Bow_right_limb_11": { "rotationX": 0.0, "rotationY": 0.0, "rotationZ": 0.0 },
						"Bow_right_limb_14": { "rotationX": 0.0, "rotationY": 0.0, "rotationZ": 0.0 }
					}
				},
				{
					"frame": 5,
					"elements": {
						"String": { "offsetX": 0.0, "offsetY": 0.0, "offsetZ": 0.0, "rotationX": 0.0, "rotationY": 0.0, "rotationZ": 0.0 },
						"String_2": { "rotationX": 0.0, "rotationY": 0.0, "rotationZ": 0.0 },
						"String_6": { "rotationX": 0.0, "rotationY": 0.0, "rotationZ": 0.0 },
						"Wheel": { "rotationX": 67.5, "rotationY": 0.0, "rotationZ": 0.0 },
						"Bow_right_limb_1": { "rotationX": 0.0, "rotationY": 0.0, "rotationZ": 0.0 },
						"Bow_right_limb_2": { "rotationX": 0.0, "rotationY": 0.0, "rotationZ": 0.0 },
						"Bow_right_limb_3": { "rotationX": 0.0, "rotationY": 0.0, "rotationZ": 0.0 },
						"Bow_right_limb_4": { "rotationX": 0.0, "rotationY": 0.0, "rotationZ": 0.0 },
						"Bow_right_limb_5": { "rotationX": 0.0, "rotationY": 0.0, "rotationZ": 0.0 },
						"Bow_right_limb_13": { "rotationX": 0.0, "rotationY": 0.0, "rotationZ": 0.0 },
						"Bow_right_limb_7": { "rotationX": 0.0, "rotationY": 0.0, "rotationZ": 0.0 },
						"Bow_right_limb_8": { "rotationX": 0.0, "rotationY": 0.0, "rotationZ": 0.0 },
						"Bow_right_limb_9": { "rotationX": 0.0, "rotationY": 0.0, "rotationZ": 0.0 },
						"Bow_right_limb_10": { "rotationX": 0.0, "rotationY": 0.0, "rotationZ": 0.0 },
						"Bow_right_limb_11": { "rotationX": 0.0, "rotationY": 0.0, "rotationZ": 0.0 },
						"Bow_right_limb_14": { "rotationX": 0.0, "rotationY": 0.0, "rotationZ": 0.0 }
					}
				},
				{
					"frame": 10,
					"elements": {
						"String": { "offsetX": 0.0, "offsetY": 0.0, "offsetZ": 0.0, "rotationX": 0.0, "rotationY": 0.0, "rotationZ": 0.0 },
						"String_2": { "rotationX": 0.0, "rotationY": 0.0, "rotationZ": 0.0 },
						"String_6": { "rotationX": 0.0, "rotationY": 0.0, "rotationZ": 0.0 },
						"Wheel": { "rotationX": 67.5, "rotationY": 0.0, "rotationZ": 0.0 },
						"Bow_right_limb_1": { "rotationX": 0.0, "rotationY": 0.0, "rotationZ": 0.0 },
						"Bow_right_limb_2": { "rotationX": 0.0, "rotationY": 0.0, "rotationZ": 0.0 },
						"Bow_right_limb_3": { "rotationX": 0.0, "rotationY": 0.0, "rotationZ": 0.0 },
						"Bow_right_limb_4": { "rotationX": 0.0, "rotationY": 0.0, "rotationZ": 0.0 },
						"Bow_right_limb_5": { "rotationX": 0.0, "rotationY": 0.0, "rotationZ": 0.0 },
						"Bow_right_limb_13": { "rotationX": 0.0, "rotationY": 0.0, "rotationZ": 0.0 },
						"Bow_right_limb_7": { "rotationX": 0.0, "rotationY": 0.0, "rotationZ": 0.0 },
						"Bow_right_limb_8": { "rotationX": 0.0, "rotationY": 0.0, "rotationZ": 0.0 },
						"Bow_right_limb_9": { "rotationX": 0.0, "rotationY": 0.0, "rotationZ": 0.0 },
						"Bow_right_limb_10": { "rotationX": 0.0, "rotationY": 0.0, "rotationZ": 0.0 },
						"Bow_right_limb_11": { "rotationX": 0.0, "rotationY": 0.0, "rotationZ": 0.0 },
						"Bow_right_limb_14": { "rotationX": 0.0, "rotationY": 0.0, "rotationZ": 0.0 }
					}
				},
				{
					"frame": 14,
					"elements": {
						"String_6": { "rotationX": -2.0, "rotationY": -13.0, "rotationZ": 0.0 },
						"String_2": { "rotationX": -2.0, "rotationY": 13.0, "rotationZ": 0.0 }
					}
				},
				{
					"frame": 18,
					"elements": {
						"String": { "offsetX": 0.0, "offsetY": 0.0, "offsetZ": 4.0, "rotationX": -10.0, "rotationY": 0.0, "rotationZ": 0.0 },
						"String_6": { "rotationX": -1.0, "rotationY": -25.0, "rotationZ": 0.0 },
						"String_2": { "rotationX": -1.0, "rotationY": 25.0, "rotationZ": 0.0 }
					}
				},
				{
					"frame": 22,
					"elements": {
						"String": { "offsetX": 0.0, "offsetY": 0.0, "offsetZ": 5.04 },
						"String_2": { "rotationX": 0.0, "rotationY": 31.0, "rotationZ": 0.0 },
						"String_6": { "rotationX": 0.0, "rotationY": -31.0, "rotationZ": 0.0 },
						"Wheel": { "rotationX": 67.5, "rotationY": 0.0, "rotationZ": 0.0 },
						"Bow_right_limb_1": { "rotationX": 0.0, "rotationY": -3.0, "rotationZ": 0.0 },
						"Bow_right_limb_2": { "rotationX": 0.0, "rotationY": -4.0, "rotationZ": 0.0 },
						"Bow_right_limb_3": { "rotationX": 0.0, "rotationY": -4.0, "rotationZ": 0.0 },
						"Bow_right_limb_4": { "rotationX": 0.0, "rotationY": -4.0, "rotationZ": 0.0 },
						"Bow_right_limb_5": { "rotationX": 0.0, "rotationY": -4.0, "rotationZ": 0.0 },
						"Bow_right_limb_13": { "rotationX": 0.0, "rotationY": -12.0, "rotationZ": 0.0 },
						"Bow_right_limb_7": { "rotationX": 0.0, "rotationY": 3.0, "rotationZ": 0.0 },
						"Bow_right_limb_8": { "rotationX": 0.0, "rotationY": -4.0, "rotationZ": 0.0 },
						"Bow_right_limb_9": { "rotationX": 0.0, "rotationY": -4.0, "rotationZ": 0.0 },
						"Bow_right_limb_10": { "rotationX": 0.0, "rotationY": -4.0, "rotationZ": 0.0 },
						"Bow_right_limb_11": { "rotationX": 0.0, "rotationY": -4.0, "rotationZ": 0.0 },
						"Bow_right_limb_14": { "rotationX": 0.0, "rotationY": -12.0, "rotationZ": 0.0 }
					}
				},
				{
					"frame": 29,
					"elements": {
						"String": { "offsetX": 0.0, "offsetY": 0.08, "offsetZ": 5.04, "rotationX": 0.0, "rotationY": 0.0, "rotationZ": 0.0 },
						"String_2": { "rotationX": 1.0, "rotationY": 31.0, "rotationZ": 0.0 },
						"String_6": { "rotationX": 1.0, "rotationY": -31.0, "rotationZ": 0.0 },
						"Wheel": { "rotationX": 67.5, "rotationY": 0.0, "rotationZ": 0.0 },
						"Bow_right_limb_1": { "rotationX": 0.0, "rotationY": -3.0, "rotationZ": 0.0 },
						"Bow_right_limb_2": { "rotationX": 0.0, "rotationY": -4.0, "rotationZ": 0.0 },
						"Bow_right_limb_3": { "rotationX": 0.0, "rotationY": -4.0, "rotationZ": 0.0 },
						"Bow_right_limb_4": { "rotationX": 0.0, "rotationY": -4.0, "rotationZ": 0.0 },
						"Bow_right_limb_5": { "rotationX": 0.0, "rotationY": -4.0, "rotationZ": 0.0 },
						"Bow_right_limb_13": { "rotationX": 0.0, "rotationY": -12.0, "rotationZ": 0.0 },
						"Bow_right_limb_7": { "rotationX": 0.0, "rotationY": 3.0, "rotationZ": 0.0 },
						"Bow_right_limb_8": { "rotationX": 0.0, "rotationY": -4.0, "rotationZ": 0.0 },
						"Bow_right_limb_9": { "rotationX": 0.0, "rotationY": -4.0, "rotationZ": 0.0 },
						"Bow_right_limb_10": { "rotationX": 0.0, "rotationY": -4.0, "rotationZ": 0.0 },
						"Bow_right_limb_11": { "rotationX": 0.0, "rotationY": -4.0, "rotationZ": 0.0 },
						"Bow_right_limb_14": { "rotationX": 0.0, "rotationY": -12.0, "rotationZ": 0.0 }
					}
				}
			]
		},

		{
			"name": "load",
			"code": "load",
			"quantityframes": 30,
			"onActivityStopped": "Rewind",
			"onAnimationEnd": "Hold",
			"keyframes": [
				{
					"frame": 0,
					"elements": {
						"Attachment_bolt": { "offsetX": -3.2, "offsetY": -9.6, "offsetZ": 4.8, "rotationX": 0.0, "rotationY": 0.0, "rotationZ": 0.0 },
						"String": { "offsetX": 0.0, "offsetY": 0.08, "offsetZ": 5.04, "rotationX": 0.0, "rotationY": 0.0, "rotationZ": 0.0 },
						"String_2": { "rotationX": 1.0, "rotationY": 31.0, "rotationZ": 0.0 },
						"String_6": { "rotationX": 1.0, "rotationY": -31.0, "rotationZ": 0.0 },
						"Wheel": { "rotationX": 67.5, "rotationY": 0.0, "rotationZ": 0.0 },
						"Bow_right_limb_1": { "rotationX": 0.0, "rotationY": -3.0, "rotationZ": 0.0 },
						"Bow_right_limb_2": { "rotationX": 0.0, "rotationY": -4.0, "rotationZ": 0.0 },
						"Bow_right_limb_3": { "rotationX": 0.0, "rotationY": -4.0, "rotationZ": 0.0 },
						"Bow_right_limb_4": { "rotationX": 0.0, "rotationY": -4.0, "rotationZ": 0.0 },
						"Bow_right_limb_5": { "rotationX": 0.0, "rotationY": -4.0, "rotationZ": 0.0 },
						"Bow_right_limb_13": { "rotationX": 0.0, "rotationY": -12.0, "rotationZ": 0.0 },
						"Bow_right_limb_7": { "rotationX": 0.0, "rotationY": 3.0, "rotationZ": 0.0 },
						"Bow_right_limb_8": { "rotationX": 0.0, "rotationY": -4.0, "rotationZ": 0.0 },
						"Bow_right_limb_9": { "rotationX": 0.0, "rotationY": -4.0, "rotationZ": 0.0 },
						"Bow_right_limb_10": { "rotationX": 0.0, "rotationY": -4.0, "rotationZ": 0.0 },
						"Bow_right_limb_11": { "rotationX": 0.0, "rotationY": -4.0, "rotationZ": 0.0 },
						"Bow_right_limb_14": { "rotationX": 0.0, "rotationY": -12.0, "rotationZ": 0.0 }
					}
				},
				{
					"frame": 12,
					"elements": {
						"String": { "offsetX": 0.0, "offsetY": 0.08, "offsetZ": 5.04, "rotationX": 0.0, "rotationY": 0.0, "rotationZ": 0.0 },
						"String_2": { "rotationX": 1.0, "rotationY": 31.0, "rotationZ": 0.0 },
						"String_6": { "rotationX": 1.0, "rotationY": -31.0, "rotationZ": 0.0 },
						"Wheel": { "rotationX": 67.5, "rotationY": 0.0, "rotationZ": 0.0 },
						"Bow_right_limb_1": { "rotationX": 0.0, "rotationY": -3.0, "rotationZ": 0.0 },
						"Bow_right_limb_2": { "rotationX": 0.0, "rotationY": -4.0, "rotationZ": 0.0 },
						"Bow_right_limb_3": { "rotationX": 0.0, "rotationY": -4.0, "rotationZ": 0.0 },
						"Bow_right_limb_4": { "rotationX": 0.0, "rotationY": -4.0, "rotationZ": 0.0 },
						"Bow_right_limb_5": { "rotationX": 0.0, "rotationY": -4.0, "rotationZ": 0.0 },
						"Bow_right_limb_13": { "rotationX": 0.0, "rotationY": -12.0, "rotationZ": 0.0 },
						"Bow_right_limb_7": { "rotationX": 0.0, "rotationY": 3.0, "rotationZ": 0.0 },
						"Bow_right_limb_8": { "rotationX": 0.0, "rotationY": -4.0, "rotationZ": 0.0 },
						"Bow_right_limb_9": { "rotationX": 0.0, "rotationY": -4.0, "rotationZ": 0.0 },
						"Bow_right_limb_10": { "rotationX": 0.0, "rotationY": -4.0, "rotationZ": 0.0 },
						"Bow_right_limb_11": { "rotationX": 0.0, "rotationY": -4.0, "rotationZ": 0.0 },
						"Bow_right_limb_14": { "rotationX": 0.0, "rotationY": -12.0, "rotationZ": 0.0 },
						"Attachment_bolt": { "offsetX": -3.2, "offsetY": 2.4, "offsetZ": 4.8, "rotationX": 0.0, "rotationY": 0.0, "rotationZ": 0.0 }
					}
				},
				{
					"frame": 20,
					"elements": {
						"Attachment_bolt": { "offsetX": 0.0, "offsetY": 2.4, "offsetZ": -1.6, "rotationX": 28.0, "rotationY": 0.0, "rotationZ": 0.0 }
					}
				},
				{
					"frame": 29,
					"elements": {
						"Attachment_bolt": { "offsetX": 0.0, "offsetY": 0.0, "offsetZ": 0.0, "rotationX": 0.0, "rotationY": 0.0, "rotationZ": 0.0 },
						"String": { "offsetX": 0.0, "offsetY": 0.08, "offsetZ": 5.04, "rotationX": 0.0, "rotationY": 0.0, "rotationZ": 0.0 },
						"String_2": { "rotationX": 1.0, "rotationY": 31.0, "rotationZ": 0.0 },
						"String_6": { "rotationX": 1.0, "rotationY": -31.0, "rotationZ": 0.0 },
						"Wheel": { "rotationX": 67.5, "rotationY": 0.0, "rotationZ": 0.0 },
						"Bow_right_limb_1": { "rotationX": 0.0, "rotationY": -3.0, "rotationZ": 0.0 },
						"Bow_right_limb_2": { "rotationX": 0.0, "rotationY": -4.0, "rotationZ": 0.0 },
						"Bow_right_limb_3": { "rotationX": 0.0, "rotationY": -4.0, "rotationZ": 0.0 },
						"Bow_right_limb_4": { "rotationX": 0.0, "rotationY": -4.0, "rotationZ": 0.0 },
						"Bow_right_limb_5": { "rotationX": 0.0, "rotationY": -4.0, "rotationZ": 0.0 },
						"Bow_right_limb_13": { "rotationX": 0.0, "rotationY": -12.0, "rotationZ": 0.0 },
						"Bow_right_limb_7": { "rotationX": 0.0, "rotationY": 3.0, "rotationZ": 0.0 },
						"Bow_right_limb_8": { "rotationX": 0.0, "rotationY": -4.0, "rotationZ": 0.0 },
						"Bow_right_limb_9": { "rotationX": 0.0, "rotationY": -4.0, "rotationZ": 0.0 },
						"Bow_right_limb_10": { "rotationX": 0.0, "rotationY": -4.0, "rotationZ": 0.0 },
						"Bow_right_limb_11": { "rotationX": 0.0, "rotationY": -4.0, "rotationZ": 0.0 },
						"Bow_right_limb_14": { "rotationX": 0.0, "rotationY": -12.0, "rotationZ": 0.0 }
					}
				}
			]
		},

		{
			"name": "release",
			"code": "release",
			"quantityframes": 108,
			"onActivityStopped": "PlayTillEnd",
			"onAnimationEnd": "Hold",
			"keyframes": [
				{
					"frame": 0,
					"elements": {
						"String": { "offsetX": 0.0, "offsetY": 0.0, "offsetZ": 5.04 },
						"String_2": { "rotationX": 2.0, "rotationY": 29.0, "rotationZ": 0.0 },
						"String_6": { "rotationX": 2.0, "rotationY": -29.0, "rotationZ": 0.0 },
						"Wheel": { "rotationX": 65.0, "rotationY": 0.0, "rotationZ": 0.0 },
						"Bow_right_limb_7": { "rotationX": 0.0, "rotationY": 3.0, "rotationZ": 0.0 },
						"Bow_right_limb_8": { "rotationX": 0.0, "rotationY": -4.0, "rotationZ": 0.0 },
						"Bow_right_limb_9": { "rotationX": 0.0, "rotationY": -4.0, "rotationZ": 0.0 },
						"Bow_right_limb_10": { "rotationX": 0.0, "rotationY": -4.0, "rotationZ": 0.0 },
						"Bow_right_limb_11": { "rotationX": 0.0, "rotationY": -4.0, "rotationZ": 0.0 },
						"Bow_right_limb_1": { "rotationX": 0.0, "rotationY": -3.0, "rotationZ": 0.0 },
						"Bow_right_limb_2": { "rotationX": 0.0, "rotationY": -4.0, "rotationZ": 0.0 },
						"Bow_right_limb_3": { "rotationX": 0.0, "rotationY": -4.0, "rotationZ": 0.0 },
						"Bow_right_limb_4": { "rotationX": 0.0, "rotationY": -4.0, "rotationZ": 0.0 },
						"Bow_right_limb_5": { "rotationX": 0.0, "rotationY": -4.0, "rotationZ": 0.0 },
						"Attachment_bolt": { "offsetX": 0.0, "offsetY": 0.0, "offsetZ": 0.0 },
						"Lever": { "rotationX": 0.0, "rotationY": 0.0, "rotationZ": 0.0 }
					}
				},
				{
					"frame": 1,
					"elements": {
						"String": { "offsetX": 0.0, "offsetY": 0.0, "offsetZ": 5.04 },
						"String_2": { "rotationX": 2.0, "rotationY": 29.0, "rotationZ": 0.0 },
						"String_6": { "rotationX": 2.0, "rotationY": -29.0, "rotationZ": 0.0 },
						"Lever": { "rotationX": -14.5, "rotationY": 0.0, "rotationZ": 0.0 },
						"Wheel": { "rotationX": 65.0, "rotationY": 0.0, "rotationZ": 0.0 },
						"Bow_right_limb_1": { "rotationX": 0.0, "rotationY": -3.0, "rotationZ": 0.0 },
						"Bow_right_limb_2": { "rotationX": 0.0, "rotationY": -4.0, "rotationZ": 0.0 },
						"Bow_right_limb_3": { "rotationX": 0.0, "rotationY": -4.0, "rotationZ": 0.0 },
						"Bow_right_limb_4": { "rotationX": 0.0, "rotationY": -4.0, "rotationZ": 0.0 },
						"Bow_right_limb_5": { "rotationX": 0.0, "rotationY": -4.0, "rotationZ": 0.0 },
						"Bow_right_limb_7": { "rotationX": 0.0, "rotationY": 3.0, "rotationZ": 0.0 },
						"Bow_right_limb_8": { "rotationX": 0.0, "rotationY": -4.0, "rotationZ": 0.0 },
						"Bow_right_limb_9": { "rotationX": 0.0, "rotationY": -4.0, "rotationZ": 0.0 },
						"Bow_right_limb_10": { "rotationX": 0.0, "rotationY": -4.0, "rotationZ": 0.0 },
						"Bow_right_limb_11": { "rotationX": 0.0, "rotationY": -4.0, "rotationZ": 0.0 },
						"Attachment_bolt": { "offsetX": 0.0, "offsetY": 0.0, "offsetZ": 0.0 }
					}
				},
				{
					"frame": 3,
					"elements": {
						"Wheel": { "rotationX": -20.0, "rotationY": 0.0, "rotationZ": 0.0 }
					}
				},
				{
					"frame": 6,
					"elements": {
						"String": { "offsetX": 0.0, "offsetY": 0.0, "offsetZ": 0.0 },
						"String_6": { "rotationX": 0.0, "rotationY": 0.0, "rotationZ": 0.0 },
						"String_2": { "rotationX": 0.0, "rotationY": 0.0, "rotationZ": 0.0 },
						"Bow_right_limb_7": { "rotationX": 0.0, "rotationY": 0.0, "rotationZ": 0.0 },
						"Bow_right_limb_8": { "rotationX": 0.0, "rotationY": 0.0, "rotationZ": 0.0 },
						"Bow_right_limb_9": { "rotationX": 0.0, "rotationY": 0.0, "rotationZ": 0.0 },
						"Bow_right_limb_10": { "rotationX": 0.0, "rotationY": 0.0, "rotationZ": 0.0 },
						"Bow_right_limb_11": { "rotationX": 0.0, "rotationY": 0.0, "rotationZ": 0.0 },
						"Bow_right_limb_1": { "rotationX": 0.0, "rotationY": 0.0, "rotationZ": 0.0 },
						"Bow_right_limb_2": { "rotationX": 0.0, "rotationY": 0.0, "rotationZ": 0.0 },
						"Bow_right_limb_3": { "rotationX": 0.0, "rotationY": 0.0, "rotationZ": 0.0 },
						"Bow_right_limb_4": { "rotationX": 0.0, "rotationY": 0.0, "rotationZ": 0.0 },
						"Bow_right_limb_5": { "rotationX": 0.0, "rotationY": 0.0, "rotationZ": 0.0 },
						"Attachment_bolt": { "offsetX": 0.0, "offsetY": 0.0, "offsetZ": -5.04 }
					}
				},
				{
					"frame": 9,
					"elements": {
						"String": { "offsetX": 0.0, "offsetY": 0.0, "offsetZ": 0.0 },
						"String_2": { "rotationX": 0.0, "rotationY": 0.0, "rotationZ": 0.0 },
						"String_6": { "rotationX": 0.0, "rotationY": 0.0, "rotationZ": 0.0 },
						"Bow_right_limb_1": { "rotationX": 0.0, "rotationY": 0.0, "rotationZ": 0.0 },
						"Bow_right_limb_2": { "rotationX": 0.0, "rotationY": 0.0, "rotationZ": 0.0 },
						"Bow_right_limb_3": { "rotationX": 0.0, "rotationY": 0.0, "rotationZ": 0.0 },
						"Bow_right_limb_4": { "rotationX": 0.0, "rotationY": 0.0, "rotationZ": 0.0 },
						"Bow_right_limb_5": { "rotationX": 0.0, "rotationY": 0.0, "rotationZ": 0.0 },
						"Bow_right_limb_7": { "rotationX": 0.0, "rotationY": 0.0, "rotationZ": 0.0 },
						"Bow_right_limb_8": { "rotationX": 0.0, "rotationY": 0.0, "rotationZ": 0.0 },
						"Bow_right_limb_9": { "rotationX": 0.0, "rotationY": 0.0, "rotationZ": 0.0 },
						"Bow_right_limb_10": { "rotationX": 0.0, "rotationY": 0.0, "rotationZ": 0.0 },
						"Bow_right_limb_11": { "rotationX": 0.0, "rotationY": 0.0, "rotationZ": 0.0 }
					}
				},
				{
					"frame": 12,
					"elements": {
						"String": { "offsetX": 0.0, "offsetY": 0.0, "offsetZ": 0.0 },
						"String_2": { "rotationX": 0.0, "rotationY": 0.0, "rotationZ": 0.0 },
						"String_6": { "rotationX": 0.0, "rotationY": 0.0, "rotationZ": 0.0 },
						"Bow_right_limb_1": { "rotationX": 0.0, "rotationY": 0.0, "rotationZ": 0.0 },
						"Bow_right_limb_2": { "rotationX": 0.0, "rotationY": 0.0, "rotationZ": 0.0 },
						"Bow_right_limb_3": { "rotationX": 0.0, "rotationY": 0.0, "rotationZ": 0.0 },
						"Bow_right_limb_4": { "rotationX": 0.0, "rotationY": 0.0, "rotationZ": 0.0 },
						"Bow_right_limb_5": { "rotationX": 0.0, "rotationY": 0.0, "rotationZ": 0.0 },
						"Bow_right_limb_7": { "rotationX": 0.0, "rotationY": 0.0, "rotationZ": 0.0 },
						"Bow_right_limb_8": { "rotationX": 0.0, "rotationY": 0.0, "rotationZ": 0.0 },
						"Bow_right_limb_9": { "rotationX": 0.0, "rotationY": 0.0, "rotationZ": 0.0 },
						"Bow_right_limb_10": { "rotationX": 0.0, "rotationY": 0.0, "rotationZ": 0.0 },
						"Bow_right_limb_11": { "rotationX": 0.0, "rotationY": 0.0, "rotationZ": 0.0 }
					}
				},
				{
					"frame": 15,
					"elements": {
						"String": { "offsetX": 0.0, "offsetY": 0.0, "offsetZ": 0.0 },
						"String_2": { "rotationX": 0.0, "rotationY": 0.0, "rotationZ": 0.0 },
						"String_6": { "rotationX": 0.0, "rotationY": 0.0, "rotationZ": 0.0 },
						"Bow_right_limb_1": { "rotationX": 0.0, "rotationY": 0.0, "rotationZ": 0.0 },
						"Bow_right_limb_2": { "rotationX": 0.0, "rotationY": 0.0, "rotationZ": 0.0 },
						"Bow_right_limb_3": { "rotationX": 0.0, "rotationY": 0.0, "rotationZ": 0.0 },
						"Bow_right_limb_4": { "rotationX": 0.0, "rotationY": 0.0, "rotationZ": 0.0 },
						"Bow_right_limb_5": { "rotationX": 0.0, "rotationY": 0.0, "rotationZ": 0.0 },
						"Bow_right_limb_7": { "rotationX": 0.0, "rotationY": 0.0, "rotationZ": 0.0 },
						"Bow_right_limb_8": { "rotationX": 0.0, "rotationY": 0.0, "rotationZ": 0.0 },
						"Bow_right_limb_9": { "rotationX": 0.0, "rotationY": 0.0, "rotationZ": 0.0 },
						"Bow_right_limb_10": { "rotationX": 0.0, "rotationY": 0.0, "rotationZ": 0.0 },
						"Bow_right_limb_11": { "rotationX": 0.0, "rotationY": 0.0, "rotationZ": 0.0 }
					}
				},
				{
					"frame": 18,
					"elements": {
						"String": { "offsetX": 0.0, "offsetY": 0.0, "offsetZ": 0.0 },
						"String_2": { "rotationX": 0.0, "rotationY": 0.0, "rotationZ": 0.0 },
						"String_6": { "rotationX": 0.0, "rotationY": 0.0, "rotationZ": 0.0 },
						"Bow_right_limb_1": { "rotationX": 0.0, "rotationY": 0.0, "rotationZ": 0.0 },
						"Bow_right_limb_2": { "rotationX": 0.0, "rotationY": 0.0, "rotationZ": 0.0 },
						"Bow_right_limb_3": { "rotationX": 0.0, "rotationY": 0.0, "rotationZ": 0.0 },
						"Bow_right_limb_4": { "rotationX": 0.0, "rotationY": 0.0, "rotationZ": 0.0 },
						"Bow_right_limb_5": { "rotationX": 0.0, "rotationY": 0.0, "rotationZ": 0.0 },
						"Bow_right_limb_7": { "rotationX": 0.0, "rotationY": 0.0, "rotationZ": 0.0 },
						"Bow_right_limb_8": { "rotationX": 0.0, "rotationY": 0.0, "rotationZ": 0.0 },
						"Bow_right_limb_9": { "rotationX": 0.0, "rotationY": 0.0, "rotationZ": 0.0 },
						"Bow_right_limb_10": { "rotationX": 0.0, "rotationY": 0.0, "rotationZ": 0.0 },
						"Bow_right_limb_11": { "rotationX": 0.0, "rotationY": 0.0, "rotationZ": 0.0 }
					}
				},
				{
					"frame": 22,
					"elements": {
						"String": { "offsetX": 0.0, "offsetY": 0.0, "offsetZ": 0.0 },
						"String_2": { "rotationX": 0.0, "rotationY": 0.0, "rotationZ": 0.0 },
						"String_6": { "rotationX": 0.0, "rotationY": 0.0, "rotationZ": 0.0 },
						"Bow_right_limb_1": { "rotationX": 0.0, "rotationY": 0.0, "rotationZ": 0.0 },
						"Bow_right_limb_2": { "rotationX": 0.0, "rotationY": 0.0, "rotationZ": 0.0 },
						"Bow_right_limb_3": { "rotationX": 0.0, "rotationY": 0.0, "rotationZ": 0.0 },
						"Bow_right_limb_4": { "rotationX": 0.0, "rotationY": 0.0, "rotationZ": 0.0 },
						"Bow_right_limb_5": { "rotationX": 0.0, "rotationY": 0.0, "rotationZ": 0.0 },
						"Bow_right_limb_7": { "rotationX": 0.0, "rotationY": 0.0, "rotationZ": 0.0 },
						"Bow_right_limb_8": { "rotationX": 0.0, "rotationY": 0.0, "rotationZ": 0.0 },
						"Bow_right_limb_9": { "rotationX": 0.0, "rotationY": 0.0, "rotationZ": 0.0 },
						"Bow_right_limb_10": { "rotationX": 0.0, "rotationY": 0.0, "rotationZ": 0.0 },
						"Bow_right_limb_11": { "rotationX": 0.0, "rotationY": 0.0, "rotationZ": 0.0 },
						"Lever": { "rotationX": 0.0, "rotationY": 0.0, "rotationZ": 0.0 }
					}
				},
				{
					"frame": 100,
					"elements": {
						"String": { "offsetX": 0.0, "offsetY": 0.0, "offsetZ": 0.0 },
						"String_2": { "rotationX": 0.0, "rotationY": 0.0, "rotationZ": 0.0 },
						"String_6": { "rotationX": 0.0, "rotationY": 0.0, "rotationZ": 0.0 },
						"Lever": { "rotationX": 0.0, "rotationY": 0.0, "rotationZ": 0.0 },
						"Wheel": { "rotationX": -2535.0, "rotationY": 0.0, "rotationZ": 0.0 },
						"Bow_right_limb_1": { "rotationX": 0.0, "rotationY": 0.0, "rotationZ": 0.0 },
						"Bow_right_limb_2": { "rotationX": 0.0, "rotationY": 0.0, "rotationZ": 0.0 },
						"Bow_right_limb_3": { "rotationX": 0.0, "rotationY": 0.0, "rotationZ": 0.0 },
						"Bow_right_limb_4": { "rotationX": 0.0, "rotationY": 0.0, "rotationZ": 0.0 },
						"Bow_right_limb_5": { "rotationX": 0.0, "rotationY": 0.0, "rotationZ": 0.0 },
						"Bow_right_limb_7": { "rotationX": 0.0, "rotationY": 0.0, "rotationZ": 0.0 },
						"Bow_right_limb_8": { "rotationX": 0.0, "rotationY": 0.0, "rotationZ": 0.0 },
						"Bow_right_limb_9": { "rotationX": 0.0, "rotationY": 0.0, "rotationZ": 0.0 },
						"Bow_right_limb_10": { "rotationX": 0.0, "rotationY": 0.0, "rotationZ": 0.0 },
						"Bow_right_limb_11": { "rotationX": 0.0, "rotationY": 0.0, "rotationZ": 0.0 },
						"Attachment_bolt": { "offsetX": 0.0, "offsetY": 0.0, "offsetZ": -204.8 }
					}
				},
				{
					"frame": 106,
					"elements": {
						"String": { "offsetX": 0.0, "offsetY": 0.0, "offsetZ": 0.0 },
						"String_2": { "rotationX": 0.0, "rotationY": 0.0, "rotationZ": 0.0 },
						"String_6": { "rotationX": 0.0, "rotationY": 0.0, "rotationZ": 0.0 },
						"Lever": { "rotationX": 0.0, "rotationY": 0.0, "rotationZ": 0.0 },
						"Wheel": { "rotationX": -2520.0, "rotationY": 0.0, "rotationZ": 0.0 },
						"Bow_right_limb_1": { "rotationX": 0.0, "rotationY": 0.0, "rotationZ": 0.0 },
						"Bow_right_limb_2": { "rotationX": 0.0, "rotationY": 0.0, "rotationZ": 0.0 },
						"Bow_right_limb_3": { "rotationX": 0.0, "rotationY": 0.0, "rotationZ": 0.0 },
						"Bow_right_limb_4": { "rotationX": 0.0, "rotationY": 0.0, "rotationZ": 0.0 },
						"Bow_right_limb_5": { "rotationX": 0.0, "rotationY": 0.0, "rotationZ": 0.0 },
						"Bow_right_limb_7": { "rotationX": 0.0, "rotationY": 0.0, "rotationZ": 0.0 },
						"Bow_right_limb_8": { "rotationX": 0.0, "rotationY": 0.0, "rotationZ": 0.0 },
						"Bow_right_limb_9": { "rotationX": 0.0, "rotationY": 0.0, "rotationZ": 0.0 },
						"Bow_right_limb_10": { "rotationX": 0.0, "rotationY": 0.0, "rotationZ": 0.0 },
						"Bow_right_limb_11": { "rotationX": 0.0, "rotationY": 0.0, "rotationZ": 0.0 },
						"Attachment_bolt": { "offsetX": 0.0, "offsetY": 0.0, "offsetZ": -204.8 }
					}
				},
				{
					"frame": 107,
					"elements": {
						"String": { "offsetX": 0.0, "offsetY": 0.0, "offsetZ": 0.0 },
						"String_2": { "rotationX": 0.0, "rotationY": 0.0, "rotationZ": 0.0 },
						"String_6": { "rotationX": 0.0, "rotationY": 0.0, "rotationZ": 0.0 },
						"Lever": { "rotationX": 0.0, "rotationY": 0.0, "rotationZ": 0.0 },
						"Wheel": { "rotationX": 0.0, "rotationY": 0.0, "rotationZ": 0.0 },
						"Bow_right_limb_1": { "rotationX": 0.0, "rotationY": 0.0, "rotationZ": 0.0 },
						"Bow_right_limb_2": { "rotationX": 0.0, "rotationY": 0.0, "rotationZ": 0.0 },
						"Bow_right_limb_3": { "rotationX": 0.0, "rotationY": 0.0, "rotationZ": 0.0 },
						"Bow_right_limb_4": { "rotationX": 0.0, "rotationY": 0.0, "rotationZ": 0.0 },
						"Bow_right_limb_5": { "rotationX": 0.0, "rotationY": 0.0, "rotationZ": 0.0 },
						"Bow_right_limb_7": { "rotationX": 0.0, "rotationY": 0.0, "rotationZ": 0.0 },
						"Bow_right_limb_8": { "rotationX": 0.0, "rotationY": 0.0, "rotationZ": 0.0 },
						"Bow_right_limb_9": { "rotationX": 0.0, "rotationY": 0.0, "rotationZ": 0.0 },
						"Bow_right_limb_10": { "rotationX": 0.0, "rotationY": 0.0, "rotationZ": 0.0 },
						"Bow_right_limb_11": { "rotationX": 0.0, "rotationY": 0.0, "rotationZ": 0.0 },
						"Attachment_bolt": { "offsetX": 0.0, "offsetY": 0.0, "offsetZ": -204.8 }
					}
				}
			]
		}
	]
}