﻿[
	{
        "op": "add",
        "path": "/textures/brain",
        "value": {
          "base": "ancienttools:item/resource/brain"
        },
        "file": "game:blocktypes/clay/fired/pot.json",
        "side": "Server"
    },
    {
        "op": "add",
        "path": "/attributesByType/claypot-blue-cooked/textureMapping/ancienttools:brain",
        "value": [
            "meat",
            "brain"
        ],
        "file": "game:blocktypes/clay/fired/pot.json",
        "side": "Server"
    },
]