[
    {
		"op": "add",
		"path": "/attributes/cartPlacable",
		"value": {
			"normal":  {
				translation: [-8.0, 7.0, -5.0],
				rotation: [0.0, 0.0, 0.0],
				scale: 1.0
			}
		},
		"file": "game:blocktypes/clay/storagevessel-fancy",
		"side": "Server"
    },
	{
		"op": "add",
		"path": "/attributes/mobileStorageProps",
		"value": {
			"normal":  {
				shape: "ancienttools:shapes/block/storagevessel",
				openSound: "game:sounds/block/vesselopen",
				closeSound: "game:sounds/block/vesselclose",
				placementSound: "game:sounds/block/ceramicplace", 
				quantitySlots: 12
			}
		},
		"file": "game:blocktypes/clay/storagevessel-fancy",
		"side": "Server"
	},
	{
		"op": "add",
		"path": "/attributes/cartPlacable",
		"value": {
			"normal":  {
				translation: [-8.0, 7.0, -5.0],
				rotation: [0.0, 0.0, 0.0],
				scale: 1.0
			}
		},
		"file": "game:blocktypes/clay/fired/storagevessel",
		"side": "Server"
    },
	{
		"op": "add",
		"path": "/attributes/mobileStorageProps",
		"value": {
			"normal":  {
				shape: "ancienttools:shapes/block/storagevessel",
				openSound: "game:sounds/block/vesselopen",
				closeSound: "game:sounds/block/vesselclose",
				placementSound: "game:sounds/block/ceramicplace", 
				quantitySlots: 12
			}
		},
		"file": "game:blocktypes/clay/fired/storagevessel",
		"side": "Server"
	},
]