﻿{
	code: "barkleatherarmor",
	class: "ItemWearable",
	heldTpIdleAnimation: "holdunderarm",
	variantgroups: [
		{ code: "bodypart",  states: ["head", "body", "legs"] },
		{ "code": "type", "states": ["acacia", "aged", "baldcypress", "birch", "cypress", "ebony", "kapok", "larch", "maple", "pine", "purpleheart", "redwood", "walnut"]}
	],
	shapeByType: {
		"*": { base: "game:entity/humanoid/seraph/armor/leather/{bodypart}" },
	},
	texturesByType: {
		"*": {
			"seraph": { base: "game:block/transparent" },
			"material": { 
				baseByType: {
					"*": "ancienttools:item/gear/armor/leather/{type}"
				}
			}
		}
	},
	storageFlags: 128,
	"__comment": "'keepElements names must also be added to game/entities/humanoid/player file, under the 'disableElements' attribute.",
	attributes: {
		handbook: {
			groupBy: ["barkleatherarmor-{bodypart}-*"]
		},
		visibleDamageEffect: true,
		clothesCategoryByType: {
			"barkleatherarmor-head-*": "armorhead",
			"barkleatherarmor-body-*": "armorbody",
			"barkleatherarmor-legs-*": "armorlegs",
		},
		attachableToEntity: {
			texturePrefixCode: "ancienttools:barkleatherarmor-{bodypart}-{type}",
			categoryCodeByType: {
				"barkleatherarmor-head-*": "armorhead",
				"barkleatherarmor-body-*": "armorbody",
				"barkleatherarmor-legs-*": "armorlegs",
			},
			disableElementsByType: {
				"barkleatherarmor-head-*": ["hidehat", "Hood", "hoodupperover", "ponytailhigh", "hair-uncovered", "sidehigh", "sidelow", "bangs"],
				"barkleatherarmor-body-*": ["Waist", "hideupperarm", "hidelowerarm"],
				"barkleatherarmor-legs-*": ["hideshoeL", "hideshoeR", "shoefluffL", "shoefluffR"]
			},
			keepElementsByType: {
				"barkleatherarmor-head-*": ["hair-covered"],
			}	
		},
		defaultProtLoss: {
			perTierRelativeProtectionLoss: [0.03, 0.15],
			perTierFlatDamageReductionLoss: [0.1, 0.2],
		},
		footStepSoundByType: {
			"barkleatherarmor-body-*": "wearable/leather*"
		},
		protectionModifiersByType: {
			"barkleatherarmor-*": {
				relativeProtection: 0.6,
				flatDamageReduction: 0.6,
				protectionTier: 1,
				perTierRelativeProtectionLoss: [0.015, 0.075],
				perTierFlatDamageReductionLoss: [0.05, 0.1],
			},
		},
	},
	creativeinventory: { "general": ["*"], "items": ["*"], "clothing": ["*"], "ancienttools": ["*"] },
	renderAlphaTest: 0.25,
	durabilityByType: {
		"barkleatherarmor-*": 700,
	},
	
	fpHandTransformByType: {
		"barkleatherarmor-head-*": {
			translation: { x: 0.4, y: -1.9, z: -0.5 },
			rotation: { x: 163, y: -111, z: -180 },
			origin: { x: 0.5, y: 1.7, z: 0.5 },
			scale: 2.15
		},
		"barkleatherarmor-body-*": {
			translation: { x: 0.4, y: -1.2, z: -0.5 },
			rotation: { x: 163, y: -111, z: -180 },
			origin: { x: 0.5, y: 1.6, z: 0.5 },
			scale: 2.15
		},
		"barkleatherarmor-legs-*": {
			translation: { x: 0.4, y: -1.2, z: -0.5 },
			rotation: { x: 163, y: -111, z: -180 },
			origin: { x: 0.5, y: 1.6, z: 0.5 },
			scale: 2.15
		},
	},
	tpHandTransformByType: {
		"barkleatherarmor-head-*": {
			translation: { x: -0.82, y: -2.2, z: -0.5 },
			rotation: { x: 18, y: 169, z: 30 },
			origin: { x: 0.5, y: 1.7, z: 0.5 },
			scale: 0.64
		},
		"barkleatherarmor-body-*": {
			translation: { x: -1, y: -1.9, z: -0.5 },
			rotation: { x: 97, y: -168, z: 94 },
			origin: { x: 0.5, y: 1.5, z: 0.5 },
			scale: 0.67
		},
		"barkleatherarmor-legs-*": {
			translation: { x: -0.7, y: -0.6, z: -0.4 },
			rotation: { x: 95, y: -20, z: -91 },
			origin: { x: 0.5, y: 0.7, z: 0.5 },
			scale: 0.74
		}
	},
	guiTransformByType: {
		"barkleatherarmor-legs-*": {
			translation: { x: 1, y: 0, z: 0 },
			rotation: { x: -26, y: -46, z: -180 },
			origin: { x: 0.5, y: 0.37, z: 0.53 },
			scale: 2.14
		},
		"barkleatherarmor-head-*": {
			translation: { x: 0, y: 0, z: 0 },
			rotation: { x: -26, y: -46, z: -180 },
			origin: { x: 0.6, y: 1.72, z: 0.5 },
			scale: 2
		},
		"barkleatherarmor-body-*": {
			translation: { x: 3, y: 0, z: 0 },
			rotation: { x: -26, y: -46, z: -180 },
			origin: { x: 0.5, y: 1.11, z: 0.5 },
			scale: 1.37
		},
	},
	groundTransformByType: {
		"barkleatherarmor-head-*": {
			translation: { x: 0, y: 0, z: 0 },
			rotation: { x: 0, y: 0, z: 0 },
			origin: { x: 0.34, y: 1.71, z: 0.5 },
			scale: 3.1
		},
		"barkleatherarmor-body-*": {
			translation: { x: 0, y: 0, z: 0 },
			rotation: { x: 0, y: 0, z: 90 },
			origin: { x: 0.34, y: 1.12, z: 0.5 },
			scale: 3.1
		},
		"barkleatherarmor-legs-*": {
			translation: { x: 0, y: 0, z: 0 },
			rotation: { x: 0, y: 0, z: 90 },
			origin: { x: 0.34, y: 1.12, z: 0.5 },
			scale: 3.1
		}
	},
}