{
	"editor": {
		"allAngles": false,
		"entityTextureMode": false
	},
	"textureWidth": 16,
	"textureHeight": 16,
	"textureSizes": {
		"ceramic": [16,16],
		"bark": [8,8],
		"animalfat": [16,16]
	},
	"textures": {
	},
	"elements": [
		{
			"name": "Origin",
			"from": [ 7.0, 0.0, 7.0 ],
			"to": [ 8.0, 1.0, 8.0 ],
			"rotationOrigin": [ 7.0, 0.0, 7.0 ],
			"rotationX": -90.0,
			"faces": {
			},
			"children": [
				{
					"name": "Base",
					"from": [ 0.0, 0.0, 0.0 ],
					"to": [ 2.0, 1.0, 6.0 ],
					"faces": {
						"east": { "texture": "#bark", "uv": [ 4.5, 1.0, 5.5, 7.0 ], "rotation": 90 },
						"west": { "texture": "#bark", "uv": [ 2.0, 1.0, 3.0, 7.0 ], "rotation": 90 },
						"up": { "texture": "#bark", "uv": [ 2.0, 1.0, 4.0, 7.0 ] },
						"down": { "texture": "#bark", "uv": [ 4.0, 1.0, 6.0, 7.0 ] }
					},
					"children": [
						{
							"name": "Cube1",
							"from": [ 2.0, 0.0, 1.0 ],
							"to": [ 3.0, 0.5, 5.0 ],
							"rotationOrigin": [ 2.0, 0.0, 1.0 ],
							"faces": {
								"east": { "texture": "#bark", "uv": [ 2.0, 2.0, 2.5, 6.0 ], "rotation": 90 },
								"west": { "texture": "#bark", "uv": [ 5.0, 2.5, 5.5, 6.5 ], "rotation": 90 },
								"up": { "texture": "#bark", "uv": [ 5.0, 2.0, 6.0, 6.0 ] },
								"down": { "texture": "#bark", "uv": [ 2.0, 1.5, 3.0, 5.5 ] }
							},
							"children": [
								{
									"name": "Cube11",
									"from": [ 0.0, 0.0, 4.0 ],
									"to": [ 0.99, 0.25, 5.0 ],
									"rotationOrigin": [ 0.5, 0.0, 4.0 ],
									"rotationX": -22.5,
									"faces": {
										"east": { "texture": "#bark", "uv": [ 2.0, 1.5, 2.5, 2.5 ], "rotation": 270 },
										"south": { "texture": "#bark", "uv": [ 3.0, 3.0, 3.5, 3.5 ] },
										"up": { "texture": "#bark", "uv": [ 5.5, 3.5, 6.0, 4.5 ] },
										"down": { "texture": "#bark", "uv": [ 5.0, 1.0, 5.5, 2.0 ] }
									}
								},
								{
									"name": "Cube17",
									"from": [ 0.0, 0.25, 4.0 ],
									"to": [ 0.99, 0.5, 4.4 ],
									"rotationOrigin": [ 0.5, 0.0, 4.0 ],
									"rotationX": -22.5,
									"faces": {
										"east": { "texture": "#bark", "uv": [ 2.0, 3.0, 2.5, 3.5 ] },
										"south": { "texture": "#bark", "uv": [ 0.0, 6.5, 0.5, 7.0 ] },
										"up": { "texture": "#bark", "uv": [ 4.0, 6.0, 4.5, 6.5 ] }
									}
								}
							]
						},
						{
							"name": "Cube4",
							"from": [ -1.0, 0.0, 2.0 ],
							"to": [ 0.0, 0.5, 6.0 ],
							"rotationOrigin": [ -1.0, 0.0, 2.0 ],
							"faces": {
								"east": { "texture": "#bark", "uv": [ 1.5, 1.5, 2.0, 5.5 ], "rotation": 90 },
								"west": { "texture": "#bark", "uv": [ 2.0, 2.0, 2.5, 6.0 ], "rotation": 90 },
								"up": { "texture": "#bark", "uv": [ 4.5, 2.5, 5.5, 6.5 ] },
								"down": { "texture": "#bark", "uv": [ 2.0, 2.0, 3.0, 6.0 ] }
							},
							"children": [
								{
									"name": "Cube9",
									"from": [ 0.01, 0.0, 4.0 ],
									"to": [ 1.0, 0.25, 4.75 ],
									"rotationOrigin": [ 0.5, 0.0, 4.0 ],
									"rotationX": -22.5,
									"faces": {
										"south": { "texture": "#bark", "uv": [ 3.0, 0.0, 3.5, 0.5 ] },
										"west": { "texture": "#bark", "uv": [ 5.5, 4.0, 6.0, 4.5 ] },
										"up": { "texture": "#bark", "uv": [ 3.0, 5.5, 3.5, 6.0 ] },
										"down": { "texture": "#bark", "uv": [ 5.5, 6.5, 6.0, 7.0 ] }
									}
								},
								{
									"name": "Cube16",
									"from": [ 0.01, 0.25, 4.0 ],
									"to": [ 1.0, 0.5, 5.25 ],
									"rotationOrigin": [ 0.5, 0.0, 4.0 ],
									"rotationX": -22.5,
									"faces": {
										"east": { "texture": "#bark", "uv": [ 5.5, 2.5, 6.5, 3.0 ] },
										"south": { "texture": "#bark", "uv": [ 4.0, 0.5, 4.5, 1.0 ] },
										"west": { "texture": "#bark", "uv": [ 4.0, 1.5, 5.0, 2.0 ] },
										"up": { "texture": "#bark", "uv": [ 1.5, 1.5, 2.0, 2.5 ] },
										"down": { "texture": "#bark", "uv": [ 2.0, 0.5, 2.5, 1.5 ] }
									}
								}
							]
						}
					]
				},
				{
					"name": "BaseDetail",
					"from": [ 0.01, 0.0, 6.0 ],
					"to": [ 1.99, 0.33, 7.0 ],
					"rotationOrigin": [ 1.0, 0.0, 6.0 ],
					"rotationX": -22.5,
					"faces": {
						"north": { "texture": "#bark", "uv": [ 2.0, 1.5, 3.5, 2.0 ] },
						"east": { "texture": "#bark", "uv": [ 3.5, 4.0, 4.5, 4.5 ] },
						"south": { "texture": "#bark", "uv": [ 3.0, 5.5, 4.5, 6.0 ] },
						"west": { "texture": "#bark", "uv": [ 0.5, 3.5, 1.5, 4.0 ] },
						"up": { "texture": "#bark", "uv": [ 2.5, 5.0, 4.0, 6.0 ] },
						"down": { "texture": "#bark", "uv": [ 4.0, 2.0, 5.5, 3.0 ] }
					}
				},
				{
					"name": "BaseDetail14",
					"from": [ 0.01, 0.33, 6.0 ],
					"to": [ 1.99, 0.66, 6.75 ],
					"rotationOrigin": [ 1.0, 0.0, 6.0 ],
					"rotationX": -22.5,
					"faces": {
						"north": { "texture": "#bark", "uv": [ 4.5, 1.0, 6.0, 1.5 ] },
						"east": { "texture": "#bark", "uv": [ 5.5, 0.5, 6.0, 1.0 ] },
						"south": { "texture": "#bark", "uv": [ 3.0, 6.5, 4.5, 7.0 ] },
						"west": { "texture": "#bark", "uv": [ 3.5, 5.0, 4.0, 5.5 ] },
						"up": { "texture": "#bark", "uv": [ 0.0, 4.0, 1.5, 4.5 ] },
						"down": { "texture": "#bark", "uv": [ 3.0, 2.5, 4.5, 3.0 ] }
					}
				},
				{
					"name": "BaseDetail15",
					"from": [ 0.01, 0.66, 6.0 ],
					"to": [ 1.99, 0.99, 7.35 ],
					"rotationOrigin": [ 1.0, 0.0, 6.0 ],
					"rotationX": -22.5,
					"faces": {
						"north": { "texture": "#bark", "uv": [ 3.5, 0.0, 5.0, 0.5 ] },
						"east": { "texture": "#bark", "uv": [ 1.0, 5.0, 2.0, 5.5 ] },
						"south": { "texture": "#bark", "uv": [ 1.0, 6.5, 2.5, 7.0 ] },
						"west": { "texture": "#bark", "uv": [ 0.5, 1.5, 1.5, 2.0 ] },
						"up": { "texture": "#bark", "uv": [ 1.0, 5.5, 2.5, 6.5 ] },
						"down": { "texture": "#bark", "uv": [ 3.5, 1.5, 5.0, 2.5 ] }
					}
				}
			]
		},
		{
			"name": "Origin28",
			"from": [ 9.0, 0.0, 7.0 ],
			"to": [ 10.0, 1.0, 8.0 ],
			"rotationOrigin": [ 9.0, 0.0, 7.0 ],
			"rotationX": -90.0,
			"rotationZ": -90.0,
			"faces": {
			},
			"children": [
				{
					"name": "Base29",
					"from": [ 0.0, 0.0, 0.0 ],
					"to": [ 2.0, 1.0, 6.0 ],
					"faces": {
						"east": { "texture": "#bark", "uv": [ 4.5, 1.0, 5.5, 7.0 ], "rotation": 90 },
						"west": { "texture": "#bark", "uv": [ 2.0, 1.0, 3.0, 7.0 ], "rotation": 90 },
						"up": { "texture": "#bark", "uv": [ 2.0, 1.0, 4.0, 7.0 ] },
						"down": { "texture": "#bark", "uv": [ 4.0, 1.0, 6.0, 7.0 ] }
					},
					"children": [
						{
							"name": "Cube30",
							"from": [ 2.0, 0.0, 1.0 ],
							"to": [ 3.0, 0.5, 5.0 ],
							"rotationOrigin": [ 2.0, 0.0, 1.0 ],
							"faces": {
								"east": { "texture": "#bark", "uv": [ 2.0, 2.0, 2.5, 6.0 ], "rotation": 90 },
								"west": { "texture": "#bark", "uv": [ 5.0, 2.5, 5.5, 6.5 ], "rotation": 90 },
								"up": { "texture": "#bark", "uv": [ 5.0, 2.0, 6.0, 6.0 ] },
								"down": { "texture": "#bark", "uv": [ 2.0, 1.5, 3.0, 5.5 ] }
							},
							"children": [
								{
									"name": "Cube32",
									"from": [ 0.0, 0.0, 4.0 ],
									"to": [ 0.99, 0.25, 5.0 ],
									"rotationOrigin": [ 0.5, 0.0, 4.0 ],
									"rotationX": -22.5,
									"faces": {
										"east": { "texture": "#bark", "uv": [ 2.0, 1.5, 2.5, 2.5 ], "rotation": 270 },
										"south": { "texture": "#bark", "uv": [ 3.0, 3.0, 3.5, 3.5 ] },
										"up": { "texture": "#bark", "uv": [ 5.5, 3.5, 6.0, 4.5 ] },
										"down": { "texture": "#bark", "uv": [ 5.0, 1.0, 5.5, 2.0 ] }
									}
								},
								{
									"name": "Cube33",
									"from": [ 0.0, 0.25, 4.0 ],
									"to": [ 0.99, 0.5, 4.4 ],
									"rotationOrigin": [ 0.5, 0.0, 4.0 ],
									"rotationX": -22.5,
									"faces": {
										"east": { "texture": "#bark", "uv": [ 2.0, 3.0, 2.5, 3.5 ] },
										"south": { "texture": "#bark", "uv": [ 0.0, 6.5, 0.5, 7.0 ] },
										"up": { "texture": "#bark", "uv": [ 4.0, 6.0, 4.5, 6.5 ] }
									}
								}
							]
						},
						{
							"name": "Cube35",
							"from": [ -1.0, 0.0, 2.0 ],
							"to": [ 0.0, 0.5, 6.0 ],
							"rotationOrigin": [ -1.0, 0.0, 2.0 ],
							"faces": {
								"east": { "texture": "#bark", "uv": [ 1.5, 1.5, 2.0, 5.5 ], "rotation": 90 },
								"west": { "texture": "#bark", "uv": [ 2.0, 2.0, 2.5, 6.0 ], "rotation": 90 },
								"up": { "texture": "#bark", "uv": [ 4.5, 2.5, 5.5, 6.5 ] },
								"down": { "texture": "#bark", "uv": [ 2.0, 2.0, 3.0, 6.0 ] }
							},
							"children": [
								{
									"name": "Cube37",
									"from": [ 0.01, 0.0, 4.0 ],
									"to": [ 1.0, 0.25, 4.75 ],
									"rotationOrigin": [ 0.5, 0.0, 4.0 ],
									"rotationX": -22.5,
									"faces": {
										"south": { "texture": "#bark", "uv": [ 3.0, 0.0, 3.5, 0.5 ] },
										"west": { "texture": "#bark", "uv": [ 5.5, 4.0, 6.0, 4.5 ] },
										"up": { "texture": "#bark", "uv": [ 3.0, 5.5, 3.5, 6.0 ] },
										"down": { "texture": "#bark", "uv": [ 5.5, 6.5, 6.0, 7.0 ] }
									}
								},
								{
									"name": "Cube39",
									"from": [ 0.01, 0.25, 4.0 ],
									"to": [ 1.0, 0.5, 5.25 ],
									"rotationOrigin": [ 0.5, 0.0, 4.0 ],
									"rotationX": -22.5,
									"faces": {
										"east": { "texture": "#bark", "uv": [ 5.5, 2.5, 6.5, 3.0 ] },
										"south": { "texture": "#bark", "uv": [ 4.0, 0.5, 4.5, 1.0 ] },
										"west": { "texture": "#bark", "uv": [ 4.0, 1.5, 5.0, 2.0 ] },
										"up": { "texture": "#bark", "uv": [ 1.5, 1.5, 2.0, 2.5 ] },
										"down": { "texture": "#bark", "uv": [ 2.0, 0.5, 2.5, 1.5 ] }
									}
								}
							]
						}
					]
				},
				{
					"name": "BaseDetail40",
					"from": [ 0.01, 0.0, 6.0 ],
					"to": [ 1.99, 0.33, 7.0 ],
					"rotationOrigin": [ 1.0, 0.0, 6.0 ],
					"rotationX": -22.5,
					"faces": {
						"north": { "texture": "#bark", "uv": [ 2.0, 1.5, 3.5, 2.0 ] },
						"east": { "texture": "#bark", "uv": [ 3.5, 4.0, 4.5, 4.5 ] },
						"south": { "texture": "#bark", "uv": [ 3.0, 5.5, 4.5, 6.0 ] },
						"west": { "texture": "#bark", "uv": [ 0.5, 3.5, 1.5, 4.0 ] },
						"up": { "texture": "#bark", "uv": [ 2.5, 5.0, 4.0, 6.0 ] },
						"down": { "texture": "#bark", "uv": [ 4.0, 2.0, 5.5, 3.0 ] }
					}
				},
				{
					"name": "BaseDetail41",
					"from": [ 0.01, 0.33, 6.0 ],
					"to": [ 1.99, 0.66, 6.75 ],
					"rotationOrigin": [ 1.0, 0.0, 6.0 ],
					"rotationX": -22.5,
					"faces": {
						"north": { "texture": "#bark", "uv": [ 4.5, 1.0, 6.0, 1.5 ] },
						"east": { "texture": "#bark", "uv": [ 5.5, 0.5, 6.0, 1.0 ] },
						"south": { "texture": "#bark", "uv": [ 3.0, 6.5, 4.5, 7.0 ] },
						"west": { "texture": "#bark", "uv": [ 3.5, 5.0, 4.0, 5.5 ] },
						"up": { "texture": "#bark", "uv": [ 0.0, 4.0, 1.5, 4.5 ] },
						"down": { "texture": "#bark", "uv": [ 3.0, 2.5, 4.5, 3.0 ] }
					}
				},
				{
					"name": "BaseDetail42",
					"from": [ 0.01, 0.66, 6.0 ],
					"to": [ 1.99, 0.99, 7.35 ],
					"rotationOrigin": [ 1.0, 0.0, 6.0 ],
					"rotationX": -22.5,
					"faces": {
						"north": { "texture": "#bark", "uv": [ 3.5, 0.0, 5.0, 0.5 ] },
						"east": { "texture": "#bark", "uv": [ 1.0, 5.0, 2.0, 5.5 ] },
						"south": { "texture": "#bark", "uv": [ 1.0, 6.5, 2.5, 7.0 ] },
						"west": { "texture": "#bark", "uv": [ 0.5, 1.5, 1.5, 2.0 ] },
						"up": { "texture": "#bark", "uv": [ 1.0, 5.5, 2.5, 6.5 ] },
						"down": { "texture": "#bark", "uv": [ 3.5, 1.5, 5.0, 2.5 ] }
					}
				}
			]
		},
		{
			"name": "Origin46",
			"from": [ 9.0, 0.0, 9.0 ],
			"to": [ 10.0, 1.0, 10.0 ],
			"rotationOrigin": [ 9.0, 0.0, 9.0 ],
			"rotationX": -90.0,
			"rotationZ": -180.0,
			"faces": {
			},
			"children": [
				{
					"name": "Base47",
					"from": [ 0.0, 0.0, 0.0 ],
					"to": [ 2.0, 1.0, 6.0 ],
					"faces": {
						"east": { "texture": "#bark", "uv": [ 4.5, 1.0, 5.5, 7.0 ], "rotation": 90 },
						"west": { "texture": "#bark", "uv": [ 2.0, 1.0, 3.0, 7.0 ], "rotation": 90 },
						"up": { "texture": "#bark", "uv": [ 2.0, 1.0, 4.0, 7.0 ] },
						"down": { "texture": "#bark", "uv": [ 4.0, 1.0, 6.0, 7.0 ] }
					},
					"children": [
						{
							"name": "Cube48",
							"from": [ 2.0, 0.0, 1.0 ],
							"to": [ 3.0, 0.5, 5.0 ],
							"rotationOrigin": [ 2.0, 0.0, 1.0 ],
							"faces": {
								"east": { "texture": "#bark", "uv": [ 2.0, 2.0, 2.5, 6.0 ], "rotation": 90 },
								"west": { "texture": "#bark", "uv": [ 5.0, 2.5, 5.5, 6.5 ], "rotation": 90 },
								"up": { "texture": "#bark", "uv": [ 5.0, 2.0, 6.0, 6.0 ] },
								"down": { "texture": "#bark", "uv": [ 2.0, 1.5, 3.0, 5.5 ] }
							},
							"children": [
								{
									"name": "Cube50",
									"from": [ 0.0, 0.0, 4.0 ],
									"to": [ 0.99, 0.25, 5.0 ],
									"rotationOrigin": [ 0.5, 0.0, 4.0 ],
									"rotationX": -22.5,
									"faces": {
										"east": { "texture": "#bark", "uv": [ 2.0, 1.5, 2.5, 2.5 ], "rotation": 270 },
										"south": { "texture": "#bark", "uv": [ 3.0, 3.0, 3.5, 3.5 ] },
										"up": { "texture": "#bark", "uv": [ 5.5, 3.5, 6.0, 4.5 ] },
										"down": { "texture": "#bark", "uv": [ 5.0, 1.0, 5.5, 2.0 ] }
									}
								},
								{
									"name": "Cube51",
									"from": [ 0.0, 0.25, 4.0 ],
									"to": [ 0.99, 0.5, 4.4 ],
									"rotationOrigin": [ 0.5, 0.0, 4.0 ],
									"rotationX": -22.5,
									"faces": {
										"east": { "texture": "#bark", "uv": [ 2.0, 3.0, 2.5, 3.5 ] },
										"south": { "texture": "#bark", "uv": [ 0.0, 6.5, 0.5, 7.0 ] },
										"up": { "texture": "#bark", "uv": [ 4.0, 6.0, 4.5, 6.5 ] }
									}
								}
							]
						},
						{
							"name": "Cube53",
							"from": [ -1.0, 0.0, 2.0 ],
							"to": [ 0.0, 0.5, 6.0 ],
							"rotationOrigin": [ -1.0, 0.0, 2.0 ],
							"faces": {
								"east": { "texture": "#bark", "uv": [ 1.5, 1.5, 2.0, 5.5 ], "rotation": 90 },
								"west": { "texture": "#bark", "uv": [ 2.0, 2.0, 2.5, 6.0 ], "rotation": 90 },
								"up": { "texture": "#bark", "uv": [ 4.5, 2.5, 5.5, 6.5 ] },
								"down": { "texture": "#bark", "uv": [ 2.0, 2.0, 3.0, 6.0 ] }
							},
							"children": [
								{
									"name": "Cube55",
									"from": [ 0.01, 0.0, 4.0 ],
									"to": [ 1.0, 0.25, 4.75 ],
									"rotationOrigin": [ 0.5, 0.0, 4.0 ],
									"rotationX": -22.5,
									"faces": {
										"south": { "texture": "#bark", "uv": [ 3.0, 0.0, 3.5, 0.5 ] },
										"west": { "texture": "#bark", "uv": [ 5.5, 4.0, 6.0, 4.5 ] },
										"up": { "texture": "#bark", "uv": [ 3.0, 5.5, 3.5, 6.0 ] },
										"down": { "texture": "#bark", "uv": [ 5.5, 6.5, 6.0, 7.0 ] }
									}
								},
								{
									"name": "Cube57",
									"from": [ 0.01, 0.25, 4.0 ],
									"to": [ 1.0, 0.5, 5.25 ],
									"rotationOrigin": [ 0.5, 0.0, 4.0 ],
									"rotationX": -22.5,
									"faces": {
										"east": { "texture": "#bark", "uv": [ 5.5, 2.5, 6.5, 3.0 ] },
										"south": { "texture": "#bark", "uv": [ 4.0, 0.5, 4.5, 1.0 ] },
										"west": { "texture": "#bark", "uv": [ 4.0, 1.5, 5.0, 2.0 ] },
										"up": { "texture": "#bark", "uv": [ 1.5, 1.5, 2.0, 2.5 ] },
										"down": { "texture": "#bark", "uv": [ 2.0, 0.5, 2.5, 1.5 ] }
									}
								}
							]
						}
					]
				},
				{
					"name": "BaseDetail58",
					"from": [ 0.01, 0.0, 6.0 ],
					"to": [ 1.99, 0.33, 7.0 ],
					"rotationOrigin": [ 1.0, 0.0, 6.0 ],
					"rotationX": -22.5,
					"faces": {
						"north": { "texture": "#bark", "uv": [ 2.0, 1.5, 3.5, 2.0 ] },
						"east": { "texture": "#bark", "uv": [ 3.5, 4.0, 4.5, 4.5 ] },
						"south": { "texture": "#bark", "uv": [ 3.0, 5.5, 4.5, 6.0 ] },
						"west": { "texture": "#bark", "uv": [ 0.5, 3.5, 1.5, 4.0 ] },
						"up": { "texture": "#bark", "uv": [ 2.5, 5.0, 4.0, 6.0 ] },
						"down": { "texture": "#bark", "uv": [ 4.0, 2.0, 5.5, 3.0 ] }
					}
				},
				{
					"name": "BaseDetail59",
					"from": [ 0.01, 0.33, 6.0 ],
					"to": [ 1.99, 0.66, 6.75 ],
					"rotationOrigin": [ 1.0, 0.0, 6.0 ],
					"rotationX": -22.5,
					"faces": {
						"north": { "texture": "#bark", "uv": [ 4.5, 1.0, 6.0, 1.5 ] },
						"east": { "texture": "#bark", "uv": [ 5.5, 0.5, 6.0, 1.0 ] },
						"south": { "texture": "#bark", "uv": [ 3.0, 6.5, 4.5, 7.0 ] },
						"west": { "texture": "#bark", "uv": [ 3.5, 5.0, 4.0, 5.5 ] },
						"up": { "texture": "#bark", "uv": [ 0.0, 4.0, 1.5, 4.5 ] },
						"down": { "texture": "#bark", "uv": [ 3.0, 2.5, 4.5, 3.0 ] }
					}
				},
				{
					"name": "BaseDetail60",
					"from": [ 0.01, 0.66, 6.0 ],
					"to": [ 1.99, 0.99, 7.35 ],
					"rotationOrigin": [ 1.0, 0.0, 6.0 ],
					"rotationX": -22.5,
					"faces": {
						"north": { "texture": "#bark", "uv": [ 3.5, 0.0, 5.0, 0.5 ] },
						"east": { "texture": "#bark", "uv": [ 1.0, 5.0, 2.0, 5.5 ] },
						"south": { "texture": "#bark", "uv": [ 1.0, 6.5, 2.5, 7.0 ] },
						"west": { "texture": "#bark", "uv": [ 0.5, 1.5, 1.5, 2.0 ] },
						"up": { "texture": "#bark", "uv": [ 1.0, 5.5, 2.5, 6.5 ] },
						"down": { "texture": "#bark", "uv": [ 3.5, 1.5, 5.0, 2.5 ] }
					}
				}
			]
		},
		{
			"name": "Origin64",
			"from": [ 7.0, 0.0, 9.0 ],
			"to": [ 8.0, 1.0, 10.0 ],
			"rotationOrigin": [ 7.0, 0.0, 9.0 ],
			"rotationX": -90.0,
			"rotationZ": 90.0,
			"faces": {
			},
			"children": [
				{
					"name": "Base65",
					"from": [ 0.0, 0.0, 0.0 ],
					"to": [ 2.0, 1.0, 6.0 ],
					"faces": {
						"east": { "texture": "#bark", "uv": [ 4.5, 1.0, 5.5, 7.0 ], "rotation": 90 },
						"west": { "texture": "#bark", "uv": [ 2.0, 1.0, 3.0, 7.0 ], "rotation": 90 },
						"up": { "texture": "#bark", "uv": [ 2.0, 1.0, 4.0, 7.0 ] },
						"down": { "texture": "#bark", "uv": [ 4.0, 1.0, 6.0, 7.0 ] }
					},
					"children": [
						{
							"name": "Cube66",
							"from": [ 2.0, 0.0, 1.0 ],
							"to": [ 3.0, 0.5, 5.0 ],
							"rotationOrigin": [ 2.0, 0.0, 1.0 ],
							"faces": {
								"east": { "texture": "#bark", "uv": [ 2.0, 2.0, 2.5, 6.0 ], "rotation": 90 },
								"west": { "texture": "#bark", "uv": [ 5.0, 2.5, 5.5, 6.5 ], "rotation": 90 },
								"up": { "texture": "#bark", "uv": [ 5.0, 2.0, 6.0, 6.0 ] },
								"down": { "texture": "#bark", "uv": [ 2.0, 1.5, 3.0, 5.5 ] }
							},
							"children": [
								{
									"name": "Cube68",
									"from": [ 0.0, 0.0, 4.0 ],
									"to": [ 0.99, 0.25, 5.0 ],
									"rotationOrigin": [ 0.5, 0.0, 4.0 ],
									"rotationX": -22.5,
									"faces": {
										"east": { "texture": "#bark", "uv": [ 2.0, 1.5, 2.5, 2.5 ], "rotation": 270 },
										"south": { "texture": "#bark", "uv": [ 3.0, 3.0, 3.5, 3.5 ] },
										"up": { "texture": "#bark", "uv": [ 5.5, 3.5, 6.0, 4.5 ] },
										"down": { "texture": "#bark", "uv": [ 5.0, 1.0, 5.5, 2.0 ] }
									}
								},
								{
									"name": "Cube69",
									"from": [ 0.0, 0.25, 4.0 ],
									"to": [ 0.99, 0.5, 4.4 ],
									"rotationOrigin": [ 0.5, 0.0, 4.0 ],
									"rotationX": -22.5,
									"faces": {
										"east": { "texture": "#bark", "uv": [ 2.0, 3.0, 2.5, 3.5 ] },
										"south": { "texture": "#bark", "uv": [ 0.0, 6.5, 0.5, 7.0 ] },
										"up": { "texture": "#bark", "uv": [ 4.0, 6.0, 4.5, 6.5 ] }
									}
								}
							]
						},
						{
							"name": "Cube71",
							"from": [ -1.0, 0.0, 2.0 ],
							"to": [ 0.0, 0.5, 6.0 ],
							"rotationOrigin": [ -1.0, 0.0, 2.0 ],
							"faces": {
								"east": { "texture": "#bark", "uv": [ 1.5, 1.5, 2.0, 5.5 ], "rotation": 90 },
								"west": { "texture": "#bark", "uv": [ 2.0, 2.0, 2.5, 6.0 ], "rotation": 90 },
								"up": { "texture": "#bark", "uv": [ 4.5, 2.5, 5.5, 6.5 ] },
								"down": { "texture": "#bark", "uv": [ 2.0, 2.0, 3.0, 6.0 ] }
							},
							"children": [
								{
									"name": "Cube73",
									"from": [ 0.01, 0.0, 4.0 ],
									"to": [ 1.0, 0.25, 4.75 ],
									"rotationOrigin": [ 0.5, 0.0, 4.0 ],
									"rotationX": -22.5,
									"faces": {
										"south": { "texture": "#bark", "uv": [ 3.0, 0.0, 3.5, 0.5 ] },
										"west": { "texture": "#bark", "uv": [ 5.5, 4.0, 6.0, 4.5 ] },
										"up": { "texture": "#bark", "uv": [ 3.0, 5.5, 3.5, 6.0 ] },
										"down": { "texture": "#bark", "uv": [ 5.5, 6.5, 6.0, 7.0 ] }
									}
								},
								{
									"name": "Cube75",
									"from": [ 0.01, 0.25, 4.0 ],
									"to": [ 1.0, 0.5, 5.25 ],
									"rotationOrigin": [ 0.5, 0.0, 4.0 ],
									"rotationX": -22.5,
									"faces": {
										"east": { "texture": "#bark", "uv": [ 5.5, 2.5, 6.5, 3.0 ] },
										"south": { "texture": "#bark", "uv": [ 4.0, 0.5, 4.5, 1.0 ] },
										"west": { "texture": "#bark", "uv": [ 4.0, 1.5, 5.0, 2.0 ] },
										"up": { "texture": "#bark", "uv": [ 1.5, 1.5, 2.0, 2.5 ] },
										"down": { "texture": "#bark", "uv": [ 2.0, 0.5, 2.5, 1.5 ] }
									}
								}
							]
						}
					]
				},
				{
					"name": "BaseDetail76",
					"from": [ 0.01, 0.0, 6.0 ],
					"to": [ 1.99, 0.33, 7.0 ],
					"rotationOrigin": [ 1.0, 0.0, 6.0 ],
					"rotationX": -22.5,
					"faces": {
						"north": { "texture": "#bark", "uv": [ 2.0, 1.5, 3.5, 2.0 ] },
						"east": { "texture": "#bark", "uv": [ 3.5, 4.0, 4.5, 4.5 ] },
						"south": { "texture": "#bark", "uv": [ 3.0, 5.5, 4.5, 6.0 ] },
						"west": { "texture": "#bark", "uv": [ 0.5, 3.5, 1.5, 4.0 ] },
						"up": { "texture": "#bark", "uv": [ 2.5, 5.0, 4.0, 6.0 ] },
						"down": { "texture": "#bark", "uv": [ 4.0, 2.0, 5.5, 3.0 ] }
					}
				},
				{
					"name": "BaseDetail77",
					"from": [ 0.01, 0.33, 6.0 ],
					"to": [ 1.99, 0.66, 6.75 ],
					"rotationOrigin": [ 1.0, 0.0, 6.0 ],
					"rotationX": -22.5,
					"faces": {
						"north": { "texture": "#bark", "uv": [ 4.5, 1.0, 6.0, 1.5 ] },
						"east": { "texture": "#bark", "uv": [ 5.5, 0.5, 6.0, 1.0 ] },
						"south": { "texture": "#bark", "uv": [ 3.0, 6.5, 4.5, 7.0 ] },
						"west": { "texture": "#bark", "uv": [ 3.5, 5.0, 4.0, 5.5 ] },
						"up": { "texture": "#bark", "uv": [ 0.0, 4.0, 1.5, 4.5 ] },
						"down": { "texture": "#bark", "uv": [ 3.0, 2.5, 4.5, 3.0 ] }
					}
				},
				{
					"name": "BaseDetail78",
					"from": [ 0.01, 0.66, 6.0 ],
					"to": [ 1.99, 0.99, 7.35 ],
					"rotationOrigin": [ 1.0, 0.0, 6.0 ],
					"rotationX": -22.5,
					"faces": {
						"north": { "texture": "#bark", "uv": [ 3.5, 0.0, 5.0, 0.5 ] },
						"east": { "texture": "#bark", "uv": [ 1.0, 5.0, 2.0, 5.5 ] },
						"south": { "texture": "#bark", "uv": [ 1.0, 6.5, 2.5, 7.0 ] },
						"west": { "texture": "#bark", "uv": [ 0.5, 1.5, 1.5, 2.0 ] },
						"up": { "texture": "#bark", "uv": [ 1.0, 5.5, 2.5, 6.5 ] },
						"down": { "texture": "#bark", "uv": [ 3.5, 1.5, 5.0, 2.5 ] }
					}
				}
			]
		},
		{
			"name": "Origin82",
			"from": [ 5.0, 1.0, 10.0 ],
			"to": [ 6.0, 2.0, 11.0 ],
			"rotationOrigin": [ 5.0, 1.0, 10.0 ],
			"rotationX": -90.0,
			"rotationY": 90.0,
			"rotationZ": 90.0,
			"faces": {
			},
			"children": [
				{
					"name": "Base83",
					"from": [ 0.0, 0.0, 0.0 ],
					"to": [ 2.0, 0.5, 6.0 ],
					"faces": {
						"east": { "texture": "#bark", "uv": [ 4.5, 1.0, 5.0, 7.0 ], "rotation": 90 },
						"west": { "texture": "#bark", "uv": [ 2.0, 1.0, 2.5, 7.0 ], "rotation": 90 },
						"up": { "texture": "#bark", "uv": [ 2.0, 1.0, 4.0, 7.0 ] },
						"down": { "texture": "#bark", "uv": [ 4.0, 1.0, 6.0, 7.0 ] }
					}
				}
			]
		},
		{
			"name": "Origin84",
			"from": [ 5.0, 1.5, 8.0 ],
			"to": [ 6.0, 2.5, 9.0 ],
			"rotationOrigin": [ 5.0, 2.0, 8.0 ],
			"rotationX": -90.0,
			"rotationY": 90.0,
			"rotationZ": 90.0,
			"faces": {
			},
			"children": [
				{
					"name": "Base85",
					"from": [ 0.0, 0.0, 0.0 ],
					"to": [ 2.0, 0.5, 6.0 ],
					"faces": {
						"east": { "texture": "#bark", "uv": [ 4.5, 1.0, 5.0, 7.0 ], "rotation": 90 },
						"west": { "texture": "#bark", "uv": [ 2.0, 1.0, 2.5, 7.0 ], "rotation": 90 },
						"up": { "texture": "#bark", "uv": [ 2.0, 1.0, 4.0, 7.0 ] },
						"down": { "texture": "#bark", "uv": [ 4.0, 1.0, 6.0, 7.0 ] }
					}
				}
			]
		},
		{
			"name": "Origin86",
			"from": [ 5.0, 2.0, 10.0 ],
			"to": [ 6.0, 3.0, 11.0 ],
			"rotationOrigin": [ 5.0, 3.0, 10.0 ],
			"rotationX": -90.0,
			"rotationY": 90.0,
			"rotationZ": 90.0,
			"faces": {
			},
			"children": [
				{
					"name": "Base87",
					"from": [ 0.0, 0.0, 0.0 ],
					"to": [ 2.0, 0.5, 6.0 ],
					"faces": {
						"east": { "texture": "#bark", "uv": [ 4.5, 1.0, 5.0, 7.0 ], "rotation": 90 },
						"west": { "texture": "#bark", "uv": [ 2.0, 1.0, 2.5, 7.0 ], "rotation": 90 },
						"up": { "texture": "#bark", "uv": [ 2.0, 1.0, 4.0, 7.0 ] },
						"down": { "texture": "#bark", "uv": [ 4.0, 1.0, 6.0, 7.0 ] }
					}
				}
			]
		},
		{
			"name": "Origin88",
			"from": [ 5.0, 2.5, 8.0 ],
			"to": [ 6.0, 3.5, 9.0 ],
			"rotationOrigin": [ 5.0, 4.0, 8.0 ],
			"rotationX": -90.0,
			"rotationY": 90.0,
			"rotationZ": 90.0,
			"faces": {
			},
			"children": [
				{
					"name": "Base89",
					"from": [ 0.0, 0.0, 0.0 ],
					"to": [ 2.0, 0.5, 6.0 ],
					"faces": {
						"east": { "texture": "#bark", "uv": [ 4.5, 1.0, 5.0, 7.0 ], "rotation": 90 },
						"west": { "texture": "#bark", "uv": [ 2.0, 1.0, 2.5, 7.0 ], "rotation": 90 },
						"up": { "texture": "#bark", "uv": [ 2.0, 1.0, 4.0, 7.0 ] },
						"down": { "texture": "#bark", "uv": [ 4.0, 1.0, 6.0, 7.0 ] }
					}
				}
			]
		},
		{
			"name": "oil4",
			"from": [ 5.0, 4.25, 5.0 ],
			"to": [ 11.0, 4.75, 11.0 ],
			"rotationOrigin": [ 5.0, 4.0, 5.0 ],
			"faces": {
				"up": { "texture": "#animalfat", "uv": [ 1.5, 2.0, 7.5, 8.0 ] }
			}
		},
		{
			"name": "floor",
			"from": [ 5.0, 0.0, 5.0 ],
			"to": [ 11.0, 0.5, 11.0 ],
			"rotationOrigin": [ 8.0, 0.0, 8.0 ],
			"faces": {
				"north": { "texture": "#ceramic", "uv": [ 0.5, 12.0, 6.5, 12.5 ] },
				"east": { "texture": "#ceramic", "uv": [ 0.5, 12.0, 6.5, 12.5 ] },
				"south": { "texture": "#ceramic", "uv": [ 0.5, 12.0, 6.5, 12.5 ] },
				"west": { "texture": "#ceramic", "uv": [ 0.5, 12.0, 6.5, 12.5 ] },
				"up": { "texture": "#ceramic", "uv": [ 8.5, 0.0, 14.5, 6.0 ] },
				"down": { "texture": "#ceramic", "uv": [ 8.5, 10.0, 14.5, 16.0 ] }
			},
			"children": [
				{
					"name": "N",
					"from": [ -0.5, 0.5, -0.5 ],
					"to": [ 6.5, 4.5, 0.5 ],
					"rotationOrigin": [ -0.5, 0.5, -0.5 ],
					"faces": {
						"north": { "texture": "#ceramic", "uv": [ 0.0, 8.0, 7.0, 12.0 ] },
						"south": { "texture": "#ceramic", "uv": [ 0.0, 8.0, 7.0, 12.0 ] },
						"up": { "texture": "#ceramic", "uv": [ 0.0, 2.0, 7.0, 3.0 ] },
						"down": { "texture": "#ceramic", "uv": [ 0.0, 11.0, 7.0, 12.0 ] }
					}
				},
				{
					"name": "S",
					"from": [ -0.5, 0.5, 5.5 ],
					"to": [ 6.5, 4.5, 6.5 ],
					"rotationOrigin": [ -0.5, 0.5, 6.5 ],
					"faces": {
						"north": { "texture": "#ceramic", "uv": [ 0.0, 8.0, 7.0, 12.0 ] },
						"south": { "texture": "#ceramic", "uv": [ 0.0, 8.0, 7.0, 12.0 ] },
						"up": { "texture": "#ceramic", "uv": [ 0.0, 8.0, 7.0, 9.0 ], "rotation": 180, "windMode": [-1,-1,-1,-1] },
						"down": { "texture": "#ceramic", "uv": [ 0.0, 11.0, 7.0, 12.0 ], "windMode": [-1,-1,-1,-1] }
					}
				},
				{
					"name": "W-sides",
					"from": [ -0.5, 0.5, -0.5 ],
					"to": [ 0.5, 4.5, 6.5 ],
					"rotationOrigin": [ -0.5, 0.5, -0.5 ],
					"faces": {
						"east": { "texture": "#ceramic", "uv": [ 0.0, 2.0, 7.0, 6.0 ] },
						"west": { "texture": "#ceramic", "uv": [ 0.0, 2.0, 7.0, 6.0 ] }
					},
					"children": [
						{
							"name": "W-TB",
							"from": [ 0.0, 0.0, 1.0 ],
							"to": [ 1.0, 4.0, 6.0 ],
							"rotationOrigin": [ 0.0, 0.0, 1.0 ],
							"faces": {
								"up": { "texture": "#ceramic", "uv": [ 1.0, 1.5, 6.0, 2.5 ], "rotation": 90 },
								"down": { "texture": "#ceramic", "uv": [ 1.0, 5.0, 6.0, 6.0 ], "rotation": 90 }
							}
						}
					]
				},
				{
					"name": "E-sides",
					"from": [ 5.5, 0.5, -0.5 ],
					"to": [ 6.5, 4.5, 6.5 ],
					"rotationOrigin": [ 3.0, 0.0, -1.0 ],
					"faces": {
						"east": { "texture": "#ceramic", "uv": [ 0.0, 2.0, 7.0, 6.0 ] },
						"west": { "texture": "#ceramic", "uv": [ 0.0, 8.0, 7.0, 12.0 ] }
					},
					"children": [
						{
							"name": "E-TB",
							"from": [ 0.0, 0.0, 1.0 ],
							"to": [ 1.0, 4.0, 6.0 ],
							"rotationOrigin": [ -2.5, -0.5, 0.5 ],
							"faces": {
								"up": { "texture": "#ceramic", "uv": [ 1.0, 2.0, 6.0, 3.0 ], "rotation": 90 },
								"down": { "texture": "#ceramic", "uv": [ 1.0, 11.0, 6.0, 12.0 ], "rotation": 90 }
							}
						}
					]
				},
				{
					"name": "N neck",
					"from": [ 0.0, 4.5, 0.0 ],
					"to": [ 6.0, 5.5, 1.0 ],
					"faces": {
						"north": { "texture": "#ceramic", "uv": [ 0.5, 7.0, 6.5, 8.0 ] },
						"east": { "texture": "#ceramic", "uv": [ 5.5, 1.0, 6.5, 2.0 ] },
						"south": { "texture": "#ceramic", "uv": [ 0.5, 1.0, 6.5, 2.0 ] },
						"west": { "texture": "#ceramic", "uv": [ 0.5, 1.0, 1.5, 2.0 ] },
						"up": { "texture": "#ceramic", "uv": [ 8.5, 0.0, 14.5, 1.0 ] },
						"down": { "texture": "#ceramic", "uv": [ 0.5, 5.0, 6.5, 6.0 ] }
					}
				},
				{
					"name": "S neck",
					"from": [ 0.0, 4.5, 5.0 ],
					"to": [ 6.0, 5.5, 6.0 ],
					"faces": {
						"north": { "texture": "#ceramic", "uv": [ 0.5, 7.0, 6.5, 8.0 ] },
						"east": { "texture": "#ceramic", "uv": [ 0.5, 7.0, 1.5, 8.0 ] },
						"south": { "texture": "#ceramic", "uv": [ 0.5, 7.0, 6.5, 8.0 ] },
						"west": { "texture": "#ceramic", "uv": [ 5.5, 7.0, 6.5, 8.0 ] },
						"up": { "texture": "#ceramic", "uv": [ 8.5, 5.0, 14.5, 6.0 ] },
						"down": { "texture": "#ceramic", "uv": [ 0.5, 4.5, 6.5, 5.5 ] }
					}
				},
				{
					"name": "W neck",
					"from": [ 0.0, 4.5, 1.0 ],
					"to": [ 1.0, 5.5, 5.0 ],
					"faces": {
						"east": { "texture": "#ceramic", "uv": [ 1.5, 1.0, 5.5, 2.0 ] },
						"west": { "texture": "#ceramic", "uv": [ 1.5, 1.0, 5.5, 2.0 ] },
						"up": { "texture": "#ceramic", "uv": [ 8.5, 1.0, 9.5, 5.0 ] },
						"down": { "texture": "#ceramic", "uv": [ 1.5, 10.5, 5.5, 11.5 ], "rotation": 90 }
					}
				},
				{
					"name": "E neck",
					"from": [ 5.0, 4.5, 1.0 ],
					"to": [ 6.0, 5.5, 5.0 ],
					"faces": {
						"east": { "texture": "#ceramic", "uv": [ 1.5, 1.0, 5.5, 2.0 ] },
						"west": { "texture": "#ceramic", "uv": [ 1.5, 1.0, 5.5, 2.0 ] },
						"up": { "texture": "#ceramic", "uv": [ 13.5, 1.0, 14.5, 5.0 ] },
						"down": { "texture": "#ceramic", "uv": [ 1.5, 5.0, 5.5, 6.0 ], "rotation": 90 }
					}
				}
			]
		}
	]}