{
	"editor": {
		"allAngles": false,
		"entityTextureMode": false
	},
	"textureWidth": 16,
	"textureHeight": 16,
	"textureSizes": {
	},
	"textures": {
	},
	"elements": [
		{
			"name": "hardwax_base_4",
			"from": [ 6.0, 4.0, 6.0 ],
			"to": [ 10.0, 5.0, 10.0 ],
			"rotationOrigin": [ 6.0, 4.0, 6.0 ],
			"faces": {
				"up": { "texture": "#wax", "uv": [ 6.0, 7.5, 10.0, 11.5 ] }
			},
			"children": [
				{
					"name": "waxdetail1",
					"from": [ 1.5, 1.0, 2.0 ],
					"to": [ 3.5, 1.4, 3.0 ],
					"rotationOrigin": [ 1.0, 1.0, 2.0 ],
					"faces": {
						"north": { "texture": "#wax", "uv": [ 7.0, 4.0, 9.0, 4.5 ] },
						"east": { "texture": "#wax", "uv": [ 14.0, 2.0, 15.0, 2.5 ] },
						"south": { "texture": "#wax", "uv": [ 10.0, 14.5, 12.0, 15.0 ] },
						"west": { "texture": "#wax", "uv": [ 5.0, 12.0, 6.0, 12.5 ] },
						"up": { "texture": "#wax", "uv": [ 3.5, 12.5, 5.5, 13.5 ] }
					},
					"children": [
						{
							"name": "waxdetail3",
							"from": [ 0.0, 0.4, 0.0 ],
							"to": [ 1.4, 0.7, 1.0 ],
							"rotationOrigin": [ -0.5, 0.0, 0.0 ],
							"faces": {
								"north": { "texture": "#wax", "uv": [ 2.5, 8.0, 3.5, 8.5 ] },
								"east": { "texture": "#wax", "uv": [ 9.5, 5.5, 10.5, 6.0 ] },
								"south": { "texture": "#wax", "uv": [ 11.5, 14.0, 12.5, 14.5 ] },
								"west": { "texture": "#wax", "uv": [ 11.5, 11.0, 12.5, 11.5 ] },
								"up": { "texture": "#wax", "uv": [ 8.5, 6.0, 9.5, 7.0 ] }
							}
						},
						{
							"name": "waxdetail4",
							"from": [ 0.0, 0.0, -1.0 ],
							"to": [ 1.0, 0.25, 0.0 ],
							"rotationOrigin": [ -0.5, 0.0, 0.0 ],
							"faces": {
								"north": { "texture": "#wax", "uv": [ 6.5, 13.0, 7.5, 13.5 ] },
								"east": { "texture": "#wax", "uv": [ 2.0, 8.5, 3.0, 9.0 ] },
								"west": { "texture": "#wax", "uv": [ 7.0, 13.5, 8.0, 14.0 ] },
								"up": { "texture": "#wax", "uv": [ 10.5, 13.5, 11.5, 14.5 ] }
							}
						}
					]
				},
				{
					"name": "waxdetail2",
					"from": [ 0.5, 1.0, 3.0 ],
					"to": [ 1.9, 1.24, 4.0 ],
					"rotationOrigin": [ 0.0, 1.0, 3.0 ],
					"rotationY": 90.0,
					"faces": {
						"east": { "texture": "#wax", "uv": [ 11.0, 15.0, 12.0, 15.5 ] },
						"south": { "texture": "#wax", "uv": [ 1.5, 1.5, 2.5, 2.0 ] },
						"west": { "texture": "#wax", "uv": [ 5.0, 5.5, 6.0, 6.0 ] },
						"up": { "texture": "#wax", "uv": [ 14.5, 12.5, 15.5, 13.5 ] }
					},
					"children": [
						{
							"name": "waxdetail15",
							"from": [ -0.65, 0.0, 0.0 ],
							"to": [ 0.0, 0.1, 0.6 ],
							"rotationOrigin": [ -0.5, 0.0, 0.0 ],
							"faces": {
								"south": { "texture": "#wax", "uv": [ 3.5, 4.5, 4.0, 5.0 ] },
								"west": { "texture": "#wax", "uv": [ 1.0, 0.0, 1.5, 0.5 ] },
								"up": { "texture": "#wax", "uv": [ 14.0, 15.0, 14.5, 15.5 ] }
							}
						}
					]
				},
				{
					"name": "waxdetail5",
					"from": [ 1.0, 1.0, 3.6 ],
					"to": [ 4.0, 1.3, 4.1 ],
					"rotationOrigin": [ 1.0, 1.0, 3.0 ],
					"faces": {
						"north": { "texture": "#wax", "uv": [ 2.0, 12.0, 5.0, 12.5 ] },
						"west": { "texture": "#wax", "uv": [ 5.0, 6.0, 5.5, 6.5 ] },
						"up": { "texture": "#wax", "uv": [ 9.0, 13.0, 12.0, 13.5 ] }
					},
					"children": [
						{
							"name": "waxdetail17",
							"from": [ 3.0, 0.0, -0.5 ],
							"to": [ 4.0, 0.3, 0.0 ],
							"rotationOrigin": [ 3.0, 0.0, 0.0 ],
							"rotationY": 90.0,
							"faces": {
								"north": { "texture": "#wax", "uv": [ 7.0, 9.5, 8.0, 10.0 ] },
								"east": { "texture": "#wax", "uv": [ 10.5, 14.5, 11.0, 15.0 ] },
								"up": { "texture": "#wax", "uv": [ 9.5, 3.5, 10.5, 4.0 ] }
							}
						}
					]
				},
				{
					"name": "waxdetail18",
					"from": [ 3.0, 1.0, 0.6 ],
					"to": [ 3.6, 1.22, 1.1 ],
					"rotationOrigin": [ 3.0, 1.0, 2.6 ],
					"faces": {
						"north": { "texture": "#wax", "uv": [ 12.0, 15.0, 12.5, 15.5 ] },
						"east": { "texture": "#wax", "uv": [ 9.5, 15.0, 10.0, 15.5 ] },
						"south": { "texture": "#wax", "uv": [ 12.5, 15.0, 13.0, 15.5 ] },
						"west": { "texture": "#wax", "uv": [ 6.5, 7.0, 7.0, 7.5 ] },
						"up": { "texture": "#wax", "uv": [ 6.5, 1.0, 7.0, 1.5 ] }
					}
				}
			]
		},
		{
			"name": "floor",
			"from": [ 5.0, 0.0, 5.0 ],
			"to": [ 11.0, 0.5, 11.0 ],
			"rotationOrigin": [ 8.0, 0.0, 8.0 ],
			"faces": {
				"north": { "texture": "#ceramic", "uv": [ 0.5, 12.0, 6.5, 12.5 ] },
				"east": { "texture": "#ceramic", "uv": [ 0.5, 12.0, 6.5, 12.5 ] },
				"south": { "texture": "#ceramic", "uv": [ 0.5, 12.0, 6.5, 12.5 ] },
				"west": { "texture": "#ceramic", "uv": [ 0.5, 12.0, 6.5, 12.5 ] },
				"up": { "texture": "#ceramic", "uv": [ 8.5, 0.0, 14.5, 6.0 ] },
				"down": { "texture": "#ceramic", "uv": [ 8.5, 10.0, 14.5, 16.0 ] }
			},
			"children": [
				{
					"name": "N",
					"from": [ -0.5, 0.5, -0.5 ],
					"to": [ 6.5, 4.5, 0.5 ],
					"rotationOrigin": [ -0.5, 0.5, -0.5 ],
					"faces": {
						"north": { "texture": "#ceramic", "uv": [ 0.0, 8.0, 7.0, 12.0 ] },
						"south": { "texture": "#ceramic", "uv": [ 0.0, 8.0, 7.0, 12.0 ] },
						"up": { "texture": "#ceramic", "uv": [ 0.0, 2.0, 7.0, 3.0 ] },
						"down": { "texture": "#ceramic", "uv": [ 0.0, 11.0, 7.0, 12.0 ] }
					}
				},
				{
					"name": "S",
					"from": [ -0.5, 0.5, 5.5 ],
					"to": [ 6.5, 4.5, 6.5 ],
					"rotationOrigin": [ -0.5, 0.5, 6.5 ],
					"faces": {
						"north": { "texture": "#ceramic", "uv": [ 0.0, 8.0, 7.0, 12.0 ] },
						"south": { "texture": "#ceramic", "uv": [ 0.0, 8.0, 7.0, 12.0 ] },
						"up": { "texture": "#ceramic", "uv": [ 0.0, 8.0, 7.0, 9.0 ], "rotation": 180, "windMode": [-1,-1,-1,-1] },
						"down": { "texture": "#ceramic", "uv": [ 0.0, 11.0, 7.0, 12.0 ], "windMode": [-1,-1,-1,-1] }
					}
				},
				{
					"name": "W-sides",
					"from": [ -0.5, 0.5, -0.5 ],
					"to": [ 0.5, 4.5, 6.5 ],
					"rotationOrigin": [ -0.5, 0.5, -0.5 ],
					"faces": {
						"east": { "texture": "#ceramic", "uv": [ 0.0, 2.0, 7.0, 6.0 ] },
						"west": { "texture": "#ceramic", "uv": [ 0.0, 2.0, 7.0, 6.0 ] }
					},
					"children": [
						{
							"name": "W-TB",
							"from": [ 0.0, 0.0, 1.0 ],
							"to": [ 1.0, 4.0, 6.0 ],
							"rotationOrigin": [ 0.0, 0.0, 1.0 ],
							"faces": {
								"up": { "texture": "#ceramic", "uv": [ 1.0, 1.5, 6.0, 2.5 ], "rotation": 90 },
								"down": { "texture": "#ceramic", "uv": [ 1.0, 5.0, 6.0, 6.0 ], "rotation": 90 }
							}
						}
					]
				},
				{
					"name": "E-sides",
					"from": [ 5.5, 0.5, -0.5 ],
					"to": [ 6.5, 4.5, 6.5 ],
					"rotationOrigin": [ 3.0, 0.0, -1.0 ],
					"faces": {
						"east": { "texture": "#ceramic", "uv": [ 0.0, 2.0, 7.0, 6.0 ] },
						"west": { "texture": "#ceramic", "uv": [ 0.0, 8.0, 7.0, 12.0 ] }
					},
					"children": [
						{
							"name": "E-TB",
							"from": [ 0.0, 0.0, 1.0 ],
							"to": [ 1.0, 4.0, 6.0 ],
							"rotationOrigin": [ -2.5, -0.5, 0.5 ],
							"faces": {
								"up": { "texture": "#ceramic", "uv": [ 1.0, 2.0, 6.0, 3.0 ], "rotation": 90 },
								"down": { "texture": "#ceramic", "uv": [ 1.0, 11.0, 6.0, 12.0 ], "rotation": 90 }
							}
						}
					]
				},
				{
					"name": "N neck",
					"from": [ 0.0, 4.5, 0.0 ],
					"to": [ 6.0, 5.5, 1.0 ],
					"faces": {
						"north": { "texture": "#ceramic", "uv": [ 0.5, 7.0, 6.5, 8.0 ] },
						"east": { "texture": "#ceramic", "uv": [ 5.5, 1.0, 6.5, 2.0 ] },
						"south": { "texture": "#ceramic", "uv": [ 0.5, 1.0, 6.5, 2.0 ] },
						"west": { "texture": "#ceramic", "uv": [ 0.5, 1.0, 1.5, 2.0 ] },
						"up": { "texture": "#ceramic", "uv": [ 8.5, 0.0, 14.5, 1.0 ] },
						"down": { "texture": "#ceramic", "uv": [ 0.5, 5.0, 6.5, 6.0 ] }
					}
				},
				{
					"name": "S neck",
					"from": [ 0.0, 4.5, 5.0 ],
					"to": [ 6.0, 5.5, 6.0 ],
					"faces": {
						"north": { "texture": "#ceramic", "uv": [ 0.5, 7.0, 6.5, 8.0 ] },
						"east": { "texture": "#ceramic", "uv": [ 0.5, 7.0, 1.5, 8.0 ] },
						"south": { "texture": "#ceramic", "uv": [ 0.5, 7.0, 6.5, 8.0 ] },
						"west": { "texture": "#ceramic", "uv": [ 5.5, 7.0, 6.5, 8.0 ] },
						"up": { "texture": "#ceramic", "uv": [ 8.5, 5.0, 14.5, 6.0 ] },
						"down": { "texture": "#ceramic", "uv": [ 0.5, 4.5, 6.5, 5.5 ] }
					}
				},
				{
					"name": "W neck",
					"from": [ 0.0, 4.5, 1.0 ],
					"to": [ 1.0, 5.5, 5.0 ],
					"faces": {
						"east": { "texture": "#ceramic", "uv": [ 1.5, 1.0, 5.5, 2.0 ] },
						"west": { "texture": "#ceramic", "uv": [ 1.5, 1.0, 5.5, 2.0 ] },
						"up": { "texture": "#ceramic", "uv": [ 8.5, 1.0, 9.5, 5.0 ] },
						"down": { "texture": "#ceramic", "uv": [ 1.5, 10.5, 5.5, 11.5 ], "rotation": 90 }
					}
				},
				{
					"name": "E neck",
					"from": [ 5.0, 4.5, 1.0 ],
					"to": [ 6.0, 5.5, 5.0 ],
					"faces": {
						"east": { "texture": "#ceramic", "uv": [ 1.5, 1.0, 5.5, 2.0 ] },
						"west": { "texture": "#ceramic", "uv": [ 1.5, 1.0, 5.5, 2.0 ] },
						"up": { "texture": "#ceramic", "uv": [ 13.5, 1.0, 14.5, 5.0 ] },
						"down": { "texture": "#ceramic", "uv": [ 1.5, 5.0, 5.5, 6.0 ], "rotation": 90 }
					}
				}
			]
		}
	]}