{
	"editor": {
		"allAngles": false,
		"entityTextureMode": false
	},
	"textureWidth": 16,
	"textureHeight": 16,
	"textureSizes": {
	},
	"textures": {
	},
	"elements": [
		{
			"name": "softwax_base",
			"from": [ 5.0, 2.0, 5.0 ],
			"to": [ 11.0, 3.0, 11.0 ],
			"rotationOrigin": [ 5.0, 2.0, 5.0 ],
			"faces": {
				"up": { "texture": "#wax", "uv": [ 1.0, 1.5, 7.0, 7.5 ] }
			}
		},
		{
			"name": "floor",
			"from": [ 5.0, 0.0, 5.0 ],
			"to": [ 11.0, 0.5, 11.0 ],
			"rotationOrigin": [ 8.0, 0.0, 8.0 ],
			"faces": {
				"north": { "texture": "#ceramic", "uv": [ 0.5, 12.0, 6.5, 12.5 ] },
				"east": { "texture": "#ceramic", "uv": [ 0.5, 12.0, 6.5, 12.5 ] },
				"south": { "texture": "#ceramic", "uv": [ 0.5, 12.0, 6.5, 12.5 ] },
				"west": { "texture": "#ceramic", "uv": [ 0.5, 12.0, 6.5, 12.5 ] },
				"up": { "texture": "#ceramic", "uv": [ 8.5, 0.0, 14.5, 6.0 ] },
				"down": { "texture": "#ceramic", "uv": [ 8.5, 10.0, 14.5, 16.0 ] }
			},
			"children": [
				{
					"name": "N",
					"from": [ -0.5, 0.5, -0.5 ],
					"to": [ 6.5, 4.5, 0.5 ],
					"rotationOrigin": [ -0.5, 0.5, -0.5 ],
					"faces": {
						"north": { "texture": "#ceramic", "uv": [ 0.0, 8.0, 7.0, 12.0 ] },
						"south": { "texture": "#ceramic", "uv": [ 0.0, 8.0, 7.0, 12.0 ] },
						"up": { "texture": "#ceramic", "uv": [ 0.0, 2.0, 7.0, 3.0 ] },
						"down": { "texture": "#ceramic", "uv": [ 0.0, 11.0, 7.0, 12.0 ] }
					}
				},
				{
					"name": "S",
					"from": [ -0.5, 0.5, 5.5 ],
					"to": [ 6.5, 4.5, 6.5 ],
					"rotationOrigin": [ -0.5, 0.5, 6.5 ],
					"faces": {
						"north": { "texture": "#ceramic", "uv": [ 0.0, 8.0, 7.0, 12.0 ] },
						"south": { "texture": "#ceramic", "uv": [ 0.0, 8.0, 7.0, 12.0 ] },
						"up": { "texture": "#ceramic", "uv": [ 0.0, 8.0, 7.0, 9.0 ], "rotation": 180, "windMode": [-1,-1,-1,-1] },
						"down": { "texture": "#ceramic", "uv": [ 0.0, 11.0, 7.0, 12.0 ], "windMode": [-1,-1,-1,-1] }
					}
				},
				{
					"name": "W-sides",
					"from": [ -0.5, 0.5, -0.5 ],
					"to": [ 0.5, 4.5, 6.5 ],
					"rotationOrigin": [ -0.5, 0.5, -0.5 ],
					"faces": {
						"east": { "texture": "#ceramic", "uv": [ 0.0, 2.0, 7.0, 6.0 ] },
						"west": { "texture": "#ceramic", "uv": [ 0.0, 2.0, 7.0, 6.0 ] }
					},
					"children": [
						{
							"name": "W-TB",
							"from": [ 0.0, 0.0, 1.0 ],
							"to": [ 1.0, 4.0, 6.0 ],
							"rotationOrigin": [ 0.0, 0.0, 1.0 ],
							"faces": {
								"up": { "texture": "#ceramic", "uv": [ 1.0, 1.5, 6.0, 2.5 ], "rotation": 90 },
								"down": { "texture": "#ceramic", "uv": [ 1.0, 5.0, 6.0, 6.0 ], "rotation": 90 }
							}
						}
					]
				},
				{
					"name": "E-sides",
					"from": [ 5.5, 0.5, -0.5 ],
					"to": [ 6.5, 4.5, 6.5 ],
					"rotationOrigin": [ 3.0, 0.0, -1.0 ],
					"faces": {
						"east": { "texture": "#ceramic", "uv": [ 0.0, 2.0, 7.0, 6.0 ] },
						"west": { "texture": "#ceramic", "uv": [ 0.0, 8.0, 7.0, 12.0 ] }
					},
					"children": [
						{
							"name": "E-TB",
							"from": [ 0.0, 0.0, 1.0 ],
							"to": [ 1.0, 4.0, 6.0 ],
							"rotationOrigin": [ -2.5, -0.5, 0.5 ],
							"faces": {
								"up": { "texture": "#ceramic", "uv": [ 1.0, 2.0, 6.0, 3.0 ], "rotation": 90 },
								"down": { "texture": "#ceramic", "uv": [ 1.0, 11.0, 6.0, 12.0 ], "rotation": 90 }
							}
						}
					]
				},
				{
					"name": "N neck",
					"from": [ 0.0, 4.5, 0.0 ],
					"to": [ 6.0, 5.5, 1.0 ],
					"faces": {
						"north": { "texture": "#ceramic", "uv": [ 0.5, 7.0, 6.5, 8.0 ] },
						"east": { "texture": "#ceramic", "uv": [ 5.5, 1.0, 6.5, 2.0 ] },
						"south": { "texture": "#ceramic", "uv": [ 0.5, 1.0, 6.5, 2.0 ] },
						"west": { "texture": "#ceramic", "uv": [ 0.5, 1.0, 1.5, 2.0 ] },
						"up": { "texture": "#ceramic", "uv": [ 8.5, 0.0, 14.5, 1.0 ] },
						"down": { "texture": "#ceramic", "uv": [ 0.5, 5.0, 6.5, 6.0 ] }
					}
				},
				{
					"name": "S neck",
					"from": [ 0.0, 4.5, 5.0 ],
					"to": [ 6.0, 5.5, 6.0 ],
					"faces": {
						"north": { "texture": "#ceramic", "uv": [ 0.5, 7.0, 6.5, 8.0 ] },
						"east": { "texture": "#ceramic", "uv": [ 0.5, 7.0, 1.5, 8.0 ] },
						"south": { "texture": "#ceramic", "uv": [ 0.5, 7.0, 6.5, 8.0 ] },
						"west": { "texture": "#ceramic", "uv": [ 5.5, 7.0, 6.5, 8.0 ] },
						"up": { "texture": "#ceramic", "uv": [ 8.5, 5.0, 14.5, 6.0 ] },
						"down": { "texture": "#ceramic", "uv": [ 0.5, 4.5, 6.5, 5.5 ] }
					}
				},
				{
					"name": "W neck",
					"from": [ 0.0, 4.5, 1.0 ],
					"to": [ 1.0, 5.5, 5.0 ],
					"faces": {
						"east": { "texture": "#ceramic", "uv": [ 1.5, 1.0, 5.5, 2.0 ] },
						"west": { "texture": "#ceramic", "uv": [ 1.5, 1.0, 5.5, 2.0 ] },
						"up": { "texture": "#ceramic", "uv": [ 8.5, 1.0, 9.5, 5.0 ] },
						"down": { "texture": "#ceramic", "uv": [ 1.5, 10.5, 5.5, 11.5 ], "rotation": 90 }
					}
				},
				{
					"name": "E neck",
					"from": [ 5.0, 4.5, 1.0 ],
					"to": [ 6.0, 5.5, 5.0 ],
					"faces": {
						"east": { "texture": "#ceramic", "uv": [ 1.5, 1.0, 5.5, 2.0 ] },
						"west": { "texture": "#ceramic", "uv": [ 1.5, 1.0, 5.5, 2.0 ] },
						"up": { "texture": "#ceramic", "uv": [ 13.5, 1.0, 14.5, 5.0 ] },
						"down": { "texture": "#ceramic", "uv": [ 1.5, 5.0, 5.5, 6.0 ], "rotation": 90 }
					}
				}
			]
		}
	]}