{
	"editor": {
		"collapsedPaths": "Root/Waist-Quiver/Belt,Root/Bow,Root/root/Sheath/sheath_0/Sowrd,Root/Waist-Quiver/Quiver,Root/Sowrd/Handle,Root/Waist-Quiver/Saydak,Root/Waist-Quiver/Sheath/sheath_0,Root/root/Sheath/sheath_0/sheath_4,Root/Waist-Quiver/Sheath/sheath_0/Sowrd/Handle2,Root/root/Sheath/sheath_0/sheath_5,Root/Waist-Quiver/Quiver/arrow_3,Root/Waist-Quiver/Quiver/arrow_2,Root/Waist-Quiver/Quiver/arrow_1,Root/Waist-Quiver/Bow,Root/Waist/buckle-bottom,Root/Waist-Quiver/Quiver/arrow_0,Root/Waist-Quiver/Sheath/sheath_0/Handle2/Guard_2,Root/Sowrd/Metal,Root/Waist-Belt/Sheath",
		"allAngles": true,
		"entityTextureMode": false
	},
	"textureWidth": 16,
	"textureHeight": 16,
	"textureSizes": {
	},
	"textures": {
		"belt-waist-plain-material": "game:block/leather/plain",
		"blackguardsword-blade": "game:block/metal/plate/iron",
		"belt-waist-plain-metal": "game:block/metal/plate/iron"
	},
	"elements": [
		{
			"name": "root",
			"from": [ 0.0, 0.0, 0.0 ],
			"to": [ 0.0, 0.0, 0.0 ],
			"rotationOrigin": [ 0.0, 0.0, 0.0 ],
			"rotationX": 90.0,
			"faces": {
			},
			"children": [
				{
					"name": "Sheath",
					"from": [ -2.5, -0.5, -4.6 ],
					"to": [ -2.5, -0.5, -4.6 ],
					"rotationOrigin": [ -2.5, -0.5, -4.6 ],
					"rotationX": -78.0,
					"rotationY": -4.0,
					"rotationZ": 1.0,
					"faces": {
						"north": { "texture": "#belt-waist-plain-material", "uv": [ 0.0, 0.0, 0.5, 0.5 ], "autoUv": false },
						"east": { "texture": "#belt-waist-plain-material", "uv": [ 0.0, 0.0, 0.5, 0.5 ], "autoUv": false },
						"south": { "texture": "#belt-waist-plain-material", "uv": [ 0.0, 0.0, 0.5, 0.5 ], "autoUv": false },
						"west": { "texture": "#belt-waist-plain-material", "uv": [ 0.0, 0.0, 0.5, 0.5 ], "autoUv": false },
						"up": { "texture": "#belt-waist-plain-material", "uv": [ 0.0, 0.0, 0.5, 0.5 ], "autoUv": false },
						"down": { "texture": "#belt-waist-plain-material", "uv": [ 0.0, 0.0, 0.5, 0.5 ], "autoUv": false }
					},
					"children": [
						{
							"name": "sheath_0",
							"from": [ -1.2, -1.2, 1.2 ],
							"to": [ -1.2, -1.2, 1.2 ],
							"rotationOrigin": [ -1.2, -1.2, 1.2 ],
							"rotationX": -13.0,
							"rotationY": 4.0,
							"rotationZ": 43.0,
							"faces": {
								"north": { "texture": "#belt-waist-plain-material", "uv": [ 0.0, 0.0, 0.5, 0.5 ], "autoUv": false },
								"east": { "texture": "#belt-waist-plain-material", "uv": [ 0.0, 0.0, 0.5, 0.5 ], "autoUv": false },
								"south": { "texture": "#belt-waist-plain-material", "uv": [ 0.0, 0.0, 0.5, 0.5 ], "autoUv": false },
								"west": { "texture": "#belt-waist-plain-material", "uv": [ 0.0, 0.0, 0.5, 0.5 ], "autoUv": false },
								"up": { "texture": "#belt-waist-plain-material", "uv": [ 0.0, 0.0, 0.5, 0.5 ], "autoUv": false },
								"down": { "texture": "#belt-waist-plain-material", "uv": [ 0.0, 0.0, 0.5, 0.5 ], "autoUv": false }
							},
							"children": [
								{
									"name": "sheath_1",
									"from": [ 0.0, -14.4, -0.36 ],
									"to": [ 1.2, 0.0, 0.36 ],
									"rotationOrigin": [ 0.0, -14.4, -0.36 ],
									"faces": {
										"north": { "texture": "#belt-waist-plain-material", "uv": [ 0.0, 0.0, 1.0, 12.0 ], "autoUv": false },
										"east": { "texture": "#belt-waist-plain-material", "uv": [ 0.0, 0.0, 0.5, 12.0 ], "autoUv": false },
										"south": { "texture": "#belt-waist-plain-material", "uv": [ 0.0, 0.0, 1.0, 12.0 ], "autoUv": false },
										"west": { "texture": "#belt-waist-plain-material", "uv": [ 0.0, 0.0, 0.5, 12.0 ], "autoUv": false },
										"up": { "texture": "#belt-waist-plain-material", "uv": [ 0.0, 0.0, 1.0, 0.5 ], "autoUv": false },
										"down": { "texture": "#belt-waist-plain-material", "uv": [ 0.0, 0.0, 1.0, 0.5 ], "autoUv": false }
									}
								},
								{
									"name": "sheath_2",
									"from": [ 0.0, -14.4, -0.24 ],
									"to": [ 1.2, 0.0, 0.24 ],
									"rotationOrigin": [ 0.0, -14.4, -0.24 ],
									"rotationZ": 2.0,
									"faces": {
										"north": { "texture": "#belt-waist-plain-material", "uv": [ 6.0, 0.0, 7.0, 12.0 ], "autoUv": false },
										"east": { "texture": "#belt-waist-plain-material", "uv": [ 3.5, 0.0, 4.0, 12.0 ], "autoUv": false },
										"south": { "texture": "#belt-waist-plain-material", "uv": [ 4.0, 0.0, 5.0, 12.0 ], "autoUv": false },
										"west": { "texture": "#belt-waist-plain-material", "uv": [ 4.0, 0.0, 4.5, 12.0 ], "autoUv": false },
										"up": { "texture": "#belt-waist-plain-material", "uv": [ 0.0, 0.0, 1.0, 0.5 ], "autoUv": false },
										"down": { "texture": "#belt-waist-plain-material", "uv": [ 0.0, 0.0, 1.0, 0.5 ], "autoUv": false }
									}
								},
								{
									"name": "sheath_3",
									"from": [ 0.0, -14.4, -0.24 ],
									"to": [ 1.2, 0.0, 0.24 ],
									"rotationOrigin": [ 1.2, -14.4, -0.24 ],
									"rotationZ": -2.0,
									"faces": {
										"north": { "texture": "#belt-waist-plain-material", "uv": [ 5.5, 0.0, 6.5, 12.0 ], "autoUv": false },
										"east": { "texture": "#belt-waist-plain-material", "uv": [ 7.0, 0.0, 7.5, 12.0 ], "autoUv": false },
										"south": { "texture": "#belt-waist-plain-material", "uv": [ 7.0, 0.0, 8.0, 12.0 ], "autoUv": false },
										"west": { "texture": "#belt-waist-plain-material", "uv": [ 5.5, 0.0, 6.0, 12.0 ], "autoUv": false },
										"up": { "texture": "#belt-waist-plain-material", "uv": [ 0.0, 0.0, 1.0, 0.5 ], "autoUv": false },
										"down": { "texture": "#belt-waist-plain-material", "uv": [ 0.0, 0.0, 1.0, 0.5 ], "autoUv": false }
									}
								},
								{
									"name": "Handle2",
									"from": [ 0.6, 1.2, 0.0 ],
									"to": [ 0.6, 1.2, 0.6 ],
									"rotationOrigin": [ 0.6, 1.2, 0.0 ],
									"rotationX": -90.0,
									"faces": {
										"north": { "texture": "#blackguardsword-blade", "uv": [ 0.0, 0.0, 0.5, 0.5 ], "autoUv": false },
										"east": { "texture": "#blackguardsword-blade", "uv": [ 0.0, 0.0, 1.0, 0.5 ], "autoUv": false },
										"south": { "texture": "#blackguardsword-blade", "uv": [ 0.0, 0.0, 0.5, 0.5 ], "autoUv": false },
										"west": { "texture": "#blackguardsword-blade", "uv": [ 0.0, 0.0, 1.0, 0.5 ], "autoUv": false },
										"up": { "texture": "#blackguardsword-blade", "uv": [ 0.0, 0.0, 0.5, 1.0 ], "autoUv": false },
										"down": { "texture": "#blackguardsword-blade", "uv": [ 0.0, 0.0, 0.5, 1.0 ], "autoUv": false }
									},
									"children": [
										{
											"name": "Guard_2",
											"from": [ -0.6, -0.48, -1.2 ],
											"to": [ 0.6, 0.48, -0.828 ],
											"rotationOrigin": [ -0.6, -0.48, -1.2 ],
											"faces": {
												"north": { "texture": "#belt-waist-plain-metal", "uv": [ 9.0, 7.5, 11.0, 9.0 ], "autoUv": false },
												"east": { "texture": "#belt-waist-plain-metal", "uv": [ 8.5, 7.5, 9.5, 9.0 ], "autoUv": false },
												"south": { "texture": "#belt-waist-plain-metal", "uv": [ 8.0, 7.0, 10.0, 8.5 ], "autoUv": false },
												"west": { "texture": "#belt-waist-plain-metal", "uv": [ 8.5, 7.0, 9.5, 8.5 ], "autoUv": false },
												"up": { "texture": "#belt-waist-plain-metal", "uv": [ 8.0, 8.0, 10.0, 9.0 ], "autoUv": false },
												"down": { "texture": "#belt-waist-plain-metal", "uv": [ 8.5, 8.0, 10.5, 9.0 ], "autoUv": false }
											},
											"children": [
												{
													"name": "guard_12",
													"from": [ 1.2, 0.3, 0.0 ],
													"to": [ 1.8, 0.66, 0.372 ],
													"rotationOrigin": [ 1.2, 0.42, 0.0 ],
													"faces": {
														"north": { "texture": "#belt-waist-plain-metal", "uv": [ 0.0, 0.0, 1.0, 0.5 ], "autoUv": false },
														"east": { "texture": "#belt-waist-plain-metal", "uv": [ 13.5, 6.5, 14.5, 7.0 ], "autoUv": false },
														"south": { "texture": "#belt-waist-plain-metal", "uv": [ 13.5, 7.5, 14.5, 8.0 ], "autoUv": false },
														"west": { "texture": "#belt-waist-plain-metal", "uv": [ 14.0, 5.5, 15.0, 6.0 ], "autoUv": false },
														"up": { "texture": "#belt-waist-plain-metal", "uv": [ 14.0, 5.0, 15.0, 6.0 ], "autoUv": false },
														"down": { "texture": "#belt-waist-plain-metal", "uv": [ 14.5, 6.0, 15.5, 7.0 ], "autoUv": false }
													},
													"children": [
														{
															"name": "guard_13",
															"from": [ 0.0, 0.36, 0.006 ],
															"to": [ 0.66, 0.66, 0.366 ],
															"rotationOrigin": [ 0.0, 0.66, 0.0 ],
															"rotationZ": -27.0,
															"faces": {
																"north": { "texture": "#belt-waist-plain-metal", "uv": [ 14.5, 6.5, 15.5, 7.0 ], "autoUv": false },
																"east": { "texture": "#belt-waist-plain-metal", "uv": [ 14.0, 7.0, 15.0, 7.5 ], "autoUv": false },
																"south": { "texture": "#belt-waist-plain-metal", "uv": [ 14.5, 6.5, 15.5, 7.0 ], "autoUv": false },
																"west": { "texture": "#belt-waist-plain-metal", "uv": [ 13.5, 7.0, 14.5, 7.5 ], "autoUv": false },
																"up": { "texture": "#belt-waist-plain-metal", "uv": [ 13.0, 5.5, 14.0, 6.5 ], "autoUv": false },
																"down": { "texture": "#belt-waist-plain-metal", "uv": [ 13.5, 5.5, 14.5, 6.5 ], "autoUv": false }
															}
														},
														{
															"name": "guard_14",
															"from": [ 0.0, -0.3, 0.006 ],
															"to": [ 0.66, 0.0, 0.366 ],
															"rotationOrigin": [ 0.0, -0.3, 0.0 ],
															"rotationZ": 27.0,
															"faces": {
																"north": { "texture": "#belt-waist-plain-metal", "uv": [ 13.5, 6.5, 14.5, 7.0 ], "autoUv": false },
																"east": { "texture": "#belt-waist-plain-metal", "uv": [ 14.0, 6.5, 15.0, 7.0 ], "autoUv": false },
																"south": { "texture": "#belt-waist-plain-metal", "uv": [ 13.0, 7.0, 14.0, 7.5 ], "autoUv": false },
																"west": { "texture": "#belt-waist-plain-metal", "uv": [ 14.0, 6.0, 15.0, 6.5 ], "autoUv": false },
																"up": { "texture": "#belt-waist-plain-metal", "uv": [ 14.0, 5.5, 15.0, 6.5 ], "autoUv": false },
																"down": { "texture": "#belt-waist-plain-metal", "uv": [ 14.0, 6.0, 15.0, 7.0 ], "autoUv": false }
															}
														}
													]
												},
												{
													"name": "guard_15",
													"from": [ 0.0, 0.42, 0.0 ],
													"to": [ 0.6, 0.78, 0.372 ],
													"rotationOrigin": [ 0.0, 0.54, 0.0 ],
													"rotationZ": 180.0,
													"faces": {
														"north": { "texture": "#belt-waist-plain-metal", "uv": [ 0.0, 0.0, 1.0, 0.5 ], "autoUv": false },
														"east": { "texture": "#belt-waist-plain-metal", "uv": [ 13.5, 6.5, 14.5, 7.0 ], "autoUv": false },
														"south": { "texture": "#belt-waist-plain-metal", "uv": [ 13.5, 7.5, 14.5, 8.0 ], "autoUv": false },
														"west": { "texture": "#belt-waist-plain-metal", "uv": [ 14.0, 5.5, 15.0, 6.0 ], "autoUv": false },
														"up": { "texture": "#belt-waist-plain-metal", "uv": [ 14.0, 5.0, 15.0, 6.0 ], "autoUv": false },
														"down": { "texture": "#belt-waist-plain-metal", "uv": [ 14.5, 6.0, 15.5, 7.0 ], "autoUv": false }
													},
													"children": [
														{
															"name": "guard_16",
															"from": [ 0.0, 0.36, 0.006 ],
															"to": [ 0.66, 0.66, 0.366 ],
															"rotationOrigin": [ 0.0, 0.66, 0.0 ],
															"rotationZ": -27.0,
															"faces": {
																"north": { "texture": "#belt-waist-plain-metal", "uv": [ 14.5, 6.5, 15.5, 7.0 ], "autoUv": false },
																"east": { "texture": "#belt-waist-plain-metal", "uv": [ 14.0, 7.0, 15.0, 7.5 ], "autoUv": false },
																"south": { "texture": "#belt-waist-plain-metal", "uv": [ 14.5, 6.5, 15.5, 7.0 ], "autoUv": false },
																"west": { "texture": "#belt-waist-plain-metal", "uv": [ 13.5, 7.0, 14.5, 7.5 ], "autoUv": false },
																"up": { "texture": "#belt-waist-plain-metal", "uv": [ 13.0, 5.5, 14.0, 6.5 ], "autoUv": false },
																"down": { "texture": "#belt-waist-plain-metal", "uv": [ 13.5, 5.5, 14.5, 6.5 ], "autoUv": false }
															}
														},
														{
															"name": "guard_17",
															"from": [ 0.0, -0.3, 0.006 ],
															"to": [ 0.66, 0.0, 0.366 ],
															"rotationOrigin": [ 0.0, -0.3, 0.0 ],
															"rotationZ": 27.0,
															"faces": {
																"north": { "texture": "#belt-waist-plain-metal", "uv": [ 8.0, 8.0, 9.0, 8.5 ], "autoUv": false },
																"east": { "texture": "#belt-waist-plain-metal", "uv": [ 9.0, 8.0, 10.0, 8.5 ], "autoUv": false },
																"south": { "texture": "#belt-waist-plain-metal", "uv": [ 9.0, 8.0, 10.0, 8.5 ], "autoUv": false },
																"west": { "texture": "#belt-waist-plain-metal", "uv": [ 9.5, 8.5, 10.5, 9.0 ], "autoUv": false },
																"up": { "texture": "#belt-waist-plain-metal", "uv": [ 9.0, 7.5, 10.0, 8.5 ], "autoUv": false },
																"down": { "texture": "#belt-waist-plain-metal", "uv": [ 9.0, 7.5, 10.0, 8.5 ], "autoUv": false }
															}
														}
													]
												},
												{
													"name": "Guard_3",
													"from": [ -0.2, 0.25, 0.01 ],
													"to": [ 1.4, 0.71, 0.382 ],
													"rotationOrigin": [ -0.2, 0.1, 0.0 ],
													"rotationX": 0.0,
													"rotationY": 0.0,
													"rotationZ": 0.0,
													"faces": {
														"south": { "texture": "#blackguardsword-blade", "uv": [ 8.5, 10.0, 10.0, 10.5 ] }
													}
												}
											]
										}
									]
								},
								{
									"name": "sheath_4",
									"from": [ 1.2, -2.4, -0.36 ],
									"to": [ 2.04, -1.8, 0.36 ],
									"rotationOrigin": [ 2.4, -2.4, -0.36 ],
									"rotationZ": -2.0,
									"faces": {
										"north": { "texture": "#belt-waist-plain-metal", "uv": [ 5.5, 0.0, 6.0, 0.5 ], "autoUv": false },
										"east": { "texture": "#belt-waist-plain-metal", "uv": [ 7.0, 0.0, 7.5, 0.5 ], "autoUv": false },
										"south": { "texture": "#belt-waist-plain-metal", "uv": [ 7.0, 0.0, 7.5, 0.5 ], "autoUv": false },
										"west": { "texture": "#belt-waist-plain-metal", "uv": [ 5.5, 0.0, 6.0, 0.5 ], "autoUv": false },
										"up": { "texture": "#belt-waist-plain-metal", "uv": [ 0.0, 0.0, 0.5, 0.5 ], "autoUv": false },
										"down": { "texture": "#belt-waist-plain-metal", "uv": [ 0.0, 0.0, 0.5, 0.5 ], "autoUv": false }
									},
									"children": [
										{
											"name": "sheath_6",
											"from": [ 0.84, 0.0, 0.24 ],
											"to": [ 4.72, 0.6, 0.6 ],
											"rotationOrigin": [ 0.84, 0.6, 0.6 ],
											"rotationY": 8.0,
											"rotationZ": -55.0,
											"faces": {
												"north": { "texture": "#belt-waist-plain-material", "uv": [ 5.5, 0.0, 7.5, 0.5 ], "autoUv": false },
												"east": { "texture": "#belt-waist-plain-material", "uv": [ 7.0, 0.0, 7.5, 0.5 ], "autoUv": false },
												"south": { "texture": "#belt-waist-plain-material", "uv": [ 7.0, 0.0, 9.0, 0.5 ], "autoUv": false },
												"west": { "texture": "#belt-waist-plain-material", "uv": [ 5.5, 0.0, 6.0, 0.5 ], "autoUv": false },
												"up": { "texture": "#belt-waist-plain-material", "uv": [ 0.0, 0.0, 2.0, 0.5 ], "autoUv": false },
												"down": { "texture": "#belt-waist-plain-material", "uv": [ 0.0, 0.0, 2.0, 0.5 ], "autoUv": false }
											},
											"children": [
												{
													"name": "sheath_8",
													"from": [ 3.0, 0.0, 0.0 ],
													"to": [ 4.0, 1.0, 0.5 ],
													"rotationOrigin": [ 3.0, 0.6, 0.36 ],
													"rotationX": 8.0,
													"rotationY": -1.0,
													"rotationZ": 1.0,
													"faces": {
														"north": { "texture": "#belt-waist-plain-material", "uv": [ 5.5, 0.0, 6.5, 1.0 ] },
														"east": { "texture": "#belt-waist-plain-material", "uv": [ 7.0, 0.0, 7.5, 1.0 ] },
														"south": { "texture": "#belt-waist-plain-material", "uv": [ 7.0, 0.0, 8.0, 1.0 ] },
														"west": { "texture": "#belt-waist-plain-material", "uv": [ 5.5, 0.0, 6.0, 1.0 ] },
														"up": { "texture": "#belt-waist-plain-material", "uv": [ 0.0, 0.0, 1.0, 0.5 ] },
														"down": { "texture": "#belt-waist-plain-material", "uv": [ 0.0, 0.0, 1.0, 0.5 ] }
													},
													"children": [
														{
															"name": "sheath_9",
															"from": [ -0.1, -0.1, 0.1 ],
															"to": [ 1.1, 1.1, 0.4 ],
															"rotationOrigin": [ -0.1, -0.1, 0.1 ],
															"rotationZ": -13.0,
															"faces": {
																"north": { "texture": "#belt-waist-plain-material", "uv": [ 5.5, 0.0, 6.5, 1.0 ] },
																"east": { "texture": "#belt-waist-plain-material", "uv": [ 7.0, 0.0, 7.5, 1.0 ] },
																"south": { "texture": "#belt-waist-plain-material", "uv": [ 7.0, 0.0, 8.0, 1.0 ] },
																"west": { "texture": "#belt-waist-plain-material", "uv": [ 5.5, 0.0, 6.0, 1.0 ] },
																"up": { "texture": "#belt-waist-plain-material", "uv": [ 0.0, 0.0, 1.0, 0.5 ] },
																"down": { "texture": "#belt-waist-plain-material", "uv": [ 0.0, 0.0, 1.0, 0.5 ] }
															}
														}
													]
												}
											]
										}
									]
								},
								{
									"name": "sheath_5",
									"from": [ 1.2, -7.2, -0.36 ],
									"to": [ 1.8, -6.6, 0.36 ],
									"rotationOrigin": [ 2.4, -7.2, -0.36 ],
									"rotationZ": -2.0,
									"faces": {
										"north": { "texture": "#belt-waist-plain-metal", "uv": [ 5.5, 0.0, 6.0, 0.5 ], "autoUv": false },
										"east": { "texture": "#belt-waist-plain-metal", "uv": [ 7.0, 0.0, 7.5, 0.5 ], "autoUv": false },
										"south": { "texture": "#belt-waist-plain-metal", "uv": [ 7.0, 0.0, 7.5, 0.5 ], "autoUv": false },
										"west": { "texture": "#belt-waist-plain-metal", "uv": [ 5.5, 0.0, 6.0, 0.5 ], "autoUv": false },
										"up": { "texture": "#belt-waist-plain-metal", "uv": [ 0.0, 0.0, 0.5, 0.5 ], "autoUv": false },
										"down": { "texture": "#belt-waist-plain-metal", "uv": [ 0.0, 0.0, 0.5, 0.5 ], "autoUv": false }
									},
									"children": [
										{
											"name": "sheath_7",
											"from": [ 0.6, 0.0, 0.12 ],
											"to": [ 4.08, 0.6, 0.48 ],
											"rotationOrigin": [ 0.6, -0.0029, 0.48 ],
											"rotationY": 4.0,
											"rotationZ": 45.0,
											"faces": {
												"north": { "texture": "#belt-waist-plain-material", "uv": [ 5.5, 0.0, 10.5, 0.5 ], "autoUv": false },
												"east": { "texture": "#belt-waist-plain-material", "uv": [ 7.0, 0.0, 7.5, 0.5 ], "autoUv": false },
												"south": { "texture": "#belt-waist-plain-material", "uv": [ 7.0, 0.0, 12.0, 0.5 ], "autoUv": false },
												"west": { "texture": "#belt-waist-plain-material", "uv": [ 5.5, 0.0, 6.0, 0.5 ], "autoUv": false },
												"up": { "texture": "#belt-waist-plain-material", "uv": [ 0.0, 0.0, 5.0, 0.5 ], "autoUv": false },
												"down": { "texture": "#belt-waist-plain-material", "uv": [ 0.0, 0.0, 5.0, 0.5 ], "autoUv": false }
											}
										}
									]
								}
							]
						}
					]
				}
			]
		}
	]}