{
	"editor": {
		"collapsedPaths": "Root/Waist-Quiver/Belt,Root/Bow,Root/Waist-Quiver/Quiver,Root/Waist-Belt/Sheath/sheath_0/sheath_1,Root/Sowrd/Handle,Root/Waist-Quiver/Saydak,Root/Waist-Quiver/Sheath/sheath_0,Root/Waist-Quiver/Sheath/sheath_0/Sowrd/Handle2,Root/Waist-Quiver/Quiver/arrow_3,Root/Waist-Quiver/Quiver/arrow_2,Root/Waist-Belt/Sheath/sheath_0/Handle2,Root/Waist-Quiver/Quiver/arrow_1,Root/Waist-Quiver/Bow,Root/Waist/buckle-bottom,Root/Waist-Quiver/Quiver/arrow_0,Root/Waist-Quiver/Sheath/sheath_0/Handle2/Guard_2,Root/Waist-Belt/Sheath/sheath_0/Sowrd,Root/Sowrd/Metal",
		"allAngles": false,
		"entityTextureMode": false
	},
	"textureWidth": 16,
	"textureHeight": 16,
	"textureSizes": {
	},
	"textures": {
		"belt-waist-plain-material": "game:block/leather/plain",
		"belt-waist-plain-metal": "game:block/metal/plate/iron"
	},
	"elements": [
		{
			"name": "root",
			"from": [ 0.0, 0.0, 0.0 ],
			"to": [ 0.0, 0.0, 0.0 ],
			"faces": {
			},
			"children": [
				{
					"name": "Sheath",
					"from": [ -0.5, 1.2, -1.8 ],
					"to": [ -0.5, 1.2, -1.8 ],
					"rotationOrigin": [ -0.5, 1.2, -1.8 ],
					"rotationX": -25.0,
					"rotationY": -169.0,
					"rotationZ": 76.5,
					"faces": {
					},
					"children": [
						{
							"name": "sheath_0",
							"from": [ -0.6, -0.3, -0.8 ],
							"to": [ -0.6, -0.3, -0.8 ],
							"rotationOrigin": [ -0.6, -0.3, -0.8 ],
							"rotationX": -28.0,
							"rotationY": 16.0,
							"rotationZ": 2.0,
							"faces": {
							},
							"children": [
								{
									"name": "sheath_1",
									"from": [ 0.2, 1.6, 0.8 ],
									"to": [ 0.6, 4.1, 2.3 ],
									"rotationOrigin": [ 0.2, 1.6, 0.8 ],
									"rotationX": 180.0,
									"faces": {
										"north": { "texture": "#belt-waist-plain-material", "uv": [ 0.0, 0.0, 0.5, 2.5 ] },
										"east": { "texture": "#belt-waist-plain-material", "uv": [ 0.0, 0.0, 1.5, 2.5 ] },
										"south": { "texture": "#belt-waist-plain-material", "uv": [ 0.0, 0.0, 0.5, 2.5 ] },
										"west": { "texture": "#belt-waist-plain-material", "uv": [ 0.0, 0.0, 1.5, 2.5 ] },
										"up": { "texture": "#belt-waist-plain-material", "uv": [ 0.0, 0.0, 0.5, 1.5 ] },
										"down": { "texture": "#belt-waist-plain-material", "uv": [ 0.0, 0.0, 0.5, 1.5 ] }
									},
									"children": [
										{
											"name": "sheath_2",
											"from": [ 0.01, 2.5, 0.8 ],
											"to": [ 0.39, 5.0, 1.5 ],
											"rotationOrigin": [ 0.0, 2.5, 1.5 ],
											"rotationX": -17.0,
											"faces": {
												"north": { "texture": "#belt-waist-plain-material", "uv": [ 0.0, 0.0, 0.5, 2.5 ] },
												"east": { "texture": "#belt-waist-plain-material", "uv": [ 0.0, 0.0, 0.5, 2.5 ] },
												"south": { "texture": "#belt-waist-plain-material", "uv": [ 0.0, 0.0, 0.5, 2.5 ] },
												"west": { "texture": "#belt-waist-plain-material", "uv": [ 0.0, 0.0, 0.5, 2.5 ] },
												"up": { "texture": "#belt-waist-plain-material", "uv": [ 0.0, 0.0, 0.5, 0.5 ] },
												"down": { "texture": "#belt-waist-plain-material", "uv": [ 0.0, 0.0, 0.5, 0.5 ] }
											}
										},
										{
											"name": "sheath_3",
											"from": [ 0.0, 2.5, 0.0 ],
											"to": [ 0.4, 4.9, 0.8 ],
											"rotationOrigin": [ 0.0, 2.5, 0.0 ],
											"faces": {
												"north": { "texture": "#belt-waist-plain-material", "uv": [ 0.0, 0.0, 0.5, 2.0 ] },
												"east": { "texture": "#belt-waist-plain-material", "uv": [ 0.0, 0.0, 0.5, 2.0 ] },
												"south": { "texture": "#belt-waist-plain-material", "uv": [ 0.0, 0.0, 0.5, 2.0 ] },
												"west": { "texture": "#belt-waist-plain-material", "uv": [ 0.0, 0.0, 0.5, 2.0 ] },
												"up": { "texture": "#belt-waist-plain-material", "uv": [ 0.0, 0.0, 0.5, 0.5 ] },
												"down": { "texture": "#belt-waist-plain-material", "uv": [ 0.0, 0.0, 0.5, 0.5 ] }
											}
										},
										{
											"name": "sheath_4",
											"from": [ -0.1, -0.1, -0.1 ],
											"to": [ 0.5, 0.4, 1.6 ],
											"rotationOrigin": [ -0.1, -0.1, -0.1 ],
											"faces": {
												"north": { "texture": "#belt-waist-plain-metal", "uv": [ 0.0, 0.0, 0.5, 0.5 ] },
												"east": { "texture": "#belt-waist-plain-metal", "uv": [ 0.0, 0.0, 1.5, 0.5 ] },
												"south": { "texture": "#belt-waist-plain-metal", "uv": [ 0.0, 0.0, 0.5, 0.5 ] },
												"west": { "texture": "#belt-waist-plain-metal", "uv": [ 0.0, 0.0, 1.5, 0.5 ] },
												"up": { "texture": "#belt-waist-plain-metal", "uv": [ 0.0, 0.0, 0.5, 1.5 ] },
												"down": { "texture": "#belt-waist-plain-metal", "uv": [ 0.0, 0.0, 0.5, 1.5 ] }
											}
										}
									]
								}
							]
						}
					]
				},
				{
					"name": "Pouch",
					"from": [ 1.8, -0.6, 0.0 ],
					"to": [ 1.8, -0.6, 0.0 ],
					"rotationOrigin": [ 1.8, -0.6, 0.0 ],
					"rotationY": -45.0,
					"rotationZ": -90.0,
					"faces": {
					},
					"children": [
						{
							"name": "pouch_0",
							"from": [ -0.6, -1.0, 1.0 ],
							"to": [ -0.6, -1.0, 1.0 ],
							"rotationOrigin": [ -0.6, -1.0, 1.0 ],
							"faces": {
							},
							"children": [
								{
									"name": "pouch_1",
									"from": [ 0.0, 1.0, -2.0 ],
									"to": [ 0.5, 3.5, 2.0 ],
									"rotationOrigin": [ 0.0, 1.0, -2.0 ],
									"rotationZ": 180.0,
									"faces": {
										"north": { "texture": "#belt-waist-plain-material", "uv": [ 0.0, 0.0, 0.5, 2.5 ] },
										"east": { "texture": "#belt-waist-plain-material", "uv": [ 0.0, 0.0, 4.0, 2.5 ] },
										"south": { "texture": "#belt-waist-plain-material", "uv": [ 0.0, 0.0, 0.5, 2.5 ] },
										"west": { "texture": "#belt-waist-plain-material", "uv": [ 0.0, 0.0, 4.0, 2.5 ] },
										"up": { "texture": "#belt-waist-plain-material", "uv": [ 0.0, 0.0, 0.5, 4.0 ] },
										"down": { "texture": "#belt-waist-plain-material", "uv": [ 0.0, 0.0, 0.5, 4.0 ] }
									},
									"children": [
										{
											"name": "pouch_2",
											"from": [ 0.0, 0.0, 0.01 ],
											"to": [ 0.5, 2.4, 4.01 ],
											"rotationOrigin": [ 0.5, 0.0, 0.0 ],
											"rotationZ": -12.0,
											"faces": {
												"north": { "texture": "#belt-waist-plain-material", "uv": [ 0.0, 0.0, 0.5, 2.0 ] },
												"east": { "texture": "#belt-waist-plain-material", "uv": [ 0.0, 0.0, 4.0, 2.0 ] },
												"south": { "texture": "#belt-waist-plain-material", "uv": [ 0.0, 0.0, 0.5, 2.0 ] },
												"west": { "texture": "#belt-waist-plain-material", "uv": [ 0.0, 0.0, 4.0, 2.0 ] },
												"up": { "texture": "#belt-waist-plain-material", "uv": [ 0.0, 0.0, 0.5, 4.0 ] },
												"down": { "texture": "#belt-waist-plain-material", "uv": [ 0.0, 0.0, 0.5, 4.0 ] }
											}
										},
										{
											"name": "pouch_5",
											"from": [ 0.0, 0.0, -0.2 ],
											"to": [ 0.1, 0.6, 4.2 ],
											"rotationOrigin": [ 0.0, 0.0, -0.2 ],
											"rotationZ": -90.0,
											"faces": {
												"north": { "texture": "#belt-waist-plain-material", "uv": [ 0.0, 0.0, 0.5, 0.5 ] },
												"east": { "texture": "#belt-waist-plain-material", "uv": [ 0.0, 0.0, 4.0, 0.5 ] },
												"south": { "texture": "#belt-waist-plain-material", "uv": [ 0.0, 0.0, 0.5, 0.5 ] },
												"west": { "texture": "#belt-waist-plain-material", "uv": [ 0.0, 0.0, 4.0, 0.5 ] },
												"up": { "texture": "#belt-waist-plain-material", "uv": [ 0.0, 0.0, 0.5, 4.0 ] },
												"down": { "texture": "#belt-waist-plain-material", "uv": [ 0.0, 0.0, 0.5, 4.0 ] }
											},
											"children": [
												{
													"name": "pouch_6",
													"from": [ 0.0, 0.6, 0.0 ],
													"to": [ 0.1, 2.2, 4.4 ],
													"rotationOrigin": [ 0.1, 0.6, 0.0 ],
													"rotationZ": 78.5,
													"faces": {
														"north": { "texture": "#belt-waist-plain-material", "uv": [ 0.0, 0.0, 0.5, 1.5 ] },
														"east": { "texture": "#belt-waist-plain-material", "uv": [ 0.0, 0.0, 4.0, 1.5 ] },
														"south": { "texture": "#belt-waist-plain-material", "uv": [ 0.0, 0.0, 0.5, 1.5 ] },
														"west": { "texture": "#belt-waist-plain-material", "uv": [ 0.0, 0.0, 4.0, 1.5 ] },
														"up": { "texture": "#belt-waist-plain-material", "uv": [ 0.0, 0.0, 0.5, 4.0 ] },
														"down": { "texture": "#belt-waist-plain-material", "uv": [ 0.0, 0.0, 0.5, 4.0 ] }
													},
													"children": [
														{
															"name": "pouch_7",
															"from": [ 0.0, 1.3, 1.7 ],
															"to": [ 0.2, 1.8, 2.7 ],
															"rotationOrigin": [ 0.0, 1.3, 1.7 ],
															"faces": {
																"north": { "texture": "#belt-waist-plain-metal", "uv": [ 0.0, 0.0, 0.5, 0.5 ] },
																"east": { "texture": "#belt-waist-plain-metal", "uv": [ 0.0, 0.0, 1.0, 0.5 ] },
																"south": { "texture": "#belt-waist-plain-metal", "uv": [ 0.0, 0.0, 0.5, 0.5 ] },
																"west": { "texture": "#belt-waist-plain-metal", "uv": [ 0.0, 0.0, 1.0, 0.5 ] },
																"up": { "texture": "#belt-waist-plain-metal", "uv": [ 0.0, 0.0, 0.5, 1.0 ] },
																"down": { "texture": "#belt-waist-plain-metal", "uv": [ 0.0, 0.0, 0.5, 1.0 ] }
															}
														}
													]
												}
											]
										}
									]
								}
							]
						}
					]
				}
			]
		}
	]}