{
  "code": "chisel",
  "variantgroups": [
    { "code": "type", "states": [ "finishing", "roughcut", "wedge" ] },
    { "code": "material", "states": [ "copper", "tinbronze", "bismuthbronze", "blackbronze", "gold", "silver", "iron", "meteoriciron", "steel" ] }
  ],
  "toolByType": {
    "*-finishing-*": 14124,
    "*-roughcut-*": 14125,
    "*-wedge-*": 14126
  },
  "storageFlags": 5,
  "attributes": {
    "handbook": { "groupBy": [ "chisel-{type}-*" ] },
		"heldItemPitchFollow": 1, 
		"alwaysPlayHeldReady": true,
    "slabtoolByType": {
      "*-finishing-*": { "type": "rockpolished", "quantity": { "avg": 1 }, "requiresHammer": true },
      "*-roughcut-*": { "type": "rock", "quantity": { "avg": 1 }, "requiresHammer": true },
      "*-wedge-*": { "type": "stonebrick", "quantity": { "avg": 8 }, "requiresHammer": true }
    },
    "toolrackTransform": {
      "translationByType": {
        "*-wedge-*": { "x": -0.1, "y": 0.64, "z": 0 },
        "*": { "x": 0, "y": 0.61, "z": 0 }
      },
      "rotation": { "x": 5, "y": 180, "z": -1 },
      "scale": 1.25
    },
    "groundStorageTransform": {
      "translationByType": {
        "*-wedge-*": { "x": 0, "y": -0.06, "z": -0.01 },
        "*": { "x": 0, "y": -0.06, "z": 0.015 }
      },
      "rotation": { "x": 26, "y": 88, "z": -87 },
      "scale": 0.88
    }
  },
  "behaviors": [{
      "name": "GroundStorable",
      "properties": {
        "layout": "WallHalves",
        "wallOffY": 1,
        "sprintKey": true,
        "selectionBox": { "x1": 0, "y1": 0, "z1": 0, "x2": 1, "y2": 0.1, "z2": 1 },
        "collisionBox": { "x1": 0, "y1": 0, "z1": 0, "x2": 0, "y2": 0, "z2": 0 }
      }
  }],
  "durabilityByType": {
    "*-copper": 300,
    "*-tinbronze": 450,
    "*-bismuthbronze": 500,
    "*-blackbronze": 550,
    "*-gold": 150,
    "*-silver": 175,
    "*-iron": 1000,
    "*-meteoriciron": 1300,
    "*-steel": 2500
  },
  "shape": { "base": "item/tool/{type}chisel" },
  "textures": {
    "metal": { "base": "game:block/metal/ingot/{material}" },
    "wood": { "base": "game:item/tool/material/handle" }
  },
  "creativeinventory": { "general": [ "*" ], "items": [ "*" ], "tools": [ "*" ], "stonequarry": [ "*" ] },
  "heldRightReadyAnimation": "chiselready",
	"heldTpHitAnimation": "chiselhit",
	"heldTpUseAnimation": "chiselhit",
  "guiTransform": {
    "translation": { "x": 0, "y": 0, "z": 0 },
    "rotation": { "x": 9, "y": 137, "z": -53 },
    "origin": { "x": 0.44, "y": 0, "z": 0.38 },
    "scale": 2.92
  },
  "fpHandTransform": {
    "translation": { "x": -0.1, "y": 0.2, "z": 0 },
    "rotation": { "x": 90, "y": 99, "z": -42 },
    "origin": { "x": 0.5, "y": 0, "z": 0.5 },
    "scale": 2.15
  },
  "groundTransform": {
    "translation": { "x": 0, "y": 0, "z": 0 },
    "rotation": { "x": 0, "y": 0, "z": 0 },
    "origin": { "x": 0.5, "y": 0, "z": 0.5 },
    "scale": 4.31
  },
  "tpHandTransform": {
    "translation": { "x": -0.5599, "y": 0.04, "z": -0.65 },
    "rotation": { "x": -3, "y": 0, "z": -170 },
    "origin": { "x": 0.5, "y": 0, "z": 0.5 },
    "scale": 0.76
  }
}
