﻿[
	{
		ingredientPattern: "P",
		width: 1,
		height: 1,
		ingredients: {
			"P": { 
				type: "block",
				"name": "color",
				code: "pitchpot-*-empty" 
			}
		},
		output: { 
			type: "block", 
			code: "game:claypot-{color}-fired",
			quantity: 1
		}
	},
	{
		ingredientPattern: "P",
		width: 1,
		height: 1,
		ingredients: {
			"P": { 
				type: "block",
				"name": "color",
				code: "pitchpot-*-residuecovered" 
			}
		},
		output: { 
			type: "block", 
			code: "game:dirtyclaypot-{color}-empty",
			quantity: 1
		}
	},
	{
		ingredientPattern: "BP",
		width: 2,
		height: 1,
		shapeless: true,
		ingredients: {
			"B": {
				type: "item",
				name: "powderedcharcoal",
				code: "game:powder-charcoal",
				returnedStack: { type: "item", code: "game:powder-charcoal" }
			},
			"P": { 
				type: "block",
				"name": "color",
				code: "game:claypot-*-fired" 
			},
		},
		output: { 
			type: "block", 
			code: "pitchpot-{color}-empty",
			quantity: 1
		}
	},
	{
		ingredientPattern: "BP",
		width: 2,
		height: 1,
		shapeless: true,
		ingredients: {
			"B": {
				type: "item",
				name: "powderedcharcoal",
				code: "game:powder-charcoal",
				returnedStack: { type: "item", code: "game:powder-charcoal" }
			},
			"P": { 
				type: "block",
				"name": "color",
				code: "game:dirtyclaypot-*-empty" 
			},
		},
		output: { 
			type: "block", 
			code: "pitchpot-{color}-residuecovered",
			quantity: 1
		}
	},
	{
		ingredientPattern: "P",
		width: 1,
		height: 1,
		shapeless: true,
		ingredients: {
			"P": { 
				type: "block",
				"name": "color",
				code: "pitchpot-*-empty" 
			},
		},
		output: { 
			type: "block", 
			code: "game:claypot-{color}-fired",
			quantity: 1
		}
	},
	{
		ingredientPattern: "P",
		width: 1,
		height: 1,
		shapeless: true,
		ingredients: {
			"P": { 
				type: "block",
				"name": "color",
				code: "pitchpot-*-residuecovered" 
			},
		},
		output: { 
			type: "block", 
			code: "game:dirtyclaypot-{color}-empty",
			quantity: 1
		}
	}
]