[
{
    "file": "ancientarmory:itemtypes/club.json",
    "op": "remove",
    "path": "/heldTpHitAnimationByType",
    "side": "Server",
    "dependsOn": [
			{"modid": "ancientarmory"},  
			{"modid": "combatoverhaul"},
      {"modid": "armory",
       "invert": true
      }
		]
  },
  {
    "file": "ancientarmory:itemtypes/club.json",
    "op": "remove",
    "path": "/behaviors/1",
    "side": "Server",
    "dependsOn": [
			{"modid": "ancientarmory"},  
			{"modid": "combatoverhaul"},
      {"modid": "armory",
       "invert": true
      }
		]
  },
  {
    "file": "ancientarmory:itemtypes/club.json",
    "op": "remove",
    "path": "/fpHandTransform",
    "side": "Server",
    "dependsOn": [
			{"modid": "ancientarmory"},  
			{"modid": "combatoverhaul"},
      {"modid": "armory",
       "invert": true
      }
		]
  },
  {
    "file": "ancientarmory:itemtypes/club.json",
    "op": "remove",
    "path": "/attackRangeByType",
    "side": "Server",
    "dependsOn": [
			{"modid": "ancientarmory"},  
			{"modid": "combatoverhaul"},
      {"modid": "armory",
       "invert": true
      }
		]
  },
  {
    "file": "ancientarmory:itemtypes/club.json",
    "op": "remove",
    "path": "/toolTierByType",
    "side": "Server",
    "dependsOn": [
			{"modid": "ancientarmory"},  
			{"modid": "combatoverhaul"},
      {"modid": "armory",
       "invert": true
      }
		]
  },
  {
    "file": "ancientarmory:itemtypes/club.json",
    "op": "remove",
    "path": "/attackPowerByType",
    "side": "Server",
    "dependsOn": [
			{"modid": "ancientarmory"},  
			{"modid": "combatoverhaul"},
      {"modid": "armory",
       "invert": true
      }
		]
  },
  {
    "file": "ancientarmory:itemtypes/club.json",
    "op": "replace",
    "path": "/tool",
    "value": "mace",
    "side": "Server",
    "dependsOn": [
			{"modid": "ancientarmory"},  
			{"modid": "combatoverhaul"},
      {"modid": "armory",
       "invert": true
      }
		]
  },
  {
    "file": "ancientarmory:itemtypes/club.json",
    "op": "replace",
    "path": "/tpHandTransformByType",
    "value": {     
 "*-flanged-*": {
        "translation": { "x": -0.89, "y": -0.64, "z": -0.15 },
        "rotation": { "x": 90, "y": 1, "z": 0 },
        "scale": 0.75
        },
        "*-morningstar-*": {
        "translation": { "x": -0.97, "y": -0.64, "z": -0.15 },
        "rotation": { "x": 90, "y": 1, "z": 0 },
        "scale": 0.75
        },
        "*-spiked-*": {
        "translation": { "x": -0.85, "y": -0.64, "z": -0.15 },
        "rotation": { "x": 90, "y": 1, "z": 0 },
        "scale": 0.75
        },
        "*-warhammer-*": {
        "translation": { "x": -0.82, "y": -0.59, "z": -0.11 },
        "rotation": { "x": 90, "y": 1, "z": 0 },
        "scale": 0.8
        }
      },
    "side": "Server",
    "dependsOn": [
			{"modid": "ancientarmory"},  
			{"modid": "combatoverhaul"},
      {"modid": "armory",
       "invert": true
      }
		]
  },
  {
  	"file": "ancientarmory:itemtypes/club.json",
  	"op": "add",
  	"path": "/class",
  	"value": "CombatOverhaul:MeleeWeapon",
  	"side": "Server",
    "dependsOn": [
			{"modid": "ancientarmory"},  
			{"modid": "combatoverhaul"},
      {"modid": "armory",
       "invert": true
      }
		]
  },
  {
    "file": "ancientarmory:itemtypes/club.json",
    "op": "addmerge",
    "path": "/attributes",
    "value": {
      "ProficiencyStatByType": {
        "*": "macesProficiency"
      },
      "RenderingOffset": false,
    "TwoHandedStanceByType": {
        "*-warhammer-*": {
          "CanAttack": true,
          "CanParry": true,
          "CanBlock": true,
          "CanSprint": true,
          "Attack": {
            "StopOnTerrainHit": true,
            "StopOnEntityHit": true,
            "CollideWithTerrain": true,
            "MaxReach": 9,
            "DamageTypesByType": {
              "*-*bronze": [{ "Damage": { "DamageType": "BluntAttack", "Tier": 3, "Damage": 5 }, "Knockback": 1, "DurabilityDamage": 1, "Collider": [0.5, 0, 0.5, 2.9, 0, 0.5] }],
              "*-iron": [{"Damage": {"DamageType": "BluntAttack", "Tier": 4, "Damage": 5.5, "ArmorPiercingTier": 2}, "Knockback": 1, "DurabilityDamage": 1, "Collider": [0.5, 0, 0.5, 2.9, 0, 0.5]}],
              "*-meteoriciron": [{"Damage": {"DamageType": "BluntAttack", "Tier": 5, "Damage": 5.5, "ArmorPiercingTier": 2}, "Knockback": 1, "DurabilityDamage": 1, "Collider": [0.5, 0, 0.5, 2.9, 0, 0.5]}],
              "*-steel": [{"Damage": {"DamageType": "BluntAttack", "Tier": 6, "Damage": 6, "ArmorPiercingTier": 3}, "Knockback": 1, "DurabilityDamage": 1, "Collider": [0.5, 0, 0.5, 2.9, 0, 0.5]}],
              "*": [{ "Damage": { "DamageType": "BluntAttack", "Tier": 3, "Damage": 4 }, "Knockback": 1, "DurabilityDamage": 1, "Collider": [0.5, 0, 0.5, 2.9, 0, 0.5] }]
            }
          },
          "AttackHitSound": "game:sounds/thud",
          "AttackDirectionsType": "Square",
          "AttackAnimationByType": {
            "*": {
              "Top": ["combatoverhaul:sword-great-slash-2h-top"],
              "Left": ["combatoverhaul:sword-great-slash-2h-left"],
              "Right": ["combatoverhaul:sword-great-slash-2h-right"],
              "Bottom": ["combatoverhaul:sword-long-thrust-2h"]
            }
          },
          "TpAttackAnimation": {"Top": "combatoverhaul-falx-slash", "Left": "combatoverhaul-falx-slash", "Right": "combatoverhaul-falx-slash", "Bottom": "combatoverhaul-falx-slash"},
          "SpeedPenalty": 0,
          "BlockSpeedPenalty": -0.05,
          "Parry": {
            "Zones": ["Head", "Face", "Neck", "Torso", "LeftArm", "RightArm", "LeftHand", "RightHand", "LeftLeg", "RightLeg", "LeftFoot", "RightFoot"],
            "Directions": [90, 90, 90, 90],
            "Sound": "game:sounds/held/shieldblock-metal-heavy",
            "BlockTier": {"BluntAttack": 9, "SlashingAttack": 9, "PiercingAttack": 9},
            "CanBlockProjectiles": false
          },
          "Block": {
            "Zones": ["Head", "Face", "Neck", "Torso", "LeftLeg", "RightLeg", "LeftFoot", "RightFoot"],
            "Directions": [60, 60, 60, 60],
            "Sound": "game:sounds/held/shieldblock-metal-light",
            "BlockTier": {"BluntAttack": 7, "SlashingAttack": 7, "PiercingAttack": 7},
            "CanBlockProjectiles": false
          },
          "BlockCooldownMs": 300,
          "BlockAnimation": "combatoverhaul:sword-great-block",
          "ReadyAnimation": "combatoverhaul:sword-long-ready",
          "IdleAnimation": "combatoverhaul:aa-axe-idle-1h"
        }
    },
    "OneHandedStanceByType": {
        "*-warhammer-*": {
        "CanAttack": true,
        "CanParry": true,
        "CanBlock": false,
        "CanSprint": true,
        "Attack": {
          "StopOnTerrainHit": true,
          "StopOnEntityHit": true,
          "CollideWithTerrain": true,
          "MaxReach": 8,
          "DamageTypesByType": {
            "*-*bronze": [{ "Damage": { "DamageType": "BluntAttack", "Tier": 3, "Damage": 4 }, "Knockback": 1, "DurabilityDamage": 1, "Collider": [0.5, 0, 0.5, 2.9, 0, 0.5] }],
            "*-iron": [{ "Damage": { "DamageType": "BluntAttack", "Tier": 4, "Damage": 4.5, "ArmorPiercingTier": 1 }, "Knockback": 1, "DurabilityDamage": 1, "Collider": [0.5, 0, 0.5, 2.9, 0, 0.5] }],
            "*-meteoriciron": [{ "Damage": { "DamageType": "BluntAttack", "Tier": 5, "Damage": 4.5, "ArmorPiercingTier": 1 }, "Knockback": 1, "DurabilityDamage": 1, "Collider": [0.5, 0, 0.5, 2.9, 0, 0.5] }],
            "*-steel": [{ "Damage": { "DamageType": "BluntAttack", "Tier": 6, "Damage": 5, "ArmorPiercingTier": 2 }, "Knockback": 1, "DurabilityDamage": 1, "Collider": [0.5, 0, 0.5, 2.9, 0, 0.5] }],
            "*": [{ "Damage": { "DamageType": "BluntAttack", "Tier": 3, "Damage": 3.5 }, "Knockback": 1, "DurabilityDamage": 1, "Collider": [0.5, 0, 0.5, 2.9, 0, 0.5] }]
          }
        },
        "AttackHitSound": "game:sounds/thud",
        "AttackDirectionsType": "Square",
        "AttackAnimation": {
            "Top": ["combatoverhaul:sword-great-slash-2h-top"],
            "Left": ["combatoverhaul:sword-great-slash-2h-left"],
            "Right": ["combatoverhaul:sword-great-slash-2h-right"],
            "Bottom": ["combatoverhaul:sword-long-thrust-2h"]
        },
        "TpAttackAnimation": {
          "Top": "combatoverhaul-falx-slash",
          "Left": "combatoverhaul-falx-slash",
          "Right": "combatoverhaul-falx-slash",
          "Bottom": "combatoverhaul-falx-slash"
        },
        "SpeedPenalty": 0,
        "BlockSpeedPenalty": 0,
        "Parry": {
          "Zones": ["Head", "Face", "Neck", "Torso", "LeftArm", "RightArm", "LeftHand", "RightHand", "LeftLeg", "RightLeg", "LeftFoot", "RightFoot"],
          "Directions": [90, 90, 90, 90],
          "Sound": "game:sounds/held/shieldblock-metal-heavy",
          "BlockTier": {
            "BluntAttack": 9,
            "SlashingAttack": 9,
            "PiercingAttack": 9
          },
          "CanBlockProjectiles": false
        },
        "BlockCooldownMs": 300,
        "BlockAnimation": "combatoverhaul:sword-short-parry",
        "ReadyAnimation": "combatoverhaul:sword-ready-idle",
        "IdleAnimation": "combatoverhaul:aa-axe-idle-1h"
      },
      "*-flanged-*": {
        "CanAttack": true,
        "CanParry": true,
        "CanBlock": false,
        "CanSprint": true,
        "Attack": {
          "StopOnTerrainHit": true,
          "StopOnEntityHit": true,
          "CollideWithTerrain": true,
          "MaxReach": 8,
          "DamageTypesByType": {
            "*-*bronze": [{ "Damage": { "DamageType": "BluntAttack", "Tier": 3, "Damage": 4.5 }, "Knockback": 1, "DurabilityDamage": 1, "Collider": [0.5, 0, 0.5, 2.8, 0, 0.5] }],
            "*-iron": [{ "Damage": { "DamageType": "BluntAttack", "Tier": 4, "Damage": 5, "ArmorPiercingTier": 2 }, "Knockback": 1, "DurabilityDamage": 1, "Collider": [0.5, 0, 0.5, 2.8, 0, 0.5] }],
            "*-meteoriciron": [{ "Damage": { "DamageType": "BluntAttack", "Tier": 5, "Damage": 5, "ArmorPiercingTier": 2 }, "Knockback": 1, "DurabilityDamage": 1, "Collider": [0.5, 0, 0.5, 2.8, 0, 0.5] }],
            "*-steel": [{ "Damage": { "DamageType": "BluntAttack", "Tier": 6, "Damage": 5.5, "ArmorPiercingTier": 3 }, "Knockback": 1, "DurabilityDamage": 1, "Collider": [0.5, 0, 0.5, 2.8, 0, 0.5] }],
            "*": [{ "Damage": { "DamageType": "BluntAttack", "Tier": 3, "Damage": 4 }, "Knockback": 1, "DurabilityDamage": 1, "Collider": [0.5, 0, 0.5, 2.8, 0, 0.5] }]
          }
        },
        "AttackHitSound": "game:sounds/thud",
        "AttackDirectionsType": "Square",
        "AttackAnimation": {
            "Top": ["combatoverhaul:sword-long-slash-1h-top"],
            "Left": ["combatoverhaul:sword-long-slash-1h-left"],
            "Right": ["combatoverhaul:sword-long-slash-1h-right"],
            "Bottom": ["combatoverhaul:sword-long-thrust-1h-low-lefth"]
        },
        "TpAttackAnimation": {
          "Top": "combatoverhaul-falx-slash",
          "Left": "combatoverhaul-falx-slash",
          "Right": "combatoverhaul-falx-slash",
          "Bottom": "combatoverhaul-falx-slash"
        },
        "SpeedPenalty": 0,
        "BlockSpeedPenalty": 0,
        "Parry": {
          "Zones": ["Head", "Face", "Neck", "Torso", "LeftArm", "RightArm", "LeftHand", "RightHand", "LeftLeg", "RightLeg", "LeftFoot", "RightFoot"],
          "Directions": [90, 90, 90, 90],
          "Sound": "game:sounds/held/shieldblock-metal-heavy",
          "BlockTier": {
            "BluntAttack": 9,
            "SlashingAttack": 9,
            "PiercingAttack": 9
          },
          "CanBlockProjectiles": false
        },
        "BlockCooldownMs": 300,
        "BlockAnimation": "combatoverhaul:sword-short-parry",
        "ReadyAnimation": "combatoverhaul:sword-ready-idle",
        "IdleAnimation": "combatoverhaul:aa-sword-long-idle-1h"
      },
      "*-morningstar-*": {
        "CanAttack": true,
        "CanParry": true,
        "CanBlock": false,
        "CanSprint": true,
        "Attack": {
          "StopOnTerrainHit": true,
          "StopOnEntityHit": true,
          "CollideWithTerrain": true,
          "MaxReach": 7,
          "DamageTypesByType": {
            "*-*bronze": [{ "Damage": { "DamageType": "BluntAttack", "Tier": 3, "Damage": 4.5 }, "Knockback": 1, "DurabilityDamage": 1, "Collider": [0.5, 0, 0.5, 2.8, 0, 0.5] }],
            "*-iron": [{ "Damage": { "DamageType": "BluntAttack", "Tier": 4, "Damage": 5, "ArmorPiercingTier": 2 }, "Knockback": 1, "DurabilityDamage": 1, "Collider": [0.5, 0, 0.5, 2.8, 0, 0.5] }],
            "*-meteoriciron": [{ "Damage": { "DamageType": "BluntAttack", "Tier": 5, "Damage": 5, "ArmorPiercingTier": 2 }, "Knockback": 1, "DurabilityDamage": 1, "Collider": [0.5, 0, 0.5, 2.8, 0, 0.5] }],
            "*-steel": [{ "Damage": { "DamageType": "BluntAttack", "Tier": 6, "Damage": 5.5, "ArmorPiercingTier": 3 }, "Knockback": 1, "DurabilityDamage": 1, "Collider": [0.5, 0, 0.5, 2.8, 0, 0.5] }],
            "*": [{ "Damage": { "DamageType": "BluntAttack", "Tier": 3, "Damage": 4 }, "Knockback": 1, "DurabilityDamage": 1, "Collider": [0.5, 0, 0.5, 2.8, 0, 0.5] }]
          }
        },
        "AttackHitSound": "game:sounds/thud",
        "AttackDirectionsType": "Square",
        "AttackAnimation": {
            "Top": ["combatoverhaul:sword-long-slash-1h-top"],
            "Left": ["combatoverhaul:sword-long-slash-1h-left"],
            "Right": ["combatoverhaul:sword-long-slash-1h-right"],
            "Bottom": ["combatoverhaul:sword-long-thrust-1h-low-lefth"]
        },
        "TpAttackAnimation": {
          "Top": "combatoverhaul-falx-slash",
          "Left": "combatoverhaul-falx-slash",
          "Right": "combatoverhaul-falx-slash",
          "Bottom": "combatoverhaul-falx-slash"
        },
        "SpeedPenalty": 0,
        "BlockSpeedPenalty": 0,
        "Parry": {
          "Zones": ["Head", "Face", "Neck", "Torso", "LeftArm", "RightArm", "LeftHand", "RightHand", "LeftLeg", "RightLeg", "LeftFoot", "RightFoot"],
          "Directions": [90, 90, 90, 90],
          "Sound": "game:sounds/held/shieldblock-metal-heavy",
          "BlockTier": {
            "BluntAttack": 9,
            "SlashingAttack": 9,
            "PiercingAttack": 9
          },
          "CanBlockProjectiles": false
        },
        "BlockCooldownMs": 300,
        "BlockAnimation": "combatoverhaul:sword-short-parry",
        "ReadyAnimation": "combatoverhaul:sword-ready-idle",
        "IdleAnimation": "combatoverhaul:aa-sword-long-idle-1h"
      },
        "*-spiked-*": {
        "CanAttack": true,
        "CanParry": true,
        "CanBlock": false,
        "CanSprint": true,
        "Attack": {
          "StopOnTerrainHit": true,
          "StopOnEntityHit": true,
          "CollideWithTerrain": true,
          "MaxReach": 8,
          "DamageTypesByType": {
            "*-*bronze": [{ "Damage": { "DamageType": "BluntAttack", "Tier": 3, "Damage": 4.5 }, "Knockback": 1, "DurabilityDamage": 1, "Collider": [0.5, 0, 0.5, 2.8, 0, 0.5] }],
            "*-iron": [{ "Damage": { "DamageType": "BluntAttack", "Tier": 4, "Damage": 5, "ArmorPiercingTier": 2 }, "Knockback": 1, "DurabilityDamage": 1, "Collider": [0.5, 0, 0.5, 2.8, 0, 0.5] }],
            "*-meteoriciron": [{ "Damage": { "DamageType": "BluntAttack", "Tier": 5, "Damage": 5, "ArmorPiercingTier": 2 }, "Knockback": 1, "DurabilityDamage": 1, "Collider": [0.5, 0, 0.5, 2.8, 0, 0.5] }],
            "*-steel": [{ "Damage": { "DamageType": "BluntAttack", "Tier": 6, "Damage": 5.5, "ArmorPiercingTier": 3 }, "Knockback": 1, "DurabilityDamage": 1, "Collider": [0.5, 0, 0.5, 2.8, 0, 0.5] }],
            "*": [{ "Damage": { "DamageType": "BluntAttack", "Tier": 3, "Damage": 4 }, "Knockback": 1, "DurabilityDamage": 1, "Collider": [0.5, 0, 0.5, 2.8, 0, 0.5] }]
          }
        },
        "AttackHitSound": "game:sounds/thud",
        "AttackDirectionsType": "Square",
        "AttackAnimation": {
            "Top": ["combatoverhaul:sword-long-slash-1h-top"],
            "Left": ["combatoverhaul:sword-long-slash-1h-left"],
            "Right": ["combatoverhaul:sword-long-slash-1h-right"],
            "Bottom": ["combatoverhaul:sword-long-thrust-1h-low-lefth"]
        },
        "TpAttackAnimation": {
          "Top": "combatoverhaul-falx-slash",
          "Left": "combatoverhaul-falx-slash",
          "Right": "combatoverhaul-falx-slash",
          "Bottom": "combatoverhaul-falx-slash"
        },
        "SpeedPenalty": 0,
        "BlockSpeedPenalty": 0,
        "Parry": {
          "Zones": ["Head", "Face", "Neck", "Torso", "LeftArm", "RightArm", "LeftHand", "RightHand", "LeftLeg", "RightLeg", "LeftFoot", "RightFoot"],
          "Directions": [90, 90, 90, 90],
          "Sound": "game:sounds/held/shieldblock-metal-heavy",
          "BlockTier": {
            "BluntAttack": 9,
            "SlashingAttack": 9,
            "PiercingAttack": 9
          },
          "CanBlockProjectiles": false
        },
        "BlockCooldownMs": 300,
        "BlockAnimation": "combatoverhaul:sword-short-parry",
        "ReadyAnimation": "combatoverhaul:sword-ready-idle",
        "IdleAnimation": "combatoverhaul:aa-sword-long-idle-1h"
      }
    }
    },
    "side": "Server",
    "dependsOn": [
			{"modid": "ancientarmory"},  
			{"modid": "combatoverhaul"},
      {"modid": "armory",
       "invert": true
      }
		]
  }
]