[
{
    "file": "ancientarmory:itemtypes/spear.json",
    "op": "remove",
    "path": "/heldTpHitAnimationByType",
    "side": "Server",
    "dependsOn": [
			{"modid": "ancientarmory"},  
			{"modid": "combatoverhaul"},
      {"modid": "armory",
       "invert": true
      }
		]
  },
  {
    "file": "ancientarmory:itemtypes/spear.json",
    "op": "remove",
    "path": "/heldRightReadyAnimation",
    "side": "Server",
    "dependsOn": [
			{"modid": "ancientarmory"},  
			{"modid": "combatoverhaul"},
      {"modid": "armory",
       "invert": true
      }
		]
  },
  {
    "file": "ancientarmory:itemtypes/spear.json",
    "op": "remove",
    "path": "/heldTpIdleAnimation",
    "side": "Server",
    "dependsOn": [
			{"modid": "ancientarmory"},  
			{"modid": "combatoverhaul"},
      {"modid": "armory",
       "invert": true
      }
		]
  },
  {
    "file": "ancientarmory:itemtypes/spear.json",
    "op": "remove",
    "path": "/behaviors/1",
    "side": "Server",
    "dependsOn": [
			{"modid": "ancientarmory"},  
			{"modid": "combatoverhaul"},
      {"modid": "armory",
       "invert": true
      }
		]
  },
  {
    "file": "ancientarmory:itemtypes/spear.json",
    "op": "add",
    "path": "/behaviors/1",
    "value": {
      "name": "CombatOverhaul:Projectile",
      "properties": {
        "stats": {
          "AdditionalDurabilityCost": 0,
          "CollisionRadius": 0.05,
          "DamageStatsByType": {
            "*-*bronze": {"DamageType": "PiercingAttack", "Damage": 5},
            "*-*iron": {"DamageType": "PiercingAttack", "Damage": 5.5},
            "*-ornategold": {"DamageType": "PiercingAttack", "Damage": 5.5},
            "*-ornatesilver": {"DamageType": "PiercingAttack", "Damage": 5.5},
            "*-steel": {"DamageType": "PiercingAttack", "Damage": 6},
            "*": {"DamageType": "PiercingAttack", "Damage": 3.5}
          },
          "HitSound": "game:sounds/player/projectilehit",
          "SpeedThreshold": 0.3,
          "Knockback": 0.3,
          "EntityCode": "ancientarmory:spear-{type}-{metal}",
          "DurabilityDamage": 1,
          "DropChance": 1
        }
      }
    }, 
    "side": "Server",
    "dependsOn": [
			{"modid": "ancientarmory"},  
			{"modid": "combatoverhaul"},
      {"modid": "armory",
       "invert": true
      }
		]
  },
  {
    "file": "ancientarmory:itemtypes/spear.json",
    "op": "remove",
    "path": "/fpHandTransformByType",
    "side": "Server",
    "dependsOn": [
			{"modid": "ancientarmory"},  
			{"modid": "combatoverhaul"},
      {"modid": "armory",
       "invert": true
      }
		]
  },
  {
    "file": "ancientarmory:itemtypes/spear.json",
    "op": "remove",
    "path": "/attackRangeByType",
    "side": "Server",
    "dependsOn": [
			{"modid": "ancientarmory"},  
			{"modid": "combatoverhaul"},
      {"modid": "armory",
       "invert": true
      }
		]
  },
  {
    "file": "ancientarmory:itemtypes/spear.json",
    "op": "remove",
    "path": "/toolTierByType",
    "side": "Server",
    "dependsOn": [
			{"modid": "ancientarmory"},  
			{"modid": "combatoverhaul"},
      {"modid": "armory",
       "invert": true
      }
		]
  },
  {
    "file": "ancientarmory:itemtypes/spear.json",
    "op": "remove",
    "path": "/attackPowerByType",
    "side": "Server",
    "dependsOn": [
			{"modid": "ancientarmory"},  
			{"modid": "combatoverhaul"},
      {"modid": "armory",
       "invert": true
      }
		]
  },
  {
    "file": "ancientarmory:itemtypes/spear.json",
    "op": "replace",
    "path": "/durabilityByType",
    "value": {     
        "*-gold": 400,
        "*-silver": 400,
        "*-tinbronze": 450,
        "*-bismuthbronze": 530,
        "*-blackbronze": 600,
        "*-iron": 850,
        "*-meteoriciron": 1100,
        "*-steel": 2125
      },
    "side": "Server",
    "dependsOn": [
			{"modid": "ancientarmory"},  
			{"modid": "combatoverhaul"},
      {"modid": "armory",
       "invert": true
      }
		]
  },
  {
    "file": "ancientarmory:itemtypes/spear.json",
    "op": "replace",
    "path": "/tpHandTransformByType",
    "value": {     
        "*-voulge-*": {
            "translation": { "x": -1.85, "y": 0.06, "z": 0.5 },
            "rotation": { "x": 0, "y": 0, "z": 0 },
            "origin": { "x": 0, "y": 0, "z": 0 },
            "scale": 0.8
        },
        "*-ranseur-*": {
            "translation": { "x": -1.77, "y": 0.07, "z": 0.5 },
            "rotation": { "x": 0, "y": 0, "z": 0 },
            "origin": { "x": 0, "y": 0, "z": 0 },
            "scale": 0.8
        },
        "*": {
            "translation": { "x": -1.57, "y": 0.07, "z": 0.5 },
            "rotation": { "x": 0, "y": 0, "z": 0 },
            "origin": { "x": 0, "y": 0, "z": 0 },
            "scale": 0.8
        }
      },
    "side": "Server",
    "dependsOn": [
			{"modid": "ancientarmory"},  
			{"modid": "combatoverhaul"},
      {"modid": "armory",
       "invert": true
      }
		]
  },
  {
  	"file": "ancientarmory:itemtypes/spear.json",
  	"op": "add",
  	"path": "/class",
  	"value": "CombatOverhaul:MeleeWeapon",
  	"side": "Server",
    "dependsOn": [
			{"modid": "ancientarmory"},  
			{"modid": "combatoverhaul"},
      {"modid": "armory",
       "invert": true
      }
		]
  },
    {
    "file": "ancientarmory:itemtypes/spear.json",
    "op": "remove",
    "path": "/shape",
    "side": "Server",
    "dependsOn": [
			{"modid": "ancientarmory"},  
			{"modid": "combatoverhaul"},
      {"modid": "armory",
       "invert": true
      }
		]
  },
  {
    "file": "ancientarmory:itemtypes/spear.json",
    "op": "add",
    "path": "/shapeByType",
    "value": {
      "*-voulge-*": {
        "base": "coavoulge"
      },
      "*": {
        "base": "game:item/tool/spear/{type}"
      }
    },
    "side": "Server",
    "dependsOn": [
			{"modid": "ancientarmory"},  
			{"modid": "combatoverhaul"},
      {"modid": "armory",
       "invert": true
      }
		]
  },
  {
  "file": "ancientarmory:itemtypes/spear.json",
  "op": "replace",
  "path": "/guiTransformByType/*-voulge-*",
  "value": {
      "translation": { "x": -25, "y": -27, "z": 56 },
      "rotation": { "x": -180, "y": 140, "z": 44 },
      "origin": { "x": 1.29, "y": 0, "z": 0.5 },
      "scale": 2
  },
    "side": "Server",
    "dependsOn": [
			{"modid": "ancientarmory"},  
			{"modid": "combatoverhaul"},
      {"modid": "armory",
       "invert": true
      }
		]
  },
  {
  "file": "ancientarmory:itemtypes/spear.json",
  "op": "replace",
  "path": "/attributes/groundStorageTransformByType/*-voulge-*",
  "value": {
      "translation": { "x": -0.39, "y": 1.18, "z": 0.34 },
      "rotation": { "x": 16, "y": -10, "z": 90 },
      "scale": 0.75
  },
    "side": "Server",
    "dependsOn": [
			{"modid": "ancientarmory"},  
			{"modid": "combatoverhaul"},
      {"modid": "armory",
       "invert": true
      }
		]
  },
 {
    "file": "ancientarmory:itemtypes/spear.json",
    "op": "addmerge",
    "path": "/attributes",
    "value": {
      "ProficiencyStatByType": {
        "*-voulge-*": "halberdsProficiency",
        "*": "spearsProficiency"
      },
      "RenderingOffset": false,
      "OneHandedStance": {
        "CanAttack": true,
        "CanParry": false,
        "CanBlock": false,
        "CanSprint": true,
        "CanThrow": false,
        "SpeedPenalty": 0,
        "AttackCooldownMs": 550,
        "GripLengthFactor": 2,
        "GripMinLength": 12,
        "GripMaxLength": 0,
        "Attack": {
          "StopOnTerrainHit": false,
          "StopOnEntityHit": false,
          "CollideWithTerrain": true,
          "HitOnlyOneEntity": true,
          "MaxReach": 11,
          "DamageTypes": [
            {
              "DamageByType": {
                "*-gold": {"DamageType": "PiercingAttack", "Tier": 3, "Damage": 4.5},
                "*-silver": {"DamageType": "PiercingAttack", "Tier": 3, "Damage": 4.5},
                "*-*bronze": {"DamageType": "PiercingAttack", "Tier": 4, "Damage": 5},
                "*-iron": {"DamageType": "PiercingAttack", "Tier": 5, "Damage": 5.5},
                "*-meteoriciron": {"DamageType": "PiercingAttack", "Tier": 5, "Damage": 5.5},
                "*-steel": {"DamageType": "PiercingAttack", "Tier": 6, "Damage": 6},
                "*": {"DamageType": "PiercingAttack", "Tier": 1, "Damage": 2.5}
              },
              "Knockback": 0.8,
              "DurabilityDamage": 1,
              "Collider": [0, 0, 0.5, 1.2, 0, 0.5]
            }
          ]
        },
        "HandleAttack": {
          "StopOnTerrainHit": true,
          "StopOnEntityHit": false,
          "CollideWithTerrain": true,
          "MaxReach": 9,
          "DamageTypes": [{"Damage": {"DamageType": "BluntAttack", "Tier": 0, "Damage": 1}, "Knockback": 1, "DurabilityDamage": 1, "Collider": [0, 0, 0.5, -2.5, 0, 0.5]}]
        },
        "AttackHitSound": "game:sounds/thud",
        "HandleHitSound": "game:sounds/thud",
        "AttackDirectionsType": "None",
        "AttackAnimation": {"Main": ["combatoverhaul:spear-thrust-1h"]},
        "ReadyAnimation": "combatoverhaul:spear-ready-1h",
        "IdleAnimation": "combatoverhaul:spear-ready-idle-1h"
    },
      "TwoHandedStanceByType": {
      "*-voulge-*": {
      "CanAttack": true,
      "CanParry": false,
      "CanBlock": false,
      "CanSprint": true,
      "CanThrow": false,
      "SpeedPenalty": 0,
      "BlockCooldownMs": 750,
      "GripLengthFactor": 4,
      "GripMinLength": 0,
      "GripMaxLength": 20,
      "DirectionalAttacks": {
        "Top": {
          "StopOnTerrainHit": false,
          "StopOnEntityHit": false,
          "CollideWithTerrain": false,
          "HitOnlyOneEntity": false,
          "MaxReach": 12,
          "DamageTypes": [
            {
              "DamageByType": {
                "*-gold": {"DamageType": "SlashingAttack", "Tier": 3, "Damage": 5},
                "*-silver": {"DamageType": "SlashingAttack", "Tier": 3, "Damage": 5},
                "*-*bronze": {"DamageType": "SlashingAttack", "Tier": 4, "Damage": 6},
                "*-iron": {"DamageType": "SlashingAttack", "Tier": 5, "Damage": 6.5},
                "*-meteoriciron": {"DamageType": "SlashingAttack", "Tier": 5, "Damage": 6.5},
                "*-steel": {"DamageType": "SlashingAttack", "Tier": 6, "Damage": 7}
              },
              "Knockback": 0.5,
              "DurabilityDamage": 1,
              "Collider": [-0.7, -0.27, 0.5, 1.2, -0.37, 0.5]
            },
            {
              "DamageByType": {
                "*-gold": {"DamageType": "SlashingAttack", "Tier": 3, "Damage": 5},
                "*-silver": {"DamageType": "SlashingAttack", "Tier": 3, "Damage": 5},
                "*-*bronze": {"DamageType": "SlashingAttack", "Tier": 4, "Damage": 6},
                "*-iron": {"DamageType": "SlashingAttack", "Tier": 5, "Damage": 6.5},
                "*-meteoriciron": {"DamageType": "SlashingAttack", "Tier": 5, "Damage": 6.5},
                "*-steel": {"DamageType": "SlashingAttack", "Tier": 6, "Damage": 7}
              },
              "Knockback": 0.5,
              "DurabilityDamage": 1,
              "Collider": [0, 0, 0.5, 0.3, 0, 0.3]
            }
          ]
        },
        "Left": {
          "StopOnTerrainHit": true,
          "StopOnEntityHit": false,
          "CollideWithTerrain": true,
          "HitOnlyOneEntity": false,
          "MaxReach": 12,
          "DamageTypes": [
            {
              "DamageByType": {
                "*-gold": {"DamageType": "SlashingAttack", "Tier": 3, "Damage": 5},
                "*-silver": {"DamageType": "SlashingAttack", "Tier": 3, "Damage": 5},
                "*-*bronze": {"DamageType": "SlashingAttack", "Tier": 4, "Damage": 6},
                "*-iron": {"DamageType": "SlashingAttack", "Tier": 5, "Damage": 6.5},
                "*-meteoriciron": {"DamageType": "SlashingAttack", "Tier": 5, "Damage": 6.5},
                "*-steel": {"DamageType": "SlashingAttack", "Tier": 6, "Damage": 7}
              },
              "Knockback": 0.5,
              "DurabilityDamage": 1,
              "Collider": [-0.4, -0.27, 0.5, 0.70000005, -0.37, 0.5]
            },
            {
              "DamageByType": {
                "*-gold": {"DamageType": "SlashingAttack", "Tier": 3, "Damage": 5},
                "*-silver": {"DamageType": "SlashingAttack", "Tier": 3, "Damage": 5},
                "*-*bronze": {"DamageType": "SlashingAttack", "Tier": 4, "Damage": 6},
                "*-iron": {"DamageType": "SlashingAttack", "Tier": 5, "Damage": 6.5},
                "*-meteoriciron": {"DamageType": "SlashingAttack", "Tier": 5, "Damage": 6.5},
                "*-steel": {"DamageType": "SlashingAttack", "Tier": 6, "Damage": 7}
              },
              "Knockback": 0.5,
              "DurabilityDamage": 1,
              "Collider": [0, 0, 0.5, 1.3, 0, 0.5]
            }
          ]
        },
        "Right": {
          "StopOnTerrainHit": true,
          "StopOnEntityHit": false,
          "CollideWithTerrain": true,
          "HitOnlyOneEntity": false,
          "MaxReach": 12,
          "DamageTypes": [
            {
              "DamageByType": {
                "*-gold": {"DamageType": "SlashingAttack", "Tier": 3, "Damage": 5},
                "*-silver": {"DamageType": "SlashingAttack", "Tier": 3, "Damage": 5},
                "*-*bronze": {"DamageType": "SlashingAttack", "Tier": 4, "Damage": 6},
                "*-iron": {"DamageType": "SlashingAttack", "Tier": 5, "Damage": 6.5},
                "*-meteoriciron": {"DamageType": "SlashingAttack", "Tier": 5, "Damage": 6.5},
                "*-steel": {"DamageType": "SlashingAttack", "Tier": 6, "Damage": 7}
              },
              "Knockback": 0.5,
              "DurabilityDamage": 1,
              "Collider": [-0.4, -0.27, 0.5, 0.70000005, -0.37, 0.5]
            },
            {
              "DamageByType": {
                "*-gold": {"DamageType": "SlashingAttack", "Tier": 3, "Damage": 5},
                "*-silver": {"DamageType": "SlashingAttack", "Tier": 3, "Damage": 5},
                "*-*bronze": {"DamageType": "SlashingAttack", "Tier": 4, "Damage": 6},
                "*-iron": {"DamageType": "SlashingAttack", "Tier": 5, "Damage": 6.5},
                "*-meteoriciron": {"DamageType": "SlashingAttack", "Tier": 5, "Damage": 6.5},
                "*-steel": {"DamageType": "SlashingAttack", "Tier": 6, "Damage": 7}
              },
              "Knockback": 0.5,
              "DurabilityDamage": 1,
              "Collider": [0, 0, 0.5, 1.3, 0, 0.5]
            }
          ]
        },
        "Bottom": {
          "StopOnTerrainHit": true,
          "StopOnEntityHit": false,
          "CollideWithTerrain": true,
          "HitOnlyOneEntity": true,
          "MaxReach": 12,
          "DamageTypes": [
            {
              "DamageByType": {
                "*-gold": {"DamageType": "PiercingAttack", "Tier": 3, "Damage": 5},
                "*-silver": {"DamageType": "PiercingAttack", "Tier": 3, "Damage": 5},
                "*-*bronze": {"DamageType": "PiercingAttack", "Tier": 4, "Damage": 6},
                "*-iron": {"DamageType": "PiercingAttack", "Tier": 5, "Damage": 6.5},
                "*-meteoriciron": {"DamageType": "PiercingAttack", "Tier": 5, "Damage": 6.5},
                "*-steel": {"DamageType": "PiercingAttack", "Tier": 6, "Damage": 7}
              },
              "Knockback": 1,
              "DurabilityDamage": 1,
              "Collider": [0, 0, 0.5, 1.3, 0, 0.5]
            },
            {
              "DamageByType": {
                "*-gold": {"DamageType": "PiercingAttack", "Tier": 3, "Damage": 5},
                "*-silver": {"DamageType": "PiercingAttack", "Tier": 3, "Damage": 5},
                "*-*bronze": {"DamageType": "PiercingAttack", "Tier": 4, "Damage": 6},
                "*-iron": {"DamageType": "PiercingAttack", "Tier": 5, "Damage": 6.5},
                "*-meteoriciron": {"DamageType": "PiercingAttack", "Tier": 5, "Damage": 6.5},
                "*-steel": {"DamageType": "PiercingAttack", "Tier": 6, "Damage": 7}
              },
              "Knockback": 2,
              "DurabilityDamage": 1,
              "Collider": [0, 0, 0.5, 0, 0, 0.5]
            }
          ]
        }
      },
      "HandleAttack": {
        "StopOnTerrainHit": true,
        "StopOnEntityHit": false,
        "CollideWithTerrain": true,
        "MaxReach": 9,
        "DamageTypes": [{"Damage": {"DamageType": "BluntAttack", "Tier": 0, "Damage": 0}, "Knockback": 0, "DurabilityDamage": 0, "Collider": [-2.4, 0.1, 0.5, -0.5, 0.1, 0.5]}]
      },
      "AttackHitSound": "game:sounds/thud",
      "HandleHitSound": "game:sounds/thud",
      "AttackDirectionsType": "Square",
      "AttackAnimation": {
        "Top": ["combatoverhaul:halberd-slash-2h-top"],
        "Left": ["combatoverhaul:halberd-slash-2h-left"],
        "Right": ["combatoverhaul:halberd-slash-2h-right"],
        "Bottom": ["combatoverhaul:halberd-thrust-2h-bottom"]
      },
      "TpAttackAnimation": {"Top": "combatoverhaul-falx-slash", "Left": "combatoverhaul-falx-slash", "Right": "combatoverhaul-falx-slash", "Bottom": "combatoverhaul-spear-hit"},
      "ReadyAnimation": "combatoverhaul:halberd-ready-2h",
      "IdleAnimation": "combatoverhaul:halberd-idle-1h",
      "AttackTpAnimation": "spearhit"
      },
      "*-boar-*": {
          "CanAttack": true,
          "CanParry": false,
          "CanBlock": false,
          "CanSprint": true,
          "CanThrow": false,
          "SpeedPenalty": 0,
          "AttackCooldownMs": 500,
          "BlockCooldownMs": 750,
          "GripLengthFactor": 4,
          "GripMinLength": 0,
          "GripMaxLength": 40,
          "Attack": {
            "StopOnTerrainHit": true,
            "StopOnEntityHit": false,
            "CollideWithTerrain": true,
            "HitOnlyOneEntity": true,
            "MaxReach": 12,
            "DamageTypesByType": {
              "*-gold": [{"Damage": {"DamageType": "PiercingAttack", "Tier": 3, "Damage": 5}, "Knockback": 2, "DurabilityDamage": 1, "Collider": [0, 0, 0.5, 1.2, 0, 0.5]}],
              "*-silver": [{"Damage": {"DamageType": "PiercingAttack", "Tier": 3, "Damage": 5}, "Knockback": 2, "DurabilityDamage": 1, "Collider": [0, 0, 0.5, 1.2, 0, 0.5]}],
              "*-*bronze": [{"Damage": {"DamageType": "PiercingAttack", "Tier": 4, "Damage": 6}, "Knockback": 2, "DurabilityDamage": 1, "Collider": [0, 0, 0.5, 1.2, 0, 0.5]}],
              "*-iron": [{"Damage": {"DamageType": "PiercingAttack", "Tier": 5, "Damage": 6.5}, "Knockback": 2, "DurabilityDamage": 1, "Collider": [0, 0, 0.5, 1.2, 0, 0.5]}],
              "*-meteoriciron": [{"Damage": {"DamageType": "PiercingAttack", "Tier": 5, "Damage": 6.5}, "Knockback": 2, "DurabilityDamage": 1, "Collider": [0, 0, 0.5, 1.2, 0, 0.5]}],
              "*-steel": [{"Damage": {"DamageType": "PiercingAttack", "Tier": 6, "Damage": 7}, "Knockback": 2, "DurabilityDamage": 1, "Collider": [0, 0, 0.5, 1.2, 0, 0.5]}]
            }
          },
          "HandleAttack": {
            "StopOnTerrainHit": true,
            "StopOnEntityHit": false,
            "CollideWithTerrain": true,
            "MaxReach": 9,
            "DamageTypes": [{"Damage": {"DamageType": "BluntAttack", "Tier": 0, "Damage": 0}, "Knockback": 0, "DurabilityDamage": 0, "Collider": [0, 0, 0.6, -4.2, 0, 0.6]}]
          },
          "AttackHitSound": "game:sounds/thud",
          "HandleHitSound": "game:sounds/thud",
          "AttackDirectionsType": "TopBottom",
          "AttackAnimation": {
          "Top": ["combatoverhaul:spear-thrust-2h-top"],
          "Bottom": ["combatoverhaul:spear-thrust-2h-3"]
          },
          "TpAttackAnimation": {"Top": "combatoverhaul-spear-hit", "Bottom": "combatoverhaul-spear-hit"},
          "ReadyAnimation": "combatoverhaul:spear-ready-1h",
          "IdleAnimation": "combatoverhaul:spear-ready-idle-1h",
          "AttackTpAnimation": "spearhit"
      },
        "*-fork-*": {
          "CanAttack": true,
          "CanParry": false,
          "CanBlock": false,
          "CanSprint": true,
          "CanThrow": false,
          "SpeedPenalty": 0,
          "AttackCooldownMs": 500,
          "BlockCooldownMs": 750,
          "GripLengthFactor": 4,
          "GripMinLength": 0,
          "GripMaxLength": 40,
          "Attack": {
            "StopOnTerrainHit": true,
            "StopOnEntityHit": false,
            "CollideWithTerrain": true,
            "HitOnlyOneEntity": true,
            "MaxReach": 12,
            "DamageTypesByType": {
              "*-gold": [{"Damage": {"DamageType": "PiercingAttack", "Tier": 3, "Damage": 5}, "Knockback": 2, "DurabilityDamage": 1, "Collider": [0, 0, 0.5, 1.2, 0, 0.5]}],
              "*-silver": [{"Damage": {"DamageType": "PiercingAttack", "Tier": 3, "Damage": 5}, "Knockback": 2, "DurabilityDamage": 1, "Collider": [0, 0, 0.5, 1.2, 0, 0.5]}],
              "*-*bronze": [{"Damage": {"DamageType": "PiercingAttack", "Tier": 4, "Damage": 6}, "Knockback": 2, "DurabilityDamage": 1, "Collider": [0, 0, 0.5, 1.2, 0, 0.5]}],
              "*-iron": [{"Damage": {"DamageType": "PiercingAttack", "Tier": 5, "Damage": 6.5}, "Knockback": 2, "DurabilityDamage": 1, "Collider": [0, 0, 0.5, 1.2, 0, 0.5]}],
              "*-meteoriciron": [{"Damage": {"DamageType": "PiercingAttack", "Tier": 5, "Damage": 6.5}, "Knockback": 2, "DurabilityDamage": 1, "Collider": [0, 0, 0.5, 1.2, 0, 0.5]}],
              "*-steel": [{"Damage": {"DamageType": "PiercingAttack", "Tier": 6, "Damage": 7}, "Knockback": 2, "DurabilityDamage": 1, "Collider": [0, 0, 0.5, 1.2, 0, 0.5]}]
            }
          },
          "HandleAttack": {
            "StopOnTerrainHit": true,
            "StopOnEntityHit": false,
            "CollideWithTerrain": true,
            "MaxReach": 9,
            "DamageTypes": [{"Damage": {"DamageType": "BluntAttack", "Tier": 0, "Damage": 0}, "Knockback": 0, "DurabilityDamage": 0, "Collider": [0, 0, 0.6, -4.2, 0, 0.6]}]
          },
          "AttackHitSound": "game:sounds/thud",
          "HandleHitSound": "game:sounds/thud",
          "AttackDirectionsType": "TopBottom",
          "AttackAnimation": {
          "Top": ["combatoverhaul:spear-thrust-2h-top"],
          "Bottom": ["combatoverhaul:spear-thrust-2h-3"]
          },
          "TpAttackAnimation": {"Top": "combatoverhaul-spear-hit", "Bottom": "combatoverhaul-spear-hit"},
          "ReadyAnimation": "combatoverhaul:spear-ready-1h",
          "IdleAnimation": "combatoverhaul:spear-ready-idle-1h",
          "AttackTpAnimation": "spearhit"
      },
        "*-ranseur-*": {
          "CanAttack": true,
          "CanParry": false,
          "CanBlock": false,
          "CanSprint": true,
          "CanThrow": false,
          "SpeedPenalty": 0,
          "AttackCooldownMs": 500,
          "BlockCooldownMs": 750,
          "GripLengthFactor": 4,
          "GripMinLength": 0,
          "GripMaxLength": 40,
          "Attack": {
            "StopOnTerrainHit": true,
            "StopOnEntityHit": false,
            "CollideWithTerrain": true,
            "HitOnlyOneEntity": true,
            "MaxReach": 12,
            "DamageTypesByType": {
              "*-gold": [{"Damage": {"DamageType": "PiercingAttack", "Tier": 3, "Damage": 5}, "Knockback": 2, "DurabilityDamage": 1, "Collider": [0, 0, 0.5, 1.2, 0, 0.5]}],
              "*-silver": [{"Damage": {"DamageType": "PiercingAttack", "Tier": 3, "Damage": 5}, "Knockback": 2, "DurabilityDamage": 1, "Collider": [0, 0, 0.5, 1.2, 0, 0.5]}],
              "*-*bronze": [{"Damage": {"DamageType": "PiercingAttack", "Tier": 4, "Damage": 6}, "Knockback": 2, "DurabilityDamage": 1, "Collider": [0, 0, 0.5, 1.2, 0, 0.5]}],
              "*-iron": [{"Damage": {"DamageType": "PiercingAttack", "Tier": 5, "Damage": 6.5}, "Knockback": 2, "DurabilityDamage": 1, "Collider": [0, 0, 0.5, 1.2, 0, 0.5]}],
              "*-meteoriciron": [{"Damage": {"DamageType": "PiercingAttack", "Tier": 5, "Damage": 6.5}, "Knockback": 2, "DurabilityDamage": 1, "Collider": [0, 0, 0.5, 1.2, 0, 0.5]}],
              "*-steel": [{"Damage": {"DamageType": "PiercingAttack", "Tier": 6, "Damage": 7}, "Knockback": 2, "DurabilityDamage": 1, "Collider": [0, 0, 0.5, 1.2, 0, 0.5]}]
            }
          },
          "HandleAttack": {
            "StopOnTerrainHit": true,
            "StopOnEntityHit": false,
            "CollideWithTerrain": true,
            "MaxReach": 9,
            "DamageTypes": [{"Damage": {"DamageType": "BluntAttack", "Tier": 0, "Damage": 0}, "Knockback": 0, "DurabilityDamage": 0, "Collider": [0, 0, 0.6, -4.2, 0, 0.6]}]
          },
          "AttackHitSound": "game:sounds/thud",
          "HandleHitSound": "game:sounds/thud",
          "AttackDirectionsType": "TopBottom",
          "AttackAnimation": {
          "Top": ["combatoverhaul:spear-thrust-2h-top"],
          "Bottom": ["combatoverhaul:spear-thrust-2h-3"]
          },
          "TpAttackAnimation": {"Top": "combatoverhaul-spear-hit", "Bottom": "combatoverhaul-spear-hit"},
          "ReadyAnimation": "combatoverhaul:spear-ready-1h",
          "IdleAnimation": "combatoverhaul:spear-ready-idle-1h",
          "AttackTpAnimation": "spearhit"
      }
      }
    },
    "side": "Server",
    "dependsOn": [
			{"modid": "ancientarmory"},  
			{"modid": "combatoverhaul"},
      {"modid": "armory",
       "invert": true
      }
		]
  }
]