[
  {
    "file": "ancientarmory:itemtypes/club.json",
    "op": "remove",
    "path": "/heldTpHitAnimationByType",
    "side": "Server",
    "dependsOn": [
			{"modid": "ancientarmory"},  
			{"modid": "combatoverhaul"},
      {"modid": "armory"}
		]
  },
  {
    "file": "ancientarmory:itemtypes/club.json",
    "op": "remove",
    "path": "/behaviors/1",
    "side": "Server",
    "dependsOn": [
			{"modid": "ancientarmory"},  
			{"modid": "combatoverhaul"},
      {"modid": "armory"}
		]
  },
  {
    "file": "ancientarmory:itemtypes/club.json",
    "op": "remove",
    "path": "/fpHandTransform",
    "side": "Server",
    "dependsOn": [
			{"modid": "ancientarmory"},  
			{"modid": "combatoverhaul"},
      {"modid": "armory"}
		]
  },
  {
    "file": "ancientarmory:itemtypes/club.json",
    "op": "remove",
    "path": "/attackRangeByType",
    "side": "Server",
    "dependsOn": [
			{"modid": "ancientarmory"},  
			{"modid": "combatoverhaul"},
      {"modid": "armory"}
		]
  },
  {
    "file": "ancientarmory:itemtypes/club.json",
    "op": "remove",
    "path": "/toolTierByType",
    "side": "Server",
    "dependsOn": [
			{"modid": "ancientarmory"},  
			{"modid": "combatoverhaul"},
      {"modid": "armory"}
		]
  },
  {
    "file": "ancientarmory:itemtypes/club.json",
    "op": "remove",
    "path": "/attackPowerByType",
    "side": "Server",
    "dependsOn": [
			{"modid": "ancientarmory"},  
			{"modid": "combatoverhaul"},
      {"modid": "armory"}
		]
  },
  {
    "file": "ancientarmory:itemtypes/club.json",
    "op": "replace",
    "path": "/tool",
    "value": "mace",
    "side": "Server",
    "dependsOn": [
			{"modid": "ancientarmory"},  
			{"modid": "combatoverhaul"},
      {"modid": "armory"}
		]
  },
  {
    "file": "ancientarmory:itemtypes/club.json",
    "op": "replace",
    "path": "/tpHandTransformByType",
    "value": {     
        "*-flanged-*": {
        "translation": { "x": -0.89, "y": -0.64, "z": -0.15 },
        "rotation": { "x": 90, "y": 1, "z": 0 },
        "scale": 0.75
        },
        "*-morningstar-*": {
        "translation": { "x": -0.97, "y": -0.64, "z": -0.15 },
        "rotation": { "x": 90, "y": 1, "z": 0 },
        "scale": 0.75
        },
        "*-spiked-*": {
        "translation": { "x": -0.85, "y": -0.64, "z": -0.15 },
        "rotation": { "x": 90, "y": 1, "z": 0 },
        "scale": 0.75
        },
        "*-warhammer-*": {
        "translation": { "x": -0.9, "y": -0.57, "z": -0.12 },
        "rotation": { "x": 90, "y": 3, "z": 0 },
        "scale": 0.8
        }
      },
    "side": "Server",
    "dependsOn": [
			{"modid": "ancientarmory"},  
			{"modid": "combatoverhaul"},
      {"modid": "armory"}
		]
  },
  {
  	"file": "ancientarmory:itemtypes/club.json",
  	"op": "add",
  	"path": "/class",
  	"value": "CombatOverhaul:MeleeWeapon",
  	"side": "Server",
    "dependsOn": [
			{"modid": "ancientarmory"},  
			{"modid": "combatoverhaul"},
      {"modid": "armory"}
		]
  },
  {
    "file": "ancientarmory:itemtypes/club.json",
    "op": "addmerge",
    "path": "/attributes",
    "value": {
      "ProficiencyStat": "macesProficiency",
      "RenderingOffset": false,
      "TwoHandedStanceByType": {
          "*-warhammer-*": {
            "CanAttack": true,
            "CanParry": false,
            "CanBlock": false,
            "CanSprint": true,
            "Attack": {
              "StopOnTerrainHit": true,
              "StopOnEntityHit": true,
              "CollideWithTerrain": true,
              "MaxReach": 7,
              "DamageTypesByType": {
                "*-*bronze": [{"Damage": {"DamageType": "BluntAttack", "Tier": 3, "Damage": 5}, "Knockback": 0, "DurabilityDamage": 1, "Collider": [0.7, -0.1, 0.5, 1.7, -0.2, 0.5]}],
                "*-iron": [{"Damage": {"DamageType": "BluntAttack", "Tier": 4, "Damage": 5.5, "ArmorPiercingTier": 2}, "Knockback": 0, "DurabilityDamage": 1, "Collider": [0.7, -0.1, 0.5, 1.7, -0.2, 0.5]}],
                "*-meteoriciron": [{"Damage": {"DamageType": "BluntAttack", "Tier": 5, "Damage": 5.5, "ArmorPiercingTier": 2}, "Knockback": 0, "DurabilityDamage": 1, "Collider": [0.7, -0.1, 0.5, 1.7, -0.2, 0.5]}],
                "*-steel": [{"Damage": {"DamageType": "BluntAttack", "Tier": 6, "Damage": 6, "ArmorPiercingTier": 3}, "Knockback": 0, "DurabilityDamage": 1, "Collider": [0.7, -0.1, 0.5, 1.7, -0.2, 0.5]}],
                "*": [{"Damage": {"DamageType": "BluntAttack", "Tier": 1, "Damage": 4.5}, "Knockback": 0, "DurabilityDamage": 1, "Collider": [0.7, -0.1, 0.5, 1.7, -0.2, 0.5]}]
              }
            },
            "AttackHitSound": "game:sounds/thud",
            "AttackDirectionsType": "None",
            "AttackAnimation": {"Main": ["armory:long-axe-strike-2h-3", "armory:long-axe-strike-2h-2"]},
            "ReadyAnimation": "armory:long-axe-ready-2h",
            "IdleAnimation": "armory:long-axe-idle-2h"
      }
      },
      "OneHandedStanceByType": {
          "*-warhammer-*": {
            "CanAttack": true,
            "CanParry": false,
            "CanBlock": false,
            "CanSprint": true,
            "Attack": {
              "StopOnTerrainHit": true,
              "StopOnEntityHit": true,
              "CollideWithTerrain": true,
              "MaxReach": 6,
              "DamageTypesByType": {
                "*-*bronze": [{"Damage": {"DamageType": "BluntAttack", "Tier": 3, "Damage": 4}, "Knockback": 0, "DurabilityDamage": 1, "Collider": [0.7, -0.1, 0.5, 1.7, -0.2, 0.5]}],
                "*-iron": [{"Damage": {"DamageType": "BluntAttack", "Tier": 4, "Damage": 4.5, "ArmorPiercingTier": 1}, "Knockback": 0, "DurabilityDamage": 1, "Collider": [0.7, -0.1, 0.5, 1.7, -0.2, 0.5]}],
                "*-meteoriciron": [{"Damage": {"DamageType": "BluntAttack", "Tier": 5, "Damage": 4.5, "ArmorPiercingTier": 1}, "Knockback": 0, "DurabilityDamage": 1, "Collider": [0.7, -0.1, 0.5, 1.7, -0.2, 0.5]}],
                "*-steel": [{"Damage": {"DamageType": "BluntAttack", "Tier": 6, "Damage": 5, "ArmorPiercingTier": 2}, "Knockback": 0, "DurabilityDamage": 1, "Collider": [0.7, -0.1, 0.5, 1.7, -0.2, 0.5]}],
                "*": [{"Damage": {"DamageType": "BluntAttack", "Tier": 1, "Damage": 3.5}, "Knockback": 0, "DurabilityDamage": 1, "Collider": [0.7, -0.1, 0.5, 1.7, -0.2, 0.5]}]
              }
            },
            "AttackHitSound": "game:sounds/thud",
            "AttackAnimation": {"Main": ["armory:mace-strike-1h-1", "armory:mace-strike-1h-2"]},
            "TpAttackAnimation": {"Main": "combatoverhaul-falx-slash"},
            "ReadyAnimation": "armory:mace-ready-1h",
            "IdleAnimation": "armory:mace-idle-1h",
            "AttackTpAnimation": "falx"
      },
        "*-flanged-*": {
            "CanAttack": true,
            "CanParry": false,
            "CanBlock": false,
            "CanSprint": true,
            "Attack": {
              "StopOnTerrainHit": true,
              "StopOnEntityHit": true,
              "CollideWithTerrain": true,
              "MaxReach": 6,
              "DamageTypesByType": {
                "*-*bronze": [{"Damage": {"DamageType": "BluntAttack", "Tier": 3, "Damage": 4}, "Knockback": 0, "DurabilityDamage": 1, "Collider": [0.7, -0.1, 0.5, 1.7, -0.2, 0.5]}],
                "*-iron": [
                  {
                    "Damage": {"DamageType": "BluntAttack", "Tier": 4, "Damage": 4.5, "ArmorPiercingTier": 1},
                    "Knockback": 0,
                    "DurabilityDamage": 1,
                    "Collider": [0.7, -0.1, 0.5, 1.7, -0.2, 0.5]
                  }
                ],
                "*-meteoriciron": [
                  {
                    "Damage": {"DamageType": "BluntAttack", "Tier": 5, "Damage": 4.5, "ArmorPiercingTier": 2},
                    "Knockback": 0,
                    "DurabilityDamage": 1,
                    "Collider": [0.7, -0.1, 0.5, 1.7, -0.2, 0.5]
                  }
                ],
                "*-steel": [
                  {
                    "Damage": {"DamageType": "BluntAttack", "Tier": 6, "Damage": 5, "ArmorPiercingTier": 3},
                    "Knockback": 0,
                    "DurabilityDamage": 1,
                    "Collider": [0.7, -0.1, 0.5, 1.7, -0.2, 0.5]
                  }
                ],
                "*": [{"Damage": {"DamageType": "BluntAttack", "Tier": 1, "Damage": 3}, "Knockback": 0, "DurabilityDamage": 1, "Collider": [0.7, -0.1, 0.5, 1.7, -0.2, 0.5]}]
              }
            },
            "AttackHitSound": "game:sounds/thud",
            "AttackAnimation": {"Main": ["armory:mace-strike-1h-1", "armory:mace-strike-1h-2"]},
            "TpAttackAnimation": {"Main": "combatoverhaul-falx-slash"},
            "ReadyAnimation": "armory:mace-ready-1h",
            "IdleAnimation": "armory:mace-idle-1h",
            "AttackTpAnimation": "falx"
      },
      "*-morningstar-*": {
            "CanAttack": true,
            "CanParry": false,
            "CanBlock": false,
            "CanSprint": true,
            "Attack": {
              "StopOnTerrainHit": true,
              "StopOnEntityHit": true,
              "CollideWithTerrain": true,
              "MaxReach": 6,
              "DamageTypesByType": {
                "*-*bronze": [{"Damage": {"DamageType": "BluntAttack", "Tier": 3, "Damage": 4}, "Knockback": 0, "DurabilityDamage": 1, "Collider": [0.7, -0.1, 0.5, 1.7, -0.2, 0.5]}],
                "*-iron": [
                  {
                    "Damage": {"DamageType": "BluntAttack", "Tier": 4, "Damage": 4.5, "ArmorPiercingTier": 1},
                    "Knockback": 0,
                    "DurabilityDamage": 1,
                    "Collider": [0.7, -0.1, 0.5, 1.7, -0.2, 0.5]
                  }
                ],
                "*-meteoriciron": [
                  {
                    "Damage": {"DamageType": "BluntAttack", "Tier": 5, "Damage": 4.5, "ArmorPiercingTier": 2},
                    "Knockback": 0,
                    "DurabilityDamage": 1,
                    "Collider": [0.7, -0.1, 0.5, 1.7, -0.2, 0.5]
                  }
                ],
                "*-steel": [
                  {
                    "Damage": {"DamageType": "BluntAttack", "Tier": 6, "Damage": 5, "ArmorPiercingTier": 3},
                    "Knockback": 0,
                    "DurabilityDamage": 1,
                    "Collider": [0.7, -0.1, 0.5, 1.7, -0.2, 0.5]
                  }
                ],
                "*": [{"Damage": {"DamageType": "BluntAttack", "Tier": 1, "Damage": 3}, "Knockback": 0, "DurabilityDamage": 1, "Collider": [0.7, -0.1, 0.5, 1.7, -0.2, 0.5]}]
              }
            },
            "AttackHitSound": "game:sounds/thud",
            "AttackAnimation": {"Main": ["armory:mace-strike-1h-1", "armory:mace-strike-1h-2"]},
            "TpAttackAnimation": {"Main": "combatoverhaul-falx-slash"},
            "ReadyAnimation": "armory:mace-ready-1h",
            "IdleAnimation": "armory:mace-idle-1h",
            "AttackTpAnimation": "falx"
      },
      "*-spiked-*": {
            "CanAttack": true,
            "CanParry": false,
            "CanBlock": false,
            "CanSprint": true,
            "Attack": {
              "StopOnTerrainHit": true,
              "StopOnEntityHit": true,
              "CollideWithTerrain": true,
              "MaxReach": 6,
              "DamageTypesByType": {
                "*-*bronze": [{"Damage": {"DamageType": "BluntAttack", "Tier": 3, "Damage": 4}, "Knockback": 0, "DurabilityDamage": 1, "Collider": [0.7, -0.1, 0.5, 1.7, -0.2, 0.5]}],
                "*-iron": [
                  {
                    "Damage": {"DamageType": "BluntAttack", "Tier": 4, "Damage": 4.5, "ArmorPiercingTier": 1},
                    "Knockback": 0,
                    "DurabilityDamage": 1,
                    "Collider": [0.7, -0.1, 0.5, 1.7, -0.2, 0.5]
                  }
                ],
                "*-meteoriciron": [
                  {
                    "Damage": {"DamageType": "BluntAttack", "Tier": 5, "Damage": 4.5, "ArmorPiercingTier": 2},
                    "Knockback": 0,
                    "DurabilityDamage": 1,
                    "Collider": [0.7, -0.1, 0.5, 1.7, -0.2, 0.5]
                  }
                ],
                "*-steel": [
                  {
                    "Damage": {"DamageType": "BluntAttack", "Tier": 6, "Damage": 5, "ArmorPiercingTier": 3},
                    "Knockback": 0,
                    "DurabilityDamage": 1,
                    "Collider": [0.7, -0.1, 0.5, 1.7, -0.2, 0.5]
                  }
                ],
                "*": [{"Damage": {"DamageType": "BluntAttack", "Tier": 1, "Damage": 3}, "Knockback": 0, "DurabilityDamage": 1, "Collider": [0.7, -0.1, 0.5, 1.7, -0.2, 0.5]}]
              }
            },
            "AttackHitSound": "game:sounds/thud",
            "AttackAnimation": {"Main": ["armory:mace-strike-1h-1", "armory:mace-strike-1h-2"]},
            "TpAttackAnimation": {"Main": "combatoverhaul-falx-slash"},
            "ReadyAnimation": "armory:mace-ready-1h",
            "IdleAnimation": "armory:mace-idle-1h",
            "AttackTpAnimation": "falx"
      }
      }
    },
    "side": "Server",
    "dependsOn": [
			{"modid": "ancientarmory"},  
			{"modid": "combatoverhaul"},
      {"modid": "armory"}
		]
  }
]