[
  {
    "file": "ancientarmory:itemtypes/blades.json",
    "op": "remove",
    "path": "/heldTpHitAnimationByType",
    "side": "Server",
    "dependsOn": [
			{"modid": "ancientarmory"},  
			{"modid": "combatoverhaul"},
      {"modid": "armory"}
		]
  },
  {
    "file": "ancientarmory:itemtypes/blades.json",
    "op": "remove",
    "path": "/heldRightReadyAnimationByType",
    "side": "Server",
    "dependsOn": [
			{"modid": "ancientarmory"},  
			{"modid": "combatoverhaul"},
      {"modid": "armory"}
		]
  },
  {
    "file": "ancientarmory:itemtypes/blades.json",
    "op": "remove",
    "path": "/heldTpIdleAnimationByType",
    "side": "Server",
    "dependsOn": [
			{"modid": "ancientarmory"},  
			{"modid": "combatoverhaul"},
      {"modid": "armory"}
		]
  },
  {
    "file": "ancientarmory:itemtypes/blades.json",
    "op": "remove",
    "path": "/behaviors/1",
    "side": "Server",
    "dependsOn": [
			{"modid": "ancientarmory"},  
			{"modid": "combatoverhaul"},
      {"modid": "armory"}
		]
  },
  {
    "file": "ancientarmory:itemtypes/blades.json",
    "op": "remove",
    "path": "/fpHandTransformByType",
    "side": "Server",
    "dependsOn": [
			{"modid": "ancientarmory"},  
			{"modid": "combatoverhaul"},
      {"modid": "armory"}
		]
  },
  {
    "file": "ancientarmory:itemtypes/blades.json",
    "op": "remove",
    "path": "/attackRangeByType",
    "side": "Server",
    "dependsOn": [
			{"modid": "ancientarmory"},  
			{"modid": "combatoverhaul"},
      {"modid": "armory"}
		]
  },
  {
    "file": "ancientarmory:itemtypes/blades.json",
    "op": "remove",
    "path": "/toolTierByType",
    "side": "Server",
    "dependsOn": [
			{"modid": "ancientarmory"},  
			{"modid": "combatoverhaul"},
      {"modid": "armory"}
		]
  },
  {
    "file": "ancientarmory:itemtypes/blades.json",
    "op": "remove",
    "path": "/attackPowerByType",
    "side": "Server",
    "dependsOn": [
			{"modid": "ancientarmory"},  
			{"modid": "combatoverhaul"},
      {"modid": "armory"}
		]
  },
  {
    "file": "ancientarmory:itemtypes/blades.json",
    "op": "replace",
    "path": "/tpHandTransformByType",
    "value": {     
        "*-claymore-*": {
            "translation": { "x": -0.53, "y": 0.13, "z": -0.71 },
            "rotation": { "x": 85, "y": 0, "z": 2 },
            "origin": { "x": 0.46, "y": -0.11, "z": 0.43 },
            "scale": 0.7
        },
        "*-arming-*": {
            "translation": { "x": -1.03, "y": 0.09, "z": -0.81 },
            "rotation": { "x": 85, "y": 0, "z": 2 },
            "origin": { "x": 0.43, "y": -0.1, "z": 0.39 },
            "scale": 0.52
        },
        "*-sabre-*": {
            "translation": { "x": -0.68, "y": 0.055, "z": -0.78 },
            "rotation": { "x": 85, "y": 0, "z": 2 },
            "origin": { "x": 0.315, "y": -0.05, "z": 0.37 },
            "scale": 0.50
        },
        "*": {
            "translation": { "x": -1.03, "y": 0.05, "z": -0.78 },
            "rotation": { "x": 85, "y": 0, "z": 2 },
            "origin": { "x": 0.5, "y": 0, "z": 0.5 },
            "scale": 0.63
        }
      },
    "side": "Server",
    "dependsOn": [
			{"modid": "ancientarmory"},  
			{"modid": "combatoverhaul"},
      {"modid": "armory"}
		]
  },
  {
  	"file": "ancientarmory:itemtypes/blades.json",
  	"op": "add",
  	"path": "/class",
  	"value": "CombatOverhaul:MeleeWeapon",
  	"side": "Server",
    "dependsOn": [
			{"modid": "ancientarmory"},  
			{"modid": "combatoverhaul"},
      {"modid": "armory"}
		]
  },
  {
    "file": "ancientarmory:itemtypes/blades.json",
    "op": "addmerge",
    "path": "/attributes",
    "value": {
      "ProficiencyStatByType": {
        "*-claymore-*": "twoHandedSwordsProficiency",
        "*": "oneHandedSwordsProficiency"
      },
      "RenderingOffset": false,
        "TwoHandedStanceByType": {
        "*-claymore-*": {
          "CanAttack": true,
          "CanParry": true,
          "CanBlock": true,
          "CanSprint": true,
          "Attack": {
            "StopOnTerrainHit": true,
            "StopOnEntityHit": true,
            "CollideWithTerrain": true,
            "MaxReach": 12,
            "DamageTypesByType": {
              "*-iron": [{"Damage": {"DamageType": "SlashingAttack", "Tier": 4, "Damage": 6.5}, "Knockback": 1, "DurabilityDamage": 1, "Collider": [0.5, 0, 0.5, 3.8, 0, 0.5]}],
              "*-meteoriciron": [{"Damage": {"DamageType": "SlashingAttack", "Tier": 5, "Damage": 6.5}, "Knockback": 1, "DurabilityDamage": 1, "Collider": [0.5, 0, 0.5, 3.8, 0, 0.5]}],
              "*-steel": [{"Damage": {"DamageType": "SlashingAttack", "Tier": 6, "Damage": 7}, "Knockback": 1, "DurabilityDamage": 1, "Collider": [0.5, 0, 0.5, 3.8, 0, 0.5]}]
            }
          },
          "AttackHitSound": "game:sounds/thud",
          "AttackDirectionsType": "Square",
          "AttackAnimationByType": {
            "*": {
              "Top": ["armory:sword-great-slash-2h-top"],
              "Left": ["armory:sword-great-slash-2h-left"],
              "Right": ["armory:sword-great-slash-2h-right"],
              "Bottom": ["armory:sword-great-thrust-2h-bottom"]
            }
          },
          "TpAttackAnimation": {"Top": "combatoverhaul-falx-slash", "Left": "combatoverhaul-falx-slash", "Right": "combatoverhaul-falx-slash", "Bottom": "combatoverhaul-falx-slash"},
          "SpeedPenalty": 0,
          "BlockSpeedPenalty": -0.05,
          "Parry": {
            "Zones": ["Head", "Face", "Neck", "Torso", "LeftArm", "RightArm", "LeftHand", "RightHand", "LeftLeg", "RightLeg", "LeftFoot", "RightFoot"],
            "Directions": [90, 90, 90, 90],
            "Sound": "game:sounds/held/shieldblock-metal-heavy",
            "BlockTier": {"BluntAttack": 9, "SlashingAttack": 9, "PiercingAttack": 9},
            "CanBlockProjectiles": false
          },
          "Block": {
            "Zones": ["Head", "Face", "Neck", "Torso", "LeftLeg", "RightLeg", "LeftFoot", "RightFoot"],
            "Directions": [60, 60, 60, 60],
            "Sound": "game:sounds/held/shieldblock-metal-light",
            "BlockTier": {"BluntAttack": 7, "SlashingAttack": 7, "PiercingAttack": 7},
            "CanBlockProjectiles": false
          },
          "BlockCooldownMs": 300,
          "BlockAnimation": "armory:sword-great-parry-2h",
          "ReadyAnimation": "armory:sword-great-ready-2h",
          "IdleAnimation": "armory:sword-great-idle-2h"
        }
      },
      "OneHandedStanceByType": {
        "*-claymore-*": {
          "CanAttack": false,
          "CanParry": false,
          "CanBlock": false,
          "CanSprint": true,
          "SpeedPenalty": 0,
          "ReadyAnimation": "armory:sword-great-ready-1h",
          "IdleAnimation": "armory:sword-great-idle-1h"
        },
        "*-gladius-*": {
          "CanAttack": true,
          "CanParry": true,
          "CanBlock": false,
          "CanSprint": true,
          "Attack": {
            "StopOnTerrainHit": true,
            "StopOnEntityHit": true,
            "CollideWithTerrain": true,
            "MaxReach": 9,
            "DamageTypesByType": {
              "*-*bronze": [{"Damage": {"DamageType": "SlashingAttack", "Tier": 3, "Damage": 4}, "Knockback": 1, "DurabilityDamage": 1, "Collider": [0.6, 0, 0.5, 2.1, 0, 0.5]}],
              "*-iron": [{"Damage": {"DamageType": "SlashingAttack", "Tier": 4, "Damage": 4.5}, "Knockback": 1, "DurabilityDamage": 1, "Collider": [0.6, -0.1, 0.5, 2.4, -0.1, 0.5]}],
              "*-meteoriciron": [
                {"Damage": {"DamageType": "SlashingAttack", "Tier": 5, "Damage": 4.5}, "Knockback": 1, "DurabilityDamage": 1, "Collider": [0.6, -0.1, 0.5, 2.4, -0.1, 0.5]}
              ],
              "*-steel": [{"Damage": {"DamageType": "SlashingAttack", "Tier": 6, "Damage": 5}, "Knockback": 1, "DurabilityDamage": 1, "Collider": [0.6, 0, 0.5, 2.6, 0, 0.5]}]
            }
          },
          "AttackHitSound": "game:sounds/thud",
          "AttackAnimationByType": {
            "*-*bronze": {"Main": ["armory:sword-short-slash-1", "armory:sword-short-slash-2", "armory:sword-short-thrust-1", "armory:sword-short-thrust-2", "armory:sword-short-thrust-3"]},
            "*-*iron": {"Main": ["armory:sword-short-slash-1", "armory:sword-short-slash-2", "armory:sword-short-thrust-1", "armory:sword-short-thrust-2", "armory:sword-short-thrust-3"]},
            "*-steel": {"Main": ["armory:sword-short-slash-1", "armory:sword-short-slash-2", "armory:sword-short-thrust-1", "armory:sword-short-thrust-2", "armory:sword-short-thrust-3"]}
          },
          "TpAttackAnimation": {"Main": "combatoverhaul-falx-slash"},
          "SpeedPenalty": 0,
          "BlockSpeedPenalty": 0,
          "Parry": {
            "Zones": ["Head", "Face", "Neck", "Torso", "LeftArm", "RightArm", "LeftHand", "RightHand", "LeftLeg", "RightLeg", "LeftFoot", "RightFoot"],
            "Directions": [90, 90, 90, 90],
            "Sound": "game:sounds/held/shieldblock-metal-heavy",
            "BlockTier": {"BluntAttack": 9, "SlashingAttack": 9, "PiercingAttack": 9},
            "CanBlockProjectiles": false
          },
          "BlockCooldownMs": 300,
          "BlockAnimation": "armory:sword-short-parry",
          "ReadyAnimation": "armory:sword-short-ready",
          "IdleAnimation": "armory:sword-short-idle",
          "AttackTpAnimation": "falx"
      },
      "*-arming-*": {
          "CanAttack": true,
          "CanParry": true,
          "CanBlock": false,
          "CanSprint": true,
          "Attack": {
            "StopOnTerrainHit": true,
            "StopOnEntityHit": true,
            "CollideWithTerrain": true,
            "MaxReach": 9,
            "DamageTypesByType": {
              "*-iron": [{"Damage": {"DamageType": "SlashingAttack", "Tier": 4, "Damage": 4.5}, "Knockback": 1, "DurabilityDamage": 1, "Collider": [0.6, -0.1, 0.5, 2.4, -0.1, 0.5]}],
              "*-meteoriciron": [
                {"Damage": {"DamageType": "SlashingAttack", "Tier": 5, "Damage": 4.5}, "Knockback": 1, "DurabilityDamage": 1, "Collider": [0.6, -0.1, 0.5, 2.4, -0.1, 0.5]}
              ],
              "*-steel": [{"Damage": {"DamageType": "SlashingAttack", "Tier": 6, "Damage": 5}, "Knockback": 1, "DurabilityDamage": 1, "Collider": [0.6, 0, 0.5, 2.6, 0, 0.5]}]
            }
          },
          "AttackHitSound": "game:sounds/thud",
          "AttackAnimationByType": {
            "*-*bronze": {"Main": ["armory:sword-short-slash-1", "armory:sword-short-slash-2", "armory:sword-short-thrust-3"]},
            "*-*iron": {"Main": ["armory:sword-short-slash-1", "armory:sword-short-slash-2", "armory:sword-short-thrust-3"]},
            "*-steel": {"Main": ["armory:sword-short-slash-1", "armory:sword-short-slash-2", "armory:sword-short-thrust-3"]}
          },
          "TpAttackAnimation": {"Main": "combatoverhaul-falx-slash"},
          "SpeedPenalty": 0,
          "BlockSpeedPenalty": 0,
          "Parry": {
            "Zones": ["Head", "Face", "Neck", "Torso", "LeftArm", "RightArm", "LeftHand", "RightHand", "LeftLeg", "RightLeg", "LeftFoot", "RightFoot"],
            "Directions": [90, 90, 90, 90],
            "Sound": "game:sounds/held/shieldblock-metal-heavy",
            "BlockTier": {"BluntAttack": 9, "SlashingAttack": 9, "PiercingAttack": 9},
            "CanBlockProjectiles": false
          },
          "BlockCooldownMs": 300,
          "BlockAnimation": "armory:sword-short-parry",
          "ReadyAnimation": "armory:sword-short-ready",
          "IdleAnimation": "armory:sword-short-idle",
          "AttackTpAnimation": "falx"
      },
      "*-sabre-*": {
      "CanAttack": true,
      "CanParry": true,
      "CanBlock": false,
      "CanSprint": true,
      "Attack": {
        "StopOnTerrainHit": true,
        "StopOnEntityHit": true,
        "CollideWithTerrain": true,
        "MaxReach": 9,
        "DamageTypesByType": {
          "*-iron": [{"Damage": {"DamageType": "SlashingAttack", "Tier": 3, "Damage": 5.5}, "Knockback": 1, "DurabilityDamage": 1, "Collider": [0.6, -0.3, 0.5, 2.9, 0.3, 0.5]}],
          "*-meteoriciron": [
            {"Damage": {"DamageType": "SlashingAttack", "Tier": 4, "Damage": 5.5}, "Knockback": 1, "DurabilityDamage": 1, "Collider": [0.6, -0.3, 0.5, 2.9, 0.3, 0.5]}
          ],
          "*-steel": [{"Damage": {"DamageType": "SlashingAttack", "Tier": 5, "Damage": 6}, "Knockback": 1, "DurabilityDamage": 1, "Collider": [0.6, -0.3, 0.5, 3.1, 0.2, 0.5]}]
        }
      },
      "AttackHitSound": "game:sounds/thud",
      "AttackAnimation": {"Main": ["armory:sabre-slash-1", "armory:sabre-slash-2"]},
      "SpeedPenalty": 0,
      "BlockSpeedPenalty": 0,
      "Parry": {
        "Zones": ["Head", "Face", "Neck", "Torso", "LeftArm", "RightArm", "LeftHand", "RightHand", "LeftLeg", "RightLeg", "LeftFoot", "RightFoot"],
        "Directions": [90, 90, 90, 90],
        "Sound": "game:sounds/held/shieldblock-metal-heavy",
        "BlockTier": {"BluntAttack": 9, "SlashingAttack": 9, "PiercingAttack": 9},
        "CanBlockProjectiles": false
      },
      "BlockCooldownMs": 300,
      "BlockAnimation": "armory:sabre-parry",
      "ReadyAnimation": "armory:sabre-ready",
      "IdleAnimation": "armory:sabre-idle",
      "AttackTpAnimation": "falx"
      }
      }
    },
    "side": "Server",
    "dependsOn": [
			{"modid": "ancientarmory"},  
			{"modid": "combatoverhaul"},
      {"modid": "armory"}
		]
  }
]