{
  "code": "stake",
  "class": "blockstakeinwater",
  "behaviors": [
    { "name": "Unstable" },
    {
      "name": "CanAttach",
      "properties": { "sides": [ "up", "down" ] }
    }
  ],
  "attributes": {
    "isFence": true,
    "handbook": {
      "groupBy": [ "stake-*" ]
    }
  },
  "variantgroups": [
    {
      "code": "type",
      "states": [
        "empty",
        "n",
        "e",
        "s",
        "w",
        "ne",
        "ns",
        "nw",
        "es",
        "ew",
        "sw",
        "nes",
        "new",
        "nsw",
        "esw",
        "nesw",
        "ewopen",
        "weopen",
        "nsopen",
        "snopen"
      ]
    }
  ],
  "shapebytype": {
    "*-empty": { "base": "block/stake/empty" },
    "*-n": {
      "base": "block/stake/w",
      "rotateY": 270
    },
    "*-e": {
      "base": "block/stake/w",
      "rotateY": 180
    },
    "*-s": {
      "base": "block/stake/w",
      "rotateY": 90
    },
    "*-w": {
      "base": "block/stake/w",
      "rotateY": 0
    },

    "*-ns": {
      "base": "block/stake/ew",
      "rotateY": 90
    },
    "*-ew": {
      "base": "block/stake/ew",
      "rotateY": 0
    },

    "*-nsopen": {
      "base": "block/stake/ewopen",
      "rotateY": 90
    },
    "*-snopen": {
      "base": "block/stake/ewopen",
      "rotateY": 270
    },
    "*-ewopen": {
      "base": "block/stake/ewopen",
      "rotateY": 0
    },
    "*-weopen": {
      "base": "block/stake/ewopen",
      "rotateY": 180
    },

    "*-ne": {
      "base": "block/stake/sw",
      "rotateY": 180
    },
    "*-nw": {
      "base": "block/stake/sw",
      "rotateY": 270
    },
    "*-es": {
      "base": "block/stake/sw",
      "rotateY": 90
    },
    "*-sw": {
      "base": "block/stake/sw",
      "rotateY": 0
    },

    "*-nes": {
      "base": "block/stake/nsw",
      "rotateY": 180
    },
    "*-new": {
      "base": "block/stake/nsw",
      "rotateY": 270
    },
    "*-nsw": {
      "base": "block/stake/nsw",
      "rotateY": 0
    },
    "*-esw": {
      "base": "block/stake/nsw",
      "rotateY": 90
    },

    "*-nesw": {
      "base": "block/stake/nesw",
      "rotateY": 0
    }
  },
  "maxstacksize": 64,
  "drops": [
    {
      "type": "block",
      "code": "stake-empty"
    }
  ],
  "drawtype": "JSON",
  "blockmaterial": "wood",
  "resistance": 1,
  "lightAbsorption": 0,
  "combustibleProps": {
    "burnTemperature": 400,
    "burnDuration": 5
  },
  "materialDensity": 600,
  "collisionbox": {
    "x1": 0.4,
    "y1": 0,
    "z1": 0.4,
    "x2": 0.6,
    "y2": 1.3,
    "z2": 0.6
  },
  "selectionboxbytype": {
    "*-empty": {
      "x1": 0.4,
      "y1": 0,
      "z1": 0.4,
      "x2": 0.6,
      "y2": 1.3,
      "z2": 0.6
    },
    "*-n": {
      "x1": 0,
      "y1": 0,
      "z1": 0.4,
      "x2": 0.6,
      "y2": 1.3,
      "z2": 0.6,
      "rotateY": 270
    },
    "*-e": {
      "x1": 0,
      "y1": 0,
      "z1": 0.4,
      "x2": 0.6,
      "y2": 1.3,
      "z2": 0.6,
      "rotateY": 180
    },
    "*-s": {
      "x1": 0,
      "y1": 0,
      "z1": 0.4,
      "x2": 0.6,
      "y2": 1.3,
      "z2": 0.6,
      "rotateY": 90
    },
    "*-w": {
      "x1": 0,
      "y1": 0,
      "z1": 0.4,
      "x2": 0.6,
      "y2": 1.3,
      "z2": 0.6
    },

    "*-ns": {
      "x1": 0,
      "y1": 0,
      "z1": 0.4,
      "x2": 1,
      "y2": 1.3,
      "z2": 0.6,
      "rotateY": 90
    },
    "*-ew": {
      "x1": 0,
      "y1": 0,
      "z1": 0.4,
      "x2": 1,
      "y2": 1.3,
      "z2": 0.6
    }
  },
  "selectionboxesbytype": {
    "*-snopen": [
      {
        "x1": 0.2,
        "y1": 0,
        "z1": 0,
        "x2": 0.4,
        "y2": 1.3,
        "z2": 0.3
      },
      {
        "x1": 0.2,
        "y1": 0,
        "z1": 0.7,
        "x2": 0.4,
        "y2": 1.3,
        "z2": 1
      }
    ],
    "*-nsopen": [
      {
        "x1": 0.2,
        "y1": 0,
        "z1": 0,
        "x2": 0.4,
        "y2": 1.3,
        "z2": 0.3,
        "rotateY": 180
      },
      {
        "x1": 0.2,
        "y1": 0,
        "z1": 0.7,
        "x2": 0.4,
        "y2": 1.3,
        "z2": 1,
        "rotateY": 180
      }
    ],
    "*-ewopen": [
      {
        "x1": 0.2,
        "y1": 0,
        "z1": 0,
        "x2": 0.4,
        "y2": 1.3,
        "z2": 0.3,
        "rotateY": 90
      },
      {
        "x1": 0.2,
        "y1": 0,
        "z1": 0.7,
        "x2": 0.4,
        "y2": 1.3,
        "z2": 1,
        "rotateY": 90
      }
    ],
    "*-weopen": [
      {
        "x1": 0.2,
        "y1": 0,
        "z1": 0,
        "x2": 0.4,
        "y2": 1.3,
        "z2": 0.3,
        "rotateY": 270
      },
      {
        "x1": 0.2,
        "y1": 0,
        "z1": 0.7,
        "x2": 0.4,
        "y2": 1.3,
        "z2": 1,
        "rotateY": 270
      }
    ],
    "*-sw": [
      {
        "x1": 0.4,
        "y1": 0,
        "z1": 0.4,
        "x2": 0.6,
        "y2": 1.3,
        "z2": 1
      },
      {
        "x1": 0,
        "y1": 0,
        "z1": 0.4,
        "x2": 0.4,
        "y2": 1.3,
        "z2": 0.6,
        "rotateY": 0
      }
    ],
    "*-ne": [
      {
        "x1": 0.4,
        "y1": 0,
        "z1": 0.4,
        "x2": 0.6,
        "y2": 1.3,
        "z2": 1,
        "rotateY": 180
      },
      {
        "x1": 0,
        "y1": 0,
        "z1": 0.4,
        "x2": 0.4,
        "y2": 1.3,
        "z2": 0.6,
        "rotateY": 180
      }
    ],
    "*-nw": [
      {
        "x1": 0.4,
        "y1": 0,
        "z1": 0.4,
        "x2": 0.6,
        "y2": 1.3,
        "z2": 1,
        "rotateY": 270
      },
      {
        "x1": 0,
        "y1": 0,
        "z1": 0.4,
        "x2": 0.4,
        "y2": 1.3,
        "z2": 0.6,
        "rotateY": 270
      }
    ],
    "*-es": [
      {
        "x1": 0.4,
        "y1": 0,
        "z1": 0.4,
        "x2": 0.6,
        "y2": 1.3,
        "z2": 1,
        "rotateY": 90
      },
      {
        "x1": 0,
        "y1": 0,
        "z1": 0.4,
        "x2": 0.4,
        "y2": 1.3,
        "z2": 0.6,
        "rotateY": 90
      }
    ],

    "*-nes": [
      {
        "x1": 0.4,
        "y1": 0,
        "z1": 0,
        "x2": 0.6,
        "y2": 1.3,
        "z2": 1,
        "rotateY": 180
      },
      {
        "x1": 0,
        "y1": 0,
        "z1": 0.4,
        "x2": 0.4,
        "y2": 1.3,
        "z2": 0.6,
        "rotateY": 180
      }
    ],
    "*-new": [
      {
        "x1": 0.4,
        "y1": 0,
        "z1": 0,
        "x2": 0.6,
        "y2": 1.3,
        "z2": 1,
        "rotateY": 270
      },
      {
        "x1": 0,
        "y1": 0,
        "z1": 0.4,
        "x2": 0.4,
        "y2": 1.3,
        "z2": 0.6,
        "rotateY": 270
      }
    ],
    "*-nsw": [
      {
        "x1": 0.4,
        "y1": 0,
        "z1": 0,
        "x2": 0.6,
        "y2": 1.3,
        "z2": 1,
        "rotateY": 0
      },
      {
        "x1": 0,
        "y1": 0,
        "z1": 0.4,
        "x2": 0.4,
        "y2": 1.3,
        "z2": 0.6,
        "rotateY": 0
      }
    ],
    "*-esw": [
      {
        "x1": 0.4,
        "y1": 0,
        "z1": 0,
        "x2": 0.6,
        "y2": 1.3,
        "z2": 1,
        "rotateY": 90
      },
      {
        "x1": 0,
        "y1": 0,
        "z1": 0.4,
        "x2": 0.4,
        "y2": 1.3,
        "z2": 0.6,
        "rotateY": 90
      }
    ],

    "*-nesw": [
      {
        "x1": 0.4,
        "y1": 0,
        "z1": 0,
        "x2": 0.6,
        "y2": 1.3,
        "z2": 1
      },
      {
        "x1": 0,
        "y1": 0,
        "z1": 0.4,
        "x2": 1,
        "y2": 1.3,
        "z2": 0.6
      }
    ]
  },
  "collisionboxbytype": {
    "*-empty": {
      "x1": 0.4,
      "y1": 0,
      "z1": 0.4,
      "x2": 0.6,
      "y2": 1.5,
      "z2": 0.6
    },
    "*-n": {
      "x1": 0,
      "y1": 0,
      "z1": 0.4,
      "x2": 0.6,
      "y2": 1.5,
      "z2": 0.6,
      "rotateY": 270
    },
    "*-e": {
      "x1": 0,
      "y1": 0,
      "z1": 0.4,
      "x2": 0.6,
      "y2": 1.5,
      "z2": 0.6,
      "rotateY": 180
    },
    "*-s": {
      "x1": 0,
      "y1": 0,
      "z1": 0.4,
      "x2": 0.6,
      "y2": 1.5,
      "z2": 0.6,
      "rotateY": 90
    },
    "*-w": {
      "x1": 0,
      "y1": 0,
      "z1": 0.4,
      "x2": 0.6,
      "y2": 1.5,
      "z2": 0.6
    },

    "*-ns": {
      "x1": 0,
      "y1": 0,
      "z1": 0.4,
      "x2": 1,
      "y2": 1.5,
      "z2": 0.6,
      "rotateY": 90
    },
    "*-ew": {
      "x1": 0,
      "y1": 0,
      "z1": 0.4,
      "x2": 1,
      "y2": 1.5,
      "z2": 0.6
    }
  },
  "collisionboxesbytype": {
    "*-snopen": [
      {
        "x1": 0.2,
        "y1": 0,
        "z1": 0,
        "x2": 0.4,
        "y2": 1.3,
        "z2": 0.3
      },
      {
        "x1": 0.2,
        "y1": 0,
        "z1": 0.7,
        "x2": 0.4,
        "y2": 1.3,
        "z2": 1
      }
    ],
    "*-nsopen": [
      {
        "x1": 0.2,
        "y1": 0,
        "z1": 0,
        "x2": 0.4,
        "y2": 1.3,
        "z2": 0.3,
        "rotateY": 180
      },
      {
        "x1": 0.2,
        "y1": 0,
        "z1": 0.7,
        "x2": 0.4,
        "y2": 1.3,
        "z2": 1,
        "rotateY": 180
      }
    ],
    "*-ewopen": [
      {
        "x1": 0.2,
        "y1": 0,
        "z1": 0,
        "x2": 0.4,
        "y2": 1.3,
        "z2": 0.3,
        "rotateY": 90
      },
      {
        "x1": 0.2,
        "y1": 0,
        "z1": 0.7,
        "x2": 0.4,
        "y2": 1.3,
        "z2": 1,
        "rotateY": 90
      }
    ],
    "*-weopen": [
      {
        "x1": 0.2,
        "y1": 0,
        "z1": 0,
        "x2": 0.4,
        "y2": 1.3,
        "z2": 0.3,
        "rotateY": 270
      },
      {
        "x1": 0.2,
        "y1": 0,
        "z1": 0.7,
        "x2": 0.4,
        "y2": 1.3,
        "z2": 1,
        "rotateY": 270
      }
    ],
    "*-sw": [
      {
        "x1": 0.4,
        "y1": 0,
        "z1": 0.4,
        "x2": 0.6,
        "y2": 1.5,
        "z2": 1
      },
      {
        "x1": 0,
        "y1": 0,
        "z1": 0.4,
        "x2": 0.4,
        "y2": 1.5,
        "z2": 0.6,
        "rotateY": 0
      }
    ],
    "*-ne": [
      {
        "x1": 0.4,
        "y1": 0,
        "z1": 0.4,
        "x2": 0.6,
        "y2": 1.5,
        "z2": 1,
        "rotateY": 180
      },
      {
        "x1": 0,
        "y1": 0,
        "z1": 0.4,
        "x2": 0.4,
        "y2": 1.5,
        "z2": 0.6,
        "rotateY": 180
      }
    ],
    "*-nw": [
      {
        "x1": 0.4,
        "y1": 0,
        "z1": 0.4,
        "x2": 0.6,
        "y2": 1.5,
        "z2": 1,
        "rotateY": 270
      },
      {
        "x1": 0,
        "y1": 0,
        "z1": 0.4,
        "x2": 0.4,
        "y2": 1.5,
        "z2": 0.6,
        "rotateY": 270
      }
    ],
    "*-es": [
      {
        "x1": 0.4,
        "y1": 0,
        "z1": 0.4,
        "x2": 0.6,
        "y2": 1.5,
        "z2": 1,
        "rotateY": 90
      },
      {
        "x1": 0,
        "y1": 0,
        "z1": 0.4,
        "x2": 0.4,
        "y2": 1.5,
        "z2": 0.6,
        "rotateY": 90
      }
    ],

    "*-nes": [
      {
        "x1": 0.4,
        "y1": 0,
        "z1": 0,
        "x2": 0.6,
        "y2": 1.5,
        "z2": 1,
        "rotateY": 180
      },
      {
        "x1": 0,
        "y1": 0,
        "z1": 0.4,
        "x2": 0.4,
        "y2": 1.5,
        "z2": 0.6,
        "rotateY": 180
      }
    ],
    "*-new": [
      {
        "x1": 0.4,
        "y1": 0,
        "z1": 0,
        "x2": 0.6,
        "y2": 1.5,
        "z2": 1,
        "rotateY": 270
      },
      {
        "x1": 0,
        "y1": 0,
        "z1": 0.4,
        "x2": 0.4,
        "y2": 1.5,
        "z2": 0.6,
        "rotateY": 270
      }
    ],
    "*-nsw": [
      {
        "x1": 0.4,
        "y1": 0,
        "z1": 0,
        "x2": 0.6,
        "y2": 1.5,
        "z2": 1,
        "rotateY": 0
      },
      {
        "x1": 0,
        "y1": 0,
        "z1": 0.4,
        "x2": 0.4,
        "y2": 1.5,
        "z2": 0.6,
        "rotateY": 0
      }
    ],
    "*-esw": [
      {
        "x1": 0.4,
        "y1": 0,
        "z1": 0,
        "x2": 0.6,
        "y2": 1.5,
        "z2": 1,
        "rotateY": 90
      },
      {
        "x1": 0,
        "y1": 0,
        "z1": 0.4,
        "x2": 0.4,
        "y2": 1.5,
        "z2": 0.6,
        "rotateY": 90
      }
    ],

    "*-nesw": [
      {
        "x1": 0.4,
        "y1": 0,
        "z1": 0,
        "x2": 0.6,
        "y2": 1.5,
        "z2": 1
      },
      {
        "x1": 0,
        "y1": 0,
        "z1": 0.4,
        "x2": 1,
        "y2": 1.5,
        "z2": 0.6
      }
    ]
  },
  "sideopaque": {
    "all": false
  },
  "sidesolid": {
    "all": false
  },
  "requiredminingtier": 0,
  "sounds": {
    "place": "game:block/planks"
  },

  "creativeinventory": {
    "general": [ "stake-empty" ],
    "decorative": [ "stake-empty" ],
    "primitive": [ "stake-empty" ]
  },

  "textures": {
    "woodmaterial": {
      "base": "block/stake"
    }
  },
  "guiTransform": {
    "rotation": {
      "x": 0,
      "y": 0,
      "z": -45
    },
    "scale": 1.19
  },
  "fpHandTransform": {
    "rotation": {
      "x": 12,
      "y": 18,
      "z": 113
    },
    "scale": 1.2
  },
  "tpHandTransform": {
    "translation": {
      "x": -1.18,
      "y": -0.1,
      "z": -0.87
    },
    "rotation": {
      "x": -41,
      "y": -16,
      "z": 102
    },
    "origin": {
      "x": 0.5,
      "y": 0.1,
      "z": 0.5
    },
    "scale": 0.67
  },
  "groundTransform": {
    "translation": {
      "x": 0,
      "y": 0,
      "z": 0
    },
    "rotation": {
      "x": 90,
      "y": 93,
      "z": 91
    },
    "origin": {
      "x": 0.5,
      "y": 0,
      "z": 0.5
    },
    "scale": 3.62
  }
}
