﻿[
    {
      ingredientPattern: "PJP,PLP",
      recipeGroup: 1,
      ingredients: {
          "J": { type: "item", code: "ancienttools:barkjerkinarmor-legs-acacia", quantity: 1, recipeAttributes: { repairMat: { type: "item", code: "ancienttools:leather-normal-acacia", stacksize: 6 } } },
          "P": { type: "item", code: "game:metalplate-*", name: "metal", allowedVariants: ["copper", "tinbronze", "bismuthbronze", "blackbronze", "iron", "meteoriciron", "steel"], quantity: 1 },
          "L": { "type": "item", "code": "game:leather-normal-plain" }
      },
      width: 3,
      height: 2,
      output: { type: "item", code: "game:armor-legs-brigandine-{metal}"  }
	},
    {
      ingredientPattern: "PJP,PLP",
      recipeGroup: 1,
      ingredients: {
          "J": { type: "item", code: "ancienttools:barkjerkinarmor-legs-aged", quantity: 1, recipeAttributes: { repairMat: { type: "item", code: "ancienttools:leather-normal-aged", stacksize: 6 } } },
          "P": { type: "item", code: "game:metalplate-*", name: "metal", allowedVariants: ["copper", "tinbronze", "bismuthbronze", "blackbronze", "iron", "meteoriciron", "steel"], quantity: 1 },
          "L": { "type": "item", "code": "game:leather-normal-plain" }
      },
      width: 3,
      height: 2,
      output: { type: "item", code: "game:armor-legs-brigandine-{metal}"  }
	},
    {
      ingredientPattern: "PJP,PLP",
      recipeGroup: 1,
      ingredients: {
          "J": { type: "item", code: "ancienttools:barkjerkinarmor-legs-baldcypress", quantity: 1, recipeAttributes: { repairMat: { type: "item", code: "ancienttools:leather-normal-baldcypress", stacksize: 6 } } },
          "P": { type: "item", code: "game:metalplate-*", name: "metal", allowedVariants: ["copper", "tinbronze", "bismuthbronze", "blackbronze", "iron", "meteoriciron", "steel"], quantity: 1 },
          "L": { "type": "item", "code": "game:leather-normal-plain" }
      },
      width: 3,
      height: 2,
      output: { type: "item", code: "game:armor-legs-brigandine-{metal}"  }
	},
    {
      ingredientPattern: "PJP,PLP",
      recipeGroup: 1,
      ingredients: {
          "J": { type: "item", code: "ancienttools:barkjerkinarmor-legs-birch", quantity: 1, recipeAttributes: { repairMat: { type: "item", code: "ancienttools:leather-normal-birch", stacksize: 6 } } },
          "P": { type: "item", code: "game:metalplate-*", name: "metal", allowedVariants: ["copper", "tinbronze", "bismuthbronze", "blackbronze", "iron", "meteoriciron", "steel"], quantity: 1 },
          "L": { "type": "item", "code": "game:leather-normal-plain" }
      },
      width: 3,
      height: 2,
      output: { type: "item", code: "game:armor-legs-brigandine-{metal}"  }
	},
    {
      ingredientPattern: "PJP,PLP",
      recipeGroup: 1,
      ingredients: {
          "J": { type: "item", code: "ancienttools:barkjerkinarmor-legs-cypress", quantity: 1, recipeAttributes: { repairMat: { type: "item", code: "ancienttools:leather-normal-cypress", stacksize: 6 } } },
          "P": { type: "item", code: "game:metalplate-*", name: "metal", allowedVariants: ["copper", "tinbronze", "bismuthbronze", "blackbronze", "iron", "meteoriciron", "steel"], quantity: 1 },
          "L": { "type": "item", "code": "game:leather-normal-plain" }
      },
      width: 3,
      height: 2,
      output: { type: "item", code: "game:armor-legs-brigandine-{metal}"  }
	},
    {
      ingredientPattern: "PJP,PLP",
      recipeGroup: 1,
      ingredients: {
          "J": { type: "item", code: "ancienttools:barkjerkinarmor-legs-ebony", quantity: 1, recipeAttributes: { repairMat: { type: "item", code: "ancienttools:leather-normal-ebony", stacksize: 6 } } },
          "P": { type: "item", code: "game:metalplate-*", name: "metal", allowedVariants: ["copper", "tinbronze", "bismuthbronze", "blackbronze", "iron", "meteoriciron", "steel"], quantity: 1 },
          "L": { "type": "item", "code": "game:leather-normal-plain" }
      },
      width: 3,
      height: 2,
      output: { type: "item", code: "game:armor-legs-brigandine-{metal}"  }
	},
    {
      ingredientPattern: "PJP,PLP",
      recipeGroup: 1,
      ingredients: {
          "J": { type: "item", code: "ancienttools:barkjerkinarmor-legs-kapok", quantity: 1, recipeAttributes: { repairMat: { type: "item", code: "ancienttools:leather-normal-kapok", stacksize: 6 } } },
          "P": { type: "item", code: "game:metalplate-*", name: "metal", allowedVariants: ["copper", "tinbronze", "bismuthbronze", "blackbronze", "iron", "meteoriciron", "steel"], quantity: 1 },
          "L": { "type": "item", "code": "game:leather-normal-plain" }
      },
      width: 3,
      height: 2,
      output: { type: "item", code: "game:armor-legs-brigandine-{metal}"  }
	},
    {
      ingredientPattern: "PJP,PLP",
      recipeGroup: 1,
      ingredients: {
          "J": { type: "item", code: "ancienttools:barkjerkinarmor-legs-larch", quantity: 1, recipeAttributes: { repairMat: { type: "item", code: "ancienttools:leather-normal-larch", stacksize: 6 } } },
          "P": { type: "item", code: "game:metalplate-*", name: "metal", allowedVariants: ["copper", "tinbronze", "bismuthbronze", "blackbronze", "iron", "meteoriciron", "steel"], quantity: 1 },
          "L": { "type": "item", "code": "game:leather-normal-plain" }
      },
      width: 3,
      height: 2,
      output: { type: "item", code: "game:armor-legs-brigandine-{metal}"  }
	},
    {
      ingredientPattern: "PJP,PLP",
      recipeGroup: 1,
      ingredients: {
          "J": { type: "item", code: "ancienttools:barkjerkinarmor-legs-maple", quantity: 1, recipeAttributes: { repairMat: { type: "item", code: "ancienttools:leather-normal-maple", stacksize: 6 } } },
          "P": { type: "item", code: "game:metalplate-*", name: "metal", allowedVariants: ["copper", "tinbronze", "bismuthbronze", "blackbronze", "iron", "meteoriciron", "steel"], quantity: 1 },
          "L": { "type": "item", "code": "game:leather-normal-plain" }
      },
      width: 3,
      height: 2,
      output: { type: "item", code: "game:armor-legs-brigandine-{metal}"  }
	},
    {
      ingredientPattern: "PJP,PLP",
      recipeGroup: 1,
      ingredients: {
          "J": { type: "item", code: "ancienttools:barkjerkinarmor-legs-pine", quantity: 1, recipeAttributes: { repairMat: { type: "item", code: "ancienttools:leather-normal-pine", stacksize: 6 } } },
          "P": { type: "item", code: "game:metalplate-*", name: "metal", allowedVariants: ["copper", "tinbronze", "bismuthbronze", "blackbronze", "iron", "meteoriciron", "steel"], quantity: 1 },
          "L": { "type": "item", "code": "game:leather-normal-plain" }
      },
      width: 3,
      height: 2,
      output: { type: "item", code: "game:armor-legs-brigandine-{metal}"  }
	},
    {
      ingredientPattern: "PJP,PLP",
      recipeGroup: 1,
      ingredients: {
          "J": { type: "item", code: "ancienttools:barkjerkinarmor-legs-purpleheart", quantity: 1, recipeAttributes: { repairMat: { type: "item", code: "ancienttools:leather-normal-purpleheart", stacksize: 6 } } },
          "P": { type: "item", code: "game:metalplate-*", name: "metal", allowedVariants: ["copper", "tinbronze", "bismuthbronze", "blackbronze", "iron", "meteoriciron", "steel"], quantity: 1 },
          "L": { "type": "item", "code": "game:leather-normal-plain" }
      },
      width: 3,
      height: 2,
      output: { type: "item", code: "game:armor-legs-brigandine-{metal}"  }
	},
    {
      ingredientPattern: "PJP,PLP",
      recipeGroup: 1,
      ingredients: {
          "J": { type: "item", code: "ancienttools:barkjerkinarmor-legs-redwood", quantity: 1, recipeAttributes: { repairMat: { type: "item", code: "ancienttools:leather-normal-redwood", stacksize: 6 } } },
          "P": { type: "item", code: "game:metalplate-*", name: "metal", allowedVariants: ["copper", "tinbronze", "bismuthbronze", "blackbronze", "iron", "meteoriciron", "steel"], quantity: 1 },
          "L": { "type": "item", "code": "game:leather-normal-plain" }
      },
      width: 3,
      height: 2,
      output: { type: "item", code: "game:armor-legs-brigandine-{metal}"  }
	},
    {
      ingredientPattern: "PJP,PLP",
      recipeGroup: 1,
      ingredients: {
          "J": { type: "item", code: "ancienttools:barkjerkinarmor-legs-walnut", quantity: 1, recipeAttributes: { repairMat: { type: "item", code: "ancienttools:leather-normal-walnut", stacksize: 6 } } },
          "P": { type: "item", code: "game:metalplate-*", name: "metal", allowedVariants: ["copper", "tinbronze", "bismuthbronze", "blackbronze", "iron", "meteoriciron", "steel"], quantity: 1 },
          "L": { "type": "item", "code": "game:leather-normal-plain" }
      },
      width: 3,
      height: 2,
      output: { type: "item", code: "game:armor-legs-brigandine-{metal}"  }
	},
]