﻿[
    {
		ingredientPattern: "QLQ,Q_Q,Q_Q",
		ingredients: {
			"L": { type: "item", code: "ancienttools:leather-normal-acacia", quantity: 2 },
			"Q": { type: "item", code: "ancienttools:leather-normal-acacia", quantity: 1 }
		},
		width: 3,
		height: 3,
		recipeGroup: 1,
		output: { type: "item", code: "ancienttools:barkjerkinarmor-legs-acacia"  }
	},
	{
		ingredientPattern: "QLQ,Q_Q,Q_Q",
		ingredients: {
			"L": { type: "item", code: "ancienttools:leather-normal-aged", quantity: 2 },
			"Q": { type: "item", code: "ancienttools:leather-normal-aged", quantity: 1 }
		},
		width: 3,
		height: 3,
		recipeGroup: 1,
		output: { type: "item", code: "ancienttools:barkjerkinarmor-legs-aged"  }
	},
	{
		ingredientPattern: "QLQ,Q_Q,Q_Q",
		ingredients: {
			"L": { type: "item", code: "ancienttools:leather-normal-baldcypress", quantity: 2 },
			"Q": { type: "item", code: "ancienttools:leather-normal-baldcypress", quantity: 1 }
		},
		width: 3,
		height: 3,
		recipeGroup: 1,
		output: { type: "item", code: "ancienttools:barkjerkinarmor-legs-baldcypress"  }
	},
	{
		ingredientPattern: "QLQ,Q_Q,Q_Q",
		ingredients: {
			"L": { type: "item", code: "ancienttools:leather-normal-birch", quantity: 2 },
			"Q": { type: "item", code: "ancienttools:leather-normal-birch", quantity: 1 }
		},
		width: 3,
		height: 3,
		recipeGroup: 1,
		output: { type: "item", code: "ancienttools:barkjerkinarmor-legs-birch"  }
	},
	{
		ingredientPattern: "QLQ,Q_Q,Q_Q",
		ingredients: {
			"L": { type: "item", code: "ancienttools:leather-normal-cypress", quantity: 2 },
			"Q": { type: "item", code: "ancienttools:leather-normal-cypress", quantity: 1 }
		},
		width: 3,
		height: 3,
		recipeGroup: 1,
		output: { type: "item", code: "ancienttools:barkjerkinarmor-legs-cypress"  }
	},
	{
		ingredientPattern: "QLQ,Q_Q,Q_Q",
		ingredients: {
			"L": { type: "item", code: "ancienttools:leather-normal-ebony", quantity: 2 },
			"Q": { type: "item", code: "ancienttools:leather-normal-ebony", quantity: 1 }
		},
		width: 3,
		height: 3,
		recipeGroup: 1,
		output: { type: "item", code: "ancienttools:barkjerkinarmor-legs-ebony"  }
	},
	{
		ingredientPattern: "QLQ,Q_Q,Q_Q",
		ingredients: {
			"L": { type: "item", code: "ancienttools:leather-normal-kapok", quantity: 2 },
			"Q": { type: "item", code: "ancienttools:leather-normal-kapok", quantity: 1 }
		},
		width: 3,
		height: 3,
		recipeGroup: 1,
		output: { type: "item", code: "ancienttools:barkjerkinarmor-legs-kapok"  }
	},
	{
		ingredientPattern: "QLQ,Q_Q,Q_Q",
		ingredients: {
			"L": { type: "item", code: "ancienttools:leather-normal-larch", quantity: 2 },
			"Q": { type: "item", code: "ancienttools:leather-normal-larch", quantity: 1 }
		},
		width: 3,
		height: 3,
		recipeGroup: 1,
		output: { type: "item", code: "ancienttools:barkjerkinarmor-legs-larch"  }
	},
	{
		ingredientPattern: "QLQ,Q_Q,Q_Q",
		ingredients: {
			"L": { type: "item", code: "ancienttools:leather-normal-maple", quantity: 2 },
			"Q": { type: "item", code: "ancienttools:leather-normal-maple", quantity: 1 }
		},
		width: 3,
		height: 3,
		recipeGroup: 1,
		output: { type: "item", code: "ancienttools:barkjerkinarmor-legs-maple"  }
	},
	{
		ingredientPattern: "QLQ,Q_Q,Q_Q",
		ingredients: {
			"L": { type: "item", code: "ancienttools:leather-normal-pine", quantity: 2 },
			"Q": { type: "item", code: "ancienttools:leather-normal-pine", quantity: 1 }
		},
		width: 3,
		height: 3,
		recipeGroup: 1,
		output: { type: "item", code: "ancienttools:barkjerkinarmor-legs-pine"  }
	},
	{
		ingredientPattern: "QLQ,Q_Q,Q_Q",
		ingredients: {
			"L": { type: "item", code: "ancienttools:leather-normal-purpleheart", quantity: 2 },
			"Q": { type: "item", code: "ancienttools:leather-normal-purpleheart", quantity: 1 }
		},
		width: 3,
		height: 3,
		recipeGroup: 1,
		output: { type: "item", code: "ancienttools:barkjerkinarmor-legs-purpleheart"  }
	},
	{
		ingredientPattern: "QLQ,Q_Q,Q_Q",
		ingredients: {
			"L": { type: "item", code: "ancienttools:leather-normal-redwood", quantity: 2 },
			"Q": { type: "item", code: "ancienttools:leather-normal-redwood", quantity: 1 }
		},
		width: 3,
		height: 3,
		recipeGroup: 1,
		output: { type: "item", code: "ancienttools:barkjerkinarmor-legs-redwood"  }
	},
	{
		ingredientPattern: "QLQ,Q_Q,Q_Q",
		ingredients: {
			"L": { type: "item", code: "ancienttools:leather-normal-walnut", quantity: 2 },
			"Q": { type: "item", code: "ancienttools:leather-normal-walnut", quantity: 1 }
		},
		width: 3,
		height: 3,
		recipeGroup: 1,
		output: { type: "item", code: "ancienttools:barkjerkinarmor-legs-walnut"  }
	},
]