﻿[
    {
		ingredientPattern: "LKL,LTL,K_K",
		ingredients: {
			"K": { type: "item", code: "ancienttools:leather-normal-acacia", quantity: 1 },
			"L": { type: "item", code: "ancienttools:leather-normal-acacia", quantity: 2 },
			"T": { type: "item", code: "game:flaxtwine", quantity: 1 }
		},
		width: 3,
		height: 3,
		recipeGroup: 1,
		output: { type: "item", code: "ancienttools:barkleatherarmor-legs-acacia"  }
	},
	{
		ingredientPattern: "LKL,LTL,K_K",
		ingredients: {
			"K": { type: "item", code: "ancienttools:leather-normal-aged", quantity: 1 },
			"L": { type: "item", code: "ancienttools:leather-normal-aged", quantity: 2 },
			"T": { type: "item", code: "game:flaxtwine", quantity: 1 }
		},
		width: 3,
		height: 3,
		recipeGroup: 1,
		output: { type: "item", code: "ancienttools:barkleatherarmor-legs-aged"  }
	},
	{
		ingredientPattern: "LKL,LTL,K_K",
		ingredients: {
			"K": { type: "item", code: "ancienttools:leather-normal-baldcypress", quantity: 1 },
			"L": { type: "item", code: "ancienttools:leather-normal-baldcypress", quantity: 2 },
			"T": { type: "item", code: "game:flaxtwine", quantity: 1 }
		},
		width: 3,
		height: 3,
		recipeGroup: 1,
		output: { type: "item", code: "ancienttools:barkleatherarmor-legs-baldcypress"  }
	},
	{
		ingredientPattern: "LKL,LTL,K_K",
		ingredients: {
			"K": { type: "item", code: "ancienttools:leather-normal-birch", quantity: 1 },
			"L": { type: "item", code: "ancienttools:leather-normal-birch", quantity: 2 },
			"T": { type: "item", code: "game:flaxtwine", quantity: 1 }
		},
		width: 3,
		height: 3,
		recipeGroup: 1,
		output: { type: "item", code: "ancienttools:barkleatherarmor-legs-birch"  }
	},
	{
		ingredientPattern: "LKL,LTL,K_K",
		ingredients: {
			"K": { type: "item", code: "ancienttools:leather-normal-cypress", quantity: 1 },
			"L": { type: "item", code: "ancienttools:leather-normal-cypress", quantity: 2 },
			"T": { type: "item", code: "game:flaxtwine", quantity: 1 }
		},
		width: 3,
		height: 3,
		recipeGroup: 1,
		output: { type: "item", code: "ancienttools:barkleatherarmor-legs-cypress"  }
	},
	{
		ingredientPattern: "LKL,LTL,K_K",
		ingredients: {
			"K": { type: "item", code: "ancienttools:leather-normal-ebony", quantity: 1 },
			"L": { type: "item", code: "ancienttools:leather-normal-ebony", quantity: 2 },
			"T": { type: "item", code: "game:flaxtwine", quantity: 1 }
		},
		width: 3,
		height: 3,
		recipeGroup: 1,
		output: { type: "item", code: "ancienttools:barkleatherarmor-legs-ebony"  }
	},
	{
		ingredientPattern: "LKL,LTL,K_K",
		ingredients: {
			"K": { type: "item", code: "ancienttools:leather-normal-kapok", quantity: 1 },
			"L": { type: "item", code: "ancienttools:leather-normal-kapok", quantity: 2 },
			"T": { type: "item", code: "game:flaxtwine", quantity: 1 }
		},
		width: 3,
		height: 3,
		recipeGroup: 1,
		output: { type: "item", code: "ancienttools:barkleatherarmor-legs-kapok"  }
	},
	{
		ingredientPattern: "LKL,LTL,K_K",
		ingredients: {
			"K": { type: "item", code: "ancienttools:leather-normal-larch", quantity: 1 },
			"L": { type: "item", code: "ancienttools:leather-normal-larch", quantity: 2 },
			"T": { type: "item", code: "game:flaxtwine", quantity: 1 }
		},
		width: 3,
		height: 3,
		recipeGroup: 1,
		output: { type: "item", code: "ancienttools:barkleatherarmor-legs-larch"  }
	},
	{
		ingredientPattern: "LKL,LTL,K_K",
		ingredients: {
			"K": { type: "item", code: "ancienttools:leather-normal-maple", quantity: 1 },
			"L": { type: "item", code: "ancienttools:leather-normal-maple", quantity: 2 },
			"T": { type: "item", code: "game:flaxtwine", quantity: 1 }
		},
		width: 3,
		height: 3,
		recipeGroup: 1,
		output: { type: "item", code: "ancienttools:barkleatherarmor-legs-maple"  }
	},
	{
		ingredientPattern: "LKL,LTL,K_K",
		ingredients: {
			"K": { type: "item", code: "ancienttools:leather-normal-pine", quantity: 1 },
			"L": { type: "item", code: "ancienttools:leather-normal-pine", quantity: 2 },
			"T": { type: "item", code: "game:flaxtwine", quantity: 1 }
		},
		width: 3,
		height: 3,
		recipeGroup: 1,
		output: { type: "item", code: "ancienttools:barkleatherarmor-legs-pine"  }
	},
	{
		ingredientPattern: "LKL,LTL,K_K",
		ingredients: {
			"K": { type: "item", code: "ancienttools:leather-normal-purpleheart", quantity: 1 },
			"L": { type: "item", code: "ancienttools:leather-normal-purpleheart", quantity: 2 },
			"T": { type: "item", code: "game:flaxtwine", quantity: 1 }
		},
		width: 3,
		height: 3,
		recipeGroup: 1,
		output: { type: "item", code: "ancienttools:barkleatherarmor-legs-purpleheart"  }
	},
	{
		ingredientPattern: "LKL,LTL,K_K",
		ingredients: {
			"K": { type: "item", code: "ancienttools:leather-normal-redwood", quantity: 1 },
			"L": { type: "item", code: "ancienttools:leather-normal-redwood", quantity: 2 },
			"T": { type: "item", code: "game:flaxtwine", quantity: 1 }
		},
		width: 3,
		height: 3,
		recipeGroup: 1,
		output: { type: "item", code: "ancienttools:barkleatherarmor-legs-redwood"  }
	},
	{
		ingredientPattern: "LKL,LTL,K_K",
		ingredients: {
			"K": { type: "item", code: "ancienttools:leather-normal-walnut", quantity: 1 },
			"L": { type: "item", code: "ancienttools:leather-normal-walnut", quantity: 2 },
			"T": { type: "item", code: "game:flaxtwine", quantity: 1 }
		},
		width: 3,
		height: 3,
		recipeGroup: 1,
		output: { type: "item", code: "ancienttools:barkleatherarmor-legs-walnut"  }
	},
]