﻿[
    {
		ingredientPattern: "LKL,K_K",
		ingredients: {
			"K": { type: "item", code: "ancienttools:leather-normal-acacia", quantity: 1 },
			"L": { type: "item", code: "ancienttools:leather-normal-acacia", quantity: 2 }
		},
		width: 3,
		height: 2,
		name: "leather helmet",
		recipeGroup: 1,
		output: { type: "item", code: "ancienttools:barkleatherarmor-head-acacia"  }
	},
	{
		ingredientPattern: "LKL,K_K",
		ingredients: {
			"K": { type: "item", code: "ancienttools:leather-normal-aged", quantity: 1 },
			"L": { type: "item", code: "ancienttools:leather-normal-aged", quantity: 2 }
		},
		width: 3,
		height: 2,
		name: "leather helmet",
		recipeGroup: 1,
		output: { type: "item", code: "ancienttools:barkleatherarmor-head-aged"  }
	},
	{
		ingredientPattern: "LKL,K_K",
		ingredients: {
			"K": { type: "item", code: "ancienttools:leather-normal-baldcypress", quantity: 1 },
			"L": { type: "item", code: "ancienttools:leather-normal-baldcypress", quantity: 2 }
		},
		width: 3,
		height: 2,
		name: "leather helmet",
		recipeGroup: 1,
		output: { type: "item", code: "ancienttools:barkleatherarmor-head-baldcypress"  }
	},
	{
		ingredientPattern: "LKL,K_K",
		ingredients: {
			"K": { type: "item", code: "ancienttools:leather-normal-birch", quantity: 1 },
			"L": { type: "item", code: "ancienttools:leather-normal-birch", quantity: 2 }
		},
		width: 3,
		height: 2,
		name: "leather helmet",
		recipeGroup: 1,
		output: { type: "item", code: "ancienttools:barkleatherarmor-head-birch"  }
	},
	{
		ingredientPattern: "LKL,K_K",
		ingredients: {
			"K": { type: "item", code: "ancienttools:leather-normal-cypress", quantity: 1 },
			"L": { type: "item", code: "ancienttools:leather-normal-cypress", quantity: 2 }
		},
		width: 3,
		height: 2,
		name: "leather helmet",
		recipeGroup: 1,
		output: { type: "item", code: "ancienttools:barkleatherarmor-head-cypress"  }
	},
	{
		ingredientPattern: "LKL,K_K",
		ingredients: {
			"K": { type: "item", code: "ancienttools:leather-normal-ebony", quantity: 1 },
			"L": { type: "item", code: "ancienttools:leather-normal-ebony", quantity: 2 }
		},
		width: 3,
		height: 2,
		name: "leather helmet",
		recipeGroup: 1,
		output: { type: "item", code: "ancienttools:barkleatherarmor-head-ebony"  }
	},
	{
		ingredientPattern: "LKL,K_K",
		ingredients: {
			"K": { type: "item", code: "ancienttools:leather-normal-kapok", quantity: 1 },
			"L": { type: "item", code: "ancienttools:leather-normal-kapok", quantity: 2 }
		},
		width: 3,
		height: 2,
		name: "leather helmet",
		recipeGroup: 1,
		output: { type: "item", code: "ancienttools:barkleatherarmor-head-kapok"  }
	},
	{
		ingredientPattern: "LKL,K_K",
		ingredients: {
			"K": { type: "item", code: "ancienttools:leather-normal-larch", quantity: 1 },
			"L": { type: "item", code: "ancienttools:leather-normal-larch", quantity: 2 }
		},
		width: 3,
		height: 2,
		name: "leather helmet",
		recipeGroup: 1,
		output: { type: "item", code: "ancienttools:barkleatherarmor-head-larch"  }
	},
	{
		ingredientPattern: "LKL,K_K",
		ingredients: {
			"K": { type: "item", code: "ancienttools:leather-normal-maple", quantity: 1 },
			"L": { type: "item", code: "ancienttools:leather-normal-maple", quantity: 2 }
		},
		width: 3,
		height: 2,
		name: "leather helmet",
		recipeGroup: 1,
		output: { type: "item", code: "ancienttools:barkleatherarmor-head-maple"  }
	},
	{
		ingredientPattern: "LKL,K_K",
		ingredients: {
			"K": { type: "item", code: "ancienttools:leather-normal-pine", quantity: 1 },
			"L": { type: "item", code: "ancienttools:leather-normal-pine", quantity: 2 }
		},
		width: 3,
		height: 2,
		name: "leather helmet",
		recipeGroup: 1,
		output: { type: "item", code: "ancienttools:barkleatherarmor-head-pine"  }
	},
	{
		ingredientPattern: "LKL,K_K",
		ingredients: {
			"K": { type: "item", code: "ancienttools:leather-normal-purpleheart", quantity: 1 },
			"L": { type: "item", code: "ancienttools:leather-normal-purpleheart", quantity: 2 }
		},
		width: 3,
		height: 2,
		name: "leather helmet",
		recipeGroup: 1,
		output: { type: "item", code: "ancienttools:barkleatherarmor-head-purpleheart"  }
	},
	{
		ingredientPattern: "LKL,K_K",
		ingredients: {
			"K": { type: "item", code: "ancienttools:leather-normal-redwood", quantity: 1 },
			"L": { type: "item", code: "ancienttools:leather-normal-redwood", quantity: 2 }
		},
		width: 3,
		height: 2,
		name: "leather helmet",
		recipeGroup: 1,
		output: { type: "item", code: "ancienttools:barkleatherarmor-head-redwood"  }
	},
	{
		ingredientPattern: "LKL,K_K",
		ingredients: {
			"K": { type: "item", code: "ancienttools:leather-normal-walnut", quantity: 1 },
			"L": { type: "item", code: "ancienttools:leather-normal-walnut", quantity: 2 }
		},
		width: 3,
		height: 2,
		name: "leather helmet",
		recipeGroup: 1,
		output: { type: "item", code: "ancienttools:barkleatherarmor-head-walnut"  }
	},
]