﻿[
	{
		"op": "add",
		"path": "/enabled",
		"value": false,
		"file": "ancienttools:blocktypes/barkbasket",
		"dependsOn": [{"modid": "indappledgroves"}],
		"side": "Server"
	},
	{
		"op": "add",
		"path": "/enabled",
		"value": false,
		"file": "ancienttools:blocktypes/barkbaskettyped",
		"dependsOn": [{"modid": "indappledgroves"}],
		"side": "Server"
	},
	{
		"op": "add",
		"path": "/enabled",
		"value": false,
		"file": "ancienttools:recipes/grid/block/barkbasket",
		"dependsOn": [{"modid": "indappledgroves"}],
		"side": "Server"
	}
]