﻿[
	{
		"op": "add",
		"path": "/animations/-",
		"value": { 
			"name": "AdzeStrip",
			"code": "adzestrip",
			"quantityframes": 30,
			"onActivityStopped": "PlayTillEnd",
			"onAnimationEnd": "Stop",
			"keyframes": [
				{
					"frame": 0,
					"elements": {
						"LowerTorso": { "offsetX": 0.0, "offsetY": 0.0, "offsetZ": 0.0, "rotationX": 0.0, "rotationY": 0.0, "rotationZ": 0.0 },
						"UpperTorso": { "rotationX": 0.0, "rotationY": 0.0, "rotationZ": 0.0 },
						"UpperArmR": { "rotationX": 0.0, "rotationY": 0.0, "rotationZ": 0.0 },
						"LowerArmR": { "rotationX": 0.0, "rotationY": 0.0, "rotationZ": 0.0 },
						"UpperArmL": { "rotationX": 0.0, "rotationY": 0.0, "rotationZ": 0.0 },
						"LowerArmL": { "rotationX": 0.0, "rotationY": 0.0, "rotationZ": 0.0 },
						"UpperFootL": { "rotationX": 0.0, "rotationY": 0.0, "rotationZ": 0.0 },
						"LowerFootL": { "rotationX": 0.0, "rotationY": 0.0, "rotationZ": 0.0 },
						"UpperFootR": { "rotationX": 0.0, "rotationY": 0.0, "rotationZ": 0.0 },
						"LowerFootR": { "rotationX": 0.0, "rotationY": 0.0, "rotationZ": 0.0 }
					}
				},
				{
					"frame": 5,
					"elements": {
						"LowerTorso": { "offsetX": 0.0, "offsetY": 0.0, "offsetZ": 0.0, "rotationX": 0.0, "rotationY": 0.0, "rotationZ": 0.0 },
						"UpperTorso": { "rotationX": 0.0, "rotationY": 0.0, "rotationZ": -6.0 },
						"UpperArmR": { "rotationX": 6.0, "rotationY": -17.0, "rotationZ": -130.0 },
						"LowerArmR": { "rotationX": 0.0, "rotationY": 0.0, "rotationZ": -83.0 },
						"UpperArmL": { "rotationX": -3.0, "rotationY": 17.0, "rotationZ": -127.0 },
						"LowerArmL": { "rotationX": 0.0, "rotationY": 0.0, "rotationZ": -86.0 },
						"UpperFootL": { "rotationX": -6.0, "rotationY": 0.0, "rotationZ": -22.0 },
						"LowerFootL": { "rotationX": 0.0, "rotationY": 0.0, "rotationZ": 22.0 },
						"UpperFootR": { "rotationX": 6.0, "rotationY": -14.0, "rotationZ": 11.0 },
						"LowerFootR": { "rotationX": 0.0, "rotationY": 0.0, "rotationZ": 8.0 }
					}
				},
				{
					"frame": 10,
					"elements": {
						"LowerTorso": { "offsetX": 0.0, "offsetY": -1.0, "offsetZ": 0.0, "rotationX": 0.0, "rotationY": 0.0, "rotationZ": 0.0 },
						"UpperTorso": { "rotationX": 0.0, "rotationY": 0.0, "rotationZ": 14.0 },
						"UpperArmR": { "rotationX": 0.0, "rotationY": 8.0, "rotationZ": -69.0 },
						"LowerArmR": { "rotationX": 0.0, "rotationY": 0.0, "rotationZ": 0.0 },
						"UpperArmL": { "rotationX": 0.0, "rotationY": -8.0, "rotationZ": -69.0 },
						"LowerArmL": { "rotationX": 0.0, "rotationY": 0.0, "rotationZ": 0.0 },
						"UpperFootL": { "rotationX": 0.0, "rotationY": 25.0, "rotationZ": -33.0 },
						"LowerFootL": { "rotationX": 0.0, "rotationY": 0.0, "rotationZ": 50.0 },
						"UpperFootR": { "rotationX": 3.0, "rotationY": -30.0, "rotationZ": -30.0 },
						"LowerFootR": { "rotationX": 0.0, "rotationY": 0.0, "rotationZ": 50.0 }
					}
				},
				{
					"frame": 20,
					"elements": {
						"LowerTorso": { "offsetX": 0.0, "offsetY": -1.0, "offsetZ": 0.0, "rotationX": 0.0, "rotationY": 0.0, "rotationZ": 0.0 },
						"UpperTorso": { "rotationX": 0.0, "rotationY": 0.0, "rotationZ": 28.0 },
						"UpperArmR": { "rotationX": 0.0, "rotationY": 14.0, "rotationZ": -39.0 },
						"LowerArmR": { "rotationX": 0.0, "rotationY": 0.0, "rotationZ": 0.0 },
						"UpperArmL": { "rotationX": 0.0, "rotationY": -22.0, "rotationZ": -44.0 },
						"LowerArmL": { "rotationX": 0.0, "rotationY": 0.0, "rotationZ": 0.0 },
						"UpperFootL": { "rotationX": 0.0, "rotationY": 25.0, "rotationZ": -33.0 },
						"LowerFootL": { "rotationX": 0.0, "rotationY": 0.0, "rotationZ": 50.0 },
						"UpperFootR": { "rotationX": 3.0, "rotationY": -30.0, "rotationZ": -30.0 },
						"LowerFootR": { "rotationX": 0.0, "rotationY": 0.0, "rotationZ": 50.0 }
					}
				}
			]
		},
		"file": "game:shapes/entity/humanoid/seraph-faceless"
	},
	{
		"op": "add",
		"path": "/animations/-",
		"value": { 
			"name": "AdzeStrip-IFP",
			"code": "adzestrip-ifp",
			"quantityframes": 30,
			"onActivityStopped": "PlayTillEnd",
			"onAnimationEnd": "Stop",
			"keyframes": [
				{
					"frame": 0,
					"elements": {
						"LowerTorso": { "offsetX": 0.0, "offsetY": 0.0, "offsetZ": 0.0, "rotationX": 0.0, "rotationY": 0.0, "rotationZ": 0.0 },
						"UpperTorso": { "rotationX": 0.0, "rotationY": 0.0, "rotationZ": 0.0 },
						"UpperArmR": { "rotationX": 0.0, "rotationY": 0.0, "rotationZ": 0.0 },
						"LowerArmR": { "rotationX": 0.0, "rotationY": 0.0, "rotationZ": 0.0 },
						"UpperArmL": { "rotationX": 0.0, "rotationY": 0.0, "rotationZ": 0.0 },
						"LowerArmL": { "rotationX": 0.0, "rotationY": 0.0, "rotationZ": 0.0 },
						"UpperFootL": { "rotationX": 0.0, "rotationY": 0.0, "rotationZ": 0.0 },
						"LowerFootL": { "rotationX": 0.0, "rotationY": 0.0, "rotationZ": 0.0 },
						"UpperFootR": { "rotationX": 0.0, "rotationY": 0.0, "rotationZ": 0.0 },
						"LowerFootR": { "rotationX": 0.0, "rotationY": 0.0, "rotationZ": 0.0 }
					}
				},
				{
					"frame": 5,
					"elements": {
						"LowerTorso": { "offsetX": 0.0, "offsetY": 0.0, "offsetZ": 0.0, "rotationX": 0.0, "rotationY": 0.0, "rotationZ": 0.0 },
						"UpperTorso": { "rotationX": 0.0, "rotationY": 0.0, "rotationZ": -6.0 },
						"UpperArmR": { "rotationX": 6.0, "rotationY": -17.0, "rotationZ": -130.0 },
						"LowerArmR": { "rotationX": 0.0, "rotationY": 0.0, "rotationZ": -83.0 },
						"UpperArmL": { "rotationX": -3.0, "rotationY": 17.0, "rotationZ": -127.0 },
						"LowerArmL": { "rotationX": 0.0, "rotationY": 0.0, "rotationZ": -86.0 },
						"UpperFootL": { "rotationX": -6.0, "rotationY": 0.0, "rotationZ": -22.0 },
						"LowerFootL": { "rotationX": 0.0, "rotationY": 0.0, "rotationZ": 22.0 },
						"UpperFootR": { "rotationX": 6.0, "rotationY": -14.0, "rotationZ": 11.0 },
						"LowerFootR": { "rotationX": 0.0, "rotationY": 0.0, "rotationZ": 8.0 }
					}
				},
				{
					"frame": 10,
					"elements": {
						"LowerTorso": { "offsetX": 0.0, "offsetY": -1.0, "offsetZ": 0.0, "rotationX": 0.0, "rotationY": 0.0, "rotationZ": 0.0 },
						"UpperTorso": { "rotationX": 0.0, "rotationY": 0.0, "rotationZ": 14.0 },
						"UpperArmR": { "rotationX": 0.0, "rotationY": 8.0, "rotationZ": -69.0 },
						"LowerArmR": { "rotationX": 0.0, "rotationY": 0.0, "rotationZ": 0.0 },
						"UpperArmL": { "rotationX": 0.0, "rotationY": -8.0, "rotationZ": -69.0 },
						"LowerArmL": { "rotationX": 0.0, "rotationY": 0.0, "rotationZ": 0.0 },
						"UpperFootL": { "rotationX": 0.0, "rotationY": 25.0, "rotationZ": -33.0 },
						"LowerFootL": { "rotationX": 0.0, "rotationY": 0.0, "rotationZ": 50.0 },
						"UpperFootR": { "rotationX": 3.0, "rotationY": -30.0, "rotationZ": -30.0 },
						"LowerFootR": { "rotationX": 0.0, "rotationY": 0.0, "rotationZ": 50.0 }
					}
				},
				{
					"frame": 20,
					"elements": {
						"LowerTorso": { "offsetX": 0.0, "offsetY": -1.0, "offsetZ": 0.0, "rotationX": 0.0, "rotationY": 0.0, "rotationZ": 0.0 },
						"UpperTorso": { "rotationX": 0.0, "rotationY": 0.0, "rotationZ": 28.0 },
						"UpperArmR": { "rotationX": 0.0, "rotationY": 14.0, "rotationZ": -39.0 },
						"LowerArmR": { "rotationX": 0.0, "rotationY": 0.0, "rotationZ": 0.0 },
						"UpperArmL": { "rotationX": 0.0, "rotationY": -22.0, "rotationZ": -44.0 },
						"LowerArmL": { "rotationX": 0.0, "rotationY": 0.0, "rotationZ": 0.0 },
						"UpperFootL": { "rotationX": 0.0, "rotationY": 25.0, "rotationZ": -33.0 },
						"LowerFootL": { "rotationX": 0.0, "rotationY": 0.0, "rotationZ": 50.0 },
						"UpperFootR": { "rotationX": 3.0, "rotationY": -30.0, "rotationZ": -30.0 },
						"LowerFootR": { "rotationX": 0.0, "rotationY": 0.0, "rotationZ": 50.0 }
					}
				}
			]
		},
		"file": "game:shapes/entity/humanoid/seraph-faceless"
	},
	{
		"op": "add",
		"path": "/animations/-",
		"value": {
			"name": "DumpSalve",
			"code": "dumpsalve",
			"quantityframes": 25,
			"onActivityStopped": "Rewind",
			"onAnimationEnd": "Hold",
			"keyframes": [
				{
					"frame": 0,
					"elements": {
						"UpperArmL": { "rotationX": 0.0, "rotationY": 0.0, "rotationZ": 0.0 },
						"UpperArmR": { "rotationX": 0.0, "rotationY": 0.0, "rotationZ": 0.0 }
					}
				},
				{
					"frame": 6,
					"elements": {
						"UpperArmL": { "rotationX": 0.0, "rotationY": 0.0, "rotationZ": -44.0 },
						"LowerArmL": { "rotationX": 0.0, "rotationY": 0.0, "rotationZ": 0.0 },
						"UpperArmR": { "rotationX": 0.0, "rotationY": 0.0, "rotationZ": -44.0 }
					}
				},
				{
					"frame": 14,
					"elements": {
						"UpperArmL": { "rotationX": 0.0, "rotationY": -8.0, "rotationZ": -66.0 },
						"LowerArmL": { "rotationX": 3.0, "rotationY": 0.0, "rotationZ": -14.0 },
						"UpperArmR": { "rotationX": 0.0, "rotationY": 8.0, "rotationZ": -66.0 },
						"ItemAnchor": { "rotationX": 0.0, "rotationY": 0.0, "rotationZ": 0.0 }
					}
				},
				{
					"frame": 24,
					"elements": {
						"UpperArmR": { "rotationX": 0.0, "rotationY": 8.0, "rotationZ": -66.0 },
						"ItemAnchor": { "rotationX": 0.0, "rotationY": 0.0, "rotationZ": 100.0 },
						"UpperArmL": { "rotationX": 0.0, "rotationY": -8.0, "rotationZ": -66.0 },
						"LowerArmL": { "rotationX": 3.0, "rotationY": 0.0, "rotationZ": -14.0 }
					}
				}
			]
		},
		"file": "game:shapes/entity/humanoid/seraph-faceless"
	},
	{
		"op": "add",
		"path": "/animations/-",
		"value": {
			"name": "MeltPitchRepair",
			"code": "meltpitchrepair",
			"quantityframes": 17,
			"onActivityStopped": "Rewind",
			"onAnimationEnd": "Hold",
			"keyframes": [
				{
					"frame": 0,
					"elements": {
						"UpperArmL": { "rotationX": -28.0, "rotationY": 6.0, "rotationZ": -19.0 },
						"LowerArmL": { "rotationX": 11.0, "rotationY": -28.0, "rotationZ": -83.0 },
						"UpperArmR": { "rotationX": 5.0, "rotationY": -4.0, "rotationZ": -22.5 },
						"LowerArmR": { "rotationX": -2.0, "rotationY": -3.0, "rotationZ": -67.5 }
					}
				},
				{
					"frame": 16,
					"elements": {
						"UpperArmR": { "rotationX": 75.0, "rotationY": -6.0, "rotationZ": -45.0 },
						"LowerArmR": { "rotationX": 0, "rotationY": 0, "rotationZ": -55 },
						"UpperArmL": { "rotationX": -33.0, "rotationY": 19.0, "rotationZ": -58.0 },
						"LowerArmL": { "rotationX": 3.0, "rotationY": -33.0, "rotationZ": -58.0 }
					}
				}
			]
		},
		"file": "game:shapes/entity/humanoid/seraph-faceless"
	}
]