﻿[
	{
		"op": "replace",
		"path": "/0/enabled",
		"value": "true",
		"file": "recipes/grid/food/barkdough",
		"side": "Server",
		"condition": { "when": "BarkBreadEnabled", "isValue": "true" }
	},
	{
		"op": "replace",
		"path": "/1/enabled",
		"value": "true",
		"file": "recipes/grid/food/barkdough",
		"side": "Server",
		"condition": { "when": "BarkBreadEnabled", "isValue": "true" }
	},
	{
		"op": "replace",
		"path": "/2/enabled",
		"value": "true",
		"file": "recipes/grid/food/barkdough",
		"side": "Server",
		"condition": { "when": "BarkBreadEnabled", "isValue": "true" }
	},
]