﻿{
	code: "barkbasket",
	class: "BlockBarkBasket",
	entityclass: "GenericTypedContainer",
	attributes: {
		handbook: { 
			groupBy: ["barkbasket-*"] 
		},
		inventoryClassName: "barkbasket",
		defaultType: "basket",
		openSound: "game:sounds/block/basketopen",
		closeSound: "game:sounds/block/basketclose",
		types: ["basket"],
		quantitySlots: {
			basket: 8
		},
		dialogTitleLangCode: {
			basket: "basketcontents"
		},
		storageType: {
			basket: 189
		},
		retrieveOnly: {
			basket: false
		},
		shape: { 
			basket: "block/barkbasket"
		},
		variantByGroup: "variant",
		variantByGroupInventory: "variant",
		cartPlacable: {
			translation: [0.0, 7.0, 2.0],
			rotation: [0.0, 180.0, 0.0],
			scale: 1.0
		},
		mobileStorageProps: {
			shape: "ancienttools:shapes/block/barkbasket",
			openSound: "game:sounds/block/basketopen",
			closeSound: "game:sounds/block/basketclose",
			placementSound: "game:sounds/block/planks", 
			quantitySlots: 8
		}
	},
	behaviors: [{name: "Lockable" }, {name: "Container"}],
	entityBehaviors: [{ name: "Animatable" }],
	variantgroups: [
		{ code: "variant", loadFromProperties: "game:block/wood", states:["aged", "cypress"]},
		{ code:"side", loadFromProperties: "game:abstract/horizontalorientation" }
	],
	shapeInventory: { base: "block/barkbasket", rotateY: 270 },
	shapeByType: {
		"*-north": { base: "block/barkbasket", rotateY: 0 },
		"*-east": { base: "block/barkbasket", rotateY: 270 },
		"*-west": { base: "block/barkbasket", rotateY: 90 },
		"*-south": { base: "block/barkbasket", rotateY: 180 },
	},
	texturesByType: {
		"*-cypress-*": {
			"bark": { base: "ancienttools:block/wood/bark/{variant}"},
			"inside": { base: "ancienttools:block/wood/debarked/{variant}_fullblock", rotation: 90 },
			"basket-bark": { base: "ancienttools:block/wood/bark/{variant}"},
			"basket-inside": { base: "ancienttools:block/wood/debarked/{variant}_fullblock", rotation: 90 },
		},
		"*": {
			"bark": { base: "game:block/wood/bark/{variant}"},
			"inside": { base: "game:block/wood/debarked/{variant}", rotation: 90 },
			"basket-bark": { base: "game:block/wood/bark/{variant}"},
			"basket-inside": { base: "game:block/wood/debarked/{variant}", rotation: 90 },
		}
	},
	combustibleProps: {
		burnTemperature: 800,
		burnDuration: 60,
	},
	"drops": [
		{
			"type": "block",
			"code": "ancienttools:barkbaskettyped-east",
			"quantity": {
				"avg": 1,
				"var": 0
			},
			"attributes": {
				"type": "{variant}"
			}
		}
	],
	heldTpIdleAnimation: "holdbothhands",
	heldTpUseAnimation: "twohandplaceblock",
	blockmaterial: "Wood",
	replaceable: 900,
	resistance: 2,
	lightAbsorption: 0,
	sideAo: { all: false },
	sidesolid: {
		all: false
	},
	sideopaque: {
		all: false
	},
	collisionbox: {
		x1: 0.125, y1: 0, z1: 0.125, x2: 0.875, y2: 0.5, z2: 0.875,
		rotateYByType: {
			"*-north": 270,
			"*-east": 180,
			"*-south": 90,
			"*-west": 0
		}
	},
	selectionbox: {
		x1: 0.125, y1: 0, z1: 0.125, x2: 0.875, y2: 0.5, z2: 0.875,
		rotateYByType: {
			"*-north": 270,
			"*-east": 180,
			"*-south": 90,
			"*-west": 0
		}
	},
	sounds: {
		"place": "game:block/planks",
		"walk": "game:walk/wood",
		"hit": "game:block/planks",
		"break": "game:block/planks",
	},
	materialDensity: 600,
	tpHandTransform: {
		translation: { x: -0.9, y: 0, z: -0.9 },
		rotation: { x: 36, y: 21, z: -80 },
		origin: { x: 0.5, y: 0, z: 0.5 },
		scale: 0.5
	},
	guiTransform: {
		origin: { x: 0.5, y: 0.3, z: 0.5 },
		scale: 1.3
	},
	groundTransform: {
		translation: { x: 0, y: 0, z: 0 },
		rotation: { x: 0, y: -45, z: 0 },
		origin: { x: 0.5, y: 0, z: 0.5 },
		scale: 2.5
	}
}