﻿{
	code: "pitchpot",
	renderpass: "OpaqueNoCull",
	classByType: {
		"@pitchpot-(blue|fire|black|brown|cream|gray|orange|red|tan)-(empty|residuecovered)": "BlockPitchContainer",
		"*-finishedpitchinventory": "BlockPitchInventory",
		"*-finishedpitch": "BlockPitch"
	},
	entityclassByType: {
		"@pitchpot-(blue|fire|black|brown|cream|gray|orange|red|tan)-(empty|residuecovered)": "BEPitchContainer",
		"*-finishedpitch": "BEFinishedPitch"
	},
	attributesByType: {
		"@pitchpot-(blue|fire|black|brown|cream|gray|orange|red|tan)-(unmixed|unmixedresiduecovered|finishedpitchinventory)": {
			inFirePitProps: {
				transform: { 
					translation: { x: 0, y: 0.125, z: 0 } 
				},
				useFirepitModel: "Wide"
			},
			handbook: {
				createdBy: "ancienttools:handbook-mixingpitch-craftinfo",
				groupBy: ["pitchpot-*-{type}"]
			}
		},
		"*": {
			handbook: {
				groupBy: ["pitchpot-*-{type}"]
			}
		}
	},
	behaviorsByType: {
		"@pitchpot-(blue|fire|black|brown|cream|gray|orange|red|tan)-(unmixed|unmixedresiduecovered)": [
			{ name: "UnstableFalling" }, { name: "RightClickPickup" }
		],
		"@pitchpot-(blue|fire|black|brown|cream|gray|orange|red|tan)-(empty|finishedpitch)": [
			{ name: "UnstableFalling" }
		]
	},
	variantgroups: [
		{ "code": "color", "states": ["blue", "fire", "black", "brown", "cream", "gray", "orange", "red", "tan"]},
		{ code:"type", states: ["empty", "residuecovered", "unmixed", "unmixedresiduecovered", "finishedpitchinventory", "finishedpitch"] },
	],
	creativeinventory: { "general": ["pitchpot-*-empty", "pitchpot-*-residuecovered", "pitchpot-*-unmixed", "pitchpot-*-finishedpitchinventory"], 
	"decorative": ["pitchpot-*-empty", "pitchpot-*-residuecovered", "pitchpot-*-unmixed", "pitchpot-*-finishedpitchinventory"], 
	"mechanics": ["pitchpot-*-empty", "pitchpot-*-residuecovered", "pitchpot-*-unmixed", "pitchpot-*-finishedpitchinventory"], 
	"ancienttools": ["pitchpot-*-empty", "pitchpot-*-residuecovered", "pitchpot-*-unmixed", "pitchpot-*-finishedpitchinventory"] },
	shapeByType: {
		"@pitchpot-(blue|fire|black|brown|cream|gray|orange|red|tan)-(empty|residuecovered)": { base: "game:block/clay/pot-opened-empty" },
		"@pitchpot-(blue|fire|black|brown|cream|gray|orange|red|tan)-(unmixed|unmixedresiduecovered)": { base: "block/pitch/preparedpitch" },
		"*-finishedpitchinventory": { base: "block/pitch/finishedpitch" },
		"*-finishedpitch": { base: "game:block/clay/pot-opened-empty" }
	},
	texturesByType: {
		"*-empty": {
			ceramic: { base: "game:block/clay/hardened/{color}", overlays: [ "game:block/clay/overlay/pot" ]},
			"dark": { base: "game:block/clay/hardened/{color}", overlays: [ "game:block/clay/overlay/dark" ] },
		},
		"*-residuecovered": {
			"ceramic": { "base": "game:block/clay/pot/{color}", "overlays": ["game:block/clay/pot/dirty"] },
		},
		"*-unmixed": {
			ceramic: { base: "game:block/clay/hardened/{color}", overlays: [ "game:block/clay/overlay/pot" ] },
			"dark": { base: "game:block/clay/hardened/{color}", overlays: [ "game:block/clay/overlay/dark" ] },
			resin: { base: "game:block/resin" },
			drygrass: { base: "game:block/hay/bundle" },
			string: { base: "game:item/tool/material/string" }
		},
		"*-unmixedresiduecovered": {
			"ceramic": { "base": "game:block/clay/pot/{color}", "overlays": ["game:block/clay/pot/dirty"] },
			resin: { base: "game:block/resin" },
			drygrass: { base: "game:block/hay/bundle" },
			string: { base: "game:item/tool/material/string" }
		},
		"@pitchpot-(blue|fire|black|brown|cream|gray|orange|red|tan)-(finishedpitch|finishedpitchinventory)": {	
			"ceramic": { "base": "game:block/clay/pot/{color}", "overlays": ["game:block/clay/pot/dirty"] },
			pitch: { base: "block/pitch/pitch" }
		}
	},
	heldTpIdleAnimation: "holdbothhands",
	heldTpUseAnimation: "twohandplaceblock",
	blockmaterial: "Ceramic",
	combustiblePropsByType: {
		"@pitchpot-(blue|fire|black|brown|cream|gray|orange|red|tan)-(unmixed|unmixedresiduecovered)": {
			meltingPoint: 215,
			meltingDuration: 60,
			smeltedRatio: 1,
			smeltingType: "cook",
			smeltedStack: { type: "block", code: "pitchpot-{color}-finishedpitchinventory" },
			requiresContainer: false
		}
	},
	replaceable: 400,
	resistance: 1.5,
	maxStackSize: 1,
	lightAbsorption: 0,
	sounds: {
		walk: "game:walk/stone",
	},
	sideopaque: {
		all: false
	},
	sidesolid: {
		all: false
	},
	collisionbox: { x1: 0.28, y1: 0, z1: 0.28, x2: 0.72, y2: 0.35, z2: 0.72 },
	selectionbox: { x1: 0.28, y1: 0, z1: 0.28, x2: 0.72, y2: 0.35, z2: 0.72 },
	guiTransform: {
		origin: { x: 0.5, y: 0.2, z: 0.5 },
		scale: 2
	},
	groundTransform: {
		scale: 3
	},
	fpHandTransform: {
		translation: { x: 0, y: 0.25, z: 0.5 },
		scale: 2
	},
	tpHandTransform: {
		translation: { x: -0.67, y: 0.06, z: -0.5 },
		rotation: { x: -52, y: 20, z: -110 },
		origin: { x: 0.5, y: 0, z: 0.5 },
		scale: 0.76
	}
}