﻿{
	code: "salvepot",
	classByType: {
		"@salvepot-(blue|fire|black|brown|cream|gray|orange|red|tan)-(empty|residuecovered)": "BlockSalveContainer",
		"*-softwax": "BlockUnmixedSalve",
		"*-barkoil": "BlockUnmixedSalve",
		"*-finishedsalve": "BlockSalve"
	},
	entityclassByType: {
		"@salvepot-(blue|fire|black|brown|cream|gray|orange|red|tan)-(empty|residuecovered)": "BESalveContainer",
		"*-finishedsalve": "BEFinishedSalve"
	},
	attributesByType: {
		"@salvepot-(blue|fire|black|brown|cream|gray|orange|red|tan)-(birch|birchresiduecovered|pine|pineresiduecovered|maple|mapleresiduecovered|oak|oakresiduecovered|acacia|acaciaresiduecovered|hardwax|hardwaxresiduecovered|softwax|barkoil)": {
			inFirePitProps: {
				transform: { 
					translation: { x: 0, y: 0.125, z: 0 } 
				},
				useFirepitModel: "Wide"
			},
			handbook: {
				createdBy: "ancienttools:handbook-salve-craftinfo",
				groupBy: ["salvepot-*-{type}"]
			}
		},
		"*": {
			handbook: {
				createdBy: "ancienttools:handbook-salve-craftinfo",
				groupBy: ["salvepot-*-{type}"]
			}
		}
	},
	behaviorsByType: {
		"@salvepot-(blue|fire|black|brown|cream|gray|orange|red|tan)-(birch|birchresiduecovered|pine|pineresiduecovered|maple|mapleresiduecovered|oak|oakresiduecovered|acacia|acaciaresiduecovered|hardwax|hardwaxresiduecovered|softwax|barkoil)": [
			{ name: "UnstableFalling" }, { name: "RightClickPickup" }
		],
		"@salvepot-(blue|fire|black|brown|cream|gray|orange|red|tan)-(empty|residuecovered|finishedsalve)": [
			{ name: "UnstableFalling" }
		]
	},
	variantgroups: [
		{ "code": "color", "states": ["blue", "fire", "black", "brown", "cream", "gray", "orange", "red", "tan"]},
		{ code:"type", states: ["empty", "residuecovered", "birch", "birchresiduecovered", "pine", "pineresiduecovered", "maple", "mapleresiduecovered", "oak", "oakresiduecovered",  "acacia", "acaciaresiduecovered", "hardwax", "hardwaxresiduecovered", "softwax", "barkoil", "finishedsalve"] },
	],
	creativeinventory: { "general": ["salvepot-*-empty", "salvepot-*-birch", "salvepot-*-pine", "salvepot-*-oak", "salvepot-*-acacia", "salvepot-*-hardwax", "salvepot-*-softwax", "salvepot-*-barkoil"], 
	"decorative": ["salvepot-*-empty", "salvepot-*-birch", "salvepot-*-pine", "salvepot-*-oak", "salvepot-*-acacia", "salvepot-*-hardwax", "salvepot-*-softwax", "salvepot-*-barkoil"], 
	"mechanics": ["salvepot-*-empty", "salvepot-*-birch", "salvepot-*-pine", "salvepot-*-oak", "salvepot-*-acacia", "salvepot-*-hardwax", "salvepot-*-softwax", "salvepot-*-barkoil"], 
	"ancienttools": ["salvepot-*-empty", "salvepot-*-birch", "salvepot-*-pine", "salvepot-*-oak", "salvepot-*-acacia", "salvepot-*-hardwax", "salvepot-*-softwax", "salvepot-*-barkoil"],
	},
	shapeByType: {
		"@salvepot-(blue|fire|black|brown|cream|gray|orange|red|tan)-(empty|residuecovered|finishedsalve)": { base: "game:block/clay/pot-opened-empty" },
		"@salvepot-(blue|fire|black|brown|cream|gray|orange|red|tan)-(birch|birchresiduecovered|pine|pineresiduecovered|maple|mapleresiduecovered|oak|oakresiduecovered|acacia|acaciaresiduecovered)": { base: "block/salve/fullbarksalve" },
		"@salvepot-(blue|fire|black|brown|cream|gray|orange|red|tan)-(hardwax|hardwaxresiduecovered)": { base: "block/salve/fullhardwaxsalve" },
		"*-softwax": { base: "block/salve/softwaxsalve" },
		"*-barkoil": { base: "block/salve/barkoilsalve" }
	},
	texturesByType: {
		"*-empty": {
			ceramic: { base: "game:block/clay/hardened/{color}", overlays: [ "game:block/clay/overlay/pot" ] },
			"dark": { base: "game:block/clay/hardened/{color}", overlays: [ "game:block/clay/overlay/dark" ] },
		},
		"*-residuecovered": {
			ceramic: { base: "game:block/clay/pot/{color}", "overlays": ["game:block/clay/pot/dirty"] },
		},
		"@salvepot-(blue|fire|black|brown|cream|gray|orange|red|tan)-(birch|pine|maple|oak|acacia)": {
			ceramic: { base: "game:block/clay/hardened/{color}",  overlays: [ "game:block/clay/overlay/pot" ]},
			"dark": { base: "game:block/clay/hardened/{color}", overlays: [ "game:block/clay/overlay/dark" ] },
			bark: { base:  "game:block/wood/bark/{type}"},
			animalfat: { base: "game:item/resource/fat" }
		},
		"*-birchresiduecovered": {
			ceramic: { base: "game:block/clay/pot/{color}", "overlays": ["game:block/clay/pot/dirty"] },
			bark: { base:  "game:block/wood/bark/birch"},
			animalfat: { base: "game:item/resource/fat" }
		},
		"*-pineresiduecovered": {
			ceramic: { base: "game:block/clay/pot/{color}", "overlays": ["game:block/clay/pot/dirty"] },
			bark: { base:  "game:block/wood/bark/pine"},
			animalfat: { base: "game:item/resource/fat" }
		},
		"*-mapleresiduecovered": {
			ceramic: { base: "game:block/clay/pot/{color}", "overlays": ["game:block/clay/pot/dirty"] },
			bark: { base:  "game:block/wood/bark/maple"},
			animalfat: { base: "game:item/resource/fat" }
		},
		"*-oakresiduecovered": {
			ceramic: { base: "game:block/clay/pot/{color}", "overlays": ["game:block/clay/pot/dirty"] },
			bark: { base:  "game:block/wood/bark/oak"},
			animalfat: { base: "game:item/resource/fat" }
		},
		"*-acaciaresiduecovered": {
			ceramic: { base: "game:block/clay/pot/{color}", "overlays": ["game:block/clay/pot/dirty"] },
			bark: { base:  "game:block/wood/bark/acacia"},
			animalfat: { base: "game:item/resource/fat" }
		},
		"*-hardwax": {
			ceramic: { base: "game:block/clay/hardened/{color}",  overlays: [ "game:block/clay/overlay/pot" ]},
			"dark": { base: "game:block/clay/hardened/{color}", overlays: [ "game:block/clay/overlay/dark" ] },
			wax: { base: "game:item/resource/beeswax" },
		},
		"*-hardwaxresiduecovered": {
			ceramic: { base: "game:block/clay/pot/{color}", "overlays": ["game:block/clay/pot/dirty"] },
			wax: { base: "game:item/resource/beeswax" },
		},
		"*-softwax": {
			ceramic: { base: "game:block/clay/pot/{color}", "overlays": ["game:block/clay/pot/dirty"] },
			wax: { base: "block/salve/softwax" }
		},
		"*-barkoil": {
			ceramic: { base: "game:block/clay/pot/{color}", "overlays": ["game:block/clay/pot/dirty"] },
			barkoil: { base: "block/salve/barkoil" }
		},
		"*-finishedsalve": {
			ceramic: { base: "game:block/clay/pot/{color}", "overlays": ["game:block/clay/pot/dirty"] },
			finishedsalve: { base: "item/medicine/salveportion" }
		}
	},
	heldTpIdleAnimation: "holdbothhands",
	heldTpUseAnimation: "twohandplaceblock",
	blockmaterial: "Ceramic",
	combustiblePropsByType: {
		"@salvepot-(blue|fire|black|brown|cream|gray|orange|red|tan)-(birch|birchresiduecovered|pine|pineresiduecovered|maple|mapleresiduecovered|oak|oakresiduecovered|acacia|acaciaresiduecovered)": {
			meltingPoint: 200,
			meltingDuration: 60,
			smeltedRatio: 1,
			smeltingType: "cook",
			smeltedStack: { type: "block", code: "salvepot-{color}-barkoil" },
			requiresContainer: false
		},
		"@salvepot-(blue|fire|black|brown|cream|gray|orange|red|tan)-(hardwax|hardwaxresiduecovered)": {
			meltingPoint: 200,
			meltingDuration: 30,
			smeltedRatio: 1,
			smeltingType: "cook",
			smeltedStack: { type: "block", code: "salvepot-{color}-softwax" },
			requiresContainer: false
		}
	},
	replaceable: 400,
	resistance: 1.5,
	maxStackSize: 1,
	lightAbsorption: 0,
	sounds: {
		walk: "game:walk/stone",
	},
	sideopaque: {
		all: false
	},
	sidesolid: {
		all: false
	},
	collisionbox: { x1: 0.28, y1: 0, z1: 0.28, x2: 0.72, y2: 0.35, z2: 0.72 },
	selectionbox: { x1: 0.28, y1: 0, z1: 0.28, x2: 0.72, y2: 0.35, z2: 0.72 },
	guiTransform: {
		origin: { x: 0.5, y: 0.2, z: 0.5 },
		scale: 2
	},
	groundTransform: {
		scale: 3
	},
	fpHandTransform: {
		translation: { x: 0, y: 0.25, z: 0.5 },
		scale: 2
	},
	tpHandTransform: {
		translation: { x: -0.67, y: 0.06, z: -0.5 },
		rotation: { x: -52, y: 20, z: -110 },
		origin: { x: 0.5, y: 0, z: 0.5 },
		scale: 0.76
	}
}