[
  {
    "op": "remove",
    "path": "/attributes/attachableToEntity/attachedShapeBySlotCodeByType/*-face*/*",
    "file": "game:itemtypes/wearable/animal/hooved.json",
    "side": "Server"
  },
  {
    "op": "addmerge",
    "path": "/attributes/attachableToEntity/attachedShapeBySlotCodeByType/*-face*/*-elephant",
    "value": {
      "base": "elephantidae:item/wearable/elephants/face/{type}-elephant"
    },
    "file": "game:itemtypes/wearable/animal/hooved.json",
    "side": "Server"
  },
  {
    "op": "addmerge",
    "path": "/attributes/attachableToEntity/attachedShapeBySlotCodeByType/*-face*/*",
    "value": {
      "base": "game:item/wearable/hooved/face/{type}-elk"
    },
    "file": "game:itemtypes/wearable/animal/hooved.json",
    "side": "Server"
  }
]