[
  {
    "op": "add",
    "path": "/grindingPropsByType",
    "value": {
      "@*-(copper|tinbronze|bismuthbronze|blackbronze|iron|meteoriciron|gold|silver|steel)": {
        "GroundStack": { "type": "item", "code": "game:metalbit-{material}", "quantity": 10 }
      }
    },
    "file": "stonequarry:itemtypes/toolhead/*",
    "condition": { "when": "UStoolRecyclingEnabled", "isValue": "true" },
    "side": "Server"
  },
  {
    "op": "add",
    "path": "/grindingPropsByType",
    "value": {
      "@*-(copper|tinbronze|bismuthbronze|blackbronze|iron|meteoriciron|gold|silver|steel)": {
        "GroundStack": { "type": "item", "code": "game:metalbit-{material}", "quantity": 10 }
      }
    },
    "file": "stonequarry:itemtypes/tool/chisel.json",
    "condition": { "when": "UStoolRecyclingEnabled", "isValue": "true" },
    "side": "Server"
  },
  {
    "op": "add",
    "path": "/grindingPropsByType",
    "value": {
      "@*-(copper|tinbronze|bismuthbronze|blackbronze|iron|meteoriciron|gold|silver|steel)": {
        "GroundStack": { "type": "item", "code": "game:metalbit-{material}", "quantity": 10 }
      }
    },
    "file": "stonequarry:itemtypes/tool/rubblehammer.json",
    "condition": { "when": "UStoolRecyclingEnabled", "isValue": "true" },
    "side": "Server"
  },
]
