{"GameVersion":"1.20.7","SizeX":7,"SizeY":6,"SizeZ":5,"BlockCodes":{"11653":"game:planks-oak-we","12423":"game:supportbeam-oak","11638":"game:planks-oak-ns","12588":"game:genericwood","13827":"bricklayers:glazedbowl-raw-milky-blue-plain","15305":"bricklayers:glazedplanter-raw-milky-lapislazuli-lines","389":"game:chiseledblock","16109":"bricklayers:glassluminous-opaque-blue-bright","13709":"bricklayers:slantedroofingcornerouter-purple-north-free","12865":"game:wagonwheels-spoked-south","12853":"game:wagonwheels-spoked-north","1508":"game:glasspane-leaded-oak-ew","12821":"game:table-redmarble","1495":"game:glasspane-leaded-oak-ns","12914":"game:groundstorage","12798":"game:shelf-normal-west","2286":"game:meta-filler","2289":"game:meta-spawner","12823":"game:toolrack-north","1074":"game:oillamp-west","14647":"bricklayers:glazedflowerpot-burnt-milky-greenblue-checker","1396":"game:wallpaper-lightgreen"},"ItemCodes":{"2021":"game:knife-generic-bonechert"},"Indices":[1024,2048,3072,1049600,1050624,1051648,2098176,3146752,3148800,4194304,4195328,4196352,4197376,4198400,5243904,5244928,5245952,1,1025,2049,3073,4097,1049601,1050625,1051649,2097153,2098177,2099201,2100225,2101249,3146753,3147777,3148801,4194305,4195329,4196353,4197377,4198401,5243905,5244929,5245953,1049602,1050626,1051650,2098178,2099202,2100226,3146754,3147778,3148802,4194306,4195330,4196354,4197378,4198402,5243906,5244930,5245954,1049603,1050627,1051651,2098179,2099203,2100227,3146755,3147779,3148803,4194307,4195331,4196355,4197379,4198403,5243907,5244931,5245955,1049604,1050628,1051652,2097156,2098180,2099204,2100228,2101252,3146756,3147780,3148804,4194308,4195332,4196356,4197380,4198404,5243908,5244932,5245956,5,1029,2053,3077,4101,1049605,1050629,1051653,2097157,2098181,2099205,2100229,2101253,3146757,3147781,3148805,4194309,4195333,4196357,4197381,4198405,5243909,5244933,5245957,1030,2054,3078,1049606,1051654,2098182,2100230,3146758,3148806,4194310,4195334,4197382,4198406,5243910,5244934,5245958],"BlockIds":[389,389,389,16109,12423,13709,12423,389,389,389,389,12423,389,389,389,389,389,12865,389,389,389,12853,389,11653,389,12423,11638,1508,11653,12423,11638,1508,11638,389,11638,11638,11638,389,389,389,389,389,11638,389,389,12821,389,1495,12914,1495,389,11653,12798,11638,389,389,389,389,389,11638,389,389,2286,389,1495,2286,1495,389,11653,2286,11638,389,389,389,389,389,389,389,12423,11653,2289,11638,12423,11653,12823,11653,389,11653,1074,11638,389,389,389,389,12865,389,389,389,12853,389,389,389,12423,11653,2286,11638,12423,11653,389,11638,389,11653,389,11638,389,389,389,389,389,389,389,12914,14647,12423,12423,389,389,389,389,389,389,389,389,389],"DecorIndices":[2098177,2100225,3146753,3148801,2098180,2100228,3146756,3148804],"DecorIds":[1396,33555828,1396,33555828,1396,33555828,1396,33555828],"BlockEntities":{"1024":"!<d@[F*Q-Z#64c-E,TfCRfEEg!<d@[F*]^j#64o6@VfsmCI<#NAIW-_Bldj%ARo7dDe!Pj$#O*mATDKnCi]UW!!%^)!!!$*A7]7hE`-gtz!=3^aFCB9*Df,QJ\"TSo8@s)7!Bk28c!!!#WnG`Io$>\"'gFAlmaAO158!!!92F(o/r;f?JdA,uZA#S1ujA7\\&CD/XK;;f?JdA,uZA\"USXSDe!QX@;TQ_:LS#]E,8s#CNBk\"@<Q'nCe\\>[ATDKnCf,=`DKKT7Bk;>dz&-)\\1","2048":"!<d@[F*Q-Z#64c-E,TfCRfEEg!<d@[F*]ak#64o6@VfsmCI<#NAIW-_Bldj%ARo7dDe!Pj$#O*mATDKnCi]UW!!%^)!!!$*A7]7hE`-gtz!=3^aFCB9*Df,QJ\"TSo8@s)7!Bk28c!!!#WnG`Io$>\"'gFAlmaAO158!!!92F(o/r;f?JdA,uZA#S1ujA7\\&CD/XK;;f?JdA,uZA\"USXSDe!QX@;TQ_:LS#]E,8s#CNBk\"@<Q'nCe\\>[ATDKnCf,=`DKKT7Bk;>dz&-)\\1","3072":"!<d@[F*Q-Z#64c-E,TfCRfEEg!<d@[F*]dl#64o6@VfsmCI<#NAIW-_Bldj%ARo7dDe!Pj$#O*mATDKnCi]UW!!%^)!!!$*A7]7hE`-gtz!=3^aFCB9*Df,QJ\"TSo8@s)7!Bk28c!!!#WnG`Io$>\"'gFAlmaAO158!!!92F(o/r;f?JdA,uZA#S1ujA7\\&CD/XK;;f?JdA,uZA\"USXSDe!QX@;TQ_:LS#]E,8s#CNBk\"@<Q'nCe\\>[ATDKnCf,=`DKKT7Bk;>dz&-)\\1","1050624":"!<d@[F*Q-Z#64c-E,TfCS,`Nh!<d@[F*]ak#64o6@VfsmCI<#NAIij)E,]`9FCJfiD(T[7CBt)QARTFs,QJ/q$4dRG!.[9K!!%O6*<6(i58\";4!!%O6*WQ.h58]/a+9MT","2098176":"!<d@[F*Q-Z#64c-E,TfCSH&Wi!<d@[F*]^j#64o6@VfsmCI<#NAIij)E,]`9FCJfiD(T[7CBt)QARTFs*rlWg$3^k=!.[9H%h8O<Im4\\.bm^s\"!!#8L(l)NB!rr","3146752":"!<d@[F*Q-Z#64c-E,TfCScA`j!<d@[F*]^j#64o6@VfsmCI<#NAIW-_Bldj%ARo7dDe!Pg\"_)%OD0%-+$7?/k%0-BY58=.uJ3P%S!.[9H%h/L=J3ObK!._g)rVq@3(l)NB!t,KXDJs`/F^f9'A9.bO!!)rd56)''B6%p5DIc[`Dg+Qk@W,skErl=A!!'7m!\"AMh!\"0*M@<?($Bjkh!!<<*\"Ke39)!=34I@rHBcDfbsZ!!!$*Ec6&.FD5Z2!2'Jq$O:0a@W,skErl=A!0$D3!\"SKW!!ipCD/\")jBk1d@DZKh<#RPQdA7\\\\XCh[D\\!!!98F(o/r6#:CVF*(?!Ch[D\\!!!0/@VfsmCJJ;TAI;4ACERS4@;]k%$Q!5p@;0OP@<?($BjkgTF^]00Bln'#Erc7@!!!Q1!!!","3148800":"!<d@[F*Q-Z#64c-E,TfCScA`j!<d@[F*]dl#64o6@VfsmCI<#NAIW-_Bldj%ARo7dDe!Pg\"_)%OD0$s&$6ffa%0-BY58=.uJ3OYW%0-BY58=.uJA3*W]fWS<LLD;-$OLZYFCfK,@;Kuc!!!\"Q/H>bO#\\7LVDfS`oF8u:@!!*@GDffE0Bl@khTEP<'#@hmcDeWa'!WW3#N;W\\U%fH&$#RY-[Blm9fA7\\&F!<<**$$0fkAQ*M`Bk.5E!!j*VBk1d@Ci+*3FAm*oBk.5E!!N[<Ci<g!:18!N$;Y)G+E2.*DJO;$(L_JqBl$LPFCfK,@;Je`@;^1$FD5<-!<<*\"!\"],1!!","4194304":"!<d@[F*Q-Z#64c-E,TfCT)\\ik!<d@[F*][i#64o6@VfsmCI<#NAIW-_Bldj%ARo7dDe!Pj$#O*mATDKnCi]UW!!%^)!!!$*A7]7hE`-gtz!=3^aFCB9*Df,R%!WWT5@s)7!Bk28hzn.bpgni6]#oQ^G0p3cqVpq6[cqYpO$$>\"'gFAlmaAO158!!!92F(o/r;f?JdA,uZ1#S1ujA7\\&CD/XK;;f?JdA,uZ1\"USXSDe!QX@;TQ_:LS#]E,8s#CNBk\"@<Q'nCe\\>[ATDKnCf,=`DKKT7Bk;>dz&-)\\1","4195328":"!<d@[F*Q-Z#64c-E,TfCT)\\ik!<d@[F*]^j#64o6@VfsmCI<#NAIW-_Bldj%ARo7dDe!Pg\"_)%OD0&5J$6ffa%0-BY590_(J3FSV%K?BW58ALGlE_K2!&-YTLLD;-$6ffa%0-BY590_(J3OYW%0-BY58=.uTKaFs!.[9NLLD;-$O_#nDg,]6@W,skErc7@!:]J\"!\"0BOEc6)<A5dAaG=-L^DeWa'!<<*\"!;u<d$OLZYFCfK,@;Kuc!!!\"Q/H>bO#\\7LVDfS`oF8u:@!!*@GDffE0Bl@khciO1T#@hmcDeWa'!rr<$i:&r28FSbB%.H%Q#RY-[Blm9fA7\\&F!<<**$$0fkAQ*M`Bk.5E!!j*VBk1d@Ci+*3FAm*oBk.5E!!N[<Ci<g!:18!N$;Y)G+E2.*DJO;$(L_JqBl$LPFCfK,@;Je`@;^1$FD5<-!<<*\"!\"],1!!","4196352":"!<d@[F*Q-Z#64c-E,TfCT)\\ik!<d@[F*]ak#64o6@VfsmCI<#NAIij)E,]`9FCJfiD(T[7CBt)QARTFs,QJ/q$474B!.[9S!!%O6&e>EO!.[9K!!&ZV*<6(i58]/a+9MT","4197376":"!<d@[F*Q-Z#64c-E,TfCT)\\ik!<d@[F*]dl#64o6@VfsmCI<#NAIW-_Bldj%ARo7dDe!Pj$#O*mATDKnCi]UW!!%^)!!!$*A7]7hE`-gtz!=3^aFCB9*Df,QJ\"TSo8@s)7!Bk28e!!!#Wr;Qafr;?U(r:9mo$>\"'gFAlmaAO158!!!92F(o/r;f?JdA,uZ1#S1ujA7\\&CD/XK;;f?JdA,uZ1\"USXSDe!QX@;TQ_:LS#]E,8s#CNBk\"@<Q'nCe\\>[ATDKnCf,=`DKKT7Bk;>dz&-)\\1","4198400":"!<d@[F*Q-Z#64c-E,TfCT)\\ik!<d@[F*]gm#64o6@VfsmCI<#NAIW-_Bldj%ARo7dDe!Pj$#O*mATDKnCi]UW!!%^)!!!$*A7]7hE`-gtz!=3^aFCB9*Df,QJ\"TSo8@s)7!Bk28izrq-7Vr7M(#pmhD8qRHUAoNqU6p3cr!n36mY$>\"'gFAlmaAO158!!!92F(o/r;f?JdA,uZ1#S1ujA7\\&CD/XK;;f?JdA,uZ1\"USXSDe!QX@;TQ_:LS#]E,8s#CNBk\"@<Q'nCe\\>[ATDKnCf,=`DKKT7Bk;>dz&-)\\1","5243904":"!<d@[F*Q-Z#64c-E,TfCTE\"rl!<d@[F*]^j#64o6@VfsmCI<#NAIW-_Bldj%ARo7dDe!Pj$#O*mATDKnCi]UW!!%0o!!!$*A7]7hE`-gtz!=3^aFCB9*Df,QJ\"TSo8@s)7!Bk28dzo!&0;qXX[m$>\"'gFAlmaAO158!!!92F(o/r;f?JdA,uZ1#S1ujA7\\&CD/XK;;f?JdA,uZ1\"USXSDe!QX@;TQ_:LS#]E,8s#CNBk\"@<Q'nCe\\>[ATDKnCf,=`DKKT7Bk;>dz&-)\\1","5244928":"!<d@[F*Q-Z#64c-E,TfCTE\"rl!<d@[F*]ak#64o6@VfsmCI<#NAIW-_Bldj%ARo7dDe!Pj$#O*mATDKnCi]UW!!%0o!!!$*A7]7hE`-gtz!=3^aFCB9*Df,QJ\"TSo8@s)7!Bk28e!!!!An.bpGrq-7Vo$m^G$>\"'gFAlmaAO158!!!92F(o/r;f?JdA,uZ1#S1ujA7\\&CD/XK;;f?JdA,uZ1\"USXSDe!QX@;TQ_:LS#]E,8s#CNBk\"@<Q'nCe\\>[ATDKnCf,=`DKKT7Bk;>dz&-)\\1","5245952":"!<d@[F*Q-Z#64c-E,TfCTE\"rl!<d@[F*]dl#64o6@VfsmCI<#NAIW-_Bldj%ARo7dDe!Pj$Zg3(G@Pc)DeWa'!WW3#0^r!@&GFKO$P@#lDfor.;f6Mt6ZljVBk28czrpTmq$#O*mATDKnCi]UW!!%0o!!!$*A7]7hE`-gtz!=3^aFCB9*Df,QJ\"TSo8@s)7!Bk28ezoMY_ip<`j_n1t%M$>\"'gFAlmaAO158!!!92F(o/r;f?JdA,uZQ#S1ujA7\\&CD/XK;;f?JdA,uZ1\"USXSDe!QX@;TQ_:LS#]E,8s#CNBk\"@<Q'nCe\\>[ATDKnCf,=`DKKT7Bk;>dz&-)\\1","1025":"!<d@[F*Q0[#64c-E,TfCRfEEg!<d@[F*]^j#64o6@VfsmCI<#NAIW-_Bldj%ARo7dDe!Pj$#O*mATDKnCi]UW!!\"Q)!!!$*A7]7hE`-gtz!=3^aFCB9*Df,QJ\"TSo8@s)7!Bk28c!!!#=OT,:d$>\"'gFAlmaAO158!!!92F(o/r;f?JdA,uZ1#S1ujA7\\&CD/XK;;f?JdA,uZ1\"USXSDe!QX@;TQY6$R3W$Q!5p@;0OP@<?($BjkgTF^]00Bln'#Erc7@!!!Q1!!!","2049":"!<d@[F*Q0[#64c-E,TfCRfEEg!<d@[F*]ak#64o6@VfsmCI<#NAIW-_Bldj%ARo7dDe!Pj$#O*mATDKnCi]UW!!\"Q)!!!$*A7]7hE`-gtz!=3^aFCB9*Df,QJ\"TSo8@s)7!Bk28c!!!#=OT,:d$>\"'gFAlmaAO158!!!92F(o/r;f?JdA,uZ1#S1ujA7\\&CD/XK;;f?JdA,uZ1\"USXSDe!QX@;TQY6$R3W$Q!5p@;0OP@<?($BjkgTF^]00Bln'#Erc7@!!!Q1!!!","3073":"!<d@[F*Q0[#64c-E,TfCRfEEg!<d@[F*]dl#64o6@VfsmCI<#NAIW-_Bldj%ARo7dDe!Pj$#O*mATDKnCi]UW!!\"Q)!!!$*A7]7hE`-gtz!=3^aFCB9*Df,QJ\"TSo8@s)7!Bk28c!!!#=OT,:d$>\"'gFAlmaAO158!!!92F(o/r;f?JdA,uZ1#S1ujA7\\&CD/XK;;f?JdA,uZ1\"USXSDe!QX@;TQY6$R3W$Q!5p@;0OP@<?($BjkgTF^]00Bln'#Erc7@!!!Q1!!!","1049601":"!<d@[F*Q0[#64c-E,TfCS,`Nh!<d@[F*]^j#64o6@VfsmCI<#NAIW-_Bldj%ARo7dDe!Pg\"_)%OD0%l@$69H\\'`\\5a590_(J3OYR%IU?T-QW6eIm4d*@3>XZ*=;rj!!%O5&e>FtXQm,,HE?D<*<6'n5T#8b+9MuXD..NtEbSruErc7@!-Tpo!!*@9ARfY!;K$XW!!!!\"#]aj*@<?4%D?/#b!\"0$AF^f9'A9/%W!!!!3o)M#irrA])560UQ*rlB9rr<=f;ZK@Q?N@$f560o/*rlQRASl.';e]cR6#Qc(56qR:Bk1dRDes,u!<<N6%s)GqAO1-LDf^#!Des,u!<<6+$\"@^h@r\"hJD.O&M@;@!)Cgh3sEsidmG%#*$9jr-TEbSru;0?;bFD5i2ATIkP!!!!1!!!!","1051649":"!<d@[F*Q0[#64c-E,TfCS,`Nh!<d@[F*]dl#64o6@VfsmCI<#NAIW-_Bldj%ARo7dDe!Pj$Zg3(G@Pc)DeWa'\"98E%nF3%MnJ_E-pmV3_0FZD1$P@#lDfor.;f6Mt6ZljVBk28ez%e'H\"HLLnAqX=Im$#O*mATDKnCi]UW!!%^)!!!$*A7]7hE`-gtz!=3^aFCB9*Df,QJ\"TSo8@s)7!Bk28kzn=K[\\)Ue[O)SZ9F*8^bS*rc3GRaV7-R_Jj$SDO>1T)Scr$>\"'gFAlmaAO158!'^_qF(o/r;f?JdA,uZ2#S1ujA7\\&CD/XK;;f?JdA,uZ2\"USXSDe!QX@;TQ_:LS#]E,8s#CNBk\"@<Q'nCe\\>[ATDKnCf,=`DKKT7Bk;>dz&-)\\1","2097153":"!<d@[F*Q0[#64c-E,TfCSH&Wi!<d@[F*][i#64o6@VfsmCI<#NAIij)E,]`9FCJfiD(T[7CBt)QARTFs<r`RC$3_FM!.[9H$5EO@5X6=i!.[9NLLCN/$3_FM!.[9H%h/L=J3Oc$]fWP@!!%O6(l)N,+:8Gb!!!!`*<6(i58\"J9!!%O6'`\\46^E!:SJ3Om+@/p","2101249":"!<d@[F*Q0[#64c-E,TfCSH&Wi!<d@[F*]gm#64o6@VfsmCI<#NAIij)E,]`9FCJfiD(T[7CBt)QARTFs6i[Q2$3^k=!.[9H$5G2,40oq[]t6';LLD;,$4[CC&d9!M!'iddLLD;,$5a*R%0-A.58\";4!!%O6'`\\46^DM`7+9DN","4194305":"!<d@[F*Q0[#64c-E,TfCT)\\ik!<d@[F*][i#64o6@VfsmCI<#NAIW-_Bldj%ARo7dDe!Pg\"_)%OD0$m$$6TZ_'`\\5a4rjV'J3OYW%0-C$5S`hhIm+kQ!.[9NLLCPsD..NtEbSruErc7@!/3!)!!*@9ARfY!;K$XW!!!!\"#]aj*@<?4%D?/#b!\"0$AF^f9'A9.kR!!!#g'`^Miq#I)]r;bdPrr<<3ASl.';e]cR6#Qc(!!imPBk1dRDes,u!<<6.%s)GqAO1-LDf^#!Des,u!<<*'$\"@^h@r\"hJD.O&M@;@!)Cgh3sEsidmG%#*$9jr-TEbSru;0?;bFD5i2ATIkP!!!!1!!!!","4198401":"!<d@[F*Q0[#64c-E,TfCT)\\ik!<d@[F*]gm#64o6@VfsmCI<#NAIW-_Bldj%ARo7dDe!Pj$#O*mATDKnCi]UW!!%^)!!!$*A7]7hE`-gtz!=3^aFCB9*Df,QJ\"TSo8@s)7!Bk28fzrq-7Vn=9PEqUkl,n6Z/$$>\"'gFAlmaAO158!!!92F(o/r;f?JdA,uZ2#S1ujA7\\&CD/XK;;f?JdA,uZ1\"USXSDe!QX@;TQ_:LS#]E,8s#CNBk\"@<Q'nCe\\>[ATDKnCf,=`DKKT7Bk;>dz&-)\\1","5243905":"!<d@[F*Q0[#64c-E,TfCTE\"rl!<d@[F*]^j#64o6@VfsmCI<#NAIW-_Bldj%ARo7dDe!Pj$#O*mATDKnCi]UW!!%0o!!!$*A7]7hE`-gtz!=3^aFCB9*Df,QJ\"TSo8@s)7!Bk28dzo'l]&qXX[m$>\"'gFAlmaAO158!!!92F(o/r;f?JdA,uZQ#S1ujA7\\&CD/XK;;f?JdA,uZQ\"USXSDe!QX@;TQ_:LS#]E,8s#CNBk\"@<Q'nCe\\>[ATDKnCf,=`DKKT7Bk;>dz&-)\\1","5244929":"!<d@[F*Q0[#64c-E,TfCTE\"rl!<d@[F*]ak#64o6@VfsmCI<#NAIW-_Bldj%ARo7dDe!Pg\"_)%OD0(@1$69H\\'`\\5!590_(J3OYR%5,=UZPEN?5<g!?@3>XZ+pnYl!!#8K*<6(i58\"J9!!%O6('\":u590_(J3Om+@3>UY+pnhi!!%O6'`\\5!590_(J3OYR%KHHX58F4u5<g!?@3>RX)[Zo]!!%O6'`\\5!58\";<s8P;J*A5%;1DkmU$OLZYFCfK,@;Kuc!!!\"B/H>bO#\\7LVDfS`oF8u:@!!*@GDffE0Bl@khTEP<'#@hmcDeWa'!<<*\"!:]sf#RY-[Blm9fA7\\&F!<>=i$$0fkAQ*M`Bk.5E0*i)0Bk1d@Ci+*3FAm*oBk.5E0*MYkCi<g!:18!N$;Y)G+E2.*DJO;$(L_JqBl$LPFCfK,@;Je`@;^1$FD5<-!<<*\"!\"],1!!","5245953":"!<d@[F*Q0[#64c-E,TfCTE\"rl!<d@[F*]dl#64o6@VfsmCI<#NAIW-_Bldj%ARo7dDe!Pj$Zg3(G@Pc)DeWa'!WW3#0^r!@&GFKO$P@#lDfor.;f6Mt6ZljVBk28czrpTmq$#O*mATDKnCi]UW!!%0o!!!$*A7]7hE`-gtz!=3^aFCB9*Df,QJ\"TSo8@s)7!Bk28dzn5B;ep<`jG$>\"'gFAlmaAO158!!!92F(o/r;f?JdA,uZQ#S1ujA7\\&CD/XK;;f?JdA,uZQ\"USXSDe!QX@;TQ_:LS#]E,8s#CNBk\"@<Q'nCe\\>[ATDKnCf,=`DKKT7Bk;>dz&-)\\1","1049602":"!<d@[F*Q3\\#64c-E,TfCS,`Nh!<d@[F*]^j#64o6@VfsmCI<#NAIW-_Bldj%ARo7dDe!Pg\"_)%OD0$?j$5!UK'`\\5a4q\\#6!!#h\\(l)N-$#O*mATDKnCi]UW!!%0o!!!$*A7]7hE`-gtz!=3^aFCB9*Df,QJ\"TSo8@s)7!Bk28dzqYpO<nXfde$>\"'gFAlmaAO158!'^_qF(o/r;f?JdA,uZp#S1ujA7\\&CD/XK;;f?JdA,uZp\"USXSDe!QX@;TQ_:LS#]E,8s#CNBk\"@<Q'nCe\\>[ATDKnCf,=`DKKT7Bk;>dz&-)\\1","1051650":"!<d@[F*Q3\\#64c-E,TfCS,`Nh!<d@[F*]dl#64o6@VfsmCI<#NAIW-_Bldj%ARo7dDe!Pg\"_)%OD0&t_$69H\\'`\\5a590_(J3OYR%IU?T-QW6eIm4d*@3>UY*=;rj!!%O6&e>EO!!#8!0\"nm'*<6(i58]/a+9Dlj$47LJ!.[9S!!%O6&df?R!)Pp$!!%O6(l)NB!XfBWDJs`/F^f9'A9.bO!!)NX?N:HGB6%p5DIc[`Dg+Qk@W,skErc7@!!*&g!\"0*M@<?($Bjkh!!<<*\"FtE[o!=34I@rHBcDfbsZ!!!$*Ec6&.FD5Z2!2'Jq$O:0a@W,skErl=A!!)Lq!$M\"(!!ipCD/\")jBk1d@DZKi&#RPQdA7\\\\XCh[D\\!#l1SF(o/r6#:CVF*(?!Ch[D\\!\"fA@@VfsmCJJ;TAI;4ACERS4@;]k%$Q!5p@;0OP@<?($BjkgTF^]00Bln'#Erc7@!!!Q1!!!","2098178":"!<d@[F*Q3\\#64c-E,TfCSH&Wi!<d@[F*]^j#64o6@VfsmCI<#NAIW-_Bldj%ARo7dDe!Pj$#O*mATDKnCi]UW!!%^)!!!$*A7]7hE`-gtz!=3^aFCB9*Df,QJ\"TSo8@s)7!Bk28cznXfde$>\"'gFAlmaAO158!!!92F(o/r;f?JdA,uZ1#S1ujA7\\&CD/XK;;f?JdA,uZ1\"USXSDe!QX@;TQ_:LS#]E,8s#CNBk\"@<Q'nCe\\>[ATDKnCf,=`DKKT7Bk;>dz&-)\\1","2100226":"!<d@[F*Q3\\#64c-E,TfCSH&Wi!<d@[F*]dl#64o6@VfsmCI<#NAIW-_Bldj%ARo7dDe!Pj$#O*mATDKnCi]UW!!%0o!!!$*A7]7hE`-gtz!=3^aFCB9*Df,QJ\"TSo8@s)7!Bk28czp?qte$>\"'gFAlmaAO158!!!92F(o/r;f?JdA,uZ1#S1ujA7\\&CD/XK;;f?JdA,uZ1\"USXSDe!QX@;TQ_:LS#]E,8s#CNBk\"@<Q'nCe\\>[ATDKnCf,=`DKKT7Bk;>dz&-)\\1","3147778":"!<d@[F*Q3\\#64c-E,TfCScA`j!<d@[F*]ak#64o6@VfsmCI<#NAIW9mDfor.F*)>@@:s-S'lml&@;0UnDJ):YEc+9fEaa'(Df,OT!!!-2F*(i2F@:7l@<?4%D?'Y:!!rsGF$b\"iDJ=!$!!*@;Bl[d(Df]%1cNaFN#\\IdkAT2R/=e5Tn!!*@;Bl[d(Df])?cj'OO#\\J3jCiF<6=ObY%!!*@;F_,B.Df]'Q!!!!\"#\\J3jCiF<6=uFY3!!WaDDK]T/FDl2F!=!ObCi=E:\"98E%\"pK'aDfg%*!AOQS!!!!$2?3^Xz!!!<;AoD^\"AQ*\\hEa`Tl:i^JnErZLO@Wc^/Bl7P`!toEYF*(Aq@r#%^FCAuVDfp)Azz\":8pVF(djWB5D/6&'7$:$=S$u@:Nt?@:NjKz","4194306":"!<d@[F*Q3\\#64c-E,TfCT)\\ik!<d@[F*][i#64o6@VfsmCI<#NAIW-_Bldj%ARo7dDe!Pj$#O*mATDKnCi]UW!!%^)!!!$*A7]7hE`-gtz!=3^aFCB9*Df,R%!WWT5@s)7!Bk28fzn.bpgo(`9YpAG!LqYpO$$>\"'gFAlmaAO158!!!92F(o/r;f?JdA,uZ5#S1ujA7\\&CD/XK;;f?JdA,uZ1\"USXSDe!QX@;TQ_:LS#]E,8s#CNBk\"@<Q'nCe\\>[ATDKnCf,=`DKKT7Bk;>dz&-)\\1","4196354":"!<d@[F*Q3\\#64c-E,TfCT)\\ik!<d@[F*]ak#64o6@VfsmCI<#NAJ&usASbs1DJsQ4@;IN>ATMqt$#+:#ASuU.Ed7ZiEH>r7FE7]f!!!3,F)5c:ErZ1?","4198402":"!<d@[F*Q3\\#64c-E,TfCT)\\ik!<d@[F*]gm#64o6@VfsmCI<#NAIW-_Bldj%ARo7dDe!Pj$#O*mATDKnCi]UW!!%^)!!!$*A7]7hE`-gtz!=3^aFCB9*Df,QJ\"TSo8@s)7!Bk28fzrq-7Vn=9PEqUkl,n6Z/$$>\"'gFAlmaAO158!!!92F(o/r;f?JdA,uZ2#S1ujA7\\&CD/XK;;f?JdA,uZ1\"USXSDe!QX@;TQ_:LS#]E,8s#CNBk\"@<Q'nCe\\>[ATDKnCf,=`DKKT7Bk;>dz&-)\\1","5243906":"!<d@[F*Q3\\#64c-E,TfCTE\"rl!<d@[F*]^j#64o6@VfsmCI<#NAIW-_Bldj%ARo7dDe!Pj$#O*mATDKnCi]UW!!%0o!!!$*A7]7hE`-gtz!=3^aFCB9*Df,QJ\"TSo8@s)7!Bk28dzo'l]&qXX[m$>\"'gFAlmaAO158!!!92F(o/r;f?JdA,uZQ#S1ujA7\\&CD/XK;;f?JdA,uZQ\"USXSDe!QX@;TQ_:LS#]E,8s#CNBk\"@<Q'nCe\\>[ATDKnCf,=`DKKT7Bk;>dz&-)\\1","5244930":"!<d@[F*Q3\\#64c-E,TfCTE\"rl!<d@[F*]ak#64o6@VfsmCI<#NAIW-_Bldj%ARo7dDe!Pj$#O*mATDKnCi]UW!!%0o!!!$*A7]7hE`-gtz!=3^aFCB9*Df,QJ\"TSo8@s)7!Bk28cznFZbe$>\"'gFAlmaAO158!!!92F(o/r;f?JdA,uZQ#S1ujA7\\&CD/XK;;f?JdA,uZQ\"USXSDe!QX@;TQ_:LS#]E,8s#CNBk\"@<Q'nCe\\>[ATDKnCf,=`DKKT7Bk;>dz&-)\\1","5245954":"!<d@[F*Q3\\#64c-E,TfCTE\"rl!<d@[F*]dl#64o6@VfsmCI<#NAIW-_Bldj%ARo7dDe!Pj$#O*mATDKnCi]UW!!%0o!!!$*A7]7hE`-gtz!=3^aFCB9*Df,QJ\"TSo8@s)7!Bk28dzn5B;ep<`jG$>\"'gFAlmaAO158!!!92F(o/r;f?JdA,uZQ#S1ujA7\\&CD/XK;;f?JdA,uZQ\"USXSDe!QX@;TQ_:LS#]E,8s#CNBk\"@<Q'nCe\\>[ATDKnCf,=`DKKT7Bk;>dz&-)\\1","1049603":"!<d@[F*Q6]#64c-E,TfCS,`Nh!<d@[F*]^j#64o6@VfsmCI<#NAIW-_Bldj%ARo7dDe!Pg\"_)%OD0%oA$6'<Z%0-BY58=.uJ3FSQ%0-BY58=.u:d>kQ@1\"+a$4Qt8J3ObK!.[6G%h/L=JA2iqs*m3Q0\"j>'(l)N-$#O*mATDKnCi]UW!!%0o!!!$*A7]7hE`-gtz!=3^aFCB9*Df,QJ\"TSo8@s)7!Bk28dzqYpO<nXfde$>\"'gFAlmaAO158!'^_qF(o/r;f?JdA,uZp#S1ujA7\\&CD/XK;;f?JdA,uZp\"USXSDe!QX@;TQ_:LS#]E,8s#CNBk\"@<Q'nCe\\>[ATDKnCf,=`DKKT7Bk;>dz&-)\\1","1051651":"!<d@[F*Q6]#64c-E,TfCS,`Nh!<d@[F*]dl#64o6@VfsmCI<#NAIW-_Bldj%ARo7dDe!Pg\"_)%OD0$s&$6ffa%0-BY590_(J3OYW%0-BY58=.u5X6=i!.[9NLLD;,$O_#nDg,]6@W,skErc7@!:]Jb!\"0BOEc6)<A5dAaG=-L^DeWa'!<<*\"!<;Ng$OLZYFCfK,@;Kuc!!!\"B/H>bO#\\7LVDfS`oF8u:@!!*@GDffE0Bl@khciO1T#@hmcDeWa'!WW3#!:X=q+SP7(#RY-[Blm9fA7\\&F!<>=i$$0fkAQ*M`Bk.5E)[HsqBk1d@Ci+*3FAm*oBk.5E&HrJMCi<g!:18!N$;Y)G+E2.*DJO;$(L_JqBl$LPFCfK,@;Je`@;^1$FD5<-!<<*\"!\"],1!!","2098179":"!<d@[F*Q6]#64c-E,TfCSH&Wi!<d@[F*]^j#64o6@VfsmCI<#NAIW-_Bldj%ARo7dDe!Pg\"_)%OD0$m$$6TZ_%0-BY58=.uJ3OYW%0-BY^D6eKIm4r+]fS%fLLCPsD..NtEbSruErc7@!/3!)!!*@9ARfY!;K$XW!!!!\"#]aj*@<?4%D?-=5!\"0$AF^f9'A9.bO!!!#hT)]-(ASl.';e]cR6#Qc(56qR:Bk1dRDes,u!<<-+%s)GqAO1-LDf^#!Des,u!<<-($\"@^h@r\"hJD.O&M@;@!)Cgh3sEsidmG%#*$9jr-TEbSru;0?;bFD5i2ATIkP!!!!1!!!!","2100227":"!<d@[F*Q6]#64c-E,TfCSH&Wi!<d@[F*]dl#64o6@VfsmCI<#NAIW-_Bldj%ARo7dDe!Pg\"_)%OD0%-+$7?/k%0-BY58=.uJ3P%S!.[9H%h/L=JA2j!s*m6R!<@X7(l)NB!t,EP@<?($Bjkh!!<<*\"FtE[o!=34I@rHBcDfbsZ!!!$*Ec6&.FD5Z2!2'Jq$O:0a@W,skErc7@!!)`]!!ipCD/\")jBk1d@DZKh<#RPQdA7\\\\XCh[D\\!!!98F(o/r6#:CVF*(?!Ch[D\\!!!0/@VfsmCJJ;TAI;4ACERS4@;]k%$Q!5p@;0OP@<?($BjkgTF^]00Bln'#Erc7@!!!Q1!!!","4194307":"!<d@[F*Q6]#64c-E,TfCT)\\ik!<d@[F*][i#64o6@VfsmCI<#NAIW-_Bldj%ARo7dDe!Pg\"_)%OD0$m$$6TZ_%0-BY590_(J3OYW%0-BY^D/B7]<`LY!.[9NLLCPsD..NtEbSruErc7@!/3!)!!*@9ARfY!;K$XW!!!!\"#]aj*@<?4%D?/#b!\"0$AF^f9'A9.kR!!!#g'`^Miq#I)]r;bdPrr<<3ASl.';e]cR6#Qc(!!imPBk1dRDes,u!<<6.%s)GqAO1-LDf^#!Des,u!<<*'$\"@^h@r\"hJD.O&M@;@!)Cgh3sEsidmG%#*$9jr-TEbSru;0?;bFD5i2ATIkP!!!!1!!!!","4198403":"!<d@[F*Q6]#64c-E,TfCT)\\ik!<d@[F*]gm#64o6@VfsmCI<#NAIW-_Bldj%ARo7dDe!Pj$#O*mATDKnCi]UW!!%^)!!!$*A7]7hE`-gtz!=3^aFCB9*Df,QJ\"TSo8@s)7!Bk28fzrq-7Vn=9PEqUkl,n6Z/$$>\"'gFAlmaAO158!!!92F(o/r;f?JdA,uZ2#S1ujA7\\&CD/XK;;f?JdA,uZ1\"USXSDe!QX@;TQ_:LS#]E,8s#CNBk\"@<Q'nCe\\>[ATDKnCf,=`DKKT7Bk;>dz&-)\\1","5243907":"!<d@[F*Q6]#64c-E,TfCTE\"rl!<d@[F*]^j#64o6@VfsmCI<#NAIW-_Bldj%ARo7dDe!Pj$#O*mATDKnCi]UW!!%0o!!!$*A7]7hE`-gtz!=3^aFCB9*Df,QJ\"TSo8@s)7!Bk28dzo'l]&qXX[m$>\"'gFAlmaAO158!!!92F(o/r;f?JdA,uZQ#S1ujA7\\&CD/XK;;f?JdA,uZQ\"USXSDe!QX@;TQ_:LS#]E,8s#CNBk\"@<Q'nCe\\>[ATDKnCf,=`DKKT7Bk;>dz&-)\\1","5244931":"!<d@[F*Q6]#64c-E,TfCTE\"rl!<d@[F*]ak#64o6@VfsmCI<#NAIW-_Bldj%ARo7dDe!Pj$#O*mATDKnCi]UW!!%0o!!!$*A7]7hE`-gtz!=3^aFCB9*Df,QJ\"TSo8@s)7!Bk28cznFZbe$>\"'gFAlmaAO158!!!92F(o/r;f?JdA,uZQ#S1ujA7\\&CD/XK;;f?JdA,uZQ\"USXSDe!QX@;TQ_:LS#]E,8s#CNBk\"@<Q'nCe\\>[ATDKnCf,=`DKKT7Bk;>dz&-)\\1","5245955":"!<d@[F*Q6]#64c-E,TfCTE\"rl!<d@[F*]dl#64o6@VfsmCI<#NAIW-_Bldj%ARo7dDe!Pj$#O*mATDKnCi]UW!!%0o!!!$*A7]7hE`-gtz!=3^aFCB9*Df,QJ\"TSo8@s)7!Bk28dzn5B;ep<`jG$>\"'gFAlmaAO158!!!92F(o/r;f?JdA,uZQ#S1ujA7\\&CD/XK;;f?JdA,uZQ\"USXSDe!QX@;TQ_:LS#]E,8s#CNBk\"@<Q'nCe\\>[ATDKnCf,=`DKKT7Bk;>dz&-)\\1","1049604":"!<d@[F*Q9^#64c-E,TfCS,`Nh!<d@[F*]^j#64o6@VfsmCI<#NAIW-_Bldj%ARo7dDe!Pj$#O*mATDKnCi]UW!!%^)!!!$*A7]7hE`-gtz!=3^aFCB9*Df,R%!WWT5@s)7!Bk28gzpAY*sE`2s-FC,$FE^'QdE$#&c$>\"'gFAlmaAO158!'^_qF(o/r;f?JdA,uZ2#S1ujA7\\&CD/XK;;f?JdA,uZ2\"USXSDe!QX@;TQ_:LS#]E,8s#CNBk\"@<Q'nCe\\>[ATDKnCf,=`DKKT7Bk;>dz&-)\\1","1050628":"!<d@[F*Q9^#64c-E,TfCS,`Nh!<d@[F*]ak#64o6@VfsmCI<#NAIW-_Bldj%ARo7dDe!Pj$#O*mATDKnCi]UW!!%0o!!!$*A7]7hE`-gtz!=3^aFCB9*Df,QJ\"TSo8@s)7!Bk28fzYkJ-JE;KXN0`M+]nFHVc$>\"'gFAlmaAO158!'^_qF(o/r;f?JdA,uZY#S1ujA7\\&CD/XK;;f?JdA,uZY\"USXSDe!QX@;TQ_:LS#]E,8s#CNBk\"@<Q'nCe\\>[ATDKnCf,=`DKKT7Bk;>dz&-)\\1","1051652":"!<d@[F*Q9^#64c-E,TfCS,`Nh!<d@[F*]dl#64o6@VfsmCI<#NAIW-_Bldj%ARo7dDe!Pj$#O*mATDKnCi]UW!!%^)!!!$*A7]7hE`-gtz!=3^aFCB9*Df,QJ\"TSo8@s)7!Bk28gzn=K[bHIDj`HG9HWI,=qdIfBBR$>\"'gFAlmaAO158!'^_qF(o/r;f?JdA,uZ2#S1ujA7\\&CD/XK;;f?JdA,uZ2\"USXSDe!QX@;TQ_:LS#]E,8s#CNBk\"@<Q'nCe\\>[ATDKnCf,=`DKKT7Bk;>dz&-)\\1","2097156":"!<d@[F*Q9^#64c-E,TfCSH&Wi!<d@[F*][i#64o6@VfsmCI<#NAIij)E,]`9FCJfiD(T[7CBt)QARTFs3WKL+$474B!!#5(!!%O6&df?R!!'bS!!%O6(l)N,)[Z`h!!%O6&e>EO!!#8!0\"nm'*<6(i58]/a!!","2099204":"!<d@[F*Q9^#64c-E,TfCSH&Wi!<d@[F*]ak#64o6@VfsmCI<#NAINEeFC?bBE+*s.AT@eWD..ZVDfor>!<<*\"\":]'_FCfK9@;JJQF`MO'!!!!+$Y=3tBlnVfDe*F#!WW3#)J<JqANFLID..=#Bk/f;Ea`KiE\\1p?@<6K0B45Xg3bWYQ@;^!tA1_nD@:Wqi/T>WMFCfK<!<RL#z!<RO$z!<RR%z!<RL$!<<*\"!<RO%!WW3#!<RR&!<<*\"!=is\\DGY.XH\"D\"o@;]^hz!=isTGYi3bH\"D\"o@;]^hs8W-!!=j0i@<ZTe@;]^h9lFQRz!=Eme@<ZTVDfor>!<<*\"#o%H\"@<ZTbDJXSaAoqU)8SrEbEc_<_(27Z#FD50\";0?;bFD5iB;fH/hDIm>Y!!!!\"'PVH!FD50\";fH/hDGbObDKKT7GlRgE!!*C=Ec6)>;e^Ph!<<*\"#n(rcF%L4fDfTr2A,l]FCghC,;fH/hDH(Or@;JJQF`MQM);L!nJs8M$&8?$(ATDZsCdVWM@:O\"nGlRgE!!<^FDKKH1DII?KBOPpoAH2]1z!!<aPARfC^EbAr[ATC=[F`IH^z!!!*>CghC,6YKnKB4Y(^A79Rk<,ZkeCe/JeEcV3\\z!!!N?F)YQ3DIm?IDKKT7Bk;>cz","2101252":"!<d@[F*Q9^#64c-E,TfCSH&Wi!<d@[F*]gm#64o6@VfsmCI<#NAIij)E,]`9FCJfiD(T[7CBt)QARTFs8H9)2$31\\G%0-A.5SYob]<`?0@3>UY(^^EU!!!!`&df'J!!#4u!!!!a(l)NB!X]bO\"UtG3!'_)''`\\46^E\"r?4#7_/@3>UO","3147780":"!<d@[F*Q9^#64c-E,TfCScA`j!<d@[F*]ak#64o6@VfsmCI<#NAI`g#DesH&@r!Z6DfTr5\"po!]G%GQ5DfU+(#'\"^#Dfg%'!!!!'\"`nKuFE7Zf0E;+R!!)*c!!!$\"z!!!","4194308":"!<d@[F*Q9^#64c-E,TfCT)\\ik!<d@[F*][i#64o6@VfsmCI<#NAIW-_Bldj%ARo7dDe!Pj$#O*mATDKnCi]UW!!%^)!!!$*A7]7hE`-gtz!=3^aFCB9*Df,R%!WWT5@s)7!Bk28fzn.bpgo(`9YpAG!LqYpO$$>\"'gFAlmaAO158!!!92F(o/r;f?JdA,uZ5#S1ujA7\\&CD/XK;;f?JdA,uZ1\"USXSDe!QX@;TQ_:LS#]E,8s#CNBk\"@<Q'nCe\\>[ATDKnCf,=`DKKT7Bk;>dz&-)\\1","4198404":"!<d@[F*Q9^#64c-E,TfCT)\\ik!<d@[F*]gm#64o6@VfsmCI<#NAIW-_Bldj%ARo7dDe!Pj$#O*mATDKnCi]UW!!%^)!!!$*A7]7hE`-gtz!=3^aFCB9*Df,QJ\"TSo8@s)7!Bk28fzrq-7Vn=9PEqUkl,n6Z/$$>\"'gFAlmaAO158!!!92F(o/r;f?JdA,uZ2#S1ujA7\\&CD/XK;;f?JdA,uZ1\"USXSDe!QX@;TQ_:LS#]E,8s#CNBk\"@<Q'nCe\\>[ATDKnCf,=`DKKT7Bk;>dz&-)\\1","5243908":"!<d@[F*Q9^#64c-E,TfCTE\"rl!<d@[F*]^j#64o6@VfsmCI<#NAIW-_Bldj%ARo7dDe!Pj$#O*mATDKnCi]UW!!%0o!!!$*A7]7hE`-gtz!=3^aFCB9*Df,QJ\"TSo8@s)7!Bk28dzo'l]&qXX[m$>\"'gFAlmaAO158!!!92F(o/r;f?JdA,uZQ#S1ujA7\\&CD/XK;;f?JdA,uZQ\"USXSDe!QX@;TQ_:LS#]E,8s#CNBk\"@<Q'nCe\\>[ATDKnCf,=`DKKT7Bk;>dz&-)\\1","5244932":"!<d@[F*Q9^#64c-E,TfCTE\"rl!<d@[F*]ak#64o6@VfsmCI<#NAIW-_Bldj%ARo7dDe!Pg\"_)%OD0%W9$5NsP'`\\5!58\";4!!!!a('\":u58]/a$69H\\'`\\5!590_(J3OYR%5,=UZPEN?5<g!?@3>X[$#O*mATDKnCi]UW!!%0o!!!$*A7]7hE`-gtz!=3^aFCB9*Df,QJ\"TSo8@s)7!Bk28cznGWCn$>\"'gFAlmaAO158!'^_qF(o/r;f?JdA,uZ`#S1ujA7\\&CD/XK;;f?JdA,uZ`\"USXSDe!QX@;TQ_:LS#]E,8s#CNBk\"@<Q'nCe\\>[ATDKnCf,=`DKKT7Bk;>dz&-)\\1","5245956":"!<d@[F*Q9^#64c-E,TfCTE\"rl!<d@[F*]dl#64o6@VfsmCI<#NAIW-_Bldj%ARo7dDe!Pj$#O*mATDKnCi]UW!!%0o!!!$*A7]7hE`-gtz!=3^aFCB9*Df,QJ\"TSo8@s)7!Bk28dzn5B;ep<`jG$>\"'gFAlmaAO158!!!92F(o/r;f?JdA,uZQ#S1ujA7\\&CD/XK;;f?JdA,uZQ\"USXSDe!QX@;TQ_:LS#]E,8s#CNBk\"@<Q'nCe\\>[ATDKnCf,=`DKKT7Bk;>dz&-)\\1","1029":"!<d@[F*Q<_#64c-E,TfCRfEEg!<d@[F*]^j#64o6@VfsmCI<#NAIW-_Bldj%ARo7dDe!Pj$#O*mATDKnCi]UW!!\"Q)!!!$*A7]7hE`-gtz!=3^aFCB9*Df,QJ\"TSo8@s)7!Bk28c!!!#=OT,:d$>\"'gFAlmaAO158!!!92F(o/r;f?JdA,uZ1#S1ujA7\\&CD/XK;;f?JdA,uZ1\"USXSDe!QX@;TQY6$R3W$Q!5p@;0OP@<?($BjkgTF^]00Bln'#Erc7@!!!Q1!!!","2053":"!<d@[F*Q<_#64c-E,TfCRfEEg!<d@[F*]ak#64o6@VfsmCI<#NAIW-_Bldj%ARo7dDe!Pj$#O*mATDKnCi]UW!!\"Q)!!!$*A7]7hE`-gtz!=3^aFCB9*Df,QJ\"TSo8@s)7!Bk28c!!!#=OT,:d$>\"'gFAlmaAO158!!!92F(o/r;f?JdA,uZ1#S1ujA7\\&CD/XK;;f?JdA,uZ1\"USXSDe!QX@;TQY6$R3W$Q!5p@;0OP@<?($BjkgTF^]00Bln'#Erc7@!!!Q1!!!","3077":"!<d@[F*Q<_#64c-E,TfCRfEEg!<d@[F*]dl#64o6@VfsmCI<#NAIW-_Bldj%ARo7dDe!Pj$#O*mATDKnCi]UW!!\"Q)!!!$*A7]7hE`-gtz!=3^aFCB9*Df,QJ\"TSo8@s)7!Bk28c!!!#=OT,:d$>\"'gFAlmaAO158!!!92F(o/r;f?JdA,uZ1#S1ujA7\\&CD/XK;;f?JdA,uZ1\"USXSDe!QX@;TQY6$R3W$Q!5p@;0OP@<?($BjkgTF^]00Bln'#Erc7@!!!Q1!!!","1049605":"!<d@[F*Q<_#64c-E,TfCS,`Nh!<d@[F*]^j#64o6@VfsmCI<#NAIW-_Bldj%ARo7dDe!Pg\"_)%OD0&DO$6ffa%0-BY590_(J3OYW%0-BY58=.uLd2s\\!.[9NLLD;+$7?/k%0-BY58=.uJ3P%S!.[6G%h8R=Im4YJ!.ZjG!!%O6(l)NB!=K9VDJs`/F^f9'A9.hQ!!)N^rrDb3?NC)p?N:HGB6%p5DIc[`Dg+Qk@W,skErl=A!!#hl!!pqJ!\"0*M@<?($Bjkh!!<<*\"FtE[o!=34I@rHBcDfbsZ!!!$*Ec6&.FD5Z2!71cI$O:0a@W,skEsVgH!!)`m!![IB!(M';!2ad$!9S5B!\"SQu!)E/n!3YlW!:K=u!!ipCD/\")jBk1d@DZKi&#RPQdA7\\\\XCh[D\\!!W]>F(o/r6#:CVF*(?!Ch[D\\!!EH3@VfsmCJJ;TAI;4ACERS4@;]k%$Q!5p@;0OP@<?($BjkgTF^]00Bln'#Erc7@!!!Q1!!!","1050629":"!<d@[F*Q<_#64c-E,TfCS,`Nh!<d@[F*]ak#64o6@VfsmCI<#NAIW-_Bldj%ARo7dDe!Pj$#O*mATDKnCi]UW!!%0o!!!$*A7]7hE`-gtz!=3^aFCB9*Df,QJ\"TSo8@s)7!Bk28cznF-D`$>\"'gFAlmaAO158!!!92F(o/r;f?JdA,uZQ#S1ujA7\\&CD/XK;;f?JdA,uZQ\"USXSDe!QX@;TQ_:LS#]E,8s#CNBk\"@<Q'nCe\\>[ATDKnCf,=`DKKT7Bk;>dz&-)\\1","1051653":"!<d@[F*Q<_#64c-E,TfCS,`Nh!<d@[F*]dl#64o6@VfsmCI<#NAIW-_Bldj%ARo7dDe!Pg\"_)%OD0'=i$5a*R%0-BY58\";4!!%O6'`\\5i5T#8b+9;fn$474B!.[9S!!#8K&e>HNs*m6JHE?D<*<6)t^DM`7+9;fs$4dRG!.[9K!!%O6*<6()58\"J9s8RR5'`\\5a1E?GqJ?p)J@3>RY$#O*mATDKnCi]UW!!%0o!!!$*A7]7hE`-gtz!=3^aFCB9*Df,QJ\"TSo8@s)7!Bk28kzn=K[bHIDj`HG9HWI,=qdIfBBXqU5F>qS*$5r8.MBrr2s($>\"'gFAlmaAO158!'^_qF(o/r;f?JdA,uZp#S1ujA7\\&CD/XK;;f?JdA,uZp\"USXSDe!QX@;TQ_:LS#]E,8s#CNBk\"@<Q'nCe\\>[ATDKnCf,=`DKKT7Bk;>dz&-)\\1","2097157":"!<d@[F*Q<_#64c-E,TfCSH&Wi!<d@[F*][i#64o6@VfsmCI<#NAIij)E,]`9FCJfiD(T[7CBt)QARTFs+ohrm$474B!.[9S!!%O6&e>EO!.[9K!!#8L*<6(i58]/a!!","2101253":"!<d@[F*Q<_#64c-E,TfCSH&Wi!<d@[F*]gm#64o6@VfsmCI<#NAIij)E,]`9FCJfiD(T[7CBt)QARTFs1]Rk\"$3^k=!!#4r$4Qt8!'_1u!!#8$LLD;,$5a*R%0-BY58\";4!!%O6'`\\465T#8b+9DN","3147781":"!<d@[F*Q<_#64c-E,TfCScA`j!<d@[F*]ak#64o6@VfsmCI<#NAIW-_Bldj%ARo7dDe!Pj$#O*mATDKnCi]UW!!%0o!!!$*A7]7hE`-gtz!=3^aFCB9*Df,QJ\"TSo8@s)7!Bk28c!!!!0nG`Io$>\"'gFAlmaAO158!'^_qF(o/r;f?JdA,uZ3#S1ujA7\\&CD/XK;;f?JdA,uZ3\"USXSDe!QX@;TQ_:LS#]E,8s#CNBk\"@<Q'nCe\\>[ATDKnCf,=`DKKT7Bk;>dz&-)\\1","4194309":"!<d@[F*Q<_#64c-E,TfCT)\\ik!<d@[F*][i#64o6@VfsmCI<#NAIW-_Bldj%ARo7dDe!Pg\"_)%OD0$m$$6TZ_%0-BY590_(J3OYW%0-BY^_M0sC:\"ua!.[9NLLCPsD..NtEbSruErc7@!/3!)!!*@9ARfY!;K$XW!!!!\"#]aj*@<?4%D?/#b!\"0$AF^f9'A9.kR!!!#g'`^Miq#I)]r;bdPrr<<3ASl.';e]cR6#Qc(!!imPBk1dRDes,u!<<6.%s)GqAO1-LDf^#!Des,u!<<*'$\"@^h@r\"hJD.O&M@;@!)Cgh3sEsidmG%#*$9jr-TEbSru;0?;bFD5i2ATIkP!!!!1!!!!","4196357":"!<d@[F*Q<_#64c-E,TfCT)\\ik!<d@[F*]ak#64o6@VfsmCI<#NAIW-_Bldj%ARo7dDe!Pj$#O*mATDKnCi]UW!!%0o!!!$*A7]7hE`-gtz!=3^aFCB9*Df,QJ\"TSo8@s)7!Bk28cznG`Io$>\"'gFAlmaAO158!'^_qF(o/r;f?JdA,uZp#S1ujA7\\&CD/XK;;f?JdA,uZp\"USXSDe!QX@;TQ_:LS#]E,8s#CNBk\"@<Q'nCe\\>[ATDKnCf,=`DKKT7Bk;>dz&-)\\1","4198405":"!<d@[F*Q<_#64c-E,TfCT)\\ik!<d@[F*]gm#64o6@VfsmCI<#NAIW-_Bldj%ARo7dDe!Pg\"_)%OD0&&E$6ffa%0-BY58=.uJ3FSV%0-BY^_QD>Im+m!XQhVZLLD;,$69HW%0-BY58\"J9!!%Pb'mcrrZlOIol80?5@3>UZ$#O*mATDKnCi]UW!!%^)!!!$*A7]7hE`-gtz!=3^aFCB9*Df,QJ\"TSo8@s)7!Bk28fzrq-7Vn=9PEqUkl,n6Z/$$>\"'gFAlmaAO158!!!92F(o/r;f?JdA,uZ2#S1ujA7\\&CD/XK;;f?JdA,uZ1\"USXSDe!QX@;TQ_:LS#]E,8s#CNBk\"@<Q'nCe\\>[ATDKnCf,=`DKKT7Bk;>dz&-)\\1","5243909":"!<d@[F*Q<_#64c-E,TfCTE\"rl!<d@[F*]^j#64o6@VfsmCI<#NAIW-_Bldj%ARo7dDe!Pj$Zg3(G@Pc)DeWa'!WW3#0`(A@&Ftq`$P@#lDfor.;f6Mt6ZljVBk28czn.5R-$#O*mATDKnCi]UW!!%0o!!!$*A7]7hE`-gtz!=3^aFCB9*Df,QJ\"TSo8@s)7!Bk28dzo'l]&qXX[m$>\"'gFAlmaAO158!!!92F(o/r;f?JdA,uZQ#S1ujA7\\&CD/XK;;f?JdA,uZQ\"USXSDe!QX@;TQ_:LS#]E,8s#CNBk\"@<Q'nCe\\>[ATDKnCf,=`DKKT7Bk;>dz&-)\\1","5244933":"!<d@[F*Q<_#64c-E,TfCTE\"rl!<d@[F*]ak#64o6@VfsmCI<#NAIW-_Bldj%ARo7dDe!Pg\"_)%OD0&DO$6ffa%0-BY58=.u5X,kl%KHHX58F4u5<g.g!.[9NLLD;+$7?/k%0-BY58=.u5X-7h!.[9H%h/L=JA2j!s$&^g!<@X7(l)NB!Xf<O@<?($Bjkh!!<<*\"FtE[o!=34I@rHBcDfbsZ!!!$*Ec6&.FD5Z2!2'Jq$O:0a@W,skErc7@!!)Nf!!ipCD/\")jBk1d@DZKi&#RPQdA7\\\\XCh[D\\!&\"TgF(o/r6#:CVF*(?!Ch[D\\!&\"K^@VfsmCJJ;TAI;4ACERS4@;]k%$Q!5p@;0OP@<?($BjkgTF^]00Bln'#Erc7@!!!Q1!!!","5245957":"!<d@[F*Q<_#64c-E,TfCTE\"rl!<d@[F*]dl#64o6@VfsmCI<#NAIW-_Bldj%ARo7dDe!Pj$#O*mATDKnCi]UW!!%0o!!!$*A7]7hE`-gtz!=3^aFCB9*Df,QJ\"TSo8@s)7!Bk28dzn5B;ep<`jG$>\"'gFAlmaAO158!!!92F(o/r;f?JdA,uZQ#S1ujA7\\&CD/XK;;f?JdA,uZQ\"USXSDe!QX@;TQ_:LS#]E,8s#CNBk\"@<Q'nCe\\>[ATDKnCf,=`DKKT7Bk;>dz&-)\\1","1030":"!<d@[F*Q?`#64c-E,TfCRfEEg!<d@[F*]^j#64o6@VfsmCI<#NAIW-_Bldj%ARo7dDe!Pj$#O*mATDKnCi]UW!!%^)!!!$*A7]7hE`-gtz!=3^aFCB9*Df,QJ\"TSo8@s)7!Bk28c!!!#WnG`Io$>\"'gFAlmaAO158!!!92F(o/r;f?JdA,uZA#S1ujA7\\&CD/XK;;f?JdA,uZA\"USXSDe!QX@;TQ_:LS#]E,8s#CNBk\"@<Q'nCe\\>[ATDKnCf,=`DKKT7Bk;>dz&-)\\1","2054":"!<d@[F*Q?`#64c-E,TfCRfEEg!<d@[F*]ak#64o6@VfsmCI<#NAIW-_Bldj%ARo7dDe!Pj$#O*mATDKnCi]UW!!%^)!!!$*A7]7hE`-gtz!=3^aFCB9*Df,QJ\"TSo8@s)7!Bk28c!!!#WnG`Io$>\"'gFAlmaAO158!!!92F(o/r;f?JdA,uZA#S1ujA7\\&CD/XK;;f?JdA,uZA\"USXSDe!QX@;TQ_:LS#]E,8s#CNBk\"@<Q'nCe\\>[ATDKnCf,=`DKKT7Bk;>dz&-)\\1","3078":"!<d@[F*Q?`#64c-E,TfCRfEEg!<d@[F*]dl#64o6@VfsmCI<#NAIW-_Bldj%ARo7dDe!Pj$#O*mATDKnCi]UW!!%^)!!!$*A7]7hE`-gtz!=3^aFCB9*Df,QJ\"TSo8@s)7!Bk28c!!!#WnG`Io$>\"'gFAlmaAO158!!!92F(o/r;f?JdA,uZA#S1ujA7\\&CD/XK;;f?JdA,uZA\"USXSDe!QX@;TQ_:LS#]E,8s#CNBk\"@<Q'nCe\\>[ATDKnCf,=`DKKT7Bk;>dz&-)\\1","1049606":"!<d@[F*Q?`#64c-E,TfCS,`Nh!<d@[F*]^j#64o6@VfsmCI<#NAIW9mDfor.F*)>@@:s-S'lml&@;0UnDJ):YEc+9fEaa'(Df,OT!!!-2F*(i2F@:7l@<?4%D?'Y:!!rsGF$b\"iDJ=!$!!*@;Bl[d(Df]%5cNaFN#\\IdkAT2R/=e#Hl!!*@;Bl[d(Df])>cj'OO#\\J3jCiF<6=P1q)!!*@;F_,B.Df]'O!!!!\"#\\J3jCiF<6=uFY3!!WaDDK]T/FDl2F!=!ObCi=E:\"98E%\"pK'aDfg%*!AFKR!!!#@3rf6]z!!!<;AoD^\"AQ*\\hEa`Tl:i^JnErZLO@Wc^/Bl7P`!toEYF*(Aq@r#%^FCAuVDfp)Azz\":8pVF(djWB5D/6&'7$:$=S$u@:Nt?@:NjKz","1051654":"!<d@[F*Q?`#64c-E,TfCS,`Nh!<d@[F*]dl#64o6@VfsmCI<#NAN=4?Bk(pp@<lF)F#mrM@<uKqAo)C0ATDa.F=gsEEc,tND/!g%GqEZLAS#agCis;@@q]F`CLqMj$#+:#ASuU.Ed7ZiEH>r7FE7H_!!!3,F)5c:ErZ1C$#O6pBL-NKCh;$nq`b&","2098182":"!<d@[F*Q?`#64c-E,TfCSH&Wi!<d@[F*]^j#64o6@VfsmCI<#NAIij)E,]`9FCJfiD(T[7CBt)QARTFs)?:*]$31\\L%5,=UZP>++40oq-!.[9NLLD;+!!","2100230":"!<d@[F*Q?`#64c-E,TfCSH&Wi!<d@[F*]dl#64o6@VfsmCI<#NAIij)E,]`9FCJfiD(T[7CBt)QARTFs4obp6$47LJ!.[9S!!%O6&e>H3bm^rorr7I4*<6'>^_hi8+9;fd$3_FM!.[9H$4SW$40oYS]fWP;LLD;+!!","3146758":"!<d@[F*Q?`#64c-E,TfCScA`j!<d@[F*]^j#64o6@VfsmCI<#NAIW-_Bldj%ARo7dDe!Pj$Zg3(G@Pc)DeWa'!<<*\"n1[',$P@#lDfor.;f6Mt6ZljVBk28dzo^Dh`n1XhM$#O*mATDKnCi]UW!!%^)!!!$*A7]7hE`-gtz!=3^aFCB9*Df,QJ\"TSo8@s)7!Bk28dz&3g/H0L#OC$>\"'gFAlmaAO158!!!92F(o/r;f?JdA,uZ1#S1ujA7\\&CD/XK;;f?JdA,uZ1\"USXSDe!QX@;TQ_:LS#]E,8s#CNBk\"@<Q'nCe\\>[ATDKnCf,=`DKKT7Bk;>dz&-)\\1","3148806":"!<d@[F*Q?`#64c-E,TfCScA`j!<d@[F*]dl#64o6@VfsmCI<#NAIW-_Bldj%ARo7dDe!Pj$#O*mATDKnCi]UW!!%^)!!!$*A7]7hE`-gtz!=3^aFCB9*Df,QJ\"TSo8@s)7!Bk28dz*<-\"j4T>Be$>\"'gFAlmaAO158!!!92F(o/r;f?JdA,uZ1#S1ujA7\\&CD/XK;;f?JdA,uZ1\"USXSDe!QX@;TQ_:LS#]E,8s#CNBk\"@<Q'nCe\\>[ATDKnCf,=`DKKT7Bk;>dz&-)\\1","4194310":"!<d@[F*Q?`#64c-E,TfCT)\\ik!<d@[F*][i#64o6@VfsmCI<#NAIW-_Bldj%ARo7dDe!Pj$#O*mATDKnCi]UW!!%^)!!!$*A7]7hE`-gtz!=3^aFCB9*Df,R%!WWT5@s)7!Bk28hzn.bpgni6]#oQ^G0p3cqVpq6[cqYpO$$>\"'gFAlmaAO158!!!92F(o/r;f?JdA,uZ1#S1ujA7\\&CD/XK;;f?JdA,uZ1\"USXSDe!QX@;TQ_:LS#]E,8s#CNBk\"@<Q'nCe\\>[ATDKnCf,=`DKKT7Bk;>dz&-)\\1","4195334":"!<d@[F*Q?`#64c-E,TfCT)\\ik!<d@[F*]^j#64o6@VfsmCI<#NAIW-_Bldj%ARo7dDe!Pj$#O*mATDKnCi]UW!!%^)!!!$*A7]7hE`-gtz!=3^aFCB9*Df,R%!WWT5@s)7!Bk28ez0L#P*E'F?dn36mY$>\"'gFAlmaAO158!!!92F(o/r;f?JdA,uZ1#S1ujA7\\&CD/XK;;f?JdA,uZ1\"USXSDe!QX@;TQ_:LS#]E,8s#CNBk\"@<Q'nCe\\>[ATDKnCf,=`DKKT7Bk;>dz&-)\\1","4197382":"!<d@[F*Q?`#64c-E,TfCT)\\ik!<d@[F*]dl#64o6@VfsmCI<#NAIW-_Bldj%ARo7dDe!Pg\"_)%OD0$Tq$5a*R*<6(i58\";<!!%O6*<6(i58]/a+9;iXF)Go?@s)7!Bk28c!!!#grr2s+&SH-&F`(_gDJs_dF^f9'A9.bO!!!#g0E;IeD..NtEbSruErc7@!-Tpo!!*@9ARfY!;K$XW!!!!\"#]aj*@<?4%D?-=5!\"0$AF^f9'A9.hQ!!!!]rr>H7rrD9\\rr<<3ASl.';e]cR6#Qc(!!imPBk1dRDes,u!<<**%s)GqAO1-LDf^#!Des,u!<<*'$\"@^h@r\"hJD.O&M@;@!)Cgh3sEsidmG%#*$9jr-TEbSru;0?;bFD5i2ATIkP!!!!1!!!!","4198406":"!<d@[F*Q?`#64c-E,TfCT)\\ik!<d@[F*]gm#64o6@VfsmCI<#NAIW-_Bldj%ARo7dDe!Pj$#O*mATDKnCi]UW!!%^)!!!$*A7]7hE`-gtz!=3^aFCB9*Df,QJ\"TSo8@s)7!Bk28izrq-7Vr7M(#pmhD8qRHUAoNqU6p3cr!n36mY$>\"'gFAlmaAO158!!!92F(o/r;f?JdA,uZ1#S1ujA7\\&CD/XK;;f?JdA,uZ1\"USXSDe!QX@;TQ_:LS#]E,8s#CNBk\"@<Q'nCe\\>[ATDKnCf,=`DKKT7Bk;>dz&-)\\1","5243910":"!<d@[F*Q?`#64c-E,TfCTE\"rl!<d@[F*]^j#64o6@VfsmCI<#NAIW-_Bldj%ARo7dDe!Pj$Zg3(G@Pc)DeWa'!WW3#0`(A@&Ftq`$P@#lDfor.;f6Mt6ZljVBk28czn.5R-$#O*mATDKnCi]UW!!%0o!!!$*A7]7hE`-gtz!=3^aFCB9*Df,QJ\"TSo8@s)7!Bk28dzo!&0;qXX[m$>\"'gFAlmaAO158!!!92F(o/r;f?JdA,uZ1#S1ujA7\\&CD/XK;;f?JdA,uZ1\"USXSDe!QX@;TQ_:LS#]E,8s#CNBk\"@<Q'nCe\\>[ATDKnCf,=`DKKT7Bk;>dz&-)\\1","5244934":"!<d@[F*Q?`#64c-E,TfCTE\"rl!<d@[F*]ak#64o6@VfsmCI<#NAIW-_Bldj%ARo7dDe!Pj$#O*mATDKnCi]UW!!%0o!!!$*A7]7hE`-gtz!=3^aFCB9*Df,QJ\"TSo8@s)7!Bk28e!!!!An.bpGrq-7Vo$m^G$>\"'gFAlmaAO158!!!92F(o/r;f?JdA,uZ1#S1ujA7\\&CD/XK;;f?JdA,uZ1\"USXSDe!QX@;TQ_:LS#]E,8s#CNBk\"@<Q'nCe\\>[ATDKnCf,=`DKKT7Bk;>dz&-)\\1","5245958":"!<d@[F*Q?`#64c-E,TfCTE\"rl!<d@[F*]dl#64o6@VfsmCI<#NAIW-_Bldj%ARo7dDe!Pj$#O*mATDKnCi]UW!!%0o!!!$*A7]7hE`-gtz!=3^aFCB9*Df,QJ\"TSo8@s)7!Bk28ezoMY_ip<`j_n1t%M$>\"'gFAlmaAO158!!!92F(o/r;f?JdA,uZQ#S1ujA7\\&CD/XK;;f?JdA,uZ1\"USXSDe!QX@;TQ_:LS#]E,8s#CNBk\"@<Q'nCe\\>[ATDKnCf,=`DKKT7Bk;>dz&-)\\1"},"Entities":[],"ReplaceMode":2,"EntranceRotation":-1,"OriginalPos":{"X":511954,"Z":512052,"InternalY":155}}