{
	"editor": {
		"backDropShape": "E:/Programs/VSModelCreator/seraph-faceless",
		"collapsedPaths": "Root/Shield/Body/segment_0/segment_1/segment_2/segment_part_3,Root/Shield/Handle/Strap,Root/Shield/Body/segment_0/segment_part_1,Root/Shield/Body/segment_0/segment_1/segment_2/segment_3/segment_4/segment_5/segment_6/segment_part_7,Root/Shield/Body/segment_0/segment_1/segment_2/segment_3/segment_4/segment_5/segment_6/segment_7/segment_8/segment_9/segment_part_9,Root/Shield/Body/segment_0/segment_1/segment_2/segment_4,Root/Shield/Body/segment_0/segment_1/segment_2/segment_3/segment_part_4,Root/Shield/Body/segment_0/segment_1/segment_2/segment_3/segment_part_3,Root/Shield/Body/segment_0/segment_1/segment_2/segment_3/segment_4/segment_5/segment_6/segment_7/segment_8/segment_10,Root/Shield/Body/segment_0/segment_1/segment_2/segment_3/segment_4/segment_5/segment_6/segment_7/segment_8/segment_9/segment_10/segment_11/segment_12/segment_part_13,Root/Shield/Body/segment_0/segment_1/segment_2/segment_3/segment_4/segment_5/segment_6/segment_7/segment_8/segment_9/segment_part_10,Root/Shield/Handle/handle_4,Root/Shield/Body/segment_0/segment_1/segment_2/segment_3/segment_4/segment_5/segment_6/segment_7/segment_part_7,Root/Shield/Handle/handle_2,Root/Shield/Body/segment_0/segment_1/segment_2/segment_3/segment_4/segment_6,Root/Shield/Handle/handle_0,Root/Shield/Body/segment_0/segment_1/segment_2/segment_3/segment_4/segment_5/segment_6/segment_7/segment_part_8,Root/Shield/Body/segment_0/segment_1/segment_2/segment_3/segment_4/segment_5/segment_6/segment_7/segment_8/segment_part_9,Root/Shield/Body/segment_0/segment_1/segment_2/segment_3/segment_4/segment_5/segment_part_6,Root/Shield/Body/segment_0/segment_1/segment_3,Root/Shield/Body/segment_0/segment_1/segment_part_1/segment_part_0_4,Root/Shield/Body/segment_0/segment_1/segment_2/segment_3/segment_4/segment_5/segment_part_5,Root/Shield/Body/segment_0/segment_1/segment_2/segment_3/segment_4/segment_5/segment_6/segment_7/segment_8/segment_9/segment_10/segment_11/segment_12/segment_13/segment_14/segment_part_15,Root/Shield/Body/segment_0/segment_1/segment_2/segment_3/segment_4/segment_part_5,Root/Shield/Body/segment_0/segment_1/segment_2/segment_3/segment_4/segment_part_4,Root/Shield/Body/segment_0/segment_1/segment_part_2,Root/Shield/shield_1/shield_part_0,Root/Shield/Body/segment_0/segment_1/segment_2/segment_3/segment_4/segment_5/segment_6/segment_7/segment_8/segment_9/segment_10/segment_11/segment_12/segment_13/segment_part_14,Root/Shield/shield_1/shield_part_1,Root/Shield/shield_1/shield_part_2,Root/Shield/Body/segment_0/segment_2,Root/Shield/shield_1/shield_part_3,Root/Shield/Body/body_0,Root/Shield/Body/segment_0/segment_1/segment_2/segment_3/segment_4/segment_5/segment_7,Root/Shield/Body/body_4,Root/Shield/Body/segment_0/segment_1/segment_2/segment_3/segment_4/segment_5/segment_6/segment_8,Root/Shield/Body/body_bottom/body_0,Root/Shield/Body/segment_0/segment_1/segment_2/segment_3/segment_4/segment_5/segment_6/segment_7/segment_8/segment_9/segment_11,Root/Shield/Body/segment_0/segment_1/segment_2/segment_3/segment_5,Root/Shield/Body/body_bottom2,Root/Shield/Body/segment_0/segment_1/segment_2/segment_3/segment_4/segment_5/segment_6/segment_7/segment_8/segment_9/segment_10/segment_part_10,Root/Shield/Body/segment_0/segment_1/segment_2/segment_3/segment_4/segment_5/segment_6/segment_7/segment_8/segment_9/segment_10/segment_part_11,Root/Shield/Body/segment_0/segment_1/segment_2/segment_3/segment_4/segment_5/segment_6/segment_7/segment_9,Root/Shield/Body/segment_0/segment_part_0/segment_line_0,Root/Shield/Body/segment_0/segment_1/segment_2/segment_3/segment_4/segment_5/segment_6/segment_7/segment_8/segment_9/segment_10/segment_11/segment_part_12,Root/Shield/Handle,Root/Shield/Body/segment_1,Root/Shield/Body/body_bottom/body_4,Root/Shield/shield_1/shield_5",
		"allAngles": false,
		"entityTextureMode": false
	},
	"textureWidth": 16,
	"textureHeight": 16,
	"textureSizes": {
	},
	"textures": {
		"shoulder-sling-plain-leather": "game:block/leather/plain",
		"shoulder-sling-plain-metal": "game:block/metal/plate/bismuthbronze",
		"shoulder-sling-plain-wood": "game:block/wood/debarked/oak"
	},
	"elements": [
		{
			"name": "Shield",
			"from": [ 8.0, 0.0, 8.0 ],
			"to": [ 8.0, 0.0, 9.0 ],
			"rotationOrigin": [ 8.0, 0.0, 8.0 ],
			"faces": {
				"north": { "texture": "#shoulder-sling-plain-wood", "uv": [ 0.0, 0.0, 0.5, 0.5 ] },
				"east": { "texture": "#shoulder-sling-plain-wood", "uv": [ 0.0, 0.0, 1.0, 0.5 ] },
				"south": { "texture": "#shoulder-sling-plain-wood", "uv": [ 0.0, 0.0, 0.5, 0.5 ] },
				"west": { "texture": "#shoulder-sling-plain-wood", "uv": [ 0.0, 0.0, 1.0, 0.5 ] },
				"up": { "texture": "#shoulder-sling-plain-wood", "uv": [ 0.0, 0.0, 0.5, 1.0 ] },
				"down": { "texture": "#shoulder-sling-plain-wood", "uv": [ 0.0, 0.0, 0.5, 1.0 ] }
			},
			"children": [
				{
					"name": "Body",
					"from": [ 0.0, 0.0, 0.0 ],
					"to": [ 0.0, 0.0, 0.0 ],
					"faces": {
						"north": { "texture": "#shoulder-sling-plain-wood", "uv": [ 0.0, 0.0, 0.5, 0.5 ] },
						"east": { "texture": "#shoulder-sling-plain-wood", "uv": [ 0.0, 0.0, 0.5, 0.5 ] },
						"south": { "texture": "#shoulder-sling-plain-wood", "uv": [ 0.0, 0.0, 0.5, 0.5 ] },
						"west": { "texture": "#shoulder-sling-plain-wood", "uv": [ 0.0, 0.0, 0.5, 0.5 ] },
						"up": { "texture": "#shoulder-sling-plain-wood", "uv": [ 0.0, 0.0, 0.5, 0.5 ] },
						"down": { "texture": "#shoulder-sling-plain-wood", "uv": [ 0.0, 0.0, 0.5, 0.5 ] }
					},
					"children": [
						{
							"name": "segment_0",
							"from": [ 6.4, -0.2, -2.0 ],
							"to": [ 7.4, 0.5, 2.0 ],
							"rotationOrigin": [ 7.4, -0.2, -2.0 ],
							"faces": {
							},
							"children": [
								{
									"name": "segment_part_0",
									"from": [ 0.0, 0.7, 0.2 ],
									"to": [ 0.5, 1.7, 3.7 ],
									"rotationOrigin": [ 0.5, 0.7, 0.2 ],
									"rotationZ": 70.0,
									"faces": {
									},
									"children": [
										{
											"name": "segment_part_0_0",
											"from": [ 0.0, 2.0, 0.7 ],
											"to": [ 0.5, 3.0, 2.9 ],
											"rotationOrigin": [ 0.5, 2.0, 0.7 ],
											"rotationZ": 10.0,
											"faces": {
											},
											"children": [
												{
													"name": "segment_part_0_1",
													"from": [ 0.0, 2.0, 0.5 ],
													"to": [ 0.5, 3.5, 1.7 ],
													"rotationOrigin": [ 0.5, 2.0, 0.5 ],
													"rotationZ": 10.0,
													"faces": {
														"east": { "texture": "#shoulder-sling-plain-wood", "uv": [ 7.5, 6.0, 8.5, 7.5 ] },
														"west": { "texture": "#shoulder-sling-plain-wood", "uv": [ 7.5, 6.0, 8.5, 7.5 ] }
													},
													"children": [
														{
															"name": "segment_part_0_4",
															"from": [ 0.0, 1.5, 0.4 ],
															"to": [ 0.5, 2.3, 0.8 ],
															"rotationOrigin": [ 0.5, 1.5, 0.4 ],
															"faces": {
																"east": { "texture": "#shoulder-sling-plain-wood", "uv": [ 7.5, 6.0, 8.0, 6.5 ] },
																"west": { "texture": "#shoulder-sling-plain-wood", "uv": [ 7.5, 6.0, 8.0, 6.5 ] }
															}
														}
													]
												},
												{
													"name": "segment_part_0_12",
													"from": [ 0.0, 1.0, 0.1 ],
													"to": [ 0.5, 2.0, 2.0 ],
													"rotationOrigin": [ 0.5, 1.0, 0.1 ],
													"faces": {
													},
													"children": [
														{
															"name": "Cube3",
															"from": [ -0.3, 0.4, -0.2 ],
															"to": [ 0.55, 1.1, 2.2 ],
															"rotationOrigin": [ -0.3, 0.4, -0.2 ],
															"faces": {
																"north": { "texture": "#shoulder-sling-plain-metal", "uv": [ 0.0, 0.0, 0.5, 0.5 ] },
																"east": { "texture": "#shoulder-sling-plain-metal", "uv": [ 5.5, 3.0, 7.5, 3.5 ] },
																"south": { "texture": "#shoulder-sling-plain-metal", "uv": [ 0.0, 0.0, 0.5, 0.5 ] },
																"west": { "texture": "#shoulder-sling-plain-metal", "uv": [ 0.0, 0.0, 2.0, 0.5 ] },
																"up": { "texture": "#shoulder-sling-plain-metal", "uv": [ 3.0, 2.5, 3.5, 4.5 ] },
																"down": { "texture": "#shoulder-sling-plain-metal", "uv": [ 0.0, 0.0, 0.5, 2.0 ] }
															}
														}
													]
												}
											]
										},
										{
											"name": "segment_part_0_10",
											"from": [ 0.0, 1.0, 0.4 ],
											"to": [ 0.5, 2.0, 3.2 ],
											"rotationOrigin": [ 0.5, 1.0, 0.4 ],
											"faces": {
											}
										}
									]
								},
								{
									"name": "segment_line_0",
									"from": [ -0.4, 0.9, -0.1 ],
									"to": [ 0.3, 2.4, 0.4 ],
									"rotationOrigin": [ 0.3, 0.9, 0.4 ],
									"rotationY": 15.0,
									"rotationZ": 72.0,
									"faces": {
										"north": { "texture": "#shoulder-sling-plain-metal", "uv": [ 8.0, 0.0, 8.5, 1.5 ] },
										"east": { "texture": "#shoulder-sling-plain-metal", "uv": [ 8.0, 0.0, 8.5, 1.5 ] },
										"south": { "texture": "#shoulder-sling-plain-metal", "uv": [ 8.0, 0.0, 8.5, 1.5 ] },
										"west": { "texture": "#shoulder-sling-plain-metal", "uv": [ 7.5, 0.0, 8.0, 1.5 ] }
									},
									"children": [
										{
											"name": "segment_part_0_2",
											"from": [ 0.0, 1.5, 0.0 ],
											"to": [ 0.7, 3.9, 0.5 ],
											"rotationOrigin": [ 0.7, 1.5, 0.0 ],
											"rotationZ": 8.8,
											"faces": {
												"north": { "texture": "#shoulder-sling-plain-metal", "uv": [ 8.0, 3.0, 8.5, 5.0 ] },
												"east": { "texture": "#shoulder-sling-plain-metal", "uv": [ 8.0, 3.0, 8.5, 5.0 ] },
												"south": { "texture": "#shoulder-sling-plain-metal", "uv": [ 8.5, 3.0, 9.0, 5.0 ] },
												"west": { "texture": "#shoulder-sling-plain-metal", "uv": [ 8.0, 3.0, 8.5, 5.0 ] }
											},
											"children": [
												{
													"name": "segment_part_0_3",
													"from": [ 0.0, 2.4, 0.0 ],
													"to": [ 0.7, 4.9, 0.5 ],
													"rotationOrigin": [ 0.7, 2.4, 0.0 ],
													"rotationZ": 9.1,
													"faces": {
														"north": { "texture": "#shoulder-sling-plain-wood", "uv": [ 8.0, 6.5, 8.5, 9.0 ] },
														"east": { "texture": "#shoulder-sling-plain-wood", "uv": [ 8.0, 6.5, 8.5, 9.0 ] },
														"south": { "texture": "#shoulder-sling-plain-wood", "uv": [ 8.5, 3.5, 9.0, 6.0 ] },
														"west": { "texture": "#shoulder-sling-plain-wood", "uv": [ 8.5, 5.0, 9.0, 7.5 ] }
													}
												}
											]
										}
									]
								},
								{
									"name": "segment_1",
									"from": [ 0.0, 0.0, 4.0 ],
									"to": [ 0.7, 0.9, 7.9 ],
									"rotationOrigin": [ 1.0, 0.0, 4.0 ],
									"rotationY": -30.0,
									"faces": {
										"north": { "texture": "#shoulder-sling-plain-metal", "uv": [ 0.0, 0.0, 0.5, 0.5 ] },
										"east": { "texture": "#shoulder-sling-plain-metal", "uv": [ 4.5, 2.5, 8.0, 3.5 ], "autoUv": false },
										"south": { "texture": "#shoulder-sling-plain-metal", "uv": [ 0.0, 0.0, 0.5, 0.5 ] },
										"west": { "texture": "#shoulder-sling-plain-metal", "uv": [ 0.0, 0.0, 3.5, 0.5 ] },
										"up": { "texture": "#shoulder-sling-plain-metal", "uv": [ 6.0, 4.0, 6.5, 7.5 ] },
										"down": { "texture": "#shoulder-sling-plain-metal", "uv": [ 0.0, 0.0, 0.5, 3.5 ] }
									},
									"children": [
										{
											"name": "segment_part_1",
											"from": [ 0.0, 0.7, 0.2 ],
											"to": [ 0.5, 1.7, 3.7 ],
											"rotationOrigin": [ 0.5, 0.7, 0.2 ],
											"rotationZ": 70.0,
											"faces": {
												"east": { "texture": "#shoulder-sling-plain-wood", "uv": [ 4.0, 0.0, 7.5, 1.0 ] },
												"west": { "texture": "#shoulder-sling-plain-wood", "uv": [ 6.0, 0.0, 9.5, 1.0 ] }
											},
											"children": [
												{
													"name": "segment_part_0_5",
													"from": [ 0.0, 2.0, 0.7 ],
													"to": [ 0.5, 3.0, 2.9 ],
													"rotationOrigin": [ 0.5, 2.0, 0.7 ],
													"rotationZ": 10.0,
													"faces": {
														"east": { "texture": "#shoulder-sling-plain-wood", "uv": [ 2.6, 5.5, 4.8, 6.5 ], "autoUv": false },
														"west": { "texture": "#shoulder-sling-plain-wood", "uv": [ 2.5, 5.5, 4.5, 6.5 ] }
													},
													"children": [
														{
															"name": "segment_part_0_6",
															"from": [ 0.0, 2.0, 0.5 ],
															"to": [ 0.5, 3.5, 1.7 ],
															"rotationOrigin": [ 0.5, 2.0, 0.5 ],
															"rotationZ": 10.0,
															"faces": {
																"east": { "texture": "#shoulder-sling-plain-wood", "uv": [ 7.5, 6.0, 8.5, 7.5 ] },
																"west": { "texture": "#shoulder-sling-plain-wood", "uv": [ 7.5, 6.0, 8.5, 7.5 ] }
															},
															"children": [
																{
																	"name": "segment_part_0_7",
																	"from": [ 0.0, 1.5, 0.4 ],
																	"to": [ 0.5, 2.3, 0.8 ],
																	"rotationOrigin": [ 0.5, 1.5, 0.4 ],
																	"faces": {
																		"east": { "texture": "#shoulder-sling-plain-wood", "uv": [ 7.5, 6.0, 8.0, 6.5 ] },
																		"west": { "texture": "#shoulder-sling-plain-wood", "uv": [ 7.5, 6.0, 8.0, 6.5 ] }
																	}
																}
															]
														},
														{
															"name": "segment_part_0_13",
															"from": [ 0.0, 1.0, 0.1 ],
															"to": [ 0.5, 2.0, 2.0 ],
															"rotationOrigin": [ 0.5, 1.0, 0.1 ],
															"faces": {
																"east": { "texture": "#shoulder-sling-plain-wood", "uv": [ 13.4, 6.0, 15.1, 7.0 ], "autoUv": false },
																"west": { "texture": "#shoulder-sling-plain-wood", "uv": [ 13.5, 6.0, 15.0, 7.0 ] }
															}
														}
													]
												},
												{
													"name": "segment_part_0_11",
													"from": [ 0.0, 1.0, 0.4 ],
													"to": [ 0.5, 2.0, 3.2 ],
													"rotationOrigin": [ 0.5, 1.0, 0.4 ],
													"faces": {
														"east": { "texture": "#shoulder-sling-plain-wood", "uv": [ 3.3, 1.0, 6.1, 2.0 ], "autoUv": false },
														"west": { "texture": "#shoulder-sling-plain-wood", "uv": [ 6.5, 1.0, 9.0, 2.0 ] }
													}
												}
											]
										},
										{
											"name": "segment_line_1",
											"from": [ -0.5, 0.9, 0.0 ],
											"to": [ 0.2, 2.4, 0.5 ],
											"rotationOrigin": [ 0.2, 0.9, 0.0 ],
											"rotationY": 14.7,
											"rotationZ": 72.0,
											"faces": {
												"north": { "texture": "#shoulder-sling-plain-metal", "uv": [ 8.0, 0.0, 8.5, 1.5 ] },
												"east": { "texture": "#shoulder-sling-plain-metal", "uv": [ 8.0, 0.0, 8.5, 1.5 ] },
												"south": { "texture": "#shoulder-sling-plain-metal", "uv": [ 8.0, 0.0, 8.5, 1.5 ] },
												"west": { "texture": "#shoulder-sling-plain-metal", "uv": [ 7.5, 0.0, 8.0, 1.5 ] }
											},
											"children": [
												{
													"name": "segment_part_0_8",
													"from": [ 0.0, 1.5, 0.0 ],
													"to": [ 0.7, 3.9, 0.5 ],
													"rotationOrigin": [ 0.7, 1.5, 0.0 ],
													"rotationZ": 8.3,
													"faces": {
														"north": { "texture": "#shoulder-sling-plain-metal", "uv": [ 8.0, 3.0, 8.5, 5.0 ], "windMode": [-1,-1,-1,-1] },
														"east": { "texture": "#shoulder-sling-plain-metal", "uv": [ 8.0, 3.0, 8.5, 5.0 ] },
														"south": { "texture": "#shoulder-sling-plain-metal", "uv": [ 8.5, 3.0, 9.0, 5.0 ] },
														"west": { "texture": "#shoulder-sling-plain-metal", "uv": [ 8.0, 3.0, 8.5, 5.0 ], "windMode": [-1,-1,-1,-1] }
													},
													"children": [
														{
															"name": "segment_part_0_9",
															"from": [ 0.0, 2.4, 0.0 ],
															"to": [ 0.7, 4.9, 0.5 ],
															"rotationOrigin": [ 0.7, 2.4, 0.0 ],
															"rotationZ": 10.0,
															"faces": {
																"north": { "texture": "#shoulder-sling-plain-wood", "uv": [ 8.0, 6.5, 8.5, 9.0 ] },
																"east": { "texture": "#shoulder-sling-plain-wood", "uv": [ 8.0, 6.5, 8.5, 9.0 ] },
																"south": { "texture": "#shoulder-sling-plain-wood", "uv": [ 8.5, 3.5, 9.0, 6.0 ] },
																"west": { "texture": "#shoulder-sling-plain-wood", "uv": [ 8.5, 5.5, 9.0, 8.0 ] }
															}
														}
													]
												}
											]
										},
										{
											"name": "segment_2",
											"from": [ 0.0, 0.01, 4.0 ],
											"to": [ 0.7, 0.91, 7.9 ],
											"rotationOrigin": [ 1.0, -0.1, 4.0 ],
											"rotationY": -30.0,
											"faces": {
												"north": { "texture": "#shoulder-sling-plain-metal", "uv": [ 0.0, 0.0, 0.5, 0.5 ] },
												"east": { "texture": "#shoulder-sling-plain-metal", "uv": [ 4.5, 4.0, 8.0, 5.0 ], "autoUv": false },
												"south": { "texture": "#shoulder-sling-plain-metal", "uv": [ 0.0, 0.0, 0.5, 0.5 ] },
												"west": { "texture": "#shoulder-sling-plain-metal", "uv": [ 0.0, 0.0, 3.5, 0.5 ] },
												"up": { "texture": "#shoulder-sling-plain-metal", "uv": [ 6.0, 4.0, 6.5, 7.5 ] },
												"down": { "texture": "#shoulder-sling-plain-metal", "uv": [ 0.0, 0.0, 0.5, 3.5 ] }
											},
											"children": [
												{
													"name": "segment_part_2",
													"from": [ 0.0, 0.7, 0.2 ],
													"to": [ 0.5, 1.7, 3.7 ],
													"rotationOrigin": [ 0.5, 0.7, 0.2 ],
													"rotationZ": 70.0,
													"faces": {
														"east": { "texture": "#shoulder-sling-plain-wood", "uv": [ 8.5, 0.0, 12.0, 1.0 ] },
														"west": { "texture": "#shoulder-sling-plain-wood", "uv": [ 8.5, 0.0, 12.0, 1.0 ] }
													},
													"children": [
														{
															"name": "segment_part_0_14",
															"from": [ 0.0, 2.0, 0.7 ],
															"to": [ 0.5, 3.0, 2.9 ],
															"rotationOrigin": [ 0.5, 2.0, 0.7 ],
															"rotationZ": 10.0,
															"faces": {
																"east": { "texture": "#shoulder-sling-plain-wood", "uv": [ 10.6, 5.5, 12.8, 6.5 ], "autoUv": false },
																"west": { "texture": "#shoulder-sling-plain-wood", "uv": [ 10.5, 5.5, 12.5, 6.5 ] }
															},
															"children": [
																{
																	"name": "segment_part_0_15",
																	"from": [ 0.0, 2.0, 0.5 ],
																	"to": [ 0.5, 3.5, 1.7 ],
																	"rotationOrigin": [ 0.5, 2.0, 0.5 ],
																	"rotationZ": 10.0,
																	"faces": {
																		"east": { "texture": "#shoulder-sling-plain-wood", "uv": [ 7.5, 6.0, 8.5, 7.5 ] },
																		"west": { "texture": "#shoulder-sling-plain-wood", "uv": [ 7.5, 6.0, 8.5, 7.5 ] }
																	},
																	"children": [
																		{
																			"name": "segment_part_0_16",
																			"from": [ 0.0, 1.5, 0.4 ],
																			"to": [ 0.5, 2.3, 0.8 ],
																			"rotationOrigin": [ 0.5, 1.5, 0.4 ],
																			"faces": {
																				"east": { "texture": "#shoulder-sling-plain-wood", "uv": [ 7.5, 6.0, 8.0, 6.5 ] },
																				"west": { "texture": "#shoulder-sling-plain-wood", "uv": [ 7.5, 6.0, 8.0, 6.5 ] }
																			}
																		}
																	]
																},
																{
																	"name": "segment_part_0_17",
																	"from": [ 0.0, 1.0, 0.1 ],
																	"to": [ 0.5, 2.0, 2.0 ],
																	"rotationOrigin": [ 0.5, 1.0, 0.1 ],
																	"faces": {
																		"east": { "texture": "#shoulder-sling-plain-wood", "uv": [ 6.9, 6.5, 8.6, 7.5 ], "autoUv": false },
																		"west": { "texture": "#shoulder-sling-plain-wood", "uv": [ 8.0, 5.5, 9.5, 6.5 ] }
																	}
																}
															]
														},
														{
															"name": "segment_part_0_18",
															"from": [ 0.0, 1.0, 0.4 ],
															"to": [ 0.5, 2.0, 3.2 ],
															"rotationOrigin": [ 0.5, 1.0, 0.4 ],
															"faces": {
																"east": { "texture": "#shoulder-sling-plain-wood", "uv": [ 3.3, 1.0, 6.1, 2.0 ], "autoUv": false },
																"west": { "texture": "#shoulder-sling-plain-wood", "uv": [ 6.5, 1.0, 9.0, 2.0 ] }
															}
														}
													]
												},
												{
													"name": "segment_line_2",
													"from": [ 0.0, 0.9, -0.2 ],
													"to": [ 0.7, 2.9, 0.3 ],
													"rotationOrigin": [ 0.8, 0.7, 0.05 ],
													"rotationY": 15.0,
													"rotationZ": 70.0,
													"faces": {
														"north": { "texture": "#shoulder-sling-plain-wood", "uv": [ 8.0, 0.0, 8.5, 2.0 ] },
														"east": { "texture": "#shoulder-sling-plain-wood", "uv": [ 8.0, 0.0, 8.5, 2.0 ] },
														"south": { "texture": "#shoulder-sling-plain-wood", "uv": [ 8.0, 0.0, 8.5, 2.0 ] },
														"west": { "texture": "#shoulder-sling-plain-wood", "uv": [ 7.5, 0.0, 8.0, 2.0 ] }
													},
													"children": [
														{
															"name": "segment_part_0_19",
															"from": [ 0.0, 2.0, 0.0 ],
															"to": [ 0.7, 4.4, 0.5 ],
															"rotationOrigin": [ 0.7, 2.0, 0.0 ],
															"rotationZ": 10.0,
															"faces": {
																"north": { "texture": "#shoulder-sling-plain-wood", "uv": [ 5.5, 6.5, 6.0, 8.5 ] },
																"east": { "texture": "#shoulder-sling-plain-wood", "uv": [ 5.5, 7.0, 6.0, 9.0 ] },
																"south": { "texture": "#shoulder-sling-plain-wood", "uv": [ 5.5, 6.5, 6.0, 8.5 ] },
																"west": { "texture": "#shoulder-sling-plain-wood", "uv": [ 6.5, 7.0, 7.0, 9.0 ] }
															},
															"children": [
																{
																	"name": "segment_part_0_20",
																	"from": [ 0.0, 2.4, 0.0 ],
																	"to": [ 0.7, 4.9, 0.5 ],
																	"rotationOrigin": [ 0.7, 2.4, 0.0 ],
																	"rotationZ": 11.0,
																	"faces": {
																		"north": { "texture": "#shoulder-sling-plain-wood", "uv": [ 8.0, 6.5, 8.5, 9.0 ] },
																		"east": { "texture": "#shoulder-sling-plain-wood", "uv": [ 8.0, 6.5, 8.5, 9.0 ] },
																		"south": { "texture": "#shoulder-sling-plain-wood", "uv": [ 8.5, 3.5, 9.0, 6.0 ] },
																		"west": { "texture": "#shoulder-sling-plain-wood", "uv": [ 8.5, 5.5, 9.0, 8.0 ] }
																	}
																}
															]
														}
													]
												},
												{
													"name": "segment_3",
													"from": [ 0.0, -0.01, 4.0 ],
													"to": [ 0.7, 0.89, 7.9 ],
													"rotationOrigin": [ 1.0, 0.0, 4.0 ],
													"rotationY": -30.0,
													"faces": {
														"north": { "texture": "#shoulder-sling-plain-metal", "uv": [ 0.0, 0.0, 0.5, 0.5 ] },
														"east": { "texture": "#shoulder-sling-plain-metal", "uv": [ 6.0, 4.0, 9.5, 5.0 ], "autoUv": false },
														"south": { "texture": "#shoulder-sling-plain-metal", "uv": [ 0.0, 0.0, 0.5, 0.5 ] },
														"west": { "texture": "#shoulder-sling-plain-metal", "uv": [ 0.0, 0.0, 3.5, 0.5 ] },
														"up": { "texture": "#shoulder-sling-plain-metal", "uv": [ 4.0, 2.0, 4.5, 5.5 ] },
														"down": { "texture": "#shoulder-sling-plain-metal", "uv": [ 0.0, 0.0, 0.5, 3.5 ] }
													},
													"children": [
														{
															"name": "segment_part_3",
															"from": [ 0.0, 0.7, 0.2 ],
															"to": [ 0.5, 1.7, 3.7 ],
															"rotationOrigin": [ 0.5, 0.7, 0.2 ],
															"rotationZ": 70.0,
															"faces": {
																"east": { "texture": "#shoulder-sling-plain-wood", "uv": [ 5.0, 0.0, 8.5, 1.0 ] },
																"west": { "texture": "#shoulder-sling-plain-wood", "uv": [ 7.0, 0.0, 10.5, 1.0 ] }
															},
															"children": [
																{
																	"name": "segment_part_0_21",
																	"from": [ 0.0, 2.0, 0.7 ],
																	"to": [ 0.5, 3.0, 2.9 ],
																	"rotationOrigin": [ 0.5, 2.0, 0.7 ],
																	"rotationZ": 10.0,
																	"faces": {
																		"east": { "texture": "#shoulder-sling-plain-wood", "uv": [ 7.6, 6.5, 9.8, 7.5 ], "autoUv": false },
																		"west": { "texture": "#shoulder-sling-plain-wood", "uv": [ 7.0, 6.5, 9.0, 7.5 ] }
																	},
																	"children": [
																		{
																			"name": "segment_part_0_22",
																			"from": [ 0.0, 2.0, 0.5 ],
																			"to": [ 0.5, 3.5, 1.7 ],
																			"rotationOrigin": [ 0.5, 2.0, 0.5 ],
																			"rotationZ": 10.0,
																			"faces": {
																				"east": { "texture": "#shoulder-sling-plain-wood", "uv": [ 7.5, 6.0, 8.5, 7.5 ] },
																				"west": { "texture": "#shoulder-sling-plain-metal", "uv": [ 7.5, 6.0, 8.5, 7.5 ] }
																			},
																			"children": [
																				{
																					"name": "segment_part_0_23",
																					"from": [ 0.0, 1.5, 0.4 ],
																					"to": [ 0.5, 2.3, 0.8 ],
																					"rotationOrigin": [ 0.5, 1.5, 0.4 ],
																					"faces": {
																						"east": { "texture": "#shoulder-sling-plain-wood", "uv": [ 7.5, 6.0, 8.0, 6.5 ] },
																						"west": { "texture": "#shoulder-sling-plain-wood", "uv": [ 7.5, 6.0, 8.0, 6.5 ] }
																					}
																				}
																			]
																		},
																		{
																			"name": "segment_part_0_24",
																			"from": [ 0.0, 1.0, 0.1 ],
																			"to": [ 0.5, 2.0, 2.0 ],
																			"rotationOrigin": [ 0.5, 1.0, 0.1 ],
																			"faces": {
																				"east": { "texture": "#shoulder-sling-plain-wood", "uv": [ 10.4, 5.5, 12.1, 6.5 ], "autoUv": false },
																				"west": { "texture": "#shoulder-sling-plain-wood", "uv": [ 9.5, 5.5, 11.0, 6.5 ] }
																			}
																		}
																	]
																},
																{
																	"name": "segment_part_0_25",
																	"from": [ 0.0, 1.0, 0.4 ],
																	"to": [ 0.5, 2.0, 3.2 ],
																	"rotationOrigin": [ 0.5, 1.0, 0.4 ],
																	"faces": {
																		"east": { "texture": "#shoulder-sling-plain-wood", "uv": [ 3.3, 1.0, 6.1, 2.0 ], "autoUv": false },
																		"west": { "texture": "#shoulder-sling-plain-wood", "uv": [ 6.5, 1.0, 9.0, 2.0 ] }
																	}
																}
															]
														},
														{
															"name": "segment_line_3",
															"from": [ 0.0, 0.9, -0.2 ],
															"to": [ 0.7, 2.9, 0.3 ],
															"rotationOrigin": [ 0.8, 0.7, 0.05 ],
															"rotationY": 15.0,
															"rotationZ": 69.8,
															"faces": {
																"north": { "texture": "#shoulder-sling-plain-wood", "uv": [ 8.0, 0.0, 8.5, 2.0 ] },
																"east": { "texture": "#shoulder-sling-plain-wood", "uv": [ 8.0, 0.0, 8.5, 2.0 ] },
																"south": { "texture": "#shoulder-sling-plain-wood", "uv": [ 8.0, 0.0, 8.5, 2.0 ] },
																"west": { "texture": "#shoulder-sling-plain-wood", "uv": [ 7.5, 0.0, 8.0, 2.0 ] }
															},
															"children": [
																{
																	"name": "segment_part_0_26",
																	"from": [ 0.0, 2.0, 0.0 ],
																	"to": [ 0.7, 4.4, 0.5 ],
																	"rotationOrigin": [ 0.7, 2.0, 0.0 ],
																	"rotationZ": 10.0,
																	"faces": {
																		"north": { "texture": "#shoulder-sling-plain-wood", "uv": [ 8.0, 5.5, 8.5, 7.5 ] },
																		"east": { "texture": "#shoulder-sling-plain-wood", "uv": [ 9.0, 5.5, 9.5, 7.5 ] },
																		"south": { "texture": "#shoulder-sling-plain-wood", "uv": [ 8.5, 5.0, 9.0, 7.0 ] },
																		"west": { "texture": "#shoulder-sling-plain-wood", "uv": [ 8.0, 6.0, 8.5, 8.0 ] }
																	},
																	"children": [
																		{
																			"name": "segment_part_0_27",
																			"from": [ 0.0, 2.4, 0.0 ],
																			"to": [ 0.7, 4.9, 0.5 ],
																			"rotationOrigin": [ 0.7, 2.4, 0.0 ],
																			"rotationZ": 12.0,
																			"faces": {
																				"north": { "texture": "#shoulder-sling-plain-wood", "uv": [ 8.0, 6.5, 8.5, 9.0 ] },
																				"east": { "texture": "#shoulder-sling-plain-wood", "uv": [ 8.0, 6.5, 8.5, 9.0 ] },
																				"south": { "texture": "#shoulder-sling-plain-wood", "uv": [ 8.5, 3.5, 9.0, 6.0 ] },
																				"west": { "texture": "#shoulder-sling-plain-wood", "uv": [ 8.5, 3.5, 9.0, 6.0 ] }
																			}
																		}
																	]
																}
															]
														},
														{
															"name": "segment_4",
															"from": [ 0.0, 0.01, 4.0 ],
															"to": [ 0.7, 0.91, 7.9 ],
															"rotationOrigin": [ 1.0, 0.0, 4.0 ],
															"rotationY": -30.0,
															"faces": {
																"north": { "texture": "#shoulder-sling-plain-metal", "uv": [ 0.0, 0.0, 0.5, 0.5 ] },
																"east": { "texture": "#shoulder-sling-plain-metal", "uv": [ 4.0, 3.5, 7.5, 4.5 ], "autoUv": false },
																"south": { "texture": "#shoulder-sling-plain-metal", "uv": [ 0.0, 0.0, 0.5, 0.5 ] },
																"west": { "texture": "#shoulder-sling-plain-metal", "uv": [ 0.0, 0.0, 3.5, 0.5 ] },
																"up": { "texture": "#shoulder-sling-plain-metal", "uv": [ 4.5, 3.5, 5.0, 7.0 ] },
																"down": { "texture": "#shoulder-sling-plain-metal", "uv": [ 0.0, 0.0, 0.5, 3.5 ] }
															},
															"children": [
																{
																	"name": "segment_part_4",
																	"from": [ 0.0, 0.7, 0.2 ],
																	"to": [ 0.5, 1.7, 3.7 ],
																	"rotationOrigin": [ 0.5, 0.7, 0.2 ],
																	"rotationZ": 70.0,
																	"faces": {
																		"east": { "texture": "#shoulder-sling-plain-wood", "uv": [ 1.5, 0.0, 5.0, 1.0 ] },
																		"west": { "texture": "#shoulder-sling-plain-wood", "uv": [ 3.5, 0.0, 7.0, 1.0 ] }
																	},
																	"children": [
																		{
																			"name": "segment_part_0_28",
																			"from": [ 0.0, 2.0, 0.7 ],
																			"to": [ 0.5, 3.0, 2.9 ],
																			"rotationOrigin": [ 0.5, 2.0, 0.7 ],
																			"rotationZ": 10.0,
																			"faces": {
																				"east": { "texture": "#shoulder-sling-plain-wood", "uv": [ 7.6, 5.5, 9.8, 6.5 ], "autoUv": false },
																				"west": { "texture": "#shoulder-sling-plain-wood", "uv": [ 8.5, 5.5, 10.5, 6.5 ] }
																			},
																			"children": [
																				{
																					"name": "segment_part_0_29",
																					"from": [ 0.0, 2.0, 0.5 ],
																					"to": [ 0.5, 3.5, 1.7 ],
																					"rotationOrigin": [ 0.5, 2.0, 0.5 ],
																					"rotationZ": 10.0,
																					"faces": {
																						"east": { "texture": "#shoulder-sling-plain-wood", "uv": [ 7.5, 6.0, 8.5, 7.5 ] },
																						"west": { "texture": "#shoulder-sling-plain-wood", "uv": [ 7.5, 6.0, 8.5, 7.5 ] }
																					},
																					"children": [
																						{
																							"name": "segment_part_0_30",
																							"from": [ 0.0, 1.5, 0.4 ],
																							"to": [ 0.5, 2.3, 0.8 ],
																							"rotationOrigin": [ 0.5, 1.5, 0.4 ],
																							"faces": {
																								"east": { "texture": "#shoulder-sling-plain-wood", "uv": [ 7.5, 6.0, 8.0, 6.5 ] },
																								"west": { "texture": "#shoulder-sling-plain-wood", "uv": [ 7.5, 6.0, 8.0, 6.5 ] }
																							}
																						}
																					]
																				},
																				{
																					"name": "segment_part_0_31",
																					"from": [ 0.0, 1.0, 0.1 ],
																					"to": [ 0.5, 2.0, 2.0 ],
																					"rotationOrigin": [ 0.5, 1.0, 0.1 ],
																					"faces": {
																						"east": { "texture": "#shoulder-sling-plain-wood", "uv": [ 4.9, 5.5, 6.6, 6.5 ], "autoUv": false },
																						"west": { "texture": "#shoulder-sling-plain-wood", "uv": [ 5.5, 5.0, 7.0, 6.0 ] }
																					}
																				}
																			]
																		},
																		{
																			"name": "segment_part_0_32",
																			"from": [ 0.0, 1.0, 0.4 ],
																			"to": [ 0.5, 2.0, 3.2 ],
																			"rotationOrigin": [ 0.5, 1.0, 0.4 ],
																			"faces": {
																				"east": { "texture": "#shoulder-sling-plain-wood", "uv": [ 3.3, 1.0, 6.1, 2.0 ], "autoUv": false },
																				"west": { "texture": "#shoulder-sling-plain-wood", "uv": [ 6.5, 1.0, 9.0, 2.0 ] }
																			}
																		}
																	]
																},
																{
																	"name": "segment_line_4",
																	"from": [ 0.0, 0.9, -0.2 ],
																	"to": [ 0.7, 2.9, 0.3 ],
																	"rotationOrigin": [ 0.8, 0.7, 0.05 ],
																	"rotationY": 15.0,
																	"rotationZ": 70.1,
																	"faces": {
																		"north": { "texture": "#shoulder-sling-plain-wood", "uv": [ 8.0, 0.0, 8.5, 2.0 ] },
																		"east": { "texture": "#shoulder-sling-plain-wood", "uv": [ 8.0, 0.0, 8.5, 2.0 ] },
																		"south": { "texture": "#shoulder-sling-plain-wood", "uv": [ 8.0, 0.0, 8.5, 2.0 ] },
																		"west": { "texture": "#shoulder-sling-plain-wood", "uv": [ 7.5, 0.0, 8.0, 2.0 ] }
																	},
																	"children": [
																		{
																			"name": "segment_part_0_33",
																			"from": [ 0.0, 2.0, 0.0 ],
																			"to": [ 0.7, 4.4, 0.5 ],
																			"rotationOrigin": [ 0.7, 2.0, 0.0 ],
																			"rotationZ": 9.8,
																			"faces": {
																				"north": { "texture": "#shoulder-sling-plain-wood", "uv": [ 8.5, 5.5, 9.0, 7.5 ] },
																				"east": { "texture": "#shoulder-sling-plain-wood", "uv": [ 8.5, 5.0, 9.0, 7.0 ] },
																				"south": { "texture": "#shoulder-sling-plain-wood", "uv": [ 7.5, 6.0, 8.0, 8.0 ] },
																				"west": { "texture": "#shoulder-sling-plain-wood", "uv": [ 7.5, 6.0, 8.0, 8.0 ] }
																			},
																			"children": [
																				{
																					"name": "segment_part_0_34",
																					"from": [ 0.0, 2.4, 0.0 ],
																					"to": [ 0.7, 4.9, 0.5 ],
																					"rotationOrigin": [ 0.7, 2.4, 0.0 ],
																					"rotationZ": 11.0,
																					"faces": {
																						"north": { "texture": "#shoulder-sling-plain-wood", "uv": [ 8.0, 6.5, 8.5, 9.0 ] },
																						"east": { "texture": "#shoulder-sling-plain-wood", "uv": [ 8.0, 6.5, 8.5, 9.0 ] },
																						"south": { "texture": "#shoulder-sling-plain-wood", "uv": [ 8.5, 3.5, 9.0, 6.0 ] },
																						"west": { "texture": "#shoulder-sling-plain-wood", "uv": [ 9.5, 6.0, 10.0, 8.5 ] }
																					}
																				}
																			]
																		}
																	]
																},
																{
																	"name": "segment_5",
																	"from": [ 0.0, -0.01, 4.0 ],
																	"to": [ 0.7, 0.89, 8.0 ],
																	"rotationOrigin": [ 1.0, 0.0, 4.0 ],
																	"rotationY": -30.0,
																	"faces": {
																		"north": { "texture": "#shoulder-sling-plain-metal", "uv": [ 0.0, 0.0, 0.5, 0.5 ] },
																		"east": { "texture": "#shoulder-sling-plain-metal", "uv": [ 1.5, 9.5, 5.5, 10.5 ], "autoUv": false },
																		"south": { "texture": "#shoulder-sling-plain-metal", "uv": [ 0.0, 0.0, 0.5, 0.5 ] },
																		"west": { "texture": "#shoulder-sling-plain-metal", "uv": [ 0.0, 0.0, 4.0, 0.5 ] },
																		"up": { "texture": "#shoulder-sling-plain-metal", "uv": [ 8.0, 1.5, 8.5, 5.5 ] },
																		"down": { "texture": "#shoulder-sling-plain-metal", "uv": [ 0.0, 0.0, 0.5, 4.0 ] }
																	},
																	"children": [
																		{
																			"name": "segment_part_5",
																			"from": [ 0.0, 0.7, 0.2 ],
																			"to": [ 0.5, 1.7, 3.7 ],
																			"rotationOrigin": [ 0.5, 0.7, 0.2 ],
																			"rotationZ": 70.0,
																			"faces": {
																				"east": { "texture": "#shoulder-sling-plain-wood", "uv": [ 4.0, 0.0, 7.5, 1.0 ] },
																				"west": { "texture": "#shoulder-sling-plain-wood", "uv": [ 6.0, 0.0, 9.5, 1.0 ] }
																			},
																			"children": [
																				{
																					"name": "segment_part_0_35",
																					"from": [ 0.0, 2.0, 0.7 ],
																					"to": [ 0.5, 3.0, 2.9 ],
																					"rotationOrigin": [ 0.5, 2.0, 0.7 ],
																					"rotationZ": 10.0,
																					"faces": {
																						"east": { "texture": "#shoulder-sling-plain-wood", "uv": [ 5.6, 6.5, 7.8, 7.5 ], "autoUv": false },
																						"west": { "texture": "#shoulder-sling-plain-wood", "uv": [ 6.5, 7.0, 8.5, 8.0 ] }
																					},
																					"children": [
																						{
																							"name": "segment_part_0_36",
																							"from": [ 0.0, 2.0, 0.5 ],
																							"to": [ 0.5, 3.5, 1.7 ],
																							"rotationOrigin": [ 0.5, 2.0, 0.5 ],
																							"rotationZ": 10.0,
																							"faces": {
																								"east": { "texture": "#shoulder-sling-plain-wood", "uv": [ 7.5, 6.0, 8.5, 7.5 ] },
																								"west": { "texture": "#shoulder-sling-plain-wood", "uv": [ 7.5, 6.0, 8.5, 7.5 ] }
																							},
																							"children": [
																								{
																									"name": "segment_part_0_37",
																									"from": [ 0.0, 1.5, 0.4 ],
																									"to": [ 0.5, 2.3, 0.8 ],
																									"rotationOrigin": [ 0.5, 1.5, 0.4 ],
																									"faces": {
																										"east": { "texture": "#shoulder-sling-plain-wood", "uv": [ 7.5, 6.0, 8.0, 6.5 ] },
																										"west": { "texture": "#shoulder-sling-plain-wood", "uv": [ 7.5, 6.0, 8.0, 6.5 ] }
																									}
																								}
																							]
																						},
																						{
																							"name": "segment_part_0_38",
																							"from": [ 0.0, 1.0, 0.1 ],
																							"to": [ 0.5, 2.0, 2.0 ],
																							"rotationOrigin": [ 0.5, 1.0, 0.1 ],
																							"faces": {
																								"east": { "texture": "#shoulder-sling-plain-wood", "uv": [ 7.4, 7.0, 9.1, 8.0 ], "autoUv": false },
																								"west": { "texture": "#shoulder-sling-plain-wood", "uv": [ 8.0, 6.5, 9.5, 7.5 ] }
																							}
																						}
																					]
																				},
																				{
																					"name": "segment_part_0_39",
																					"from": [ 0.0, 1.0, 0.4 ],
																					"to": [ 0.5, 2.0, 3.2 ],
																					"rotationOrigin": [ 0.5, 1.0, 0.4 ],
																					"faces": {
																						"east": { "texture": "#shoulder-sling-plain-wood", "uv": [ 3.3, 1.0, 6.1, 2.0 ], "autoUv": false },
																						"west": { "texture": "#shoulder-sling-plain-wood", "uv": [ 6.5, 1.0, 9.0, 2.0 ] }
																					}
																				}
																			]
																		},
																		{
																			"name": "segment_line_5",
																			"from": [ 0.0, 0.9, -0.2 ],
																			"to": [ 0.7, 2.9, 0.3 ],
																			"rotationOrigin": [ 0.8, 0.7, 0.05 ],
																			"rotationY": 15.0,
																			"rotationZ": 69.9,
																			"faces": {
																				"north": { "texture": "#shoulder-sling-plain-wood", "uv": [ 8.0, 0.0, 8.5, 2.0 ] },
																				"east": { "texture": "#shoulder-sling-plain-wood", "uv": [ 8.0, 0.0, 8.5, 2.0 ] },
																				"south": { "texture": "#shoulder-sling-plain-wood", "uv": [ 8.0, 0.0, 8.5, 2.0 ] },
																				"west": { "texture": "#shoulder-sling-plain-wood", "uv": [ 7.5, 0.0, 8.0, 2.0 ] }
																			},
																			"children": [
																				{
																					"name": "segment_part_0_40",
																					"from": [ 0.0, 2.0, 0.0 ],
																					"to": [ 0.7, 4.4, 0.5 ],
																					"rotationOrigin": [ 0.7, 2.0, 0.0 ],
																					"rotationZ": 10.0,
																					"faces": {
																						"north": { "texture": "#shoulder-sling-plain-wood", "uv": [ 8.0, 6.5, 8.5, 8.5 ] },
																						"east": { "texture": "#shoulder-sling-plain-wood", "uv": [ 8.0, 6.0, 8.5, 8.0 ] },
																						"south": { "texture": "#shoulder-sling-plain-wood", "uv": [ 7.5, 5.0, 8.0, 7.0 ] },
																						"west": { "texture": "#shoulder-sling-plain-wood", "uv": [ 7.5, 5.5, 8.0, 7.5 ] }
																					},
																					"children": [
																						{
																							"name": "segment_part_0_41",
																							"from": [ 0.0, 2.4, 0.0 ],
																							"to": [ 0.7, 4.9, 0.5 ],
																							"rotationOrigin": [ 0.7, 2.4, 0.0 ],
																							"rotationZ": 11.0,
																							"faces": {
																								"north": { "texture": "#shoulder-sling-plain-wood", "uv": [ 8.0, 6.5, 8.5, 9.0 ] },
																								"east": { "texture": "#shoulder-sling-plain-wood", "uv": [ 8.0, 6.5, 8.5, 9.0 ] },
																								"south": { "texture": "#shoulder-sling-plain-wood", "uv": [ 8.5, 3.5, 9.0, 6.0 ] },
																								"west": { "texture": "#shoulder-sling-plain-wood", "uv": [ 9.0, 5.5, 9.5, 8.0 ] }
																							}
																						}
																					]
																				}
																			]
																		},
																		{
																			"name": "segment_6",
																			"from": [ 0.0, 0.0, 4.0 ],
																			"to": [ 1.0, 0.7, 8.0 ],
																			"rotationOrigin": [ 1.0, 0.0, 4.0 ],
																			"rotationY": -30.0,
																			"faces": {
																			},
																			"children": [
																				{
																					"name": "segment_part_6",
																					"from": [ 0.0, 0.7, 0.2 ],
																					"to": [ 0.5, 1.7, 3.7 ],
																					"rotationOrigin": [ 0.5, 0.7, 0.2 ],
																					"rotationZ": 70.0,
																					"faces": {
																					},
																					"children": [
																						{
																							"name": "segment_part_0_42",
																							"from": [ 0.0, 2.0, 0.7 ],
																							"to": [ 0.5, 3.0, 2.9 ],
																							"rotationOrigin": [ 0.5, 2.0, 0.7 ],
																							"rotationZ": 10.0,
																							"faces": {
																							},
																							"children": [
																								{
																									"name": "segment_part_0_43",
																									"from": [ 0.0, 2.0, 0.5 ],
																									"to": [ 0.5, 3.5, 1.7 ],
																									"rotationOrigin": [ 0.5, 2.0, 0.5 ],
																									"rotationZ": 10.0,
																									"faces": {
																										"east": { "texture": "#shoulder-sling-plain-wood", "uv": [ 7.5, 6.0, 8.5, 7.5 ] },
																										"west": { "texture": "#shoulder-sling-plain-wood", "uv": [ 7.5, 6.0, 8.5, 7.5 ] }
																									},
																									"children": [
																										{
																											"name": "segment_part_0_44",
																											"from": [ 0.0, 1.5, 0.4 ],
																											"to": [ 0.5, 2.3, 0.8 ],
																											"rotationOrigin": [ 0.5, 1.5, 0.4 ],
																											"faces": {
																												"east": { "texture": "#shoulder-sling-plain-wood", "uv": [ 7.5, 6.0, 8.0, 6.5 ] },
																												"west": { "texture": "#shoulder-sling-plain-wood", "uv": [ 7.5, 6.0, 8.0, 6.5 ] }
																											}
																										}
																									]
																								},
																								{
																									"name": "segment_part_0_45",
																									"from": [ 0.0, 1.0, 0.1 ],
																									"to": [ 0.5, 2.0, 2.0 ],
																									"rotationOrigin": [ 0.5, 1.0, 0.1 ],
																									"faces": {
																									}
																								},
																								{
																									"name": "Cube2",
																									"from": [ -0.3, 1.4, -0.1 ],
																									"to": [ 0.55, 2.1, 2.3 ],
																									"rotationOrigin": [ -0.3, 1.4, -0.1 ],
																									"faces": {
																										"north": { "texture": "#shoulder-sling-plain-metal", "uv": [ 0.0, 0.0, 0.5, 0.5 ] },
																										"east": { "texture": "#shoulder-sling-plain-metal", "uv": [ 2.5, 4.5, 4.5, 5.0 ] },
																										"south": { "texture": "#shoulder-sling-plain-metal", "uv": [ 0.0, 0.0, 0.5, 0.5 ] },
																										"west": { "texture": "#shoulder-sling-plain-metal", "uv": [ 0.0, 0.0, 2.0, 0.5 ] },
																										"up": { "texture": "#shoulder-sling-plain-metal", "uv": [ 0.0, 0.0, 0.5, 2.0 ] },
																										"down": { "texture": "#shoulder-sling-plain-metal", "uv": [ 0.0, 0.0, 0.5, 2.0 ] }
																									}
																								}
																							]
																						},
																						{
																							"name": "segment_part_0_46",
																							"from": [ 0.0, 1.0, 0.4 ],
																							"to": [ 0.5, 2.0, 3.2 ],
																							"rotationOrigin": [ 0.5, 1.0, 0.4 ],
																							"faces": {
																							}
																						}
																					]
																				},
																				{
																					"name": "segment_line_6",
																					"from": [ -0.4, 0.9, -0.1 ],
																					"to": [ 0.3, 2.4, 0.4 ],
																					"rotationOrigin": [ 0.3, 0.9, 0.4 ],
																					"rotationY": 15.3,
																					"rotationZ": 72.0,
																					"faces": {
																						"north": { "texture": "#shoulder-sling-plain-metal", "uv": [ 8.0, 0.0, 8.5, 1.5 ] },
																						"east": { "texture": "#shoulder-sling-plain-metal", "uv": [ 8.0, 0.0, 8.5, 1.5 ] },
																						"south": { "texture": "#shoulder-sling-plain-metal", "uv": [ 8.0, 0.0, 8.5, 1.5 ] },
																						"west": { "texture": "#shoulder-sling-plain-metal", "uv": [ 7.5, 0.0, 8.0, 1.5 ] }
																					},
																					"children": [
																						{
																							"name": "segment_part_0_47",
																							"from": [ 0.0, 1.5, 0.0 ],
																							"to": [ 0.7, 3.9, 0.5 ],
																							"rotationOrigin": [ 0.7, 1.5, 0.0 ],
																							"rotationZ": 9.2,
																							"faces": {
																								"north": { "texture": "#shoulder-sling-plain-metal", "uv": [ 8.0, 3.0, 8.5, 5.0 ] },
																								"east": { "texture": "#shoulder-sling-plain-metal", "uv": [ 8.0, 3.0, 8.5, 5.0 ] },
																								"south": { "texture": "#shoulder-sling-plain-metal", "uv": [ 8.5, 3.0, 9.0, 5.0 ] },
																								"west": { "texture": "#shoulder-sling-plain-metal", "uv": [ 8.0, 3.0, 8.5, 5.0 ] }
																							},
																							"children": [
																								{
																									"name": "segment_part_0_48",
																									"from": [ 0.0, 2.4, 0.0 ],
																									"to": [ 0.7, 4.9, 0.5 ],
																									"rotationOrigin": [ 0.7, 2.4, 0.0 ],
																									"rotationZ": 8.0,
																									"faces": {
																										"north": { "texture": "#shoulder-sling-plain-wood", "uv": [ 8.0, 6.5, 8.5, 9.0 ] },
																										"east": { "texture": "#shoulder-sling-plain-wood", "uv": [ 8.0, 6.5, 8.5, 9.0 ] },
																										"south": { "texture": "#shoulder-sling-plain-wood", "uv": [ 8.5, 3.5, 9.0, 6.0 ] },
																										"west": { "texture": "#shoulder-sling-plain-wood", "uv": [ 8.5, 5.5, 9.0, 8.0 ] }
																									}
																								}
																							]
																						}
																					]
																				},
																				{
																					"name": "segment_7",
																					"from": [ 0.0, 0.01, 4.0 ],
																					"to": [ 0.7, 0.91, 7.9 ],
																					"rotationOrigin": [ 1.0, 0.0, 4.0 ],
																					"rotationY": -30.0,
																					"faces": {
																						"north": { "texture": "#shoulder-sling-plain-metal", "uv": [ 0.0, 0.0, 0.5, 0.5 ] },
																						"east": { "texture": "#shoulder-sling-plain-metal", "uv": [ 10.5, 3.0, 14.0, 4.0 ], "autoUv": false },
																						"south": { "texture": "#shoulder-sling-plain-metal", "uv": [ 0.0, 0.0, 0.5, 0.5 ] },
																						"west": { "texture": "#shoulder-sling-plain-metal", "uv": [ 0.0, 0.0, 3.5, 0.5 ] },
																						"up": { "texture": "#shoulder-sling-plain-metal", "uv": [ 3.0, 11.0, 3.5, 14.5 ] },
																						"down": { "texture": "#shoulder-sling-plain-metal", "uv": [ 0.0, 0.0, 0.5, 3.5 ] }
																					},
																					"children": [
																						{
																							"name": "segment_part_7",
																							"from": [ 0.0, 0.7, 0.2 ],
																							"to": [ 0.5, 1.7, 3.7 ],
																							"rotationOrigin": [ 0.5, 0.7, 0.2 ],
																							"rotationZ": 70.0,
																							"faces": {
																								"east": { "texture": "#shoulder-sling-plain-wood", "uv": [ 4.0, 0.0, 7.5, 1.0 ] },
																								"west": { "texture": "#shoulder-sling-plain-wood", "uv": [ 6.0, 0.0, 9.5, 1.0 ] }
																							},
																							"children": [
																								{
																									"name": "segment_part_0_49",
																									"from": [ 0.0, 2.0, 0.7 ],
																									"to": [ 0.5, 3.0, 2.9 ],
																									"rotationOrigin": [ 0.5, 2.0, 0.7 ],
																									"rotationZ": 10.0,
																									"faces": {
																										"east": { "texture": "#shoulder-sling-plain-wood", "uv": [ 6.6, 6.5, 8.8, 7.5 ], "autoUv": false },
																										"west": { "texture": "#shoulder-sling-plain-wood", "uv": [ 6.0, 6.0, 8.0, 7.0 ] }
																									},
																									"children": [
																										{
																											"name": "segment_part_0_50",
																											"from": [ 0.0, 2.0, 0.5 ],
																											"to": [ 0.5, 3.5, 1.7 ],
																											"rotationOrigin": [ 0.5, 2.0, 0.5 ],
																											"rotationZ": 10.0,
																											"faces": {
																												"east": { "texture": "#shoulder-sling-plain-wood", "uv": [ 7.5, 6.0, 8.5, 7.5 ] },
																												"west": { "texture": "#shoulder-sling-plain-wood", "uv": [ 7.5, 6.0, 8.5, 7.5 ] }
																											},
																											"children": [
																												{
																													"name": "segment_part_0_51",
																													"from": [ 0.0, 1.5, 0.4 ],
																													"to": [ 0.5, 2.3, 0.8 ],
																													"rotationOrigin": [ 0.5, 1.5, 0.4 ],
																													"faces": {
																														"east": { "texture": "#shoulder-sling-plain-wood", "uv": [ 7.5, 6.0, 8.0, 6.5 ] },
																														"west": { "texture": "#shoulder-sling-plain-wood", "uv": [ 7.5, 6.0, 8.0, 6.5 ] }
																													}
																												}
																											]
																										},
																										{
																											"name": "segment_part_0_52",
																											"from": [ 0.0, 1.0, 0.1 ],
																											"to": [ 0.5, 2.0, 2.0 ],
																											"rotationOrigin": [ 0.5, 1.0, 0.1 ],
																											"faces": {
																												"east": { "texture": "#shoulder-sling-plain-wood", "uv": [ 6.4, 7.0, 8.1, 8.0 ], "autoUv": false },
																												"west": { "texture": "#shoulder-sling-plain-wood", "uv": [ 8.0, 6.5, 9.5, 7.5 ] }
																											}
																										}
																									]
																								},
																								{
																									"name": "segment_part_0_53",
																									"from": [ 0.0, 1.0, 0.4 ],
																									"to": [ 0.5, 2.0, 3.2 ],
																									"rotationOrigin": [ 0.5, 1.0, 0.4 ],
																									"faces": {
																										"east": { "texture": "#shoulder-sling-plain-wood", "uv": [ 3.3, 1.0, 6.1, 2.0 ], "autoUv": false },
																										"west": { "texture": "#shoulder-sling-plain-wood", "uv": [ 6.5, 1.0, 9.0, 2.0 ] }
																									}
																								}
																							]
																						},
																						{
																							"name": "segment_line_7",
																							"from": [ -0.5, 0.9, 0.0 ],
																							"to": [ 0.2, 2.4, 0.5 ],
																							"rotationOrigin": [ 0.2, 0.9, 0.0 ],
																							"rotationY": 14.7,
																							"rotationZ": 72.0,
																							"faces": {
																								"north": { "texture": "#shoulder-sling-plain-metal", "uv": [ 8.0, 0.0, 8.5, 1.5 ] },
																								"east": { "texture": "#shoulder-sling-plain-metal", "uv": [ 8.0, 0.0, 8.5, 1.5 ] },
																								"south": { "texture": "#shoulder-sling-plain-metal", "uv": [ 8.0, 0.0, 8.5, 1.5 ] },
																								"west": { "texture": "#shoulder-sling-plain-metal", "uv": [ 7.5, 0.0, 8.0, 1.5 ] }
																							},
																							"children": [
																								{
																									"name": "segment_part_0_54",
																									"from": [ 0.0, 1.5, 0.0 ],
																									"to": [ 0.7, 3.9, 0.5 ],
																									"rotationOrigin": [ 0.7, 1.5, 0.0 ],
																									"rotationZ": 9.0,
																									"faces": {
																										"north": { "texture": "#shoulder-sling-plain-metal", "uv": [ 8.0, 3.0, 8.5, 5.0 ] },
																										"east": { "texture": "#shoulder-sling-plain-metal", "uv": [ 8.0, 3.0, 8.5, 5.0 ] },
																										"south": { "texture": "#shoulder-sling-plain-metal", "uv": [ 8.5, 3.0, 9.0, 5.0 ] },
																										"west": { "texture": "#shoulder-sling-plain-metal", "uv": [ 8.0, 3.0, 8.5, 5.0 ] }
																									},
																									"children": [
																										{
																											"name": "segment_part_0_55",
																											"from": [ 0.0, 2.4, 0.0 ],
																											"to": [ 0.7, 4.9, 0.5 ],
																											"rotationOrigin": [ 0.7, 2.4, 0.0 ],
																											"rotationZ": 9.0,
																											"faces": {
																												"north": { "texture": "#shoulder-sling-plain-wood", "uv": [ 8.0, 6.5, 8.5, 9.0 ] },
																												"east": { "texture": "#shoulder-sling-plain-wood", "uv": [ 8.0, 6.5, 8.5, 9.0 ] },
																												"south": { "texture": "#shoulder-sling-plain-wood", "uv": [ 8.5, 3.5, 9.0, 6.0 ] },
																												"west": { "texture": "#shoulder-sling-plain-wood", "uv": [ 8.5, 5.0, 9.0, 7.5 ] }
																											}
																										}
																									]
																								}
																							]
																						},
																						{
																							"name": "segment_8",
																							"from": [ 0.0, -0.01, 4.0 ],
																							"to": [ 0.7, 0.89, 7.9 ],
																							"rotationOrigin": [ 1.0, 0.0, 4.0 ],
																							"rotationY": -30.0,
																							"faces": {
																								"north": { "texture": "#shoulder-sling-plain-metal", "uv": [ 0.0, 0.0, 0.5, 0.5 ] },
																								"east": { "texture": "#shoulder-sling-plain-metal", "uv": [ 11.0, 5.5, 14.5, 6.5 ], "autoUv": false },
																								"south": { "texture": "#shoulder-sling-plain-metal", "uv": [ 0.0, 0.0, 0.5, 0.5 ] },
																								"west": { "texture": "#shoulder-sling-plain-metal", "uv": [ 0.0, 0.0, 3.5, 0.5 ] },
																								"up": { "texture": "#shoulder-sling-plain-metal", "uv": [ 8.5, 2.0, 9.0, 5.5 ] },
																								"down": { "texture": "#shoulder-sling-plain-metal", "uv": [ 0.0, 0.0, 0.5, 3.5 ] }
																							},
																							"children": [
																								{
																									"name": "segment_part_8",
																									"from": [ 0.0, 0.7, 0.2 ],
																									"to": [ 0.5, 1.7, 3.7 ],
																									"rotationOrigin": [ 0.5, 0.7, 0.2 ],
																									"rotationZ": 70.0,
																									"faces": {
																										"east": { "texture": "#shoulder-sling-plain-wood", "uv": [ 6.0, 0.0, 9.5, 1.0 ] },
																										"west": { "texture": "#shoulder-sling-plain-wood", "uv": [ 7.5, 0.0, 11.0, 1.0 ] }
																									},
																									"children": [
																										{
																											"name": "segment_part_0_56",
																											"from": [ 0.0, 2.0, 0.7 ],
																											"to": [ 0.5, 3.0, 2.9 ],
																											"rotationOrigin": [ 0.5, 2.0, 0.7 ],
																											"rotationZ": 10.0,
																											"faces": {
																												"east": { "texture": "#shoulder-sling-plain-wood", "uv": [ 12.6, 6.0, 14.8, 7.0 ], "autoUv": false },
																												"west": { "texture": "#shoulder-sling-plain-wood", "uv": [ 11.5, 6.0, 13.5, 7.0 ] }
																											},
																											"children": [
																												{
																													"name": "segment_part_0_57",
																													"from": [ 0.0, 2.0, 0.5 ],
																													"to": [ 0.5, 3.5, 1.7 ],
																													"rotationOrigin": [ 0.5, 2.0, 0.5 ],
																													"rotationZ": 10.0,
																													"faces": {
																														"east": { "texture": "#shoulder-sling-plain-wood", "uv": [ 7.5, 6.0, 8.5, 7.5 ] },
																														"west": { "texture": "#shoulder-sling-plain-wood", "uv": [ 7.5, 6.0, 8.5, 7.5 ] }
																													},
																													"children": [
																														{
																															"name": "segment_part_0_58",
																															"from": [ 0.0, 1.5, 0.4 ],
																															"to": [ 0.5, 2.3, 0.8 ],
																															"rotationOrigin": [ 0.5, 1.5, 0.4 ],
																															"faces": {
																																"east": { "texture": "#shoulder-sling-plain-wood", "uv": [ 7.5, 6.0, 8.0, 6.5 ] },
																																"west": { "texture": "#shoulder-sling-plain-wood", "uv": [ 7.5, 6.0, 8.0, 6.5 ] }
																															}
																														}
																													]
																												},
																												{
																													"name": "segment_part_0_59",
																													"from": [ 0.0, 1.0, 0.1 ],
																													"to": [ 0.5, 2.0, 2.0 ],
																													"rotationOrigin": [ 0.5, 1.0, 0.1 ],
																													"faces": {
																														"east": { "texture": "#shoulder-sling-plain-wood", "uv": [ 2.4, 5.5, 4.1, 6.5 ], "autoUv": false },
																														"west": { "texture": "#shoulder-sling-plain-wood", "uv": [ 3.0, 5.0, 4.5, 6.0 ] }
																													}
																												}
																											]
																										},
																										{
																											"name": "segment_part_0_60",
																											"from": [ 0.0, 1.0, 0.4 ],
																											"to": [ 0.5, 2.0, 3.2 ],
																											"rotationOrigin": [ 0.5, 1.0, 0.4 ],
																											"faces": {
																												"east": { "texture": "#shoulder-sling-plain-wood", "uv": [ 3.3, 1.0, 6.1, 2.0 ], "autoUv": false },
																												"west": { "texture": "#shoulder-sling-plain-wood", "uv": [ 6.5, 1.0, 9.0, 2.0 ] }
																											}
																										}
																									]
																								},
																								{
																									"name": "segment_line_8",
																									"from": [ 0.0, 0.9, -0.2 ],
																									"to": [ 0.7, 2.9, 0.3 ],
																									"rotationOrigin": [ 0.8, 0.7, 0.05 ],
																									"rotationY": 15.0,
																									"rotationZ": 69.7,
																									"faces": {
																										"north": { "texture": "#shoulder-sling-plain-wood", "uv": [ 8.0, 0.0, 8.5, 2.0 ] },
																										"east": { "texture": "#shoulder-sling-plain-wood", "uv": [ 8.0, 0.0, 8.5, 2.0 ] },
																										"south": { "texture": "#shoulder-sling-plain-wood", "uv": [ 8.0, 0.0, 8.5, 2.0 ] },
																										"west": { "texture": "#shoulder-sling-plain-wood", "uv": [ 7.5, 0.0, 8.0, 2.0 ] }
																									},
																									"children": [
																										{
																											"name": "segment_part_0_61",
																											"from": [ 0.0, 2.0, 0.0 ],
																											"to": [ 0.7, 4.4, 0.5 ],
																											"rotationOrigin": [ 0.7, 2.0, 0.0 ],
																											"rotationZ": 10.3,
																											"faces": {
																												"north": { "texture": "#shoulder-sling-plain-wood", "uv": [ 6.0, 7.0, 6.5, 9.0 ] },
																												"east": { "texture": "#shoulder-sling-plain-wood", "uv": [ 6.0, 6.5, 6.5, 8.5 ] },
																												"south": { "texture": "#shoulder-sling-plain-wood", "uv": [ 8.5, 3.0, 9.0, 5.0 ] },
																												"west": { "texture": "#shoulder-sling-plain-wood", "uv": [ 8.0, 3.0, 8.5, 5.0 ] }
																											},
																											"children": [
																												{
																													"name": "segment_part_0_62",
																													"from": [ 0.0, 2.4, 0.0 ],
																													"to": [ 0.7, 4.9, 0.5 ],
																													"rotationOrigin": [ 0.7, 2.4, 0.0 ],
																													"rotationZ": 11.0,
																													"faces": {
																														"north": { "texture": "#shoulder-sling-plain-wood", "uv": [ 8.0, 6.5, 8.5, 9.0 ] },
																														"east": { "texture": "#shoulder-sling-plain-wood", "uv": [ 7.0, 5.0, 7.5, 7.5 ] },
																														"south": { "texture": "#shoulder-sling-plain-wood", "uv": [ 8.0, 5.5, 8.5, 8.0 ] },
																														"west": { "texture": "#shoulder-sling-plain-wood", "uv": [ 8.0, 5.5, 8.5, 8.0 ] }
																													}
																												}
																											]
																										}
																									]
																								},
																								{
																									"name": "segment_9",
																									"from": [ 0.0, 0.01, 4.0 ],
																									"to": [ 0.7, 0.91, 7.9 ],
																									"rotationOrigin": [ 1.0, 0.0, 4.0 ],
																									"rotationY": -30.0,
																									"faces": {
																										"north": { "texture": "#shoulder-sling-plain-metal", "uv": [ 0.0, 0.0, 0.5, 0.5 ] },
																										"east": { "texture": "#shoulder-sling-plain-metal", "uv": [ 11.5, 10.0, 15.0, 11.0 ], "autoUv": false },
																										"south": { "texture": "#shoulder-sling-plain-metal", "uv": [ 0.0, 0.0, 0.5, 0.5 ] },
																										"west": { "texture": "#shoulder-sling-plain-metal", "uv": [ 0.0, 0.0, 3.5, 0.5 ] },
																										"up": { "texture": "#shoulder-sling-plain-metal", "uv": [ 7.5, 5.0, 8.0, 8.5 ] },
																										"down": { "texture": "#shoulder-sling-plain-metal", "uv": [ 0.0, 0.0, 0.5, 3.5 ] }
																									},
																									"children": [
																										{
																											"name": "segment_part_9",
																											"from": [ 0.0, 0.7, 0.2 ],
																											"to": [ 0.5, 1.7, 3.7 ],
																											"rotationOrigin": [ 0.5, 0.7, 0.2 ],
																											"rotationZ": 70.0,
																											"faces": {
																												"east": { "texture": "#shoulder-sling-plain-wood", "uv": [ 2.0, 0.0, 5.5, 1.0 ] },
																												"west": { "texture": "#shoulder-sling-plain-wood", "uv": [ 3.5, 0.0, 7.0, 1.0 ] }
																											},
																											"children": [
																												{
																													"name": "segment_part_0_63",
																													"from": [ 0.0, 2.0, 0.7 ],
																													"to": [ 0.5, 3.0, 2.9 ],
																													"rotationOrigin": [ 0.5, 2.0, 0.7 ],
																													"rotationZ": 10.0,
																													"faces": {
																														"east": { "texture": "#shoulder-sling-plain-wood", "uv": [ 3.6, 5.0, 5.8, 6.0 ], "autoUv": false },
																														"west": { "texture": "#shoulder-sling-plain-wood", "uv": [ 6.5, 5.5, 8.5, 6.5 ] }
																													},
																													"children": [
																														{
																															"name": "segment_part_0_64",
																															"from": [ 0.0, 2.0, 0.5 ],
																															"to": [ 0.5, 3.5, 1.7 ],
																															"rotationOrigin": [ 0.5, 2.0, 0.5 ],
																															"rotationZ": 10.0,
																															"faces": {
																																"east": { "texture": "#shoulder-sling-plain-wood", "uv": [ 7.5, 6.0, 8.5, 7.5 ] },
																																"west": { "texture": "#shoulder-sling-plain-metal", "uv": [ 7.5, 6.0, 8.5, 7.5 ] }
																															},
																															"children": [
																																{
																																	"name": "segment_part_0_65",
																																	"from": [ 0.0, 1.5, 0.4 ],
																																	"to": [ 0.5, 2.3, 0.8 ],
																																	"rotationOrigin": [ 0.5, 1.5, 0.4 ],
																																	"faces": {
																																		"east": { "texture": "#shoulder-sling-plain-wood", "uv": [ 7.5, 6.0, 8.0, 6.5 ] },
																																		"west": { "texture": "#shoulder-sling-plain-wood", "uv": [ 7.5, 6.0, 8.0, 6.5 ] }
																																	}
																																}
																															]
																														},
																														{
																															"name": "segment_part_0_66",
																															"from": [ 0.0, 1.0, 0.1 ],
																															"to": [ 0.5, 2.0, 2.0 ],
																															"rotationOrigin": [ 0.5, 1.0, 0.1 ],
																															"faces": {
																																"east": { "texture": "#shoulder-sling-plain-wood", "uv": [ 3.4, 5.0, 5.1, 6.0 ], "autoUv": false },
																																"west": { "texture": "#shoulder-sling-plain-wood", "uv": [ 4.5, 4.5, 6.0, 5.5 ] }
																															}
																														}
																													]
																												},
																												{
																													"name": "segment_part_0_67",
																													"from": [ 0.0, 1.0, 0.4 ],
																													"to": [ 0.5, 2.0, 3.2 ],
																													"rotationOrigin": [ 0.5, 1.0, 0.4 ],
																													"faces": {
																														"east": { "texture": "#shoulder-sling-plain-wood", "uv": [ 3.3, 1.0, 6.1, 2.0 ], "autoUv": false },
																														"west": { "texture": "#shoulder-sling-plain-wood", "uv": [ 6.5, 1.0, 9.0, 2.0 ] }
																													}
																												}
																											]
																										},
																										{
																											"name": "segment_line_9",
																											"from": [ 0.0, 0.9, -0.2 ],
																											"to": [ 0.7, 2.9, 0.3 ],
																											"rotationOrigin": [ 0.8, 0.7, 0.05 ],
																											"rotationY": 15.0,
																											"rotationZ": 70.0,
																											"faces": {
																												"north": { "texture": "#shoulder-sling-plain-wood", "uv": [ 8.0, 0.0, 8.5, 2.0 ] },
																												"east": { "texture": "#shoulder-sling-plain-wood", "uv": [ 8.0, 0.0, 8.5, 2.0 ] },
																												"south": { "texture": "#shoulder-sling-plain-wood", "uv": [ 8.0, 0.0, 8.5, 2.0 ] },
																												"west": { "texture": "#shoulder-sling-plain-wood", "uv": [ 7.5, 0.0, 8.0, 2.0 ] }
																											},
																											"children": [
																												{
																													"name": "segment_part_0_68",
																													"from": [ 0.0, 2.0, 0.0 ],
																													"to": [ 0.7, 4.4, 0.5 ],
																													"rotationOrigin": [ 0.7, 2.0, 0.0 ],
																													"rotationZ": 10.0,
																													"faces": {
																														"north": { "texture": "#shoulder-sling-plain-wood", "uv": [ 5.5, 6.0, 6.0, 8.0 ] },
																														"east": { "texture": "#shoulder-sling-plain-wood", "uv": [ 6.5, 6.0, 7.0, 8.0 ] },
																														"south": { "texture": "#shoulder-sling-plain-wood", "uv": [ 5.5, 6.0, 6.0, 8.0 ] },
																														"west": { "texture": "#shoulder-sling-plain-wood", "uv": [ 5.5, 6.0, 6.0, 8.0 ] }
																													},
																													"children": [
																														{
																															"name": "segment_part_0_69",
																															"from": [ 0.0, 2.4, 0.0 ],
																															"to": [ 0.7, 4.9, 0.5 ],
																															"rotationOrigin": [ 0.7, 2.4, 0.0 ],
																															"rotationZ": 11.0,
																															"faces": {
																																"north": { "texture": "#shoulder-sling-plain-wood", "uv": [ 8.0, 6.5, 8.5, 9.0 ] },
																																"east": { "texture": "#shoulder-sling-plain-wood", "uv": [ 8.0, 6.5, 8.5, 9.0 ] },
																																"south": { "texture": "#shoulder-sling-plain-wood", "uv": [ 8.5, 3.5, 9.0, 6.0 ] },
																																"west": { "texture": "#shoulder-sling-plain-wood", "uv": [ 8.5, 5.5, 9.0, 8.0 ] }
																															}
																														}
																													]
																												}
																											]
																										},
																										{
																											"name": "segment_10",
																											"from": [ 0.0, -0.01, 4.0 ],
																											"to": [ 0.7, 0.89, 7.9 ],
																											"rotationOrigin": [ 1.0, 0.0, 4.0 ],
																											"rotationY": -30.0,
																											"faces": {
																												"north": { "texture": "#shoulder-sling-plain-metal", "uv": [ 0.0, 0.0, 0.5, 0.5 ] },
																												"east": { "texture": "#shoulder-sling-plain-metal", "uv": [ 4.5, 11.5, 8.0, 12.5 ], "autoUv": false },
																												"south": { "texture": "#shoulder-sling-plain-metal", "uv": [ 0.0, 0.0, 0.5, 0.5 ] },
																												"west": { "texture": "#shoulder-sling-plain-metal", "uv": [ 0.0, 0.0, 3.5, 0.5 ] },
																												"up": { "texture": "#shoulder-sling-plain-metal", "uv": [ 8.0, 6.0, 8.5, 9.5 ] },
																												"down": { "texture": "#shoulder-sling-plain-metal", "uv": [ 0.0, 0.0, 0.5, 3.5 ] }
																											},
																											"children": [
																												{
																													"name": "segment_part_10",
																													"from": [ 0.0, 0.7, 0.2 ],
																													"to": [ 0.5, 1.7, 3.7 ],
																													"rotationOrigin": [ 0.5, 0.7, 0.2 ],
																													"rotationZ": 70.0,
																													"faces": {
																														"east": { "texture": "#shoulder-sling-plain-wood", "uv": [ 4.0, 0.0, 7.5, 1.0 ] },
																														"west": { "texture": "#shoulder-sling-plain-wood", "uv": [ 6.0, 0.0, 9.5, 1.0 ] }
																													},
																													"children": [
																														{
																															"name": "segment_part_0_70",
																															"from": [ 0.0, 2.0, 0.7 ],
																															"to": [ 0.5, 3.0, 2.9 ],
																															"rotationOrigin": [ 0.5, 2.0, 0.7 ],
																															"rotationZ": 10.0,
																															"faces": {
																																"east": { "texture": "#shoulder-sling-plain-wood", "uv": [ 9.1, 5.5, 11.3, 6.5 ], "autoUv": false },
																																"west": { "texture": "#shoulder-sling-plain-wood", "uv": [ 9.0, 5.5, 11.0, 6.5 ] }
																															},
																															"children": [
																																{
																																	"name": "segment_part_0_71",
																																	"from": [ 0.0, 2.0, 0.5 ],
																																	"to": [ 0.5, 3.5, 1.7 ],
																																	"rotationOrigin": [ 0.5, 2.0, 0.5 ],
																																	"rotationZ": 10.0,
																																	"faces": {
																																		"east": { "texture": "#shoulder-sling-plain-wood", "uv": [ 7.5, 6.0, 8.5, 7.5 ] },
																																		"west": { "texture": "#shoulder-sling-plain-wood", "uv": [ 7.5, 6.0, 8.5, 7.5 ] }
																																	},
																																	"children": [
																																		{
																																			"name": "segment_part_0_72",
																																			"from": [ 0.0, 1.5, 0.4 ],
																																			"to": [ 0.5, 2.3, 0.8 ],
																																			"rotationOrigin": [ 0.5, 1.5, 0.4 ],
																																			"faces": {
																																				"east": { "texture": "#shoulder-sling-plain-wood", "uv": [ 7.5, 6.0, 8.0, 6.5 ] },
																																				"west": { "texture": "#shoulder-sling-plain-wood", "uv": [ 7.5, 6.0, 8.0, 6.5 ] }
																																			}
																																		}
																																	]
																																},
																																{
																																	"name": "segment_part_0_73",
																																	"from": [ 0.0, 1.0, 0.1 ],
																																	"to": [ 0.5, 2.0, 2.0 ],
																																	"rotationOrigin": [ 0.5, 1.0, 0.1 ],
																																	"faces": {
																																		"east": { "texture": "#shoulder-sling-plain-wood", "uv": [ 6.9, 7.5, 8.6, 8.5 ], "autoUv": false },
																																		"west": { "texture": "#shoulder-sling-plain-wood", "uv": [ 6.5, 6.5, 8.0, 7.5 ] }
																																	}
																																}
																															]
																														},
																														{
																															"name": "segment_part_0_74",
																															"from": [ 0.0, 1.0, 0.4 ],
																															"to": [ 0.5, 2.0, 3.2 ],
																															"rotationOrigin": [ 0.5, 1.0, 0.4 ],
																															"faces": {
																																"east": { "texture": "#shoulder-sling-plain-wood", "uv": [ 3.3, 1.0, 6.1, 2.0 ], "autoUv": false },
																																"west": { "texture": "#shoulder-sling-plain-wood", "uv": [ 6.5, 1.0, 9.0, 2.0 ] }
																															}
																														}
																													]
																												},
																												{
																													"name": "segment_line_10",
																													"from": [ 0.0, 0.9, -0.2 ],
																													"to": [ 0.7, 2.9, 0.3 ],
																													"rotationOrigin": [ 0.8, 0.7, 0.05 ],
																													"rotationY": 15.0,
																													"rotationZ": 69.7,
																													"faces": {
																														"north": { "texture": "#shoulder-sling-plain-wood", "uv": [ 8.0, 0.0, 8.5, 2.0 ] },
																														"east": { "texture": "#shoulder-sling-plain-wood", "uv": [ 8.0, 0.0, 8.5, 2.0 ] },
																														"south": { "texture": "#shoulder-sling-plain-wood", "uv": [ 8.0, 0.0, 8.5, 2.0 ] },
																														"west": { "texture": "#shoulder-sling-plain-wood", "uv": [ 7.5, 0.0, 8.0, 2.0 ] }
																													},
																													"children": [
																														{
																															"name": "segment_part_0_75",
																															"from": [ 0.0, 2.0, 0.0 ],
																															"to": [ 0.7, 4.4, 0.5 ],
																															"rotationOrigin": [ 0.7, 2.0, 0.0 ],
																															"rotationZ": 10.5,
																															"faces": {
																																"north": { "texture": "#shoulder-sling-plain-wood", "uv": [ 9.0, 6.0, 9.5, 8.0 ] },
																																"east": { "texture": "#shoulder-sling-plain-wood", "uv": [ 8.5, 6.0, 9.0, 8.0 ] },
																																"south": { "texture": "#shoulder-sling-plain-wood", "uv": [ 7.5, 6.0, 8.0, 8.0 ] },
																																"west": { "texture": "#shoulder-sling-plain-wood", "uv": [ 8.0, 6.0, 8.5, 8.0 ] }
																															},
																															"children": [
																																{
																																	"name": "segment_part_0_76",
																																	"from": [ 0.0, 2.4, 0.0 ],
																																	"to": [ 0.7, 4.9, 0.5 ],
																																	"rotationOrigin": [ 0.7, 2.4, 0.0 ],
																																	"rotationZ": 11.0,
																																	"faces": {
																																		"north": { "texture": "#shoulder-sling-plain-wood", "uv": [ 8.0, 6.5, 8.5, 9.0 ] },
																																		"east": { "texture": "#shoulder-sling-plain-wood", "uv": [ 8.0, 6.5, 8.5, 9.0 ] },
																																		"south": { "texture": "#shoulder-sling-plain-wood", "uv": [ 8.5, 3.5, 9.0, 6.0 ] },
																																		"west": { "texture": "#shoulder-sling-plain-wood", "uv": [ 8.5, 3.5, 9.0, 6.0 ] }
																																	}
																																}
																															]
																														}
																													]
																												},
																												{
																													"name": "segment_11",
																													"from": [ 0.0, 0.01, 4.0 ],
																													"to": [ 0.7, 0.91, 8.0 ],
																													"rotationOrigin": [ 1.0, 0.0, 4.0 ],
																													"rotationY": -30.0,
																													"faces": {
																														"north": { "texture": "#shoulder-sling-plain-metal", "uv": [ 0.0, 0.0, 0.5, 0.5 ] },
																														"east": { "texture": "#shoulder-sling-plain-metal", "uv": [ 10.0, 13.0, 14.0, 14.0 ], "autoUv": false },
																														"south": { "texture": "#shoulder-sling-plain-metal", "uv": [ 0.0, 0.0, 0.5, 0.5 ] },
																														"west": { "texture": "#shoulder-sling-plain-metal", "uv": [ 0.0, 0.0, 4.0, 0.5 ] },
																														"up": { "texture": "#shoulder-sling-plain-metal", "uv": [ 7.0, 4.5, 7.5, 8.5 ] },
																														"down": { "texture": "#shoulder-sling-plain-metal", "uv": [ 0.0, 0.0, 0.5, 4.0 ] }
																													},
																													"children": [
																														{
																															"name": "segment_part_11",
																															"from": [ 0.0, 0.7, 0.2 ],
																															"to": [ 0.5, 1.7, 3.7 ],
																															"rotationOrigin": [ 0.5, 0.7, 0.2 ],
																															"rotationZ": 70.0,
																															"faces": {
																																"east": { "texture": "#shoulder-sling-plain-wood", "uv": [ 4.0, 0.0, 7.5, 1.0 ] },
																																"west": { "texture": "#shoulder-sling-plain-wood", "uv": [ 6.0, 0.0, 9.5, 1.0 ] }
																															},
																															"children": [
																																{
																																	"name": "segment_part_0_77",
																																	"from": [ 0.0, 2.0, 0.7 ],
																																	"to": [ 0.5, 3.0, 2.9 ],
																																	"rotationOrigin": [ 0.5, 2.0, 0.7 ],
																																	"rotationZ": 10.0,
																																	"faces": {
																																		"east": { "texture": "#shoulder-sling-plain-wood", "uv": [ 4.6, 3.0, 6.8, 4.0 ], "autoUv": false },
																																		"west": { "texture": "#shoulder-sling-plain-wood", "uv": [ 5.0, 4.5, 7.0, 5.5 ] }
																																	},
																																	"children": [
																																		{
																																			"name": "segment_part_0_78",
																																			"from": [ 0.0, 2.0, 0.5 ],
																																			"to": [ 0.5, 3.5, 1.7 ],
																																			"rotationOrigin": [ 0.5, 2.0, 0.5 ],
																																			"rotationZ": 10.0,
																																			"faces": {
																																				"east": { "texture": "#shoulder-sling-plain-wood", "uv": [ 7.5, 6.0, 8.5, 7.5 ] },
																																				"west": { "texture": "#shoulder-sling-plain-wood", "uv": [ 7.5, 6.0, 8.5, 7.5 ] }
																																			},
																																			"children": [
																																				{
																																					"name": "segment_part_0_79",
																																					"from": [ 0.0, 1.5, 0.4 ],
																																					"to": [ 0.5, 2.3, 0.8 ],
																																					"rotationOrigin": [ 0.5, 1.5, 0.4 ],
																																					"faces": {
																																						"east": { "texture": "#shoulder-sling-plain-wood", "uv": [ 7.5, 6.0, 8.0, 6.5 ] },
																																						"west": { "texture": "#shoulder-sling-plain-wood", "uv": [ 7.5, 6.0, 8.0, 6.5 ] }
																																					}
																																				}
																																			]
																																		},
																																		{
																																			"name": "segment_part_0_80",
																																			"from": [ 0.0, 1.0, 0.1 ],
																																			"to": [ 0.5, 2.0, 2.0 ],
																																			"rotationOrigin": [ 0.5, 1.0, 0.1 ],
																																			"faces": {
																																				"east": { "texture": "#shoulder-sling-plain-wood", "uv": [ 7.4, 6.0, 9.1, 7.0 ], "autoUv": false },
																																				"west": { "texture": "#shoulder-sling-plain-wood", "uv": [ 4.5, 2.5, 6.0, 3.5 ] }
																																			}
																																		}
																																	]
																																},
																																{
																																	"name": "segment_part_0_81",
																																	"from": [ 0.0, 1.0, 0.4 ],
																																	"to": [ 0.5, 2.0, 3.2 ],
																																	"rotationOrigin": [ 0.5, 1.0, 0.4 ],
																																	"faces": {
																																		"east": { "texture": "#shoulder-sling-plain-wood", "uv": [ 3.3, 1.0, 6.1, 2.0 ], "autoUv": false },
																																		"west": { "texture": "#shoulder-sling-plain-wood", "uv": [ 6.5, 1.0, 9.0, 2.0 ] }
																																	}
																																}
																															]
																														},
																														{
																															"name": "segment_line_11",
																															"from": [ 0.0, 0.9, -0.2 ],
																															"to": [ 0.7, 2.9, 0.3 ],
																															"rotationOrigin": [ 0.8, 0.7, 0.05 ],
																															"rotationY": 15.0,
																															"rotationZ": 69.9,
																															"faces": {
																																"north": { "texture": "#shoulder-sling-plain-wood", "uv": [ 8.0, 0.0, 8.5, 2.0 ] },
																																"east": { "texture": "#shoulder-sling-plain-wood", "uv": [ 8.0, 0.0, 8.5, 2.0 ] },
																																"south": { "texture": "#shoulder-sling-plain-wood", "uv": [ 8.0, 0.0, 8.5, 2.0 ] },
																																"west": { "texture": "#shoulder-sling-plain-wood", "uv": [ 7.5, 0.0, 8.0, 2.0 ] }
																															},
																															"children": [
																																{
																																	"name": "segment_part_0_82",
																																	"from": [ 0.0, 2.0, 0.0 ],
																																	"to": [ 0.7, 4.4, 0.5 ],
																																	"rotationOrigin": [ 0.7, 2.0, 0.0 ],
																																	"rotationZ": 10.0,
																																	"faces": {
																																		"north": { "texture": "#shoulder-sling-plain-wood", "uv": [ 7.0, 5.5, 7.5, 7.5 ] },
																																		"east": { "texture": "#shoulder-sling-plain-wood", "uv": [ 7.5, 6.0, 8.0, 8.0 ] },
																																		"south": { "texture": "#shoulder-sling-plain-wood", "uv": [ 8.0, 5.5, 8.5, 7.5 ] },
																																		"west": { "texture": "#shoulder-sling-plain-wood", "uv": [ 7.5, 5.5, 8.0, 7.5 ] }
																																	},
																																	"children": [
																																		{
																																			"name": "segment_part_0_83",
																																			"from": [ 0.0, 2.4, 0.0 ],
																																			"to": [ 0.7, 4.9, 0.5 ],
																																			"rotationOrigin": [ 0.7, 2.4, 0.0 ],
																																			"rotationZ": 11.0,
																																			"faces": {
																																				"north": { "texture": "#shoulder-sling-plain-wood", "uv": [ 8.0, 6.5, 8.5, 9.0 ] },
																																				"east": { "texture": "#shoulder-sling-plain-wood", "uv": [ 8.0, 6.5, 8.5, 9.0 ] },
																																				"south": { "texture": "#shoulder-sling-plain-wood", "uv": [ 8.5, 3.5, 9.0, 6.0 ] },
																																				"west": { "texture": "#shoulder-sling-plain-wood", "uv": [ 9.0, 4.5, 9.5, 7.0 ] }
																																			}
																																		}
																																	]
																																}
																															]
																														}
																													]
																												}
																											]
																										}
																									]
																								}
																							]
																						}
																					]
																				}
																			]
																		}
																	]
																}
															]
														}
													]
												}
											]
										}
									]
								}
							]
						},
						{
							"name": "Middle",
							"from": [ 0.0, 0.0, 0.0 ],
							"to": [ 0.0, 0.0, 0.0 ],
							"faces": {
								"north": { "texture": "#shoulder-sling-plain-wood", "uv": [ 0.0, 0.0, 0.5, 0.5 ] },
								"east": { "texture": "#shoulder-sling-plain-wood", "uv": [ 0.0, 0.0, 0.5, 0.5 ] },
								"south": { "texture": "#shoulder-sling-plain-wood", "uv": [ 0.0, 0.0, 0.5, 0.5 ] },
								"west": { "texture": "#shoulder-sling-plain-wood", "uv": [ 0.0, 0.0, 0.5, 0.5 ] },
								"up": { "texture": "#shoulder-sling-plain-wood", "uv": [ 0.0, 0.0, 0.5, 0.5 ] },
								"down": { "texture": "#shoulder-sling-plain-wood", "uv": [ 0.0, 0.0, 0.5, 0.5 ] }
							},
							"children": [
								{
									"name": "middle_0",
									"from": [ -1.5, 1.0, -1.5 ],
									"to": [ 1.5, 1.64, 1.5 ],
									"rotationOrigin": [ -1.5, 1.0, -1.5 ],
									"faces": {
										"north": { "texture": "#shoulder-sling-plain-metal", "uv": [ 0.0, 0.0, 3.0, 0.5 ] },
										"east": { "texture": "#shoulder-sling-plain-metal", "uv": [ 0.0, 0.0, 3.0, 0.5 ] },
										"south": { "texture": "#shoulder-sling-plain-metal", "uv": [ 0.0, 0.0, 3.0, 0.5 ] },
										"west": { "texture": "#shoulder-sling-plain-metal", "uv": [ 0.0, 0.0, 3.0, 0.5 ] },
										"up": { "texture": "#shoulder-sling-plain-metal", "uv": [ 4.0, 4.5, 7.0, 7.5 ] },
										"down": { "texture": "#shoulder-sling-plain-metal", "uv": [ 0.0, 0.0, 3.0, 3.0 ] }
									}
								},
								{
									"name": "middle_1",
									"from": [ -1.0, 1.5, -1.0 ],
									"to": [ 1.0, 1.9, 1.0 ],
									"rotationOrigin": [ -1.0, 1.5, -1.0 ],
									"faces": {
										"north": { "texture": "#shoulder-sling-plain-metal", "uv": [ 0.0, 0.0, 2.0, 0.5 ] },
										"east": { "texture": "#shoulder-sling-plain-metal", "uv": [ 0.0, 0.0, 2.0, 0.5 ] },
										"south": { "texture": "#shoulder-sling-plain-metal", "uv": [ 0.0, 0.0, 2.0, 0.5 ] },
										"west": { "texture": "#shoulder-sling-plain-metal", "uv": [ 0.0, 0.0, 2.0, 0.5 ] },
										"up": { "texture": "#shoulder-sling-plain-metal", "uv": [ 4.0, 4.5, 6.0, 6.5 ] },
										"down": { "texture": "#shoulder-sling-plain-metal", "uv": [ 0.0, 0.0, 2.0, 2.0 ] }
									}
								},
								{
									"name": "middle_2",
									"from": [ -3.1, 0.8, -3.0 ],
									"to": [ 2.9, 1.14, 3.0 ],
									"rotationOrigin": [ -3.1, 0.8, -3.0 ],
									"faces": {
										"north": { "texture": "#shoulder-sling-plain-wood", "uv": [ 0.0, 0.0, 6.0, 0.5 ] },
										"east": { "texture": "#shoulder-sling-plain-wood", "uv": [ 0.0, 0.0, 6.0, 0.5 ] },
										"south": { "texture": "#shoulder-sling-plain-wood", "uv": [ 0.0, 0.0, 6.0, 0.5 ] },
										"west": { "texture": "#shoulder-sling-plain-wood", "uv": [ 0.0, 0.0, 6.0, 0.5 ] },
										"up": { "texture": "#shoulder-sling-plain-wood", "uv": [ 5.0, 3.5, 11.0, 9.5 ] },
										"down": { "texture": "#shoulder-sling-plain-wood", "uv": [ 0.0, 3.5, 6.0, 9.5 ] }
									}
								}
							]
						}
					]
				},
				{
					"name": "Handle",
					"from": [ 0.0, 0.0, 0.0 ],
					"to": [ 0.0, 0.0, 0.0 ],
					"faces": {
						"north": { "texture": "#shoulder-sling-plain-wood", "uv": [ 0.0, 0.0, 0.5, 0.5 ] },
						"east": { "texture": "#shoulder-sling-plain-wood", "uv": [ 0.0, 0.0, 0.5, 0.5 ] },
						"south": { "texture": "#shoulder-sling-plain-wood", "uv": [ 0.0, 0.0, 0.5, 0.5 ] },
						"west": { "texture": "#shoulder-sling-plain-wood", "uv": [ 0.0, 0.0, 0.5, 0.5 ] },
						"up": { "texture": "#shoulder-sling-plain-wood", "uv": [ 0.0, 0.0, 0.5, 0.5 ] },
						"down": { "texture": "#shoulder-sling-plain-wood", "uv": [ 0.0, 0.0, 0.5, 0.5 ] }
					},
					"children": [
						{
							"name": "handle_0",
							"from": [ -0.5, -0.8, -2.0 ],
							"to": [ 0.5, -0.4, 2.0 ],
							"rotationOrigin": [ -0.5, -0.8, -2.0 ],
							"faces": {
								"north": { "texture": "#shoulder-sling-plain-metal", "uv": [ 0.0, 0.0, 1.0, 0.5 ] },
								"east": { "texture": "#shoulder-sling-plain-metal", "uv": [ 0.0, 0.0, 4.0, 0.5 ] },
								"south": { "texture": "#shoulder-sling-plain-metal", "uv": [ 0.0, 0.0, 1.0, 0.5 ] },
								"west": { "texture": "#shoulder-sling-plain-metal", "uv": [ 0.0, 0.0, 4.0, 0.5 ] },
								"up": { "texture": "#shoulder-sling-plain-metal", "uv": [ 0.0, 0.0, 1.0, 4.0 ] },
								"down": { "texture": "#shoulder-sling-plain-metal", "uv": [ 0.0, 0.0, 1.0, 4.0 ] }
							},
							"children": [
								{
									"name": "handle_2",
									"from": [ -0.01, 0.0, 4.0 ],
									"to": [ 0.99, 0.5, 6.0 ],
									"rotationOrigin": [ 0.0, 0.0, 4.0 ],
									"rotationX": -60.0,
									"faces": {
										"north": { "texture": "#shoulder-sling-plain-metal", "uv": [ 0.0, 0.0, 1.0, 0.5 ] },
										"east": { "texture": "#shoulder-sling-plain-metal", "uv": [ 0.0, 0.0, 2.0, 0.5 ] },
										"south": { "texture": "#shoulder-sling-plain-metal", "uv": [ 0.0, 0.0, 1.0, 0.5 ] },
										"west": { "texture": "#shoulder-sling-plain-metal", "uv": [ 0.0, 0.0, 2.0, 0.5 ] },
										"up": { "texture": "#shoulder-sling-plain-metal", "uv": [ 0.0, 0.0, 1.0, 2.0 ] },
										"down": { "texture": "#shoulder-sling-plain-metal", "uv": [ 0.0, 0.0, 1.0, 2.0 ] }
									}
								},
								{
									"name": "handle_3",
									"from": [ -0.01, -0.7, -0.5 ],
									"to": [ 0.99, -0.2, 1.5 ],
									"rotationOrigin": [ 0.0, 0.0, -0.3 ],
									"rotationX": -120.0,
									"faces": {
										"north": { "texture": "#shoulder-sling-plain-metal", "uv": [ 0.0, 0.0, 1.0, 0.5 ] },
										"east": { "texture": "#shoulder-sling-plain-metal", "uv": [ 0.0, 0.0, 2.0, 0.5 ] },
										"south": { "texture": "#shoulder-sling-plain-metal", "uv": [ 0.0, 0.0, 1.0, 0.5 ] },
										"west": { "texture": "#shoulder-sling-plain-metal", "uv": [ 0.0, 0.0, 2.0, 0.5 ] },
										"up": { "texture": "#shoulder-sling-plain-metal", "uv": [ 0.0, 0.0, 1.0, 2.0 ] },
										"down": { "texture": "#shoulder-sling-plain-metal", "uv": [ 0.0, 0.0, 1.0, 2.0 ] }
									}
								},
								{
									"name": "handle_1",
									"from": [ -0.1, -0.1, 0.5 ],
									"to": [ 1.1, 0.6, 3.5 ],
									"rotationOrigin": [ -0.1, -0.1, 0.5 ],
									"faces": {
										"north": { "texture": "#shoulder-sling-plain-leather", "uv": [ 0.0, 0.0, 1.0, 0.5 ] },
										"east": { "texture": "#shoulder-sling-plain-leather", "uv": [ 0.0, 0.0, 3.0, 0.5 ] },
										"south": { "texture": "#shoulder-sling-plain-leather", "uv": [ 0.0, 0.0, 1.0, 0.5 ] },
										"west": { "texture": "#shoulder-sling-plain-leather", "uv": [ 0.0, 0.0, 3.0, 0.5 ] },
										"up": { "texture": "#shoulder-sling-plain-leather", "uv": [ 0.0, 0.0, 1.0, 3.0 ] },
										"down": { "texture": "#shoulder-sling-plain-leather", "uv": [ 0.0, 0.0, 1.0, 3.0 ] }
									}
								}
							]
						}
					]
				}
			]
		}
	]}