{
	"editor": {
		"backDropShape": "E:/Programs/VSModelCreator/seraph-faceless",
		"collapsedPaths": "Root/Shield/Body/body_bottom/body_0,Root/Shield/shield_1/shield_part_1,Root/Shield/shield_1/shield_part_2,Root/Shield/shield_1/shield_part_3,Root/Shield/Body/body_0,Root/Shield/Body/body_bottom2,Root/Shield/Body/body_4,Root/Shield/Body/body_top,Root/Shield/Body/body_bottom,Root/Shield/Body/body_top/body_8,Root/Shield/shield_1/shield_part_0,Root/Shield/shield_1/shield_5",
		"allAngles": false,
		"entityTextureMode": false
	},
	"textureWidth": 16,
	"textureHeight": 16,
	"textureSizes": {
	},
	"textures": {
		"shoulder-sling-plain-rawhide": "game:block/cloth/rawhide",
		"shoulder-sling-plain-reedrope": "game:block/cloth/reedrope",
		"shoulder-sling-plain-metal": "game:block/metal/plate/steel",
		"shoulder-sling-plain-wood": "game:block/wood/bark/oak"
	},
	"elements": [
		{
			"name": "Shield",
			"from": [ 8.0, 0.0, 8.0 ],
			"to": [ 8.0, 0.0, 9.0 ],
			"rotationOrigin": [ 8.0, 0.0, 8.0 ],
			"faces": {
				"north": { "texture": "#shoulder-sling-plain-wood", "uv": [ 0.0, 0.0, 0.5, 0.5 ] },
				"east": { "texture": "#shoulder-sling-plain-wood", "uv": [ 0.0, 0.0, 1.0, 0.5 ] },
				"south": { "texture": "#shoulder-sling-plain-wood", "uv": [ 0.0, 0.0, 0.5, 0.5 ] },
				"west": { "texture": "#shoulder-sling-plain-wood", "uv": [ 0.0, 0.0, 1.0, 0.5 ] },
				"up": { "texture": "#shoulder-sling-plain-wood", "uv": [ 0.0, 0.0, 0.5, 1.0 ] },
				"down": { "texture": "#shoulder-sling-plain-wood", "uv": [ 0.0, 0.0, 0.5, 1.0 ] }
			},
			"children": [
				{
					"name": "Body",
					"from": [ 0.0, 0.0, 0.0 ],
					"to": [ 0.0, 0.0, 0.0 ],
					"faces": {
						"north": { "texture": "#shoulder-sling-plain-metal", "uv": [ 0.0, 0.0, 0.5, 0.5 ] },
						"east": { "texture": "#shoulder-sling-plain-metal", "uv": [ 0.0, 0.0, 0.5, 0.5 ] },
						"south": { "texture": "#shoulder-sling-plain-metal", "uv": [ 0.0, 0.0, 0.5, 0.5 ] },
						"west": { "texture": "#shoulder-sling-plain-metal", "uv": [ 0.0, 0.0, 0.5, 0.5 ] },
						"up": { "texture": "#shoulder-sling-plain-metal", "uv": [ 0.0, 0.0, 0.5, 0.5 ] },
						"down": { "texture": "#shoulder-sling-plain-metal", "uv": [ 0.0, 0.0, 0.5, 0.5 ] }
					},
					"children": [
						{
							"name": "body_bottom",
							"from": [ 0.0, 0.0, 0.0 ],
							"to": [ 0.0, 0.0, 0.0 ],
							"faces": {
								"north": { "texture": "#shoulder-sling-plain-rawhide", "uv": [ 0.0, 0.0, 0.5, 0.5 ] },
								"east": { "texture": "#shoulder-sling-plain-rawhide", "uv": [ 0.0, 0.0, 0.5, 0.5 ] },
								"south": { "texture": "#shoulder-sling-plain-rawhide", "uv": [ 0.0, 0.0, 0.5, 0.5 ] },
								"west": { "texture": "#shoulder-sling-plain-rawhide", "uv": [ 0.0, 0.0, 0.5, 0.5 ] },
								"up": { "texture": "#shoulder-sling-plain-rawhide", "uv": [ 0.0, 0.0, 0.5, 0.5 ] },
								"down": { "texture": "#shoulder-sling-plain-rawhide", "uv": [ 0.0, 0.0, 0.5, 0.5 ] }
							},
							"children": [
								{
									"name": "body_2",
									"from": [ -0.3954, -0.7, 14.4001 ],
									"to": [ 0.1046, 1.6, 16.9001 ],
									"rotationOrigin": [ -0.4, 0.3, 15.4 ],
									"rotationY": 89.98,
									"faces": {
										"north": { "texture": "#shoulder-sling-plain-reedrope", "uv": [ 0.0, 0.0, 0.5, 2.0 ] },
										"east": { "texture": "#shoulder-sling-plain-reedrope", "uv": [ 0.0, 0.0, 2.5, 2.0 ] },
										"south": { "texture": "#shoulder-sling-plain-reedrope", "uv": [ 0.0, 0.0, 0.5, 2.0 ] },
										"west": { "texture": "#shoulder-sling-plain-reedrope", "uv": [ 0.0, 0.0, 2.5, 2.0 ] },
										"up": { "texture": "#shoulder-sling-plain-reedrope", "uv": [ 0.0, 0.0, 0.5, 2.5 ] },
										"down": { "texture": "#shoulder-sling-plain-reedrope", "uv": [ 0.0, 0.0, 0.5, 2.5 ] }
									}
								},
								{
									"name": "body_1",
									"from": [ -0.4, -0.6, 14.2 ],
									"to": [ 0.1, 1.4, 16.2 ],
									"rotationOrigin": [ -0.4, 0.4, 15.2 ],
									"rotationY": 22.5,
									"faces": {
										"north": { "texture": "#shoulder-sling-plain-reedrope", "uv": [ 0.0, 0.0, 0.5, 2.0 ] },
										"east": { "texture": "#shoulder-sling-plain-reedrope", "uv": [ 0.0, 0.0, 2.0, 2.0 ] },
										"south": { "texture": "#shoulder-sling-plain-reedrope", "uv": [ 0.0, 0.0, 0.5, 2.0 ] },
										"west": { "texture": "#shoulder-sling-plain-reedrope", "uv": [ 0.0, 0.0, 2.0, 2.0 ] },
										"up": { "texture": "#shoulder-sling-plain-reedrope", "uv": [ 0.0, 0.0, 0.5, 2.0 ] },
										"down": { "texture": "#shoulder-sling-plain-reedrope", "uv": [ 0.0, 0.0, 0.5, 2.0 ] }
									}
								},
								{
									"name": "body_0",
									"from": [ -0.5, -0.5, 13.8 ],
									"to": [ 0.0, 1.5, 15.8 ],
									"rotationOrigin": [ -0.5, 0.5, 14.8 ],
									"rotationY": -30.0,
									"faces": {
										"north": { "texture": "#shoulder-sling-plain-reedrope", "uv": [ 0.0, 0.0, 0.5, 2.0 ] },
										"east": { "texture": "#shoulder-sling-plain-reedrope", "uv": [ 0.0, 0.0, 2.0, 2.0 ] },
										"south": { "texture": "#shoulder-sling-plain-reedrope", "uv": [ 0.0, 0.0, 0.5, 2.0 ] },
										"west": { "texture": "#shoulder-sling-plain-reedrope", "uv": [ 0.0, 0.0, 2.0, 2.0 ] },
										"up": { "texture": "#shoulder-sling-plain-reedrope", "uv": [ 0.0, 0.0, 0.5, 2.0 ] },
										"down": { "texture": "#shoulder-sling-plain-reedrope", "uv": [ 0.0, 0.0, 0.5, 2.0 ] }
									}
								},
								{
									"name": "body_bottom_1",
									"from": [ 0.0, 0.0, 0.0 ],
									"to": [ 0.0, 0.0, 0.0 ],
									"rotationOrigin": [ 0.0, 0.75, 0.0 ],
									"rotationZ": -180.0,
									"faces": {
										"north": { "texture": "#shoulder-sling-plain-metal", "uv": [ 0.0, 0.0, 0.5, 0.5 ] },
										"east": { "texture": "#shoulder-sling-plain-metal", "uv": [ 0.0, 0.0, 0.5, 0.5 ] },
										"south": { "texture": "#shoulder-sling-plain-metal", "uv": [ 0.0, 0.0, 0.5, 0.5 ] },
										"west": { "texture": "#shoulder-sling-plain-metal", "uv": [ 0.0, 0.0, 0.5, 0.5 ] },
										"up": { "texture": "#shoulder-sling-plain-metal", "uv": [ 0.0, 0.0, 0.5, 0.5 ] },
										"down": { "texture": "#shoulder-sling-plain-metal", "uv": [ 0.0, 0.0, 0.5, 0.5 ] }
									},
									"children": [
										{
											"name": "body_17",
											"from": [ -2.0, 0.5, 0.0 ],
											"to": [ 0.0, 1.0, 13.5 ],
											"rotationOrigin": [ 0.0, 0.5, 0.0 ],
											"rotationZ": -3.0,
											"faces": {
												"up": { "texture": "#shoulder-sling-plain-rawhide", "uv": [ 6.0, 0.0, 8.0, 13.5 ] },
												"down": { "texture": "#shoulder-sling-plain-rawhide", "uv": [ 0.0, 6.0, 13.5, 8.0 ], "rotation": 90 }
											},
											"children": [
												{
													"name": "body_18",
													"from": [ -2.0, 0.0, 0.0 ],
													"to": [ 0.0, 0.5, 11.0 ],
													"rotationOrigin": [ 0.0, 0.0, 0.0 ],
													"rotationZ": -6.0,
													"faces": {
														"up": { "texture": "#shoulder-sling-plain-rawhide", "uv": [ 4.0, 0.0, 6.0, 11.0 ] },
														"down": { "texture": "#shoulder-sling-plain-rawhide", "uv": [ 0.0, 4.0, 11.0, 6.0 ], "rotation": 90 }
													},
													"children": [
														{
															"name": "body_19",
															"from": [ -2.0, 0.0, 0.0 ],
															"to": [ 0.0, 0.5, 8.0 ],
															"rotationOrigin": [ 0.0, 0.0, 0.0 ],
															"rotationZ": -6.0,
															"faces": {
																"up": { "texture": "#shoulder-sling-plain-rawhide", "uv": [ 2.0, 0.0, 4.0, 8.0 ] },
																"down": { "texture": "#shoulder-sling-plain-rawhide", "uv": [ 0.0, 2.0, 8.0, 4.0 ], "rotation": 90 }
															},
															"children": [
																{
																	"name": "body_20",
																	"from": [ -1.5, 0.0, 0.0 ],
																	"to": [ 0.0, 0.5, 6.0 ],
																	"rotationOrigin": [ 0.5, 0.0, 0.0 ],
																	"rotationZ": -6.0,
																	"faces": {
																		"up": { "texture": "#shoulder-sling-plain-rawhide", "uv": [ 0.0, 0.0, 1.5, 6.0 ] },
																		"down": { "texture": "#shoulder-sling-plain-rawhide", "uv": [ 0.0, 0.0, 6.0, 1.5 ], "rotation": 90 }
																	},
																	"children": [
																		{
																			"name": "body_21",
																			"from": [ -1.0, -0.3, 0.0 ],
																			"to": [ 0.0, 0.7, 7.0 ],
																			"rotationOrigin": [ -1.0, -0.3, 0.0 ],
																			"rotationY": 10.0,
																			"faces": {
																				"north": { "texture": "#shoulder-sling-plain-rawhide", "uv": [ 0.0, 0.0, 1.0, 1.0 ] },
																				"east": { "texture": "#shoulder-sling-plain-rawhide", "uv": [ 0.0, 0.0, 7.0, 1.0 ] },
																				"south": { "texture": "#shoulder-sling-plain-rawhide", "uv": [ 0.0, 0.0, 1.0, 1.0 ] },
																				"west": { "texture": "#shoulder-sling-plain-rawhide", "uv": [ 0.0, 0.0, 7.0, 1.0 ] },
																				"up": { "texture": "#shoulder-sling-plain-rawhide", "uv": [ 7.5, 0.0, 8.5, 7.0 ] },
																				"down": { "texture": "#shoulder-sling-plain-rawhide", "uv": [ 7.0, 0.0, 8.0, 7.0 ] }
																			},
																			"children": [
																				{
																					"name": "body_22",
																					"from": [ 0.0, 0.0, 7.0 ],
																					"to": [ 1.0, 1.0, 13.0 ],
																					"rotationOrigin": [ 0.0, 0.0, 7.0 ],
																					"rotationX": -5.0,
																					"rotationY": 25.0,
																					"rotationZ": 0.0,
																					"faces": {
																						"north": { "texture": "#shoulder-sling-plain-rawhide", "uv": [ 0.0, 0.0, 1.0, 1.0 ] },
																						"east": { "texture": "#shoulder-sling-plain-rawhide", "uv": [ 0.0, 0.0, 6.0, 1.0 ] },
																						"south": { "texture": "#shoulder-sling-plain-rawhide", "uv": [ 0.0, 0.0, 1.0, 1.0 ] },
																						"west": { "texture": "#shoulder-sling-plain-rawhide", "uv": [ 0.0, 0.0, 6.0, 1.0 ] },
																						"up": { "texture": "#shoulder-sling-plain-rawhide", "uv": [ 7.5, 0.0, 8.5, 6.0 ] },
																						"down": { "texture": "#shoulder-sling-plain-rawhide", "uv": [ 7.0, 0.0, 8.0, 6.0 ] }
																					},
																					"children": [
																						{
																							"name": "body_23",
																							"from": [ 0.0, 0.0, 6.0 ],
																							"to": [ 1.0, 1.0, 11.5 ],
																							"rotationOrigin": [ 0.0, 0.0, 6.0 ],
																							"rotationX": -5.0,
																							"rotationY": 4.0,
																							"faces": {
																								"north": { "texture": "#shoulder-sling-plain-rawhide", "uv": [ 0.0, 0.0, 1.0, 1.0 ] },
																								"east": { "texture": "#shoulder-sling-plain-rawhide", "uv": [ 0.0, 0.0, 5.5, 1.0 ] },
																								"south": { "texture": "#shoulder-sling-plain-rawhide", "uv": [ 0.0, 0.0, 1.0, 1.0 ] },
																								"west": { "texture": "#shoulder-sling-plain-rawhide", "uv": [ 0.0, 0.0, 5.5, 1.0 ] },
																								"up": { "texture": "#shoulder-sling-plain-rawhide", "uv": [ 7.5, 0.0, 8.5, 5.5 ] },
																								"down": { "texture": "#shoulder-sling-plain-rawhide", "uv": [ 7.0, 0.0, 8.0, 5.5 ] }
																							}
																						}
																					]
																				}
																			]
																		},
																		{
																			"name": "body_24",
																			"from": [ 1.0, 0.0, 6.0 ],
																			"to": [ 1.5, 0.5, 7.0 ],
																			"rotationOrigin": [ 3.0, 0.5, 6.0 ],
																			"rotationZ": 0.0,
																			"faces": {
																				"up": { "texture": "#shoulder-sling-plain-rawhide", "uv": [ 0.0, 0.0, 0.5, 1.0 ] },
																				"down": { "texture": "#shoulder-sling-plain-rawhide", "uv": [ 0.0, 0.0, 1.0, 0.5 ], "rotation": 90 }
																			}
																		}
																	]
																},
																{
																	"name": "body_25",
																	"from": [ 1.0, 0.0, 8.0 ],
																	"to": [ 2.0, 0.5, 10.0 ],
																	"rotationOrigin": [ 3.0, 0.5, 8.0 ],
																	"rotationZ": 0.0,
																	"faces": {
																		"up": { "texture": "#shoulder-sling-plain-rawhide", "uv": [ 2.0, 0.0, 3.0, 2.0 ] },
																		"down": { "texture": "#shoulder-sling-plain-rawhide", "uv": [ 0.0, 2.0, 2.0, 3.0 ], "rotation": 90 }
																	}
																},
																{
																	"name": "body_26",
																	"from": [ 0.0, 0.0, 8.0 ],
																	"to": [ 1.0, 0.5, 8.5 ],
																	"rotationOrigin": [ 2.0, 0.5, 8.0 ],
																	"rotationZ": 0.0,
																	"faces": {
																		"up": { "texture": "#shoulder-sling-plain-rawhide", "uv": [ 2.0, 0.0, 3.0, 0.5 ] },
																		"down": { "texture": "#shoulder-sling-plain-rawhide", "uv": [ 0.0, 2.0, 0.5, 3.0 ], "rotation": 90 }
																	}
																}
															]
														},
														{
															"name": "body_27",
															"from": [ 1.005, 0.0, 11.0 ],
															"to": [ 2.005, 0.5, 12.5 ],
															"rotationOrigin": [ 3.005, 0.5, 11.0 ],
															"rotationZ": 0.0,
															"faces": {
																"up": { "texture": "#shoulder-sling-plain-rawhide", "uv": [ 4.0, 0.0, 5.0, 1.5 ] },
																"down": { "texture": "#shoulder-sling-plain-rawhide", "uv": [ 0.0, 4.0, 1.5, 5.0 ], "rotation": 90 }
															}
														},
														{
															"name": "body_28",
															"from": [ 0.5, 0.0, 11.0 ],
															"to": [ 1.0, 0.5, 11.5 ],
															"rotationOrigin": [ 2.505, 0.5, 11.0 ],
															"rotationZ": 0.0,
															"faces": {
																"up": { "texture": "#shoulder-sling-plain-rawhide", "uv": [ 4.0, 0.0, 4.5, 0.5 ] },
																"down": { "texture": "#shoulder-sling-plain-rawhide", "uv": [ 0.0, 4.0, 0.5, 4.5 ], "rotation": 90 }
															}
														}
													]
												},
												{
													"name": "body_29",
													"from": [ 0.9961, 0.0, 13.5 ],
													"to": [ 1.9961, 0.5, 15.0 ],
													"rotationOrigin": [ 0.9961, 0.4, 13.5 ],
													"faces": {
														"up": { "texture": "#shoulder-sling-plain-rawhide", "uv": [ 6.0, 0.0, 7.0, 1.5 ] },
														"down": { "texture": "#shoulder-sling-plain-rawhide", "uv": [ 0.0, 6.0, 1.5, 7.0 ], "rotation": 90 }
													}
												}
											]
										}
									]
								},
								{
									"name": "body_bottom_0",
									"from": [ 0.0, 0.0, 0.0 ],
									"to": [ 0.0, 0.0, 0.0 ],
									"rotationOrigin": [ 0.0, 0.75, 0.0 ],
									"faces": {
										"north": { "texture": "#shoulder-sling-plain-metal", "uv": [ 0.0, 0.0, 0.5, 0.5 ] },
										"east": { "texture": "#shoulder-sling-plain-metal", "uv": [ 0.0, 0.0, 0.5, 0.5 ] },
										"south": { "texture": "#shoulder-sling-plain-metal", "uv": [ 0.0, 0.0, 0.5, 0.5 ] },
										"west": { "texture": "#shoulder-sling-plain-metal", "uv": [ 0.0, 0.0, 0.5, 0.5 ] },
										"up": { "texture": "#shoulder-sling-plain-metal", "uv": [ 0.0, 0.0, 0.5, 0.5 ] },
										"down": { "texture": "#shoulder-sling-plain-metal", "uv": [ 0.0, 0.0, 0.5, 0.5 ] }
									},
									"children": [
										{
											"name": "body_4",
											"from": [ -2.0, 0.5, 0.0 ],
											"to": [ 0.0, 1.0, 13.5 ],
											"rotationOrigin": [ 0.0, 1.0, 0.0 ],
											"rotationZ": 3.0,
											"faces": {
												"up": { "texture": "#shoulder-sling-plain-rawhide", "uv": [ 6.0, 0.0, 8.0, 13.5 ] },
												"down": { "texture": "#shoulder-sling-plain-rawhide", "uv": [ 0.0, 6.0, 13.5, 8.0 ], "rotation": 90, "windMode": [-1,-1,-1,-1] }
											},
											"children": [
												{
													"name": "body_5",
													"from": [ -2.0, 0.0, 0.0 ],
													"to": [ 0.0, 0.5, 11.0 ],
													"rotationOrigin": [ 0.0, 0.5, 0.0 ],
													"rotationZ": 6.0,
													"faces": {
														"up": { "texture": "#shoulder-sling-plain-rawhide", "uv": [ 4.0, 0.0, 6.0, 11.0 ] },
														"down": { "texture": "#shoulder-sling-plain-rawhide", "uv": [ 0.0, 4.0, 11.0, 6.0 ], "rotation": 90, "windMode": [-1,-1,-1,-1] }
													},
													"children": [
														{
															"name": "body_6",
															"from": [ -2.0, 0.0, 0.0 ],
															"to": [ 0.0, 0.5, 8.0 ],
															"rotationOrigin": [ 0.0, 0.5, 0.0 ],
															"rotationZ": 6.0,
															"faces": {
																"up": { "texture": "#shoulder-sling-plain-rawhide", "uv": [ 2.0, 0.0, 4.0, 8.0 ] },
																"down": { "texture": "#shoulder-sling-plain-rawhide", "uv": [ 0.0, 2.0, 8.0, 4.0 ], "rotation": 90, "windMode": [-1,-1,-1,-1] }
															},
															"children": [
																{
																	"name": "body_7",
																	"from": [ -1.5, 0.0, 0.0 ],
																	"to": [ 0.0, 0.5, 6.0 ],
																	"rotationOrigin": [ 0.5, 0.5, 0.0 ],
																	"rotationZ": 6.0,
																	"faces": {
																		"up": { "texture": "#shoulder-sling-plain-rawhide", "uv": [ 0.0, 0.0, 1.5, 6.0 ] },
																		"down": { "texture": "#shoulder-sling-plain-rawhide", "uv": [ 0.0, 0.0, 6.0, 1.5 ], "rotation": 90, "windMode": [-1,-1,-1,-1] }
																	},
																	"children": [
																		{
																			"name": "body_8",
																			"from": [ -1.0, -0.2, 0.0 ],
																			"to": [ 0.0, 0.8, 7.0 ],
																			"rotationOrigin": [ -1.0, -0.2, 0.0 ],
																			"rotationY": 10.0,
																			"faces": {
																				"north": { "texture": "#shoulder-sling-plain-rawhide", "uv": [ 0.0, 0.0, 1.0, 1.0 ] },
																				"east": { "texture": "#shoulder-sling-plain-rawhide", "uv": [ 0.0, 0.0, 7.0, 1.0 ] },
																				"south": { "texture": "#shoulder-sling-plain-rawhide", "uv": [ 0.0, 0.0, 1.0, 1.0 ] },
																				"west": { "texture": "#shoulder-sling-plain-rawhide", "uv": [ 0.0, 0.0, 7.0, 1.0 ] },
																				"up": { "texture": "#shoulder-sling-plain-rawhide", "uv": [ 7.5, 0.0, 8.5, 7.0 ] },
																				"down": { "texture": "#shoulder-sling-plain-rawhide", "uv": [ 7.0, 0.0, 8.0, 7.0 ] }
																			},
																			"children": [
																				{
																					"name": "body_9",
																					"from": [ 0.0, 0.0, 7.0 ],
																					"to": [ 1.0, 1.0, 13.0 ],
																					"rotationOrigin": [ 0.0, 1.0, 7.0 ],
																					"rotationX": 5.0,
																					"rotationY": 25.0,
																					"rotationZ": 0.0,
																					"faces": {
																						"north": { "texture": "#shoulder-sling-plain-rawhide", "uv": [ 0.0, 0.0, 1.0, 1.0 ] },
																						"east": { "texture": "#shoulder-sling-plain-rawhide", "uv": [ 0.0, 0.0, 6.0, 1.0 ] },
																						"south": { "texture": "#shoulder-sling-plain-rawhide", "uv": [ 0.0, 0.0, 1.0, 1.0 ] },
																						"west": { "texture": "#shoulder-sling-plain-rawhide", "uv": [ 0.0, 0.0, 6.0, 1.0 ] },
																						"up": { "texture": "#shoulder-sling-plain-rawhide", "uv": [ 7.5, 0.0, 8.5, 6.0 ] },
																						"down": { "texture": "#shoulder-sling-plain-rawhide", "uv": [ 7.0, 0.0, 8.0, 6.0 ] }
																					},
																					"children": [
																						{
																							"name": "body_10",
																							"from": [ 0.0, 0.0, 6.0 ],
																							"to": [ 1.0, 1.0, 11.5 ],
																							"rotationOrigin": [ 0.0, 1.0, 6.0 ],
																							"rotationX": 5.0,
																							"rotationY": 4.0,
																							"faces": {
																								"north": { "texture": "#shoulder-sling-plain-rawhide", "uv": [ 0.0, 0.0, 1.0, 1.0 ] },
																								"east": { "texture": "#shoulder-sling-plain-rawhide", "uv": [ 0.0, 0.0, 5.5, 1.0 ] },
																								"south": { "texture": "#shoulder-sling-plain-rawhide", "uv": [ 0.0, 0.0, 1.0, 1.0 ] },
																								"west": { "texture": "#shoulder-sling-plain-rawhide", "uv": [ 0.0, 0.0, 5.5, 1.0 ] },
																								"up": { "texture": "#shoulder-sling-plain-rawhide", "uv": [ 7.5, 0.0, 8.5, 5.5 ] },
																								"down": { "texture": "#shoulder-sling-plain-rawhide", "uv": [ 7.0, 0.0, 8.0, 5.5 ] }
																							}
																						}
																					]
																				}
																			]
																		},
																		{
																			"name": "body_16",
																			"from": [ 1.0, 0.0, 6.0 ],
																			"to": [ 1.5, 0.5, 7.0 ],
																			"rotationOrigin": [ 3.0, 0.5, 6.0 ],
																			"rotationZ": 0.0,
																			"faces": {
																				"up": { "texture": "#shoulder-sling-plain-rawhide", "uv": [ 0.0, 0.0, 0.5, 1.0 ] },
																				"down": { "texture": "#shoulder-sling-plain-rawhide", "uv": [ 0.0, 0.0, 1.0, 0.5 ], "rotation": 90 }
																			}
																		}
																	]
																},
																{
																	"name": "body_14",
																	"from": [ 1.0, 0.0, 8.0 ],
																	"to": [ 2.0, 0.5, 10.0 ],
																	"rotationOrigin": [ 3.0, 0.5, 8.0 ],
																	"rotationZ": 0.0,
																	"faces": {
																		"up": { "texture": "#shoulder-sling-plain-rawhide", "uv": [ 2.0, 0.0, 3.0, 2.0 ] },
																		"down": { "texture": "#shoulder-sling-plain-rawhide", "uv": [ 0.0, 2.0, 2.0, 3.0 ], "rotation": 90 }
																	}
																},
																{
																	"name": "body_15",
																	"from": [ 0.0, 0.0, 8.0 ],
																	"to": [ 1.0, 0.5, 8.5 ],
																	"rotationOrigin": [ 2.0, 0.5, 8.0 ],
																	"rotationZ": 0.0,
																	"faces": {
																		"up": { "texture": "#shoulder-sling-plain-rawhide", "uv": [ 2.0, 0.0, 3.0, 0.5 ] },
																		"down": { "texture": "#shoulder-sling-plain-rawhide", "uv": [ 0.0, 2.0, 0.5, 3.0 ], "rotation": 90 }
																	}
																}
															]
														},
														{
															"name": "body_12",
															"from": [ 1.005, 0.0, 11.0 ],
															"to": [ 2.005, 0.5, 12.5 ],
															"rotationOrigin": [ 3.005, 0.5, 11.0 ],
															"rotationZ": 0.0,
															"faces": {
																"up": { "texture": "#shoulder-sling-plain-rawhide", "uv": [ 4.0, 0.0, 5.0, 1.5 ] },
																"down": { "texture": "#shoulder-sling-plain-rawhide", "uv": [ 0.0, 4.0, 1.5, 5.0 ], "rotation": 90 }
															}
														},
														{
															"name": "body_13",
															"from": [ 0.5, 0.0, 11.0 ],
															"to": [ 1.0, 0.5, 11.5 ],
															"rotationOrigin": [ 2.505, 0.5, 11.0 ],
															"rotationZ": 0.0,
															"faces": {
																"up": { "texture": "#shoulder-sling-plain-rawhide", "uv": [ 4.0, 0.0, 4.5, 0.5 ] },
																"down": { "texture": "#shoulder-sling-plain-rawhide", "uv": [ 0.0, 4.0, 0.5, 4.5 ], "rotation": 90 }
															}
														}
													]
												},
												{
													"name": "body_11",
													"from": [ 0.9961, 0.0, 13.5 ],
													"to": [ 1.9961, 0.5, 15.0 ],
													"rotationOrigin": [ 0.9961, 0.4, 13.5 ],
													"faces": {
														"up": { "texture": "#shoulder-sling-plain-rawhide", "uv": [ 6.0, 0.0, 7.0, 1.5 ] },
														"down": { "texture": "#shoulder-sling-plain-rawhide", "uv": [ 0.0, 6.0, 1.5, 7.0 ], "rotation": 90 }
													}
												}
											]
										}
									]
								}
							]
						},
						{
							"name": "body_top",
							"from": [ 0.0, 0.0, 0.0 ],
							"to": [ 0.0, 0.0, 0.0 ],
							"rotationOrigin": [ 0.0, 0.0, 0.0 ],
							"rotationY": 180.0,
							"faces": {
								"north": { "texture": "#shoulder-sling-plain-rawhide", "uv": [ 0.0, 0.0, 0.5, 0.5 ] },
								"east": { "texture": "#shoulder-sling-plain-rawhide", "uv": [ 0.0, 0.0, 0.5, 0.5 ] },
								"south": { "texture": "#shoulder-sling-plain-rawhide", "uv": [ 0.0, 0.0, 0.5, 0.5 ] },
								"west": { "texture": "#shoulder-sling-plain-rawhide", "uv": [ 0.0, 0.0, 0.5, 0.5 ] },
								"up": { "texture": "#shoulder-sling-plain-rawhide", "uv": [ 0.0, 0.0, 0.5, 0.5 ] },
								"down": { "texture": "#shoulder-sling-plain-rawhide", "uv": [ 0.0, 0.0, 0.5, 0.5 ] }
							},
							"children": [
								{
									"name": "body_3",
									"from": [ -0.3954, -0.7, 14.4001 ],
									"to": [ 0.1046, 1.6, 16.9001 ],
									"rotationOrigin": [ -0.4, 0.3, 15.4 ],
									"rotationY": 89.98,
									"faces": {
										"north": { "texture": "#shoulder-sling-plain-reedrope", "uv": [ 0.0, 0.0, 0.5, 2.0 ] },
										"east": { "texture": "#shoulder-sling-plain-reedrope", "uv": [ 0.0, 0.0, 2.5, 2.0 ] },
										"south": { "texture": "#shoulder-sling-plain-reedrope", "uv": [ 0.0, 0.0, 0.5, 2.0 ] },
										"west": { "texture": "#shoulder-sling-plain-reedrope", "uv": [ 0.0, 0.0, 2.5, 2.0 ] },
										"up": { "texture": "#shoulder-sling-plain-reedrope", "uv": [ 0.0, 0.0, 0.5, 2.5 ] },
										"down": { "texture": "#shoulder-sling-plain-reedrope", "uv": [ 0.0, 0.0, 0.5, 2.5 ] }
									}
								},
								{
									"name": "body_30",
									"from": [ -0.4, -0.6, 14.2 ],
									"to": [ 0.1, 1.4, 16.2 ],
									"rotationOrigin": [ -0.4, 0.4, 15.2 ],
									"rotationY": 22.5,
									"faces": {
										"north": { "texture": "#shoulder-sling-plain-reedrope", "uv": [ 0.0, 0.0, 0.5, 2.0 ] },
										"east": { "texture": "#shoulder-sling-plain-reedrope", "uv": [ 0.0, 0.0, 2.0, 2.0 ] },
										"south": { "texture": "#shoulder-sling-plain-reedrope", "uv": [ 0.0, 0.0, 0.5, 2.0 ] },
										"west": { "texture": "#shoulder-sling-plain-reedrope", "uv": [ 0.0, 0.0, 2.0, 2.0 ] },
										"up": { "texture": "#shoulder-sling-plain-reedrope", "uv": [ 0.0, 0.0, 0.5, 2.0 ] },
										"down": { "texture": "#shoulder-sling-plain-reedrope", "uv": [ 0.0, 0.0, 0.5, 2.0 ] }
									}
								},
								{
									"name": "body_31",
									"from": [ -0.5, -0.5, 13.8 ],
									"to": [ 0.0, 1.5, 15.8 ],
									"rotationOrigin": [ -0.5, 0.5, 14.8 ],
									"rotationY": -30.0,
									"faces": {
										"north": { "texture": "#shoulder-sling-plain-reedrope", "uv": [ 0.0, 0.0, 0.5, 2.0 ] },
										"east": { "texture": "#shoulder-sling-plain-reedrope", "uv": [ 0.0, 0.0, 2.0, 2.0 ] },
										"south": { "texture": "#shoulder-sling-plain-reedrope", "uv": [ 0.0, 0.0, 0.5, 2.0 ] },
										"west": { "texture": "#shoulder-sling-plain-reedrope", "uv": [ 0.0, 0.0, 2.0, 2.0 ] },
										"up": { "texture": "#shoulder-sling-plain-reedrope", "uv": [ 0.0, 0.0, 0.5, 2.0 ] },
										"down": { "texture": "#shoulder-sling-plain-reedrope", "uv": [ 0.0, 0.0, 0.5, 2.0 ] }
									}
								},
								{
									"name": "body_bottom_2",
									"from": [ 0.0, 0.0, 0.0 ],
									"to": [ 0.0, 0.0, 0.0 ],
									"rotationOrigin": [ 0.0, 0.75, 0.0 ],
									"rotationZ": -180.0,
									"faces": {
										"north": { "texture": "#shoulder-sling-plain-metal", "uv": [ 0.0, 0.0, 0.5, 0.5 ] },
										"east": { "texture": "#shoulder-sling-plain-metal", "uv": [ 0.0, 0.0, 0.5, 0.5 ] },
										"south": { "texture": "#shoulder-sling-plain-metal", "uv": [ 0.0, 0.0, 0.5, 0.5 ] },
										"west": { "texture": "#shoulder-sling-plain-metal", "uv": [ 0.0, 0.0, 0.5, 0.5 ] },
										"up": { "texture": "#shoulder-sling-plain-metal", "uv": [ 0.0, 0.0, 0.5, 0.5 ] },
										"down": { "texture": "#shoulder-sling-plain-metal", "uv": [ 0.0, 0.0, 0.5, 0.5 ] }
									},
									"children": [
										{
											"name": "body_32",
											"from": [ -2.0, 0.5, 0.0 ],
											"to": [ 0.0, 1.0, 13.5 ],
											"rotationOrigin": [ 0.0, 0.5, 0.0 ],
											"rotationZ": -3.0,
											"faces": {
												"up": { "texture": "#shoulder-sling-plain-rawhide", "uv": [ 6.0, 0.0, 8.0, 13.5 ] },
												"down": { "texture": "#shoulder-sling-plain-rawhide", "uv": [ 0.0, 6.0, 13.5, 8.0 ], "rotation": 90 }
											},
											"children": [
												{
													"name": "body_33",
													"from": [ -2.0, 0.0, 0.0 ],
													"to": [ 0.0, 0.5, 11.0 ],
													"rotationOrigin": [ 0.0, 0.0, 0.0 ],
													"rotationZ": -6.0,
													"faces": {
														"up": { "texture": "#shoulder-sling-plain-rawhide", "uv": [ 4.0, 0.0, 6.0, 11.0 ] },
														"down": { "texture": "#shoulder-sling-plain-rawhide", "uv": [ 0.0, 4.0, 11.0, 6.0 ], "rotation": 90 }
													},
													"children": [
														{
															"name": "body_34",
															"from": [ -2.0, 0.0, 0.0 ],
															"to": [ 0.0, 0.5, 8.0 ],
															"rotationOrigin": [ 0.0, 0.0, 0.0 ],
															"rotationZ": -6.0,
															"faces": {
																"up": { "texture": "#shoulder-sling-plain-rawhide", "uv": [ 2.0, 0.0, 4.0, 8.0 ] },
																"down": { "texture": "#shoulder-sling-plain-rawhide", "uv": [ 0.0, 2.0, 8.0, 4.0 ], "rotation": 90 }
															},
															"children": [
																{
																	"name": "body_35",
																	"from": [ -1.5, 0.0, 0.0 ],
																	"to": [ 0.0, 0.5, 6.0 ],
																	"rotationOrigin": [ 0.5, 0.0, 0.0 ],
																	"rotationZ": -6.0,
																	"faces": {
																		"up": { "texture": "#shoulder-sling-plain-rawhide", "uv": [ 0.0, 0.0, 1.5, 6.0 ] },
																		"down": { "texture": "#shoulder-sling-plain-rawhide", "uv": [ 0.0, 0.0, 6.0, 1.5 ], "rotation": 90 }
																	},
																	"children": [
																		{
																			"name": "body_36",
																			"from": [ -1.0, -0.3, 0.0 ],
																			"to": [ 0.0, 0.7, 7.0 ],
																			"rotationOrigin": [ -1.0, -0.3, 0.0 ],
																			"rotationY": 10.0,
																			"faces": {
																				"north": { "texture": "#shoulder-sling-plain-rawhide", "uv": [ 0.0, 0.0, 1.0, 1.0 ] },
																				"east": { "texture": "#shoulder-sling-plain-rawhide", "uv": [ 0.0, 0.0, 7.0, 1.0 ] },
																				"south": { "texture": "#shoulder-sling-plain-rawhide", "uv": [ 0.0, 0.0, 1.0, 1.0 ] },
																				"west": { "texture": "#shoulder-sling-plain-rawhide", "uv": [ 0.0, 0.0, 7.0, 1.0 ] },
																				"up": { "texture": "#shoulder-sling-plain-rawhide", "uv": [ 7.5, 0.0, 8.5, 7.0 ] },
																				"down": { "texture": "#shoulder-sling-plain-rawhide", "uv": [ 7.0, 0.0, 8.0, 7.0 ] }
																			},
																			"children": [
																				{
																					"name": "body_37",
																					"from": [ 0.0, 0.0, 7.0 ],
																					"to": [ 1.0, 1.0, 13.0 ],
																					"rotationOrigin": [ 0.0, 0.0, 7.0 ],
																					"rotationX": -5.0,
																					"rotationY": 25.0,
																					"rotationZ": 0.0,
																					"faces": {
																						"north": { "texture": "#shoulder-sling-plain-rawhide", "uv": [ 0.0, 0.0, 1.0, 1.0 ] },
																						"east": { "texture": "#shoulder-sling-plain-rawhide", "uv": [ 0.0, 0.0, 6.0, 1.0 ] },
																						"south": { "texture": "#shoulder-sling-plain-rawhide", "uv": [ 0.0, 0.0, 1.0, 1.0 ] },
																						"west": { "texture": "#shoulder-sling-plain-rawhide", "uv": [ 0.0, 0.0, 6.0, 1.0 ] },
																						"up": { "texture": "#shoulder-sling-plain-rawhide", "uv": [ 7.5, 0.0, 8.5, 6.0 ] },
																						"down": { "texture": "#shoulder-sling-plain-rawhide", "uv": [ 7.0, 0.0, 8.0, 6.0 ] }
																					},
																					"children": [
																						{
																							"name": "body_38",
																							"from": [ 0.0, 0.0, 6.0 ],
																							"to": [ 1.0, 1.0, 11.5 ],
																							"rotationOrigin": [ 0.0, 0.0, 6.0 ],
																							"rotationX": -5.0,
																							"rotationY": 4.0,
																							"faces": {
																								"north": { "texture": "#shoulder-sling-plain-rawhide", "uv": [ 0.0, 0.0, 1.0, 1.0 ] },
																								"east": { "texture": "#shoulder-sling-plain-rawhide", "uv": [ 0.0, 0.0, 5.5, 1.0 ] },
																								"south": { "texture": "#shoulder-sling-plain-rawhide", "uv": [ 0.0, 0.0, 1.0, 1.0 ] },
																								"west": { "texture": "#shoulder-sling-plain-rawhide", "uv": [ 0.0, 0.0, 5.5, 1.0 ] },
																								"up": { "texture": "#shoulder-sling-plain-rawhide", "uv": [ 7.5, 0.0, 8.5, 5.5 ] },
																								"down": { "texture": "#shoulder-sling-plain-rawhide", "uv": [ 7.0, 0.0, 8.0, 5.5 ] }
																							}
																						}
																					]
																				}
																			]
																		},
																		{
																			"name": "body_39",
																			"from": [ 1.0, 0.0, 6.0 ],
																			"to": [ 1.5, 0.5, 7.0 ],
																			"rotationOrigin": [ 3.0, 0.5, 6.0 ],
																			"rotationZ": 0.0,
																			"faces": {
																				"up": { "texture": "#shoulder-sling-plain-rawhide", "uv": [ 0.0, 0.0, 0.5, 1.0 ] },
																				"down": { "texture": "#shoulder-sling-plain-rawhide", "uv": [ 0.0, 0.0, 1.0, 0.5 ], "rotation": 90 }
																			}
																		}
																	]
																},
																{
																	"name": "body_40",
																	"from": [ 1.0, 0.0, 8.0 ],
																	"to": [ 2.0, 0.5, 10.0 ],
																	"rotationOrigin": [ 3.0, 0.5, 8.0 ],
																	"rotationZ": 0.0,
																	"faces": {
																		"up": { "texture": "#shoulder-sling-plain-rawhide", "uv": [ 2.0, 0.0, 3.0, 2.0 ] },
																		"down": { "texture": "#shoulder-sling-plain-rawhide", "uv": [ 0.0, 2.0, 2.0, 3.0 ], "rotation": 90 }
																	}
																},
																{
																	"name": "body_41",
																	"from": [ 0.0, 0.0, 8.0 ],
																	"to": [ 1.0, 0.5, 8.5 ],
																	"rotationOrigin": [ 2.0, 0.5, 8.0 ],
																	"rotationZ": 0.0,
																	"faces": {
																		"up": { "texture": "#shoulder-sling-plain-rawhide", "uv": [ 2.0, 0.0, 3.0, 0.5 ] },
																		"down": { "texture": "#shoulder-sling-plain-rawhide", "uv": [ 0.0, 2.0, 0.5, 3.0 ], "rotation": 90 }
																	}
																}
															]
														},
														{
															"name": "body_42",
															"from": [ 1.005, 0.0, 11.0 ],
															"to": [ 2.005, 0.5, 12.5 ],
															"rotationOrigin": [ 3.005, 0.5, 11.0 ],
															"rotationZ": 0.0,
															"faces": {
																"up": { "texture": "#shoulder-sling-plain-rawhide", "uv": [ 4.0, 0.0, 5.0, 1.5 ] },
																"down": { "texture": "#shoulder-sling-plain-rawhide", "uv": [ 0.0, 4.0, 1.5, 5.0 ], "rotation": 90 }
															}
														},
														{
															"name": "body_43",
															"from": [ 0.5, 0.0, 11.0 ],
															"to": [ 1.0, 0.5, 11.5 ],
															"rotationOrigin": [ 2.505, 0.5, 11.0 ],
															"rotationZ": 0.0,
															"faces": {
																"up": { "texture": "#shoulder-sling-plain-rawhide", "uv": [ 4.0, 0.0, 4.5, 0.5 ] },
																"down": { "texture": "#shoulder-sling-plain-rawhide", "uv": [ 0.0, 4.0, 0.5, 4.5 ], "rotation": 90 }
															}
														}
													]
												},
												{
													"name": "body_44",
													"from": [ 0.9961, 0.0, 13.5 ],
													"to": [ 1.9961, 0.5, 15.0 ],
													"rotationOrigin": [ 0.9961, 0.4, 13.5 ],
													"faces": {
														"up": { "texture": "#shoulder-sling-plain-rawhide", "uv": [ 6.0, 0.0, 7.0, 1.5 ] },
														"down": { "texture": "#shoulder-sling-plain-rawhide", "uv": [ 0.0, 6.0, 1.5, 7.0 ], "rotation": 90 }
													}
												}
											]
										}
									]
								},
								{
									"name": "body_bottom_3",
									"from": [ 0.0, 0.0, 0.0 ],
									"to": [ 0.0, 0.0, 0.0 ],
									"rotationOrigin": [ 0.0, 0.75, 0.0 ],
									"faces": {
										"north": { "texture": "#shoulder-sling-plain-metal", "uv": [ 0.0, 0.0, 0.5, 0.5 ] },
										"east": { "texture": "#shoulder-sling-plain-metal", "uv": [ 0.0, 0.0, 0.5, 0.5 ] },
										"south": { "texture": "#shoulder-sling-plain-metal", "uv": [ 0.0, 0.0, 0.5, 0.5 ] },
										"west": { "texture": "#shoulder-sling-plain-metal", "uv": [ 0.0, 0.0, 0.5, 0.5 ] },
										"up": { "texture": "#shoulder-sling-plain-metal", "uv": [ 0.0, 0.0, 0.5, 0.5 ] },
										"down": { "texture": "#shoulder-sling-plain-metal", "uv": [ 0.0, 0.0, 0.5, 0.5 ] }
									},
									"children": [
										{
											"name": "body_45",
											"from": [ -2.0, 0.5, 0.0 ],
											"to": [ 0.0, 1.0, 13.5 ],
											"rotationOrigin": [ 0.0, 1.0, 0.0 ],
											"rotationZ": 3.0,
											"faces": {
												"up": { "texture": "#shoulder-sling-plain-rawhide", "uv": [ 6.0, 0.0, 8.0, 13.5 ] },
												"down": { "texture": "#shoulder-sling-plain-rawhide", "uv": [ 0.0, 6.0, 13.5, 8.0 ], "rotation": 90 }
											},
											"children": [
												{
													"name": "body_46",
													"from": [ -2.0, 0.0, 0.0 ],
													"to": [ 0.0, 0.5, 11.0 ],
													"rotationOrigin": [ 0.0, 0.5, 0.0 ],
													"rotationZ": 6.0,
													"faces": {
														"up": { "texture": "#shoulder-sling-plain-rawhide", "uv": [ 4.0, 0.0, 6.0, 11.0 ] },
														"down": { "texture": "#shoulder-sling-plain-rawhide", "uv": [ 0.0, 4.0, 11.0, 6.0 ], "rotation": 90 }
													},
													"children": [
														{
															"name": "body_47",
															"from": [ -2.0, 0.0, 0.0 ],
															"to": [ 0.0, 0.5, 8.0 ],
															"rotationOrigin": [ 0.0, 0.5, 0.0 ],
															"rotationZ": 6.0,
															"faces": {
																"up": { "texture": "#shoulder-sling-plain-rawhide", "uv": [ 2.0, 0.0, 4.0, 8.0 ] },
																"down": { "texture": "#shoulder-sling-plain-rawhide", "uv": [ 0.0, 2.0, 8.0, 4.0 ], "rotation": 90 }
															},
															"children": [
																{
																	"name": "body_48",
																	"from": [ -1.5, 0.0, 0.0 ],
																	"to": [ 0.0, 0.5, 6.0 ],
																	"rotationOrigin": [ 0.5, 0.5, 0.0 ],
																	"rotationZ": 6.0,
																	"faces": {
																		"up": { "texture": "#shoulder-sling-plain-rawhide", "uv": [ 0.0, 0.0, 1.5, 6.0 ] },
																		"down": { "texture": "#shoulder-sling-plain-rawhide", "uv": [ 0.0, 0.0, 6.0, 1.5 ], "rotation": 90 }
																	},
																	"children": [
																		{
																			"name": "body_49",
																			"from": [ -1.0, -0.2, 0.0 ],
																			"to": [ 0.0, 0.8, 7.0 ],
																			"rotationOrigin": [ -1.0, -0.2, 0.0 ],
																			"rotationY": 10.0,
																			"faces": {
																				"north": { "texture": "#shoulder-sling-plain-rawhide", "uv": [ 0.0, 0.0, 1.0, 1.0 ] },
																				"east": { "texture": "#shoulder-sling-plain-rawhide", "uv": [ 0.0, 0.0, 7.0, 1.0 ] },
																				"south": { "texture": "#shoulder-sling-plain-rawhide", "uv": [ 0.0, 0.0, 1.0, 1.0 ] },
																				"west": { "texture": "#shoulder-sling-plain-rawhide", "uv": [ 0.0, 0.0, 7.0, 1.0 ] },
																				"up": { "texture": "#shoulder-sling-plain-rawhide", "uv": [ 7.5, 0.0, 8.5, 7.0 ] },
																				"down": { "texture": "#shoulder-sling-plain-rawhide", "uv": [ 7.0, 0.0, 8.0, 7.0 ] }
																			},
																			"children": [
																				{
																					"name": "body_50",
																					"from": [ 0.0, 0.0, 7.0 ],
																					"to": [ 1.0, 1.0, 13.0 ],
																					"rotationOrigin": [ 0.0, 1.0, 7.0 ],
																					"rotationX": 5.0,
																					"rotationY": 25.0,
																					"rotationZ": 0.0,
																					"faces": {
																						"north": { "texture": "#shoulder-sling-plain-rawhide", "uv": [ 0.0, 0.0, 1.0, 1.0 ] },
																						"east": { "texture": "#shoulder-sling-plain-rawhide", "uv": [ 0.0, 0.0, 6.0, 1.0 ] },
																						"south": { "texture": "#shoulder-sling-plain-rawhide", "uv": [ 0.0, 0.0, 1.0, 1.0 ] },
																						"west": { "texture": "#shoulder-sling-plain-rawhide", "uv": [ 0.0, 0.0, 6.0, 1.0 ] },
																						"up": { "texture": "#shoulder-sling-plain-rawhide", "uv": [ 7.5, 0.0, 8.5, 6.0 ] },
																						"down": { "texture": "#shoulder-sling-plain-rawhide", "uv": [ 7.0, 0.0, 8.0, 6.0 ] }
																					},
																					"children": [
																						{
																							"name": "body_51",
																							"from": [ 0.0, 0.0, 6.0 ],
																							"to": [ 1.0, 1.0, 11.5 ],
																							"rotationOrigin": [ 0.0, 1.0, 6.0 ],
																							"rotationX": 5.0,
																							"rotationY": 4.0,
																							"faces": {
																								"north": { "texture": "#shoulder-sling-plain-rawhide", "uv": [ 0.0, 0.0, 1.0, 1.0 ] },
																								"east": { "texture": "#shoulder-sling-plain-rawhide", "uv": [ 0.0, 0.0, 5.5, 1.0 ] },
																								"south": { "texture": "#shoulder-sling-plain-rawhide", "uv": [ 0.0, 0.0, 1.0, 1.0 ] },
																								"west": { "texture": "#shoulder-sling-plain-rawhide", "uv": [ 0.0, 0.0, 5.5, 1.0 ] },
																								"up": { "texture": "#shoulder-sling-plain-rawhide", "uv": [ 7.5, 0.0, 8.5, 5.5 ] },
																								"down": { "texture": "#shoulder-sling-plain-rawhide", "uv": [ 7.0, 0.0, 8.0, 5.5 ] }
																							}
																						}
																					]
																				}
																			]
																		},
																		{
																			"name": "body_52",
																			"from": [ 1.0, 0.0, 6.0 ],
																			"to": [ 1.5, 0.5, 7.0 ],
																			"rotationOrigin": [ 3.0, 0.5, 6.0 ],
																			"rotationZ": 0.0,
																			"faces": {
																				"up": { "texture": "#shoulder-sling-plain-rawhide", "uv": [ 0.0, 0.0, 0.5, 1.0 ] },
																				"down": { "texture": "#shoulder-sling-plain-rawhide", "uv": [ 0.0, 0.0, 1.0, 0.5 ], "rotation": 90 }
																			}
																		}
																	]
																},
																{
																	"name": "body_53",
																	"from": [ 1.0, 0.0, 8.0 ],
																	"to": [ 2.0, 0.5, 10.0 ],
																	"rotationOrigin": [ 3.0, 0.5, 8.0 ],
																	"rotationZ": 0.0,
																	"faces": {
																		"up": { "texture": "#shoulder-sling-plain-rawhide", "uv": [ 2.0, 0.0, 3.0, 2.0 ] },
																		"down": { "texture": "#shoulder-sling-plain-rawhide", "uv": [ 0.0, 2.0, 2.0, 3.0 ], "rotation": 90 }
																	}
																},
																{
																	"name": "body_54",
																	"from": [ 0.0, 0.0, 8.0 ],
																	"to": [ 1.0, 0.5, 8.5 ],
																	"rotationOrigin": [ 2.0, 0.5, 8.0 ],
																	"rotationZ": 0.0,
																	"faces": {
																		"up": { "texture": "#shoulder-sling-plain-rawhide", "uv": [ 2.0, 0.0, 3.0, 0.5 ] },
																		"down": { "texture": "#shoulder-sling-plain-rawhide", "uv": [ 0.0, 2.0, 0.5, 3.0 ], "rotation": 90 }
																	}
																}
															]
														},
														{
															"name": "body_55",
															"from": [ 1.005, 0.0, 11.0 ],
															"to": [ 2.005, 0.5, 12.5 ],
															"rotationOrigin": [ 3.005, 0.5, 11.0 ],
															"rotationZ": 0.0,
															"faces": {
																"up": { "texture": "#shoulder-sling-plain-rawhide", "uv": [ 4.0, 0.0, 5.0, 1.5 ] },
																"down": { "texture": "#shoulder-sling-plain-rawhide", "uv": [ 0.0, 4.0, 1.5, 5.0 ], "rotation": 90 }
															}
														},
														{
															"name": "body_56",
															"from": [ 0.5, 0.0, 11.0 ],
															"to": [ 1.0, 0.5, 11.5 ],
															"rotationOrigin": [ 2.505, 0.5, 11.0 ],
															"rotationZ": 0.0,
															"faces": {
																"up": { "texture": "#shoulder-sling-plain-rawhide", "uv": [ 4.0, 0.0, 4.5, 0.5 ] },
																"down": { "texture": "#shoulder-sling-plain-rawhide", "uv": [ 0.0, 4.0, 0.5, 4.5 ], "rotation": 90 }
															}
														}
													]
												},
												{
													"name": "body_57",
													"from": [ 0.9961, 0.0, 13.5 ],
													"to": [ 1.9961, 0.5, 15.0 ],
													"rotationOrigin": [ 0.9961, 0.4, 13.5 ],
													"faces": {
														"up": { "texture": "#shoulder-sling-plain-rawhide", "uv": [ 6.0, 0.0, 7.0, 1.5 ] },
														"down": { "texture": "#shoulder-sling-plain-rawhide", "uv": [ 0.0, 6.0, 1.5, 7.0 ], "rotation": 90 }
													}
												}
											]
										}
									]
								}
							]
						}
					]
				},
				{
					"name": "Handle",
					"from": [ -0.6, -1.9, -2.3 ],
					"to": [ 0.6, -0.7, 2.2 ],
					"rotationOrigin": [ -0.6, -1.9, -2.3 ],
					"faces": {
						"north": { "texture": "#shoulder-sling-plain-reedrope", "uv": [ 0.0, 0.0, 1.0, 1.0 ] },
						"east": { "texture": "#shoulder-sling-plain-reedrope", "uv": [ 0.0, 0.0, 4.5, 1.0 ] },
						"south": { "texture": "#shoulder-sling-plain-reedrope", "uv": [ 0.0, 0.0, 1.0, 1.0 ] },
						"west": { "texture": "#shoulder-sling-plain-reedrope", "uv": [ 0.0, 0.0, 4.5, 1.0 ] },
						"up": { "texture": "#shoulder-sling-plain-reedrope", "uv": [ 6.5, 0.0, 7.5, 4.5 ] },
						"down": { "texture": "#shoulder-sling-plain-reedrope", "uv": [ 6.5, 0.0, 7.5, 4.5 ] }
					},
					"children": [
						{
							"name": "Cube3",
							"from": [ 0.1, 1.9, -15.7 ],
							"to": [ 1.1, 2.9, 0.3 ],
							"rotationOrigin": [ 0.1, 1.9, -12.7 ],
							"rotationX": 8.0,
							"faces": {
								"north": { "texture": "#shoulder-sling-plain-wood", "uv": [ 0.0, 0.0, 1.0, 1.0 ] },
								"east": { "texture": "#shoulder-sling-plain-wood", "uv": [ 0.0, 0.0, 16.0, 1.0 ] },
								"south": { "texture": "#shoulder-sling-plain-wood", "uv": [ 0.0, 0.0, 1.0, 1.0 ] },
								"west": { "texture": "#shoulder-sling-plain-wood", "uv": [ 0.0, 0.0, 16.0, 1.0 ] },
								"up": { "texture": "#shoulder-sling-plain-wood", "uv": [ 6.5, 0.0, 7.5, 16.0 ] },
								"down": { "texture": "#shoulder-sling-plain-wood", "uv": [ 6.5, 0.0, 7.5, 16.0 ] }
							}
						},
						{
							"name": "Cube2",
							"from": [ 0.1, 1.9, 4.3 ],
							"to": [ 1.1, 2.9, 20.3 ],
							"rotationOrigin": [ 0.1, 1.9, 17.3 ],
							"rotationX": -8.0,
							"faces": {
								"north": { "texture": "#shoulder-sling-plain-wood", "uv": [ 0.0, 0.0, 1.0, 1.0 ] },
								"east": { "texture": "#shoulder-sling-plain-wood", "uv": [ 0.0, 0.0, 16.0, 1.0 ] },
								"south": { "texture": "#shoulder-sling-plain-wood", "uv": [ 0.0, 0.0, 1.0, 1.0 ] },
								"west": { "texture": "#shoulder-sling-plain-wood", "uv": [ 0.0, 0.0, 16.0, 1.0 ] },
								"up": { "texture": "#shoulder-sling-plain-wood", "uv": [ 6.5, 0.0, 7.5, 16.0 ] },
								"down": { "texture": "#shoulder-sling-plain-wood", "uv": [ 6.5, 0.0, 7.5, 16.0 ] }
							}
						}
					]
				}
			]
		}
	]}