{
	"editor": {
		"backDropShape": "E:/Programs/VSModelCreator/seraph-faceless",
		"collapsedPaths": "Root/Shield/shield_1/shield_part_1,Root/Shield/shield_1/shield_part_2,Root/Shield/shield_1/shield_part_0,Root/Shield/shield_1/shield_5",
		"allAngles": false,
		"entityTextureMode": false
	},
	"textureWidth": 16,
	"textureHeight": 16,
	"textureSizes": {
	},
	"textures": {
		"shoulder-sling-plain-cloth2": "game:block/cloth/linen/red",
		"shoulder-sling-plain-cloth1": "game:block/cloth/linen/white",
		"shoulder-sling-plain-leather": "game:block/leather/plain",
		"shoulder-sling-plain-metal": "game:block/metal/plate/iron",
		"shoulder-sling-plain-wood": "game:block/wood/debarked/oak"
	},
	"elements": [
		{
			"name": "Shield",
			"from": [ 8.0, 0.0, 8.0 ],
			"to": [ 8.0, 0.0, 9.0 ],
			"rotationOrigin": [ 8.0, 0.0, 8.0 ],
			"faces": {
				"north": { "texture": "#shoulder-sling-plain-wood", "uv": [ 0.0, 0.0, 0.5, 0.5 ] },
				"east": { "texture": "#shoulder-sling-plain-wood", "uv": [ 0.0, 0.0, 1.0, 0.5 ] },
				"south": { "texture": "#shoulder-sling-plain-wood", "uv": [ 0.0, 0.0, 0.5, 0.5 ] },
				"west": { "texture": "#shoulder-sling-plain-wood", "uv": [ 0.0, 0.0, 1.0, 0.5 ] },
				"up": { "texture": "#shoulder-sling-plain-wood", "uv": [ 0.0, 0.0, 0.5, 1.0 ] },
				"down": { "texture": "#shoulder-sling-plain-wood", "uv": [ 0.0, 0.0, 0.5, 1.0 ] }
			},
			"children": [
				{
					"name": "Handle",
					"from": [ -5.3, 0.1, -0.5 ],
					"to": [ 5.3, 0.6, 0.5 ],
					"rotationOrigin": [ -5.3, 0.1, -0.5 ],
					"faces": {
						"north": { "texture": "#shoulder-sling-plain-wood", "uv": [ 0.0, 0.0, 10.5, 0.5 ] },
						"east": { "texture": "#shoulder-sling-plain-wood", "uv": [ 0.0, 0.0, 1.0, 0.5 ] },
						"south": { "texture": "#shoulder-sling-plain-wood", "uv": [ 0.0, 0.0, 10.5, 0.5 ] },
						"west": { "texture": "#shoulder-sling-plain-wood", "uv": [ 0.0, 0.0, 1.0, 0.5 ] },
						"up": { "texture": "#shoulder-sling-plain-wood", "uv": [ 0.0, 0.0, 10.5, 1.0 ] },
						"down": { "texture": "#shoulder-sling-plain-wood", "uv": [ 0.0, 0.0, 10.5, 1.0 ] }
					},
					"children": [
						{
							"name": "Handle2",
							"from": [ 3.0, -0.1, -0.1 ],
							"to": [ 7.6, 0.6, 1.1 ],
							"rotationOrigin": [ 3.0, -0.1, -0.1 ],
							"faces": {
								"north": { "texture": "#shoulder-sling-plain-leather", "uv": [ 0.0, 0.0, 4.5, 0.5 ] },
								"east": { "texture": "#shoulder-sling-plain-leather", "uv": [ 0.0, 0.0, 1.0, 0.5 ] },
								"south": { "texture": "#shoulder-sling-plain-leather", "uv": [ 0.0, 0.0, 4.5, 0.5 ] },
								"west": { "texture": "#shoulder-sling-plain-leather", "uv": [ 0.0, 0.0, 1.0, 0.5 ] },
								"up": { "texture": "#shoulder-sling-plain-leather", "uv": [ 0.0, 0.0, 4.5, 1.0 ] },
								"down": { "texture": "#shoulder-sling-plain-leather", "uv": [ 0.0, 0.0, 4.5, 1.0 ] }
							}
						},
						{
							"name": "Cube2",
							"from": [ 0.6, 0.0, 0.25 ],
							"to": [ 1.1, 0.75, 0.75 ],
							"rotationOrigin": [ 1.1, 0.0, 0.25 ],
							"rotationZ": 5.0,
							"faces": {
								"north": { "texture": "#shoulder-sling-plain-metal", "uv": [ 0.0, 0.0, 0.5, 0.5 ] },
								"east": { "texture": "#shoulder-sling-plain-metal", "uv": [ 0.0, 0.0, 0.5, 0.5 ] },
								"south": { "texture": "#shoulder-sling-plain-metal", "uv": [ 0.0, 0.0, 0.5, 0.5 ] },
								"west": { "texture": "#shoulder-sling-plain-metal", "uv": [ 0.0, 0.0, 0.5, 0.5 ] },
								"up": { "texture": "#shoulder-sling-plain-metal", "uv": [ 0.0, 0.0, 0.5, 0.5 ] },
								"down": { "texture": "#shoulder-sling-plain-metal", "uv": [ 0.0, 0.0, 0.5, 0.5 ] }
							}
						},
						{
							"name": "Cube3",
							"from": [ 9.5, 0.0, 0.25 ],
							"to": [ 10.0, 0.75, 0.75 ],
							"rotationOrigin": [ 9.5, 0.0, 0.25 ],
							"rotationZ": -5.0,
							"faces": {
								"north": { "texture": "#shoulder-sling-plain-metal", "uv": [ 0.0, 0.0, 0.5, 0.5 ] },
								"east": { "texture": "#shoulder-sling-plain-metal", "uv": [ 0.0, 0.0, 0.5, 0.5 ] },
								"south": { "texture": "#shoulder-sling-plain-metal", "uv": [ 0.0, 0.0, 0.5, 0.5 ] },
								"west": { "texture": "#shoulder-sling-plain-metal", "uv": [ 0.0, 0.0, 0.5, 0.5 ] },
								"up": { "texture": "#shoulder-sling-plain-metal", "uv": [ 0.0, 0.0, 0.5, 0.5 ] },
								"down": { "texture": "#shoulder-sling-plain-metal", "uv": [ 0.0, 0.0, 0.5, 0.5 ] }
							}
						},
						{
							"name": "Cube4",
							"from": [ 1.5, 0.0, 0.25 ],
							"to": [ 2.0, 0.9, 0.75 ],
							"rotationOrigin": [ 2.0, 0.0, 0.25 ],
							"rotationZ": 5.0,
							"faces": {
								"north": { "texture": "#shoulder-sling-plain-metal", "uv": [ 0.0, 0.0, 0.5, 0.5 ] },
								"east": { "texture": "#shoulder-sling-plain-metal", "uv": [ 0.0, 0.0, 0.5, 0.5 ] },
								"south": { "texture": "#shoulder-sling-plain-metal", "uv": [ 0.0, 0.0, 0.5, 0.5 ] },
								"west": { "texture": "#shoulder-sling-plain-metal", "uv": [ 0.0, 0.0, 0.5, 0.5 ] },
								"up": { "texture": "#shoulder-sling-plain-metal", "uv": [ 0.0, 0.0, 0.5, 0.5 ] },
								"down": { "texture": "#shoulder-sling-plain-metal", "uv": [ 0.0, 0.0, 0.5, 0.5 ] }
							}
						},
						{
							"name": "Cube5",
							"from": [ 8.6, 0.0, 0.25 ],
							"to": [ 9.1, 0.9, 0.75 ],
							"rotationOrigin": [ 8.6, 0.0, 0.25 ],
							"rotationZ": -5.0,
							"faces": {
								"north": { "texture": "#shoulder-sling-plain-metal", "uv": [ 0.0, 0.0, 0.5, 0.5 ] },
								"east": { "texture": "#shoulder-sling-plain-metal", "uv": [ 0.0, 0.0, 0.5, 0.5 ] },
								"south": { "texture": "#shoulder-sling-plain-metal", "uv": [ 0.0, 0.0, 0.5, 0.5 ] },
								"west": { "texture": "#shoulder-sling-plain-metal", "uv": [ 0.0, 0.0, 0.5, 0.5 ] },
								"up": { "texture": "#shoulder-sling-plain-metal", "uv": [ 0.0, 0.0, 0.5, 0.5 ] },
								"down": { "texture": "#shoulder-sling-plain-metal", "uv": [ 0.0, 0.0, 0.5, 0.5 ] }
							}
						}
					]
				},
				{
					"name": "shield_1",
					"from": [ -2.5, 1.0, -2.5 ],
					"to": [ 2.5, 1.5, 2.5 ],
					"rotationOrigin": [ 0.0, 1.0, 0.0 ],
					"faces": {
						"north": { "texture": "#shoulder-sling-plain-metal", "uv": [ 7.5, 11.5, 12.5, 12.0 ] },
						"east": { "texture": "#shoulder-sling-plain-metal", "uv": [ 7.0, 9.0, 12.0, 9.5 ] },
						"south": { "texture": "#shoulder-sling-plain-metal", "uv": [ 7.5, 9.5, 12.5, 10.0 ] },
						"west": { "texture": "#shoulder-sling-plain-metal", "uv": [ 7.5, 10.0, 12.5, 10.5 ] },
						"up": { "texture": "#shoulder-sling-plain-metal", "uv": [ 8.5, 7.0, 13.5, 12.0 ] },
						"down": { "texture": "#shoulder-sling-plain-metal", "uv": [ 7.5, 8.0, 12.5, 13.0 ] }
					},
					"children": [
						{
							"name": "shield_1_0",
							"from": [ -0.5, -0.4, 12.5 ],
							"to": [ 5.5, 0.1, 13.5 ],
							"rotationOrigin": [ 2.5, 0.0, 2.5 ],
							"faces": {
								"north": { "texture": "#shoulder-sling-plain-leather", "uv": [ 0.0, 0.0, 6.0, 0.5 ] },
								"east": { "texture": "#shoulder-sling-plain-leather", "uv": [ 0.0, 0.0, 1.0, 0.5 ] },
								"south": { "texture": "#shoulder-sling-plain-leather", "uv": [ 0.0, 0.0, 6.0, 0.5 ] },
								"west": { "texture": "#shoulder-sling-plain-leather", "uv": [ 0.0, 0.0, 1.0, 0.5 ] },
								"up": { "texture": "#shoulder-sling-plain-leather", "uv": [ 0.0, 0.0, 6.0, 1.0 ] },
								"down": { "texture": "#shoulder-sling-plain-leather", "uv": [ 0.0, 0.0, 6.0, 1.0 ] }
							}
						},
						{
							"name": "shield_1_1",
							"from": [ -0.5, -0.41, 12.5 ],
							"to": [ 5.5, 0.09, 13.5 ],
							"rotationOrigin": [ 2.5, 0.0, 2.5 ],
							"rotationY": 30.0,
							"faces": {
								"north": { "texture": "#shoulder-sling-plain-leather", "uv": [ 0.0, 0.0, 6.0, 0.5 ] },
								"east": { "texture": "#shoulder-sling-plain-leather", "uv": [ 0.0, 0.0, 1.0, 0.5 ] },
								"south": { "texture": "#shoulder-sling-plain-leather", "uv": [ 0.0, 0.0, 6.0, 0.5 ] },
								"west": { "texture": "#shoulder-sling-plain-leather", "uv": [ 0.0, 0.0, 1.0, 0.5 ] },
								"up": { "texture": "#shoulder-sling-plain-leather", "uv": [ 0.0, 0.0, 6.0, 1.0 ] },
								"down": { "texture": "#shoulder-sling-plain-leather", "uv": [ 0.0, 0.0, 6.0, 1.0 ] }
							}
						},
						{
							"name": "shield_1_2",
							"from": [ -0.5, -0.4, 12.5 ],
							"to": [ 5.5, 0.1, 13.5 ],
							"rotationOrigin": [ 2.5, 0.0, 2.5 ],
							"rotationY": 60.0,
							"faces": {
								"north": { "texture": "#shoulder-sling-plain-leather", "uv": [ 0.0, 0.0, 6.0, 0.5 ] },
								"east": { "texture": "#shoulder-sling-plain-leather", "uv": [ 0.0, 0.0, 1.0, 0.5 ] },
								"south": { "texture": "#shoulder-sling-plain-leather", "uv": [ 0.0, 0.0, 6.0, 0.5 ] },
								"west": { "texture": "#shoulder-sling-plain-leather", "uv": [ 0.0, 0.0, 1.0, 0.5 ] },
								"up": { "texture": "#shoulder-sling-plain-leather", "uv": [ 0.0, 0.0, 6.0, 1.0 ] },
								"down": { "texture": "#shoulder-sling-plain-leather", "uv": [ 0.0, 0.0, 6.0, 1.0 ] }
							}
						},
						{
							"name": "shield_1_3",
							"from": [ -0.5, -0.41, 12.5 ],
							"to": [ 5.5, 0.09, 13.5 ],
							"rotationOrigin": [ 2.5, 0.0, 2.5 ],
							"rotationY": 90.0,
							"faces": {
								"north": { "texture": "#shoulder-sling-plain-leather", "uv": [ 0.0, 0.0, 6.0, 0.5 ] },
								"east": { "texture": "#shoulder-sling-plain-leather", "uv": [ 0.0, 0.0, 1.0, 0.5 ] },
								"south": { "texture": "#shoulder-sling-plain-leather", "uv": [ 0.0, 0.0, 6.0, 0.5 ] },
								"west": { "texture": "#shoulder-sling-plain-leather", "uv": [ 0.0, 0.0, 1.0, 0.5 ] },
								"up": { "texture": "#shoulder-sling-plain-leather", "uv": [ 0.0, 0.0, 6.0, 1.0 ] },
								"down": { "texture": "#shoulder-sling-plain-leather", "uv": [ 0.0, 0.0, 6.0, 1.0 ] }
							}
						},
						{
							"name": "shield_1_4",
							"from": [ -0.5, -0.4, 12.5 ],
							"to": [ 5.5, 0.1, 13.5 ],
							"rotationOrigin": [ 2.5, 0.0, 2.5 ],
							"rotationY": 120.0,
							"faces": {
								"north": { "texture": "#shoulder-sling-plain-leather", "uv": [ 0.0, 0.0, 6.0, 0.5 ] },
								"east": { "texture": "#shoulder-sling-plain-leather", "uv": [ 0.0, 0.0, 1.0, 0.5 ] },
								"south": { "texture": "#shoulder-sling-plain-leather", "uv": [ 0.0, 0.0, 6.0, 0.5 ] },
								"west": { "texture": "#shoulder-sling-plain-leather", "uv": [ 0.0, 0.0, 1.0, 0.5 ] },
								"up": { "texture": "#shoulder-sling-plain-leather", "uv": [ 0.0, 0.0, 6.0, 1.0 ] },
								"down": { "texture": "#shoulder-sling-plain-leather", "uv": [ 0.0, 0.0, 6.0, 1.0 ] }
							}
						},
						{
							"name": "shield_1_5",
							"from": [ -0.5, -0.41, 12.5 ],
							"to": [ 5.5, 0.09, 13.5 ],
							"rotationOrigin": [ 2.5, 0.0, 2.5 ],
							"rotationY": 150.0,
							"faces": {
								"north": { "texture": "#shoulder-sling-plain-leather", "uv": [ 0.0, 0.0, 6.0, 0.5 ] },
								"east": { "texture": "#shoulder-sling-plain-leather", "uv": [ 0.0, 0.0, 1.0, 0.5 ] },
								"south": { "texture": "#shoulder-sling-plain-leather", "uv": [ 0.0, 0.0, 6.0, 0.5 ] },
								"west": { "texture": "#shoulder-sling-plain-leather", "uv": [ 0.0, 0.0, 1.0, 0.5 ] },
								"up": { "texture": "#shoulder-sling-plain-leather", "uv": [ 0.0, 0.0, 6.0, 1.0 ] },
								"down": { "texture": "#shoulder-sling-plain-leather", "uv": [ 0.0, 0.0, 6.0, 1.0 ] }
							}
						},
						{
							"name": "shield_1_6",
							"from": [ -0.5, -0.4, 12.5 ],
							"to": [ 5.5, 0.1, 13.5 ],
							"rotationOrigin": [ 2.5, 0.0, 2.5 ],
							"rotationY": 180.0,
							"faces": {
								"north": { "texture": "#shoulder-sling-plain-leather", "uv": [ 0.0, 0.0, 6.0, 0.5 ] },
								"east": { "texture": "#shoulder-sling-plain-leather", "uv": [ 0.0, 0.0, 1.0, 0.5 ] },
								"south": { "texture": "#shoulder-sling-plain-leather", "uv": [ 0.0, 0.0, 6.0, 0.5 ] },
								"west": { "texture": "#shoulder-sling-plain-leather", "uv": [ 0.0, 0.0, 1.0, 0.5 ] },
								"up": { "texture": "#shoulder-sling-plain-leather", "uv": [ 0.0, 0.0, 6.0, 1.0 ] },
								"down": { "texture": "#shoulder-sling-plain-leather", "uv": [ 0.0, 0.0, 6.0, 1.0 ] }
							}
						},
						{
							"name": "shield_1_7",
							"from": [ -0.5, -0.41, 12.5 ],
							"to": [ 5.5, 0.09, 13.5 ],
							"rotationOrigin": [ 2.5, 0.0, 2.5 ],
							"rotationY": 210.0,
							"faces": {
								"north": { "texture": "#shoulder-sling-plain-leather", "uv": [ 0.0, 0.0, 6.0, 0.5 ] },
								"east": { "texture": "#shoulder-sling-plain-leather", "uv": [ 0.0, 0.0, 1.0, 0.5 ] },
								"south": { "texture": "#shoulder-sling-plain-leather", "uv": [ 0.0, 0.0, 6.0, 0.5 ] },
								"west": { "texture": "#shoulder-sling-plain-leather", "uv": [ 0.0, 0.0, 1.0, 0.5 ] },
								"up": { "texture": "#shoulder-sling-plain-leather", "uv": [ 0.0, 0.0, 6.0, 1.0 ] },
								"down": { "texture": "#shoulder-sling-plain-leather", "uv": [ 0.0, 0.0, 6.0, 1.0 ] }
							}
						},
						{
							"name": "shield_1_8",
							"from": [ -0.5, -0.4, 12.5 ],
							"to": [ 5.5, 0.1, 13.5 ],
							"rotationOrigin": [ 2.5, 0.0, 2.5 ],
							"rotationY": 240.0,
							"faces": {
								"north": { "texture": "#shoulder-sling-plain-leather", "uv": [ 0.0, 0.0, 6.0, 0.5 ] },
								"east": { "texture": "#shoulder-sling-plain-leather", "uv": [ 0.0, 0.0, 1.0, 0.5 ] },
								"south": { "texture": "#shoulder-sling-plain-leather", "uv": [ 0.0, 0.0, 6.0, 0.5 ] },
								"west": { "texture": "#shoulder-sling-plain-leather", "uv": [ 0.0, 0.0, 1.0, 0.5 ] },
								"up": { "texture": "#shoulder-sling-plain-leather", "uv": [ 0.0, 0.0, 6.0, 1.0 ] },
								"down": { "texture": "#shoulder-sling-plain-leather", "uv": [ 0.0, 0.0, 6.0, 1.0 ] }
							}
						},
						{
							"name": "shield_1_9",
							"from": [ -0.5, -0.41, 12.5 ],
							"to": [ 5.5, 0.09, 13.5 ],
							"rotationOrigin": [ 2.5, 0.0, 2.5 ],
							"rotationY": 270.0,
							"faces": {
								"north": { "texture": "#shoulder-sling-plain-leather", "uv": [ 0.0, 0.0, 6.0, 0.5 ] },
								"east": { "texture": "#shoulder-sling-plain-leather", "uv": [ 0.0, 0.0, 1.0, 0.5 ] },
								"south": { "texture": "#shoulder-sling-plain-leather", "uv": [ 0.0, 0.0, 6.0, 0.5 ] },
								"west": { "texture": "#shoulder-sling-plain-leather", "uv": [ 0.0, 0.0, 1.0, 0.5 ] },
								"up": { "texture": "#shoulder-sling-plain-leather", "uv": [ 0.0, 0.0, 6.0, 1.0 ] },
								"down": { "texture": "#shoulder-sling-plain-leather", "uv": [ 0.0, 0.0, 6.0, 1.0 ] }
							}
						},
						{
							"name": "shield_1_10",
							"from": [ -0.5, -0.4, 12.5 ],
							"to": [ 5.5, 0.1, 13.5 ],
							"rotationOrigin": [ 2.5, 0.0, 2.5 ],
							"rotationY": 300.0,
							"faces": {
								"north": { "texture": "#shoulder-sling-plain-leather", "uv": [ 0.0, 0.0, 6.0, 0.5 ] },
								"east": { "texture": "#shoulder-sling-plain-leather", "uv": [ 0.0, 0.0, 1.0, 0.5 ] },
								"south": { "texture": "#shoulder-sling-plain-leather", "uv": [ 0.0, 0.0, 6.0, 0.5 ] },
								"west": { "texture": "#shoulder-sling-plain-leather", "uv": [ 0.0, 0.0, 1.0, 0.5 ] },
								"up": { "texture": "#shoulder-sling-plain-leather", "uv": [ 0.0, 0.0, 6.0, 1.0 ] },
								"down": { "texture": "#shoulder-sling-plain-leather", "uv": [ 0.0, 0.0, 6.0, 1.0 ] }
							}
						},
						{
							"name": "shield_1_11",
							"from": [ -0.5, -0.41, 12.5 ],
							"to": [ 5.5, 0.09, 13.5 ],
							"rotationOrigin": [ 2.5, 0.0, 2.5 ],
							"rotationY": 330.0,
							"faces": {
								"north": { "texture": "#shoulder-sling-plain-leather", "uv": [ 0.0, 0.0, 6.0, 0.5 ] },
								"east": { "texture": "#shoulder-sling-plain-leather", "uv": [ 0.0, 0.0, 1.0, 0.5 ] },
								"south": { "texture": "#shoulder-sling-plain-leather", "uv": [ 0.0, 0.0, 6.0, 0.5 ] },
								"west": { "texture": "#shoulder-sling-plain-leather", "uv": [ 0.0, 0.0, 1.0, 0.5 ] },
								"up": { "texture": "#shoulder-sling-plain-leather", "uv": [ 0.0, 0.0, 6.0, 1.0 ] },
								"down": { "texture": "#shoulder-sling-plain-leather", "uv": [ 0.0, 0.0, 6.0, 1.0 ] }
							}
						}
					]
				},
				{
					"name": "shield_0",
					"from": [ -1.5, 1.5, -1.5 ],
					"to": [ 1.5, 2.0, 1.5 ],
					"rotationOrigin": [ 0.0, 1.5, 0.0 ],
					"faces": {
						"north": { "texture": "#shoulder-sling-plain-metal", "uv": [ 4.5, 10.5, 7.5, 11.0 ] },
						"east": { "texture": "#shoulder-sling-plain-metal", "uv": [ 4.5, 12.0, 7.5, 12.5 ] },
						"south": { "texture": "#shoulder-sling-plain-metal", "uv": [ 5.0, 10.5, 8.0, 11.0 ] },
						"west": { "texture": "#shoulder-sling-plain-metal", "uv": [ 4.0, 11.0, 7.0, 11.5 ] },
						"up": { "texture": "#shoulder-sling-plain-metal", "uv": [ 4.5, 10.0, 7.5, 13.0 ] },
						"down": { "texture": "#shoulder-sling-plain-metal", "uv": [ 4.0, 9.5, 7.0, 12.5 ] }
					}
				},
				{
					"name": "shield_2",
					"from": [ 0.0, 0.0, 0.0 ],
					"to": [ 0.0, 0.0, 0.0 ],
					"rotationOrigin": [ 0.0, 1.0, 0.0 ],
					"faces": {
						"north": { "texture": "#shoulder-sling-plain-wood", "uv": [ 0.0, 0.0, 0.5, 0.5 ] },
						"east": { "texture": "#shoulder-sling-plain-wood", "uv": [ 0.0, 0.0, 0.5, 0.5 ] },
						"south": { "texture": "#shoulder-sling-plain-wood", "uv": [ 0.0, 0.0, 0.5, 0.5 ] },
						"west": { "texture": "#shoulder-sling-plain-wood", "uv": [ 0.0, 0.0, 0.5, 0.5 ] },
						"up": { "texture": "#shoulder-sling-plain-wood", "uv": [ 0.0, 0.0, 0.5, 0.5 ] },
						"down": { "texture": "#shoulder-sling-plain-wood", "uv": [ 0.0, 0.0, 0.5, 0.5 ] }
					},
					"children": [
						{
							"name": "shield_2_0",
							"from": [ -8.0, 0.7, 0.0 ],
							"to": [ -2.0, 1.0, 8.0 ],
							"rotationOrigin": [ -8.0, 0.7, 0.0 ],
							"faces": {
								"north": { "texture": "#shoulder-sling-plain-wood", "uv": [ 0.0, 0.0, 6.0, 0.5 ] },
								"east": { "texture": "#shoulder-sling-plain-wood", "uv": [ 0.0, 0.0, 8.0, 0.5 ] },
								"south": { "texture": "#shoulder-sling-plain-wood", "uv": [ 0.0, 0.0, 6.0, 0.5 ] },
								"west": { "texture": "#shoulder-sling-plain-wood", "uv": [ 0.0, 0.0, 8.0, 0.5 ] },
								"up": { "texture": "#shoulder-sling-plain-cloth1", "uv": [ 6.0, 0.0, 12.0, 8.0 ] },
								"down": { "texture": "#shoulder-sling-plain-wood", "uv": [ 6.0, 0.0, 12.0, 8.0 ] }
							}
						},
						{
							"name": "shield_2_1",
							"from": [ 2.0, 0.7, 0.0 ],
							"to": [ 8.0, 1.0, 8.0 ],
							"rotationOrigin": [ 2.0, 0.7, 0.0 ],
							"faces": {
								"north": { "texture": "#shoulder-sling-plain-wood", "uv": [ 0.0, 0.0, 6.0, 0.5 ] },
								"east": { "texture": "#shoulder-sling-plain-wood", "uv": [ 0.0, 0.0, 8.0, 0.5 ] },
								"south": { "texture": "#shoulder-sling-plain-wood", "uv": [ 0.0, 0.0, 6.0, 0.5 ] },
								"west": { "texture": "#shoulder-sling-plain-wood", "uv": [ 0.0, 0.0, 8.0, 0.5 ] },
								"up": { "texture": "#shoulder-sling-plain-cloth2", "uv": [ 4.0, 0.0, 10.0, 8.0 ] },
								"down": { "texture": "#shoulder-sling-plain-wood", "uv": [ 4.0, 0.0, 10.0, 8.0 ] }
							}
						},
						{
							"name": "shield_2_2",
							"from": [ 0.0, 0.7, -8.0 ],
							"to": [ 2.0, 1.0, -2.0 ],
							"rotationOrigin": [ 0.0, 0.7, -8.0 ],
							"faces": {
								"north": { "texture": "#shoulder-sling-plain-wood", "uv": [ 0.0, 0.0, 2.0, 0.5 ] },
								"east": { "texture": "#shoulder-sling-plain-wood", "uv": [ 0.0, 0.0, 6.0, 0.5 ] },
								"south": { "texture": "#shoulder-sling-plain-wood", "uv": [ 0.0, 0.0, 2.0, 0.5 ] },
								"west": { "texture": "#shoulder-sling-plain-wood", "uv": [ 0.0, 0.0, 6.0, 0.5 ] },
								"up": { "texture": "#shoulder-sling-plain-cloth1", "uv": [ 8.0, 0.0, 10.0, 6.0 ] },
								"down": { "texture": "#shoulder-sling-plain-wood", "uv": [ 8.0, 0.0, 10.0, 6.0 ] }
							}
						},
						{
							"name": "shield_2_3",
							"from": [ 0.0, 0.7, 2.0 ],
							"to": [ 2.0, 1.0, 8.0 ],
							"rotationOrigin": [ 0.0, 0.7, 2.0 ],
							"faces": {
								"north": { "texture": "#shoulder-sling-plain-wood", "uv": [ 0.0, 0.0, 2.0, 0.5 ] },
								"east": { "texture": "#shoulder-sling-plain-wood", "uv": [ 0.0, 0.0, 6.0, 0.5 ] },
								"south": { "texture": "#shoulder-sling-plain-wood", "uv": [ 0.0, 0.0, 2.0, 0.5 ] },
								"west": { "texture": "#shoulder-sling-plain-wood", "uv": [ 0.0, 0.0, 6.0, 0.5 ] },
								"up": { "texture": "#shoulder-sling-plain-cloth2", "uv": [ 8.0, 10.0, 10.0, 16.0 ] },
								"down": { "texture": "#shoulder-sling-plain-wood", "uv": [ 8.0, 10.0, 10.0, 16.0 ] }
							}
						},
						{
							"name": "shield_2_4",
							"from": [ 8.0, 0.7, 0.0 ],
							"to": [ 10.0, 1.0, 4.0 ],
							"rotationOrigin": [ 8.0, 0.7, 0.0 ],
							"faces": {
								"north": { "texture": "#shoulder-sling-plain-wood", "uv": [ 0.0, 0.0, 2.0, 0.5 ] },
								"east": { "texture": "#shoulder-sling-plain-wood", "uv": [ 0.0, 0.0, 4.0, 0.5 ] },
								"south": { "texture": "#shoulder-sling-plain-wood", "uv": [ 0.0, 0.0, 2.0, 0.5 ] },
								"west": { "texture": "#shoulder-sling-plain-wood", "uv": [ 0.0, 0.0, 4.0, 0.5 ] },
								"up": { "texture": "#shoulder-sling-plain-cloth2", "uv": [ 10.5, 4.0, 12.5, 8.0 ] },
								"down": { "texture": "#shoulder-sling-plain-wood", "uv": [ 10.5, 4.0, 12.5, 8.0 ] }
							}
						},
						{
							"name": "shield_2_5",
							"from": [ -10.0, 0.7, 0.0 ],
							"to": [ -8.0, 1.0, 4.0 ],
							"rotationOrigin": [ -10.0, 0.7, 0.0 ],
							"faces": {
								"north": { "texture": "#shoulder-sling-plain-wood", "uv": [ 0.0, 0.0, 2.0, 0.5 ] },
								"east": { "texture": "#shoulder-sling-plain-wood", "uv": [ 0.0, 0.0, 4.0, 0.5 ] },
								"south": { "texture": "#shoulder-sling-plain-wood", "uv": [ 0.0, 0.0, 2.0, 0.5 ] },
								"west": { "texture": "#shoulder-sling-plain-wood", "uv": [ 0.0, 0.0, 4.0, 0.5 ] },
								"up": { "texture": "#shoulder-sling-plain-cloth1", "uv": [ 5.0, 4.0, 7.0, 8.0 ] },
								"down": { "texture": "#shoulder-sling-plain-wood", "uv": [ 5.0, 4.0, 7.0, 8.0 ] }
							}
						},
						{
							"name": "shield_2_6",
							"from": [ 0.0, 0.7, -10.0 ],
							"to": [ 4.0, 1.0, -8.0 ],
							"rotationOrigin": [ 0.0, 0.7, -10.0 ],
							"faces": {
								"north": { "texture": "#shoulder-sling-plain-wood", "uv": [ 0.0, 0.0, 4.0, 0.5 ] },
								"east": { "texture": "#shoulder-sling-plain-wood", "uv": [ 0.0, 0.0, 2.0, 0.5 ] },
								"south": { "texture": "#shoulder-sling-plain-wood", "uv": [ 0.0, 0.0, 4.0, 0.5 ] },
								"west": { "texture": "#shoulder-sling-plain-wood", "uv": [ 0.0, 0.0, 2.0, 0.5 ] },
								"up": { "texture": "#shoulder-sling-plain-cloth1", "uv": [ 10.0, 0.0, 14.0, 2.0 ] },
								"down": { "texture": "#shoulder-sling-plain-wood", "uv": [ 10.0, 0.0, 14.0, 2.0 ] }
							}
						},
						{
							"name": "shield_2_7",
							"from": [ 0.0, 0.7, 8.0 ],
							"to": [ 4.0, 1.0, 10.0 ],
							"rotationOrigin": [ 0.0, 0.7, 8.0 ],
							"faces": {
								"north": { "texture": "#shoulder-sling-plain-wood", "uv": [ 0.0, 0.0, 4.0, 0.5 ] },
								"east": { "texture": "#shoulder-sling-plain-wood", "uv": [ 0.0, 0.0, 2.0, 0.5 ] },
								"south": { "texture": "#shoulder-sling-plain-wood", "uv": [ 0.0, 0.0, 4.0, 0.5 ] },
								"west": { "texture": "#shoulder-sling-plain-wood", "uv": [ 0.0, 0.0, 2.0, 0.5 ] },
								"up": { "texture": "#shoulder-sling-plain-cloth2", "uv": [ 10.0, 0.0, 14.0, 2.0 ] },
								"down": { "texture": "#shoulder-sling-plain-wood", "uv": [ 10.0, 0.0, 14.0, 2.0 ] }
							}
						},
						{
							"name": "shield_2_8",
							"from": [ -7.0, 0.7, 8.0 ],
							"to": [ -4.0, 1.0, 8.5 ],
							"rotationOrigin": [ -7.0, 0.7, 8.0 ],
							"faces": {
								"north": { "texture": "#shoulder-sling-plain-wood", "uv": [ 0.0, 0.0, 3.0, 0.5 ] },
								"east": { "texture": "#shoulder-sling-plain-wood", "uv": [ 0.0, 0.0, 0.5, 0.5 ] },
								"south": { "texture": "#shoulder-sling-plain-wood", "uv": [ 0.0, 0.0, 3.0, 0.5 ] },
								"west": { "texture": "#shoulder-sling-plain-wood", "uv": [ 0.0, 0.0, 0.5, 0.5 ] },
								"up": { "texture": "#shoulder-sling-plain-cloth1", "uv": [ 6.0, 0.0, 9.0, 0.5 ] },
								"down": { "texture": "#shoulder-sling-plain-wood", "uv": [ 6.0, 0.0, 9.0, 0.5 ] }
							},
							"children": [
								{
									"name": "shield_2_9",
									"from": [ 1.5, 0.0, 0.5 ],
									"to": [ 3.0, 0.3, 1.5 ],
									"rotationOrigin": [ 1.5, 0.0, 0.5 ],
									"faces": {
										"north": { "texture": "#shoulder-sling-plain-wood", "uv": [ 0.0, 0.0, 1.5, 0.5 ] },
										"east": { "texture": "#shoulder-sling-plain-wood", "uv": [ 0.0, 0.0, 1.0, 0.5 ] },
										"south": { "texture": "#shoulder-sling-plain-wood", "uv": [ 0.0, 0.0, 1.5, 0.5 ] },
										"west": { "texture": "#shoulder-sling-plain-wood", "uv": [ 0.0, 0.0, 1.0, 0.5 ] },
										"up": { "texture": "#shoulder-sling-plain-cloth1", "uv": [ 6.0, 0.0, 7.5, 1.0 ] },
										"down": { "texture": "#shoulder-sling-plain-wood", "uv": [ 6.0, 0.0, 7.5, 1.0 ] }
									}
								}
							]
						},
						{
							"name": "shield_2_10",
							"from": [ 4.0, 0.7, 8.0 ],
							"to": [ 7.0, 1.0, 8.5 ],
							"rotationOrigin": [ 4.0, 0.7, 8.0 ],
							"faces": {
								"north": { "texture": "#shoulder-sling-plain-wood", "uv": [ 0.0, 0.0, 3.0, 0.5 ] },
								"east": { "texture": "#shoulder-sling-plain-wood", "uv": [ 0.0, 0.0, 0.5, 0.5 ] },
								"south": { "texture": "#shoulder-sling-plain-wood", "uv": [ 0.0, 0.0, 3.0, 0.5 ] },
								"west": { "texture": "#shoulder-sling-plain-wood", "uv": [ 0.0, 0.0, 0.5, 0.5 ] },
								"up": { "texture": "#shoulder-sling-plain-cloth2", "uv": [ 6.0, 0.0, 9.0, 0.5 ] },
								"down": { "texture": "#shoulder-sling-plain-wood", "uv": [ 6.0, 0.0, 9.0, 0.5 ] }
							},
							"children": [
								{
									"name": "shield_2_11",
									"from": [ 0.0, 0.0, 0.5 ],
									"to": [ 1.5, 0.3, 1.5 ],
									"rotationOrigin": [ 0.0, 0.0, 0.5 ],
									"faces": {
										"north": { "texture": "#shoulder-sling-plain-wood", "uv": [ 0.0, 0.0, 1.5, 0.5 ] },
										"east": { "texture": "#shoulder-sling-plain-wood", "uv": [ 0.0, 0.0, 1.0, 0.5 ] },
										"south": { "texture": "#shoulder-sling-plain-wood", "uv": [ 0.0, 0.0, 1.5, 0.5 ] },
										"west": { "texture": "#shoulder-sling-plain-wood", "uv": [ 0.0, 0.0, 1.0, 0.5 ] },
										"up": { "texture": "#shoulder-sling-plain-cloth2", "uv": [ 6.5, 0.0, 8.0, 1.0 ] },
										"down": { "texture": "#shoulder-sling-plain-wood", "uv": [ 6.0, 0.0, 7.5, 1.0 ] }
									}
								}
							]
						},
						{
							"name": "shield_2_12",
							"from": [ -7.0, 0.7, -8.5 ],
							"to": [ -4.0, 1.0, -8.0 ],
							"rotationOrigin": [ -7.0, 0.7, -8.5 ],
							"faces": {
								"north": { "texture": "#shoulder-sling-plain-wood", "uv": [ 0.0, 0.0, 3.0, 0.5 ] },
								"east": { "texture": "#shoulder-sling-plain-wood", "uv": [ 0.0, 0.0, 0.5, 0.5 ] },
								"south": { "texture": "#shoulder-sling-plain-wood", "uv": [ 0.0, 0.0, 3.0, 0.5 ] },
								"west": { "texture": "#shoulder-sling-plain-wood", "uv": [ 0.0, 0.0, 0.5, 0.5 ] },
								"up": { "texture": "#shoulder-sling-plain-cloth2", "uv": [ 6.5, 0.0, 9.5, 0.5 ] },
								"down": { "texture": "#shoulder-sling-plain-wood", "uv": [ 6.0, 0.0, 9.0, 0.5 ] }
							},
							"children": [
								{
									"name": "shield_2_13",
									"from": [ 1.5, 0.0, -1.0 ],
									"to": [ 3.0, 0.3, 0.0 ],
									"rotationOrigin": [ 1.5, 0.0, -1.0 ],
									"faces": {
										"north": { "texture": "#shoulder-sling-plain-wood", "uv": [ 0.0, 0.0, 1.5, 0.5 ] },
										"east": { "texture": "#shoulder-sling-plain-wood", "uv": [ 0.0, 0.0, 1.0, 0.5 ] },
										"south": { "texture": "#shoulder-sling-plain-wood", "uv": [ 0.0, 0.0, 1.5, 0.5 ] },
										"west": { "texture": "#shoulder-sling-plain-wood", "uv": [ 0.0, 0.0, 1.0, 0.5 ] },
										"up": { "texture": "#shoulder-sling-plain-cloth2", "uv": [ 6.0, 0.0, 7.5, 1.0 ] },
										"down": { "texture": "#shoulder-sling-plain-wood", "uv": [ 6.0, 0.0, 7.5, 1.0 ] }
									}
								}
							]
						},
						{
							"name": "shield_2_14",
							"from": [ 4.0, 0.7, -8.5 ],
							"to": [ 7.0, 1.0, -8.0 ],
							"rotationOrigin": [ 4.0, 0.7, -8.5 ],
							"faces": {
								"north": { "texture": "#shoulder-sling-plain-wood", "uv": [ 0.0, 0.0, 3.0, 0.5 ] },
								"east": { "texture": "#shoulder-sling-plain-wood", "uv": [ 0.0, 0.0, 0.5, 0.5 ] },
								"south": { "texture": "#shoulder-sling-plain-wood", "uv": [ 0.0, 0.0, 3.0, 0.5 ] },
								"west": { "texture": "#shoulder-sling-plain-wood", "uv": [ 0.0, 0.0, 0.5, 0.5 ] },
								"up": { "texture": "#shoulder-sling-plain-cloth1", "uv": [ 6.0, 0.0, 9.0, 0.5 ] },
								"down": { "texture": "#shoulder-sling-plain-wood", "uv": [ 6.0, 0.0, 9.0, 0.5 ] }
							},
							"children": [
								{
									"name": "shield_2_15",
									"from": [ 0.0, 0.0, -1.0 ],
									"to": [ 1.5, 0.3, 0.0 ],
									"rotationOrigin": [ 0.0, 0.0, -1.0 ],
									"faces": {
										"north": { "texture": "#shoulder-sling-plain-wood", "uv": [ 0.0, 0.0, 1.5, 0.5 ] },
										"east": { "texture": "#shoulder-sling-plain-wood", "uv": [ 0.0, 0.0, 1.0, 0.5 ] },
										"south": { "texture": "#shoulder-sling-plain-wood", "uv": [ 0.0, 0.0, 1.5, 0.5 ] },
										"west": { "texture": "#shoulder-sling-plain-wood", "uv": [ 0.0, 0.0, 1.0, 0.5 ] },
										"up": { "texture": "#shoulder-sling-plain-cloth1", "uv": [ 6.0, 0.0, 7.5, 1.0 ] },
										"down": { "texture": "#shoulder-sling-plain-wood", "uv": [ 6.0, 0.0, 7.5, 1.0 ] }
									}
								}
							]
						},
						{
							"name": "shield_2_16",
							"from": [ -8.5, 0.7, -7.0 ],
							"to": [ -8.0, 1.0, -4.0 ],
							"rotationOrigin": [ -8.5, 0.7, -7.0 ],
							"faces": {
								"north": { "texture": "#shoulder-sling-plain-wood", "uv": [ 0.0, 0.0, 0.5, 0.5 ] },
								"east": { "texture": "#shoulder-sling-plain-wood", "uv": [ 0.0, 0.0, 3.0, 0.5 ] },
								"south": { "texture": "#shoulder-sling-plain-wood", "uv": [ 0.0, 0.0, 0.5, 0.5 ] },
								"west": { "texture": "#shoulder-sling-plain-wood", "uv": [ 0.0, 0.0, 3.0, 0.5 ] },
								"up": { "texture": "#shoulder-sling-plain-cloth2", "uv": [ 10.5, 0.0, 11.0, 3.0 ] },
								"down": { "texture": "#shoulder-sling-plain-wood", "uv": [ 10.0, 0.0, 10.5, 3.0 ] }
							},
							"children": [
								{
									"name": "shield_2_17",
									"from": [ -1.0, 0.0, 1.5 ],
									"to": [ 0.0, 0.3, 3.0 ],
									"rotationOrigin": [ -1.0, 0.0, 1.5 ],
									"faces": {
										"north": { "texture": "#shoulder-sling-plain-wood", "uv": [ 0.0, 0.0, 1.0, 0.5 ] },
										"east": { "texture": "#shoulder-sling-plain-wood", "uv": [ 0.0, 0.0, 1.5, 0.5 ] },
										"south": { "texture": "#shoulder-sling-plain-wood", "uv": [ 0.0, 0.0, 1.0, 0.5 ] },
										"west": { "texture": "#shoulder-sling-plain-wood", "uv": [ 0.0, 0.0, 1.5, 0.5 ] },
										"up": { "texture": "#shoulder-sling-plain-cloth2", "uv": [ 10.0, 0.0, 11.0, 1.5 ] },
										"down": { "texture": "#shoulder-sling-plain-wood", "uv": [ 10.0, 0.0, 11.0, 1.5 ] }
									}
								}
							]
						},
						{
							"name": "shield_2_18",
							"from": [ -8.5, 0.7, 4.0 ],
							"to": [ -8.0, 1.0, 7.0 ],
							"rotationOrigin": [ -8.5, 0.7, 4.0 ],
							"faces": {
								"north": { "texture": "#shoulder-sling-plain-wood", "uv": [ 0.0, 0.0, 0.5, 0.5 ] },
								"east": { "texture": "#shoulder-sling-plain-wood", "uv": [ 0.0, 0.0, 3.0, 0.5 ] },
								"south": { "texture": "#shoulder-sling-plain-wood", "uv": [ 0.0, 0.0, 0.5, 0.5 ] },
								"west": { "texture": "#shoulder-sling-plain-wood", "uv": [ 0.0, 0.0, 3.0, 0.5 ] },
								"up": { "texture": "#shoulder-sling-plain-cloth1", "uv": [ 10.5, 0.0, 11.0, 3.0 ] },
								"down": { "texture": "#shoulder-sling-plain-wood", "uv": [ 10.0, 0.0, 10.5, 3.0 ] }
							},
							"children": [
								{
									"name": "shield_2_19",
									"from": [ -1.0, 0.0, 0.0 ],
									"to": [ 0.0, 0.3, 1.5 ],
									"rotationOrigin": [ -1.0, 0.0, 0.0 ],
									"faces": {
										"north": { "texture": "#shoulder-sling-plain-wood", "uv": [ 0.0, 0.0, 1.0, 0.5 ] },
										"east": { "texture": "#shoulder-sling-plain-wood", "uv": [ 0.0, 0.0, 1.5, 0.5 ] },
										"south": { "texture": "#shoulder-sling-plain-wood", "uv": [ 0.0, 0.0, 1.0, 0.5 ] },
										"west": { "texture": "#shoulder-sling-plain-wood", "uv": [ 0.0, 0.0, 1.5, 0.5 ] },
										"up": { "texture": "#shoulder-sling-plain-cloth1", "uv": [ 10.0, 0.0, 11.0, 1.5 ] },
										"down": { "texture": "#shoulder-sling-plain-wood", "uv": [ 10.0, 0.0, 11.0, 1.5 ] }
									}
								}
							]
						},
						{
							"name": "shield_2_20",
							"from": [ 8.0, 0.7, -7.0 ],
							"to": [ 8.5, 1.0, -4.0 ],
							"rotationOrigin": [ 8.0, 0.7, -7.0 ],
							"faces": {
								"north": { "texture": "#shoulder-sling-plain-wood", "uv": [ 0.0, 0.0, 0.5, 0.5 ] },
								"east": { "texture": "#shoulder-sling-plain-wood", "uv": [ 0.0, 0.0, 3.0, 0.5 ] },
								"south": { "texture": "#shoulder-sling-plain-wood", "uv": [ 0.0, 0.0, 0.5, 0.5 ] },
								"west": { "texture": "#shoulder-sling-plain-wood", "uv": [ 0.0, 0.0, 3.0, 0.5 ] },
								"up": { "texture": "#shoulder-sling-plain-cloth1", "uv": [ 10.0, 0.0, 10.5, 3.0 ] },
								"down": { "texture": "#shoulder-sling-plain-wood", "uv": [ 10.0, 0.0, 10.5, 3.0 ] }
							},
							"children": [
								{
									"name": "shield_2_21",
									"from": [ 0.5, 0.0, 1.5 ],
									"to": [ 1.5, 0.3, 3.0 ],
									"rotationOrigin": [ 0.5, 0.0, 1.5 ],
									"faces": {
										"north": { "texture": "#shoulder-sling-plain-wood", "uv": [ 0.0, 0.0, 1.0, 0.5 ] },
										"east": { "texture": "#shoulder-sling-plain-wood", "uv": [ 0.0, 0.0, 1.5, 0.5 ] },
										"south": { "texture": "#shoulder-sling-plain-wood", "uv": [ 0.0, 0.0, 1.0, 0.5 ] },
										"west": { "texture": "#shoulder-sling-plain-wood", "uv": [ 0.0, 0.0, 1.5, 0.5 ] },
										"up": { "texture": "#shoulder-sling-plain-cloth1", "uv": [ 10.0, 0.0, 11.0, 1.5 ] },
										"down": { "texture": "#shoulder-sling-plain-wood", "uv": [ 10.0, 0.0, 11.0, 1.5 ] }
									}
								}
							]
						},
						{
							"name": "shield_2_22",
							"from": [ 8.0, 0.7, 4.0 ],
							"to": [ 8.5, 1.0, 7.0 ],
							"rotationOrigin": [ 8.0, 0.7, 4.0 ],
							"faces": {
								"north": { "texture": "#shoulder-sling-plain-wood", "uv": [ 0.0, 0.0, 0.5, 0.5 ] },
								"east": { "texture": "#shoulder-sling-plain-wood", "uv": [ 0.0, 0.0, 3.0, 0.5 ] },
								"south": { "texture": "#shoulder-sling-plain-wood", "uv": [ 0.0, 0.0, 0.5, 0.5 ] },
								"west": { "texture": "#shoulder-sling-plain-wood", "uv": [ 0.0, 0.0, 3.0, 0.5 ] },
								"up": { "texture": "#shoulder-sling-plain-cloth2", "uv": [ 10.0, 0.0, 10.5, 3.0 ] },
								"down": { "texture": "#shoulder-sling-plain-wood", "uv": [ 10.0, 0.0, 10.5, 3.0 ] }
							},
							"children": [
								{
									"name": "shield_2_23",
									"from": [ 0.5, 0.0, 0.0 ],
									"to": [ 1.5, 0.3, 1.5 ],
									"rotationOrigin": [ 0.5, 0.0, 0.0 ],
									"faces": {
										"north": { "texture": "#shoulder-sling-plain-wood", "uv": [ 0.0, 0.0, 1.0, 0.5 ] },
										"east": { "texture": "#shoulder-sling-plain-wood", "uv": [ 0.0, 0.0, 1.5, 0.5 ] },
										"south": { "texture": "#shoulder-sling-plain-wood", "uv": [ 0.0, 0.0, 1.0, 0.5 ] },
										"west": { "texture": "#shoulder-sling-plain-wood", "uv": [ 0.0, 0.0, 1.5, 0.5 ] },
										"up": { "texture": "#shoulder-sling-plain-cloth2", "uv": [ 10.0, 0.0, 11.0, 1.5 ] },
										"down": { "texture": "#shoulder-sling-plain-wood", "uv": [ 10.0, 0.0, 11.0, 1.5 ] }
									}
								}
							]
						},
						{
							"name": "shield_2_24",
							"from": [ -8.0, 0.7, -8.0 ],
							"to": [ -2.0, 1.0, 0.0 ],
							"rotationOrigin": [ -8.0, 0.7, -8.0 ],
							"faces": {
								"north": { "texture": "#shoulder-sling-plain-wood", "uv": [ 0.0, 0.0, 6.0, 0.5 ] },
								"east": { "texture": "#shoulder-sling-plain-wood", "uv": [ 0.0, 0.0, 8.0, 0.5 ] },
								"south": { "texture": "#shoulder-sling-plain-wood", "uv": [ 0.0, 0.0, 6.0, 0.5 ] },
								"west": { "texture": "#shoulder-sling-plain-wood", "uv": [ 0.0, 0.0, 8.0, 0.5 ] },
								"up": { "texture": "#shoulder-sling-plain-cloth2", "uv": [ 0.0, 0.0, 6.0, 8.0 ] },
								"down": { "texture": "#shoulder-sling-plain-wood", "uv": [ 0.0, 0.0, 6.0, 8.0 ] }
							}
						},
						{
							"name": "shield_2_25",
							"from": [ -10.0, 0.7, -4.0 ],
							"to": [ -8.0, 1.0, 0.0 ],
							"rotationOrigin": [ -10.0, 0.7, -4.0 ],
							"faces": {
								"north": { "texture": "#shoulder-sling-plain-wood", "uv": [ 0.0, 0.0, 2.0, 0.5 ] },
								"east": { "texture": "#shoulder-sling-plain-wood", "uv": [ 0.0, 0.0, 4.0, 0.5 ] },
								"south": { "texture": "#shoulder-sling-plain-wood", "uv": [ 0.0, 0.0, 2.0, 0.5 ] },
								"west": { "texture": "#shoulder-sling-plain-wood", "uv": [ 0.0, 0.0, 4.0, 0.5 ] },
								"up": { "texture": "#shoulder-sling-plain-cloth2", "uv": [ 3.0, 4.0, 5.0, 8.0 ] },
								"down": { "texture": "#shoulder-sling-plain-wood", "uv": [ 3.0, 4.0, 5.0, 8.0 ] }
							}
						},
						{
							"name": "shield_2_26",
							"from": [ 2.0, 0.7, -8.0 ],
							"to": [ 8.0, 1.0, 0.0 ],
							"rotationOrigin": [ 2.0, 0.7, -8.0 ],
							"faces": {
								"north": { "texture": "#shoulder-sling-plain-wood", "uv": [ 0.0, 0.0, 6.0, 0.5 ] },
								"east": { "texture": "#shoulder-sling-plain-wood", "uv": [ 0.0, 0.0, 8.0, 0.5 ] },
								"south": { "texture": "#shoulder-sling-plain-wood", "uv": [ 0.0, 0.0, 6.0, 0.5 ] },
								"west": { "texture": "#shoulder-sling-plain-wood", "uv": [ 0.0, 0.0, 8.0, 0.5 ] },
								"up": { "texture": "#shoulder-sling-plain-cloth1", "uv": [ 10.0, 0.0, 16.0, 8.0 ] },
								"down": { "texture": "#shoulder-sling-plain-wood", "uv": [ 10.0, 0.0, 16.0, 8.0 ] }
							}
						},
						{
							"name": "shield_2_27",
							"from": [ 8.0, 0.7, -4.0 ],
							"to": [ 10.0, 1.0, 0.0 ],
							"rotationOrigin": [ 8.0, 0.7, -4.0 ],
							"faces": {
								"north": { "texture": "#shoulder-sling-plain-wood", "uv": [ 0.0, 0.0, 2.0, 0.5 ] },
								"east": { "texture": "#shoulder-sling-plain-wood", "uv": [ 0.0, 0.0, 4.0, 0.5 ] },
								"south": { "texture": "#shoulder-sling-plain-wood", "uv": [ 0.0, 0.0, 2.0, 0.5 ] },
								"west": { "texture": "#shoulder-sling-plain-wood", "uv": [ 0.0, 0.0, 4.0, 0.5 ] },
								"up": { "texture": "#shoulder-sling-plain-cloth1", "uv": [ 12.0, 4.0, 14.0, 8.0 ] },
								"down": { "texture": "#shoulder-sling-plain-wood", "uv": [ 12.0, 4.0, 14.0, 8.0 ] }
							}
						},
						{
							"name": "shield_2_28",
							"from": [ -4.0, 0.7, 8.0 ],
							"to": [ 0.0, 1.0, 10.0 ],
							"rotationOrigin": [ -4.0, 0.7, 8.0 ],
							"faces": {
								"north": { "texture": "#shoulder-sling-plain-wood", "uv": [ 0.0, 0.0, 4.0, 0.5 ] },
								"east": { "texture": "#shoulder-sling-plain-wood", "uv": [ 0.0, 0.0, 2.0, 0.5 ] },
								"south": { "texture": "#shoulder-sling-plain-wood", "uv": [ 0.0, 0.0, 4.0, 0.5 ] },
								"west": { "texture": "#shoulder-sling-plain-wood", "uv": [ 0.0, 0.0, 2.0, 0.5 ] },
								"up": { "texture": "#shoulder-sling-plain-cloth1", "uv": [ 6.0, 0.0, 10.0, 2.0 ] },
								"down": { "texture": "#shoulder-sling-plain-wood", "uv": [ 6.0, 0.0, 10.0, 2.0 ] }
							}
						},
						{
							"name": "shield_2_29",
							"from": [ -2.0, 0.7, 2.0 ],
							"to": [ 0.0, 1.0, 8.0 ],
							"rotationOrigin": [ -2.0, 0.7, 2.0 ],
							"faces": {
								"north": { "texture": "#shoulder-sling-plain-wood", "uv": [ 0.0, 0.0, 2.0, 0.5 ] },
								"east": { "texture": "#shoulder-sling-plain-wood", "uv": [ 0.0, 0.0, 6.0, 0.5 ] },
								"south": { "texture": "#shoulder-sling-plain-wood", "uv": [ 0.0, 0.0, 2.0, 0.5 ] },
								"west": { "texture": "#shoulder-sling-plain-wood", "uv": [ 0.0, 0.0, 6.0, 0.5 ] },
								"up": { "texture": "#shoulder-sling-plain-cloth1", "uv": [ 6.0, 10.0, 8.0, 16.0 ] },
								"down": { "texture": "#shoulder-sling-plain-wood", "uv": [ 6.0, 10.0, 8.0, 16.0 ] }
							}
						},
						{
							"name": "shield_2_30",
							"from": [ -2.0, 0.7, -8.0 ],
							"to": [ 0.0, 1.0, -2.0 ],
							"rotationOrigin": [ -2.0, 0.7, -8.0 ],
							"faces": {
								"north": { "texture": "#shoulder-sling-plain-wood", "uv": [ 0.0, 0.0, 2.0, 0.5 ] },
								"east": { "texture": "#shoulder-sling-plain-wood", "uv": [ 0.0, 0.0, 6.0, 0.5 ] },
								"south": { "texture": "#shoulder-sling-plain-wood", "uv": [ 0.0, 0.0, 2.0, 0.5 ] },
								"west": { "texture": "#shoulder-sling-plain-wood", "uv": [ 0.0, 0.0, 6.0, 0.5 ] },
								"up": { "texture": "#shoulder-sling-plain-cloth2", "uv": [ 6.0, 0.0, 8.0, 6.0 ] },
								"down": { "texture": "#shoulder-sling-plain-wood", "uv": [ 6.0, 0.0, 8.0, 6.0 ] }
							}
						},
						{
							"name": "shield_2_31",
							"from": [ -4.0, 0.7, -10.0 ],
							"to": [ 0.0, 1.0, -8.0 ],
							"rotationOrigin": [ -4.0, 0.7, -10.0 ],
							"faces": {
								"north": { "texture": "#shoulder-sling-plain-wood", "uv": [ 0.0, 0.0, 4.0, 0.5 ] },
								"east": { "texture": "#shoulder-sling-plain-wood", "uv": [ 0.0, 0.0, 2.0, 0.5 ] },
								"south": { "texture": "#shoulder-sling-plain-wood", "uv": [ 0.0, 0.0, 4.0, 0.5 ] },
								"west": { "texture": "#shoulder-sling-plain-wood", "uv": [ 0.0, 0.0, 2.0, 0.5 ] },
								"up": { "texture": "#shoulder-sling-plain-cloth2", "uv": [ 6.0, 0.0, 10.0, 2.0 ] },
								"down": { "texture": "#shoulder-sling-plain-wood", "uv": [ 6.0, 0.0, 10.0, 2.0 ] }
							}
						}
					]
				}
			]
		}
	]}