{
	"editor": {
		"backDropShape": "E:/Programs/VSModelCreator/seraph-faceless",
		"collapsedPaths": "Root/Shield/Body/body_bottom/body_0,Root/Shield/shield_1/shield_part_1,Root/Shield/shield_1/shield_part_2,Root/Shield/shield_1/shield_part_3,Root/Shield/Body/body_0,Root/Shield/Body/body_bottom2,Root/Shield/Body/body_4,Root/Shield/shield_1/shield_part_0,Root/Shield/Body/body_bottom/body_4,Root/Shield/shield_1/shield_5",
		"allAngles": false,
		"entityTextureMode": false
	},
	"textureWidth": 16,
	"textureHeight": 16,
	"textureSizes": {
	},
	"textures": {
		"cloth": "game:block/cloth/linen/red",
		"shoulder-sling-plain-leather": "game:block/leather/plain",
		"shoulder-sling-plain-metal": "game:block/metal/plate/bismuthbronze",
		"shoulder-sling-plain-wood": "game:block/wood/debarked/larch"
	},
	"elements": [
		{
			"name": "Shield",
			"from": [ 8.0, 0.0, 8.0 ],
			"to": [ 8.0, 0.0, 9.0 ],
			"rotationOrigin": [ 8.0, 0.0, 8.0 ],
			"faces": {
				"north": { "texture": "#shoulder-sling-plain-leather", "uv": [ 0.0, 0.0, 0.5, 0.5 ] },
				"east": { "texture": "#shoulder-sling-plain-leather", "uv": [ 0.0, 0.0, 1.0, 0.5 ] },
				"south": { "texture": "#shoulder-sling-plain-leather", "uv": [ 0.0, 0.0, 0.5, 0.5 ] },
				"west": { "texture": "#shoulder-sling-plain-leather", "uv": [ 0.0, 0.0, 1.0, 0.5 ] },
				"up": { "texture": "#shoulder-sling-plain-leather", "uv": [ 0.0, 0.0, 0.5, 1.0 ] },
				"down": { "texture": "#shoulder-sling-plain-leather", "uv": [ 0.0, 0.0, 0.5, 1.0 ] }
			},
			"children": [
				{
					"name": "Handle",
					"from": [ -4.3, -0.3, -0.5 ],
					"to": [ 4.2, 0.1, 0.5 ],
					"rotationOrigin": [ -4.3, -0.3, -0.5 ],
					"faces": {
						"north": { "texture": "#shoulder-sling-plain-wood", "uv": [ 0.0, 0.0, 8.5, 0.5 ], "windMode": [-1,-1,-1,-1] },
						"south": { "texture": "#shoulder-sling-plain-wood", "uv": [ 0.0, 0.0, 8.5, 0.5 ] },
						"down": { "texture": "#shoulder-sling-plain-wood", "uv": [ 0.0, 0.0, 8.5, 1.0 ] }
					},
					"children": [
						{
							"name": "Handle2",
							"from": [ 2.8, -0.1, -0.1 ],
							"to": [ 5.8, 0.4, 1.1 ],
							"rotationOrigin": [ 2.8, -0.1, -0.1 ],
							"faces": {
								"north": { "texture": "#shoulder-sling-plain-leather", "uv": [ 0.0, 0.0, 3.0, 0.5 ] },
								"east": { "texture": "#shoulder-sling-plain-leather", "uv": [ 0.0, 0.0, 1.0, 0.5 ] },
								"south": { "texture": "#shoulder-sling-plain-leather", "uv": [ 0.0, 0.0, 3.0, 0.5 ] },
								"west": { "texture": "#shoulder-sling-plain-leather", "uv": [ 0.0, 0.0, 1.0, 0.5 ] },
								"down": { "texture": "#shoulder-sling-plain-leather", "uv": [ 0.0, 0.0, 3.0, 1.0 ] }
							}
						}
					]
				},
				{
					"name": "shield_1",
					"from": [ -2.0, 0.6, -4.0 ],
					"to": [ 2.0, 1.2, 2.5 ],
					"rotationOrigin": [ 0.0, 0.6, -1.5 ],
					"faces": {
						"north": { "texture": "#shoulder-sling-plain-metal", "uv": [ 4.0, 9.0, 8.0, 9.5 ] },
						"east": { "texture": "#shoulder-sling-plain-metal", "uv": [ 2.5, 9.0, 9.0, 9.5 ] },
						"south": { "texture": "#shoulder-sling-plain-metal", "uv": [ 4.0, 9.5, 8.0, 10.0 ] },
						"west": { "texture": "#shoulder-sling-plain-metal", "uv": [ 3.0, 10.0, 9.5, 10.5 ] },
						"up": { "texture": "#shoulder-sling-plain-metal", "uv": [ 3.5, 6.5, 7.5, 13.0 ] }
					}
				},
				{
					"name": "shield_0",
					"from": [ -1.0, 1.2, -2.0 ],
					"to": [ 1.0, 1.7, 0.5 ],
					"rotationOrigin": [ 0.5, 1.2, -0.5 ],
					"faces": {
						"north": { "texture": "#shoulder-sling-plain-metal", "uv": [ 4.5, 10.5, 6.5, 11.0 ] },
						"east": { "texture": "#shoulder-sling-plain-metal", "uv": [ 4.5, 12.0, 7.0, 12.5 ] },
						"south": { "texture": "#shoulder-sling-plain-metal", "uv": [ 5.0, 10.5, 7.0, 11.0 ] },
						"west": { "texture": "#shoulder-sling-plain-metal", "uv": [ 4.0, 11.0, 6.5, 11.5 ] },
						"up": { "texture": "#shoulder-sling-plain-metal", "uv": [ 10.0, 11.0, 12.0, 13.5 ], "windMode": [-1,-1,-1,-1] }
					}
				},
				{
					"name": "Body",
					"from": [ 0.0, 0.0, 0.0 ],
					"to": [ 0.0, 0.0, 0.0 ],
					"faces": {
						"north": { "texture": "#shoulder-sling-plain-metal", "uv": [ 0.0, 0.0, 0.5, 0.5 ] },
						"east": { "texture": "#shoulder-sling-plain-metal", "uv": [ 0.0, 0.0, 0.5, 0.5 ] },
						"south": { "texture": "#shoulder-sling-plain-metal", "uv": [ 0.0, 0.0, 0.5, 0.5 ] },
						"west": { "texture": "#shoulder-sling-plain-metal", "uv": [ 0.0, 0.0, 0.5, 0.5 ] },
						"up": { "texture": "#shoulder-sling-plain-metal", "uv": [ 0.0, 0.0, 0.5, 0.5 ] },
						"down": { "texture": "#shoulder-sling-plain-metal", "uv": [ 0.0, 0.0, 0.5, 0.5 ] }
					},
					"children": [
						{
							"name": "body_bottom",
							"from": [ 0.0, 0.0, 0.0 ],
							"to": [ 0.0, 0.0, 0.0 ],
							"faces": {
								"north": { "texture": "#shoulder-sling-plain-metal", "uv": [ 0.0, 0.0, 0.5, 0.5 ] },
								"east": { "texture": "#shoulder-sling-plain-metal", "uv": [ 0.0, 0.0, 0.5, 0.5 ] },
								"south": { "texture": "#shoulder-sling-plain-metal", "uv": [ 0.0, 0.0, 0.5, 0.5 ] },
								"west": { "texture": "#shoulder-sling-plain-metal", "uv": [ 0.0, 0.0, 0.5, 0.5 ] },
								"up": { "texture": "#shoulder-sling-plain-metal", "uv": [ 0.0, 0.0, 0.5, 0.5 ] },
								"down": { "texture": "#shoulder-sling-plain-metal", "uv": [ 0.0, 0.0, 0.5, 0.5 ] }
							},
							"children": [
								{
									"name": "body_4",
									"from": [ -2.0, 0.5, 0.0 ],
									"to": [ 0.0, 1.0, 14.0 ],
									"rotationOrigin": [ 0.0, 1.0, 0.0 ],
									"rotationZ": 5.0,
									"faces": {
										"up": { "texture": "#cloth", "uv": [ 6.0, 0.0, 8.0, 14.0 ] },
										"down": { "texture": "#shoulder-sling-plain-wood", "uv": [ 0.0, 6.0, 14.0, 8.0 ], "rotation": 90, "windMode": [-1,-1,-1,-1] }
									},
									"children": [
										{
											"name": "body_5",
											"from": [ -2.0, 0.0, 0.0 ],
											"to": [ 0.0, 0.5, 14.0 ],
											"rotationOrigin": [ 0.0, 0.5, 0.0 ],
											"rotationZ": 10.0,
											"faces": {
												"up": { "texture": "#cloth", "uv": [ 4.0, 0.0, 6.0, 14.0 ] },
												"down": { "texture": "#shoulder-sling-plain-wood", "uv": [ 0.0, 4.0, 14.0, 6.0 ], "rotation": 90, "windMode": [-1,-1,-1,-1] }
											},
											"children": [
												{
													"name": "body_6",
													"from": [ -2.0, 0.0, 0.0 ],
													"to": [ 0.0, 0.5, 14.0 ],
													"rotationOrigin": [ 0.0, 0.5, 0.0 ],
													"rotationZ": 10.0,
													"faces": {
														"up": { "texture": "#cloth", "uv": [ 2.0, 0.0, 4.0, 14.0 ] },
														"down": { "texture": "#shoulder-sling-plain-wood", "uv": [ 0.0, 2.0, 14.0, 4.0 ], "rotation": 90, "windMode": [-1,-1,-1,-1] }
													},
													"children": [
														{
															"name": "body_7",
															"from": [ -2.0, 0.0, 0.0 ],
															"to": [ 0.0, 0.5, 14.0 ],
															"rotationOrigin": [ 0.0, 0.5, 0.0 ],
															"rotationZ": 10.0,
															"faces": {
																"up": { "texture": "#cloth", "uv": [ 0.0, 0.0, 2.0, 14.0 ] },
																"down": { "texture": "#shoulder-sling-plain-wood", "uv": [ 0.0, 0.0, 14.0, 2.0 ], "rotation": 90, "windMode": [-1,-1,-1,-1] }
															},
															"children": [
																{
																	"name": "body_21",
																	"from": [ -0.5, -0.1, 0.0 ],
																	"to": [ 0.0, 0.6, 14.0 ],
																	"rotationOrigin": [ -0.5, -0.1, 0.0 ],
																	"faces": {
																		"east": { "texture": "#shoulder-sling-plain-metal", "uv": [ 3.0, 0.5, 3.5, 14.5 ], "rotation": 90 },
																		"south": { "texture": "#shoulder-sling-plain-metal", "uv": [ 0.0, 0.0, 0.5, 0.5 ] },
																		"west": { "texture": "#shoulder-sling-plain-metal", "uv": [ 4.0, 0.5, 4.5, 14.5 ], "rotation": 90 },
																		"up": { "texture": "#shoulder-sling-plain-metal", "uv": [ 4.0, 0.5, 4.5, 14.5 ] },
																		"down": { "texture": "#shoulder-sling-plain-metal", "uv": [ 4.0, 0.5, 4.5, 14.5 ] }
																	}
																},
																{
																	"name": "body_22",
																	"from": [ 2.0, 0.1, 14.0 ],
																	"to": [ 4.5, 0.8, 14.47 ],
																	"rotationOrigin": [ 2.0, 0.35, 14.0 ],
																	"rotationZ": 180.0,
																	"faces": {
																		"north": { "texture": "#shoulder-sling-plain-metal", "uv": [ 4.5, 5.0, 7.0, 5.5 ] },
																		"east": { "texture": "#shoulder-sling-plain-metal", "uv": [ 4.5, 3.5, 5.0, 4.0 ] },
																		"south": { "texture": "#shoulder-sling-plain-metal", "uv": [ 2.5, 4.0, 5.0, 4.5 ] },
																		"west": { "texture": "#shoulder-sling-plain-metal", "uv": [ 4.0, 4.5, 4.5, 5.0 ] },
																		"up": { "texture": "#shoulder-sling-plain-metal", "uv": [ 2.5, 5.0, 5.0, 5.5 ] },
																		"down": { "texture": "#shoulder-sling-plain-metal", "uv": [ 3.5, 2.5, 6.0, 3.0 ] }
																	}
																}
															]
														},
														{
															"name": "body_23",
															"from": [ 2.0, 0.1, 14.0 ],
															"to": [ 4.02, 0.8, 14.48 ],
															"rotationOrigin": [ 2.0, 0.35, 14.0 ],
															"rotationZ": -180.0,
															"faces": {
																"north": { "texture": "#shoulder-sling-plain-metal", "uv": [ 2.5, 3.0, 4.5, 3.5 ] },
																"east": { "texture": "#shoulder-sling-plain-metal", "uv": [ 1.5, 2.0, 2.0, 2.5 ] },
																"south": { "texture": "#shoulder-sling-plain-metal", "uv": [ 2.5, 2.5, 4.5, 3.0 ] },
																"west": { "texture": "#shoulder-sling-plain-metal", "uv": [ 5.0, 4.5, 5.5, 5.0 ] },
																"up": { "texture": "#shoulder-sling-plain-metal", "uv": [ 4.5, 4.5, 6.5, 5.0 ] },
																"down": { "texture": "#shoulder-sling-plain-metal", "uv": [ 1.5, 5.0, 3.5, 5.5 ] }
															}
														}
													]
												},
												{
													"name": "body_24",
													"from": [ 2.0, 0.1, 14.0 ],
													"to": [ 4.02, 0.8, 14.49 ],
													"rotationOrigin": [ 2.0, 0.3523, 14.0 ],
													"rotationZ": -180.0,
													"faces": {
														"north": { "texture": "#shoulder-sling-plain-metal", "uv": [ 8.5, 7.0, 10.5, 7.5 ] },
														"east": { "texture": "#shoulder-sling-plain-metal", "uv": [ 4.5, 4.0, 5.0, 4.5 ] },
														"south": { "texture": "#shoulder-sling-plain-metal", "uv": [ 3.0, 3.0, 5.0, 3.5 ] },
														"west": { "texture": "#shoulder-sling-plain-metal", "uv": [ 3.0, 3.0, 3.5, 3.5 ] },
														"up": { "texture": "#shoulder-sling-plain-metal", "uv": [ 4.5, 5.5, 6.5, 6.0 ] },
														"down": { "texture": "#shoulder-sling-plain-metal", "uv": [ 3.5, 4.0, 5.5, 4.5 ] }
													}
												}
											]
										},
										{
											"name": "body_25",
											"from": [ 2.01, 0.1022, 14.0 ],
											"to": [ 4.04, 0.8022, 14.5 ],
											"rotationOrigin": [ 2.01, 0.3545, 14.0 ],
											"rotationZ": -180.0,
											"faces": {
												"north": { "texture": "#shoulder-sling-plain-metal", "uv": [ 4.0, 6.0, 6.0, 6.5 ] },
												"east": { "texture": "#shoulder-sling-plain-metal", "uv": [ 3.5, 2.5, 4.0, 3.0 ] },
												"south": { "texture": "#shoulder-sling-plain-metal", "uv": [ 5.0, 10.5, 7.0, 11.0 ] },
												"west": { "texture": "#shoulder-sling-plain-metal", "uv": [ 3.5, 4.5, 4.0, 5.0 ] },
												"up": { "texture": "#shoulder-sling-plain-metal", "uv": [ 6.0, 10.0, 8.0, 10.5 ] },
												"down": { "texture": "#shoulder-sling-plain-metal", "uv": [ 3.5, 5.0, 5.5, 5.5 ] }
											}
										}
									]
								},
								{
									"name": "body_0",
									"from": [ 0.0, 0.5, 0.0 ],
									"to": [ 2.0, 1.0, 14.0 ],
									"rotationOrigin": [ 0.0, 1.0, 0.0 ],
									"rotationZ": -5.0,
									"faces": {
										"up": { "texture": "#cloth", "uv": [ 8.0, 0.0, 10.0, 14.0 ] },
										"down": { "texture": "#shoulder-sling-plain-wood", "uv": [ 0.0, 8.0, 14.0, 10.0 ], "rotation": 90, "windMode": [-1,-1,-1,-1] }
									},
									"children": [
										{
											"name": "body_1",
											"from": [ 2.0, 0.0, 0.0 ],
											"to": [ 4.0, 0.5, 14.0 ],
											"rotationOrigin": [ 2.0, 0.5, 0.0 ],
											"rotationZ": -10.0,
											"faces": {
												"up": { "texture": "#cloth", "uv": [ 10.0, 0.0, 12.0, 14.0 ] },
												"down": { "texture": "#shoulder-sling-plain-wood", "uv": [ 0.0, 10.0, 14.0, 12.0 ], "rotation": 90, "windMode": [-1,-1,-1,-1] }
											},
											"children": [
												{
													"name": "body_2",
													"from": [ 2.0, 0.0, 0.0 ],
													"to": [ 4.0, 0.5, 14.0 ],
													"rotationOrigin": [ 2.0, 0.5, 0.0 ],
													"rotationZ": -10.0,
													"faces": {
														"up": { "texture": "#cloth", "uv": [ 12.0, 0.0, 14.0, 14.0 ] },
														"down": { "texture": "#shoulder-sling-plain-wood", "uv": [ 0.0, 12.0, 14.0, 14.0 ], "rotation": 90, "windMode": [-1,-1,-1,-1] }
													},
													"children": [
														{
															"name": "body_3",
															"from": [ 2.0, 0.0, 0.0 ],
															"to": [ 4.0, 0.5, 14.0 ],
															"rotationOrigin": [ 2.0, 0.5, 0.0 ],
															"rotationZ": -10.0,
															"faces": {
																"up": { "texture": "#cloth", "uv": [ 14.0, 0.0, 16.0, 14.0 ] },
																"down": { "texture": "#shoulder-sling-plain-wood", "uv": [ 0.0, 14.0, 14.0, 16.0 ], "rotation": 90, "windMode": [-1,-1,-1,-1] }
															},
															"children": [
																{
																	"name": "body_16",
																	"from": [ 0.0, -0.1, 14.0 ],
																	"to": [ 2.5, 0.6, 14.47 ],
																	"rotationOrigin": [ 0.0, 0.4, 14.0 ],
																	"faces": {
																		"north": { "texture": "#shoulder-sling-plain-metal", "uv": [ 1.5, 0.0, 4.0, 0.5 ] },
																		"east": { "texture": "#shoulder-sling-plain-metal", "uv": [ 3.5, 2.5, 4.0, 3.0 ] },
																		"south": { "texture": "#shoulder-sling-plain-metal", "uv": [ 1.5, 0.0, 4.0, 0.5 ] },
																		"west": { "texture": "#shoulder-sling-plain-metal", "uv": [ 7.0, 5.5, 7.5, 6.0 ] },
																		"up": { "texture": "#shoulder-sling-plain-metal", "uv": [ 1.5, 0.0, 4.0, 0.5 ] },
																		"down": { "texture": "#shoulder-sling-plain-metal", "uv": [ 1.5, 0.0, 4.0, 0.5 ] }
																	}
																},
																{
																	"name": "body_17",
																	"from": [ 2.0, -0.1, 0.0 ],
																	"to": [ 2.5, 0.6, 14.0 ],
																	"rotationOrigin": [ 2.0, 0.4, 0.0 ],
																	"faces": {
																		"east": { "texture": "#shoulder-sling-plain-metal", "uv": [ 3.0, 0.5, 3.5, 14.5 ], "rotation": 90, "windMode": [-1,-1,-1,-1] },
																		"south": { "texture": "#shoulder-sling-plain-metal", "uv": [ 0.0, 0.0, 0.5, 0.5 ] },
																		"west": { "texture": "#shoulder-sling-plain-metal", "uv": [ 4.0, 0.5, 4.5, 14.5 ], "rotation": 90, "windMode": [-1,-1,-1,-1] },
																		"up": { "texture": "#shoulder-sling-plain-metal", "uv": [ 4.0, 0.5, 4.5, 14.5 ] },
																		"down": { "texture": "#shoulder-sling-plain-metal", "uv": [ 4.0, 0.5, 4.5, 14.5 ], "windMode": [-1,-1,-1,-1] }
																	}
																}
															]
														},
														{
															"name": "body_18",
															"from": [ 0.0, -0.1, 14.0 ],
															"to": [ 2.02, 0.6, 14.48 ],
															"rotationOrigin": [ 0.0, -0.1, 14.0 ],
															"faces": {
																"north": { "texture": "#shoulder-sling-plain-metal", "uv": [ 9.0, 11.0, 11.0, 11.5 ] },
																"east": { "texture": "#shoulder-sling-plain-metal", "uv": [ 7.0, 7.0, 7.5, 7.5 ] },
																"south": { "texture": "#shoulder-sling-plain-metal", "uv": [ 6.0, 5.5, 8.0, 6.0 ] },
																"west": { "texture": "#shoulder-sling-plain-metal", "uv": [ 6.0, 5.5, 6.5, 6.0 ] },
																"up": { "texture": "#shoulder-sling-plain-metal", "uv": [ 6.5, 5.5, 8.5, 6.0 ] },
																"down": { "texture": "#shoulder-sling-plain-metal", "uv": [ 6.0, 3.5, 8.0, 4.0 ] }
															}
														}
													]
												},
												{
													"name": "body_19",
													"from": [ 0.0, -0.1, 14.0 ],
													"to": [ 2.02, 0.6, 14.49 ],
													"rotationOrigin": [ 0.0, -0.1, 14.0 ],
													"faces": {
														"north": { "texture": "#shoulder-sling-plain-metal", "uv": [ 3.5, 8.5, 5.5, 9.0 ] },
														"east": { "texture": "#shoulder-sling-plain-metal", "uv": [ 7.0, 9.5, 7.5, 10.0 ] },
														"south": { "texture": "#shoulder-sling-plain-metal", "uv": [ 3.0, 6.0, 5.0, 6.5 ] },
														"west": { "texture": "#shoulder-sling-plain-metal", "uv": [ 3.5, 5.0, 4.0, 5.5 ] },
														"up": { "texture": "#shoulder-sling-plain-metal", "uv": [ 2.0, 5.5, 4.0, 6.0 ] },
														"down": { "texture": "#shoulder-sling-plain-metal", "uv": [ 5.0, 4.0, 7.0, 4.5 ] }
													}
												}
											]
										},
										{
											"name": "body_20",
											"from": [ -0.01, -0.1, 14.0 ],
											"to": [ 2.02, 0.6, 14.5 ],
											"rotationOrigin": [ -0.01, -0.1, 14.0 ],
											"faces": {
												"north": { "texture": "#shoulder-sling-plain-metal", "uv": [ 7.5, 8.5, 9.5, 9.0 ] },
												"east": { "texture": "#shoulder-sling-plain-metal", "uv": [ 3.0, 3.0, 3.5, 3.5 ] },
												"south": { "texture": "#shoulder-sling-plain-metal", "uv": [ 3.5, 2.0, 5.5, 2.5 ] },
												"west": { "texture": "#shoulder-sling-plain-metal", "uv": [ 5.0, 3.5, 5.5, 4.0 ] },
												"up": { "texture": "#shoulder-sling-plain-metal", "uv": [ 3.5, 3.0, 5.5, 3.5 ] },
												"down": { "texture": "#shoulder-sling-plain-metal", "uv": [ 2.5, 2.5, 4.5, 3.0 ] }
											}
										}
									]
								}
							]
						},
						{
							"name": "body_bottom2",
							"from": [ 0.0, 0.0, 0.0 ],
							"to": [ 0.0, 0.0, 0.0 ],
							"rotationOrigin": [ 0.0, 0.0, 0.0 ],
							"rotationY": 180.0,
							"faces": {
								"north": { "texture": "#shoulder-sling-plain-metal", "uv": [ 0.0, 0.0, 0.5, 0.5 ] },
								"east": { "texture": "#shoulder-sling-plain-metal", "uv": [ 0.0, 0.0, 0.5, 0.5 ] },
								"south": { "texture": "#shoulder-sling-plain-metal", "uv": [ 0.0, 0.0, 0.5, 0.5 ] },
								"west": { "texture": "#shoulder-sling-plain-metal", "uv": [ 0.0, 0.0, 0.5, 0.5 ] },
								"up": { "texture": "#shoulder-sling-plain-metal", "uv": [ 0.0, 0.0, 0.5, 0.5 ] },
								"down": { "texture": "#shoulder-sling-plain-metal", "uv": [ 0.0, 0.0, 0.5, 0.5 ] }
							},
							"children": [
								{
									"name": "body_8",
									"from": [ -2.0, 0.5, 0.0 ],
									"to": [ 0.0, 1.0, 14.0 ],
									"rotationOrigin": [ 0.0, 1.0, 0.0 ],
									"rotationZ": 5.0,
									"faces": {
										"up": { "texture": "#cloth", "uv": [ 6.0, 0.0, 8.0, 14.0 ] },
										"down": { "texture": "#shoulder-sling-plain-wood", "uv": [ 0.0, 6.0, 14.0, 8.0 ], "rotation": 90 }
									},
									"children": [
										{
											"name": "body_9",
											"from": [ -2.0, 0.0, 0.0 ],
											"to": [ 0.0, 0.5, 14.0 ],
											"rotationOrigin": [ 0.0, 0.5, 0.0 ],
											"rotationZ": 10.0,
											"faces": {
												"up": { "texture": "#cloth", "uv": [ 4.0, 0.0, 6.0, 14.0 ] },
												"down": { "texture": "#shoulder-sling-plain-wood", "uv": [ 0.0, 4.0, 14.0, 6.0 ], "rotation": 90 }
											},
											"children": [
												{
													"name": "body_10",
													"from": [ -2.0, 0.0, 0.0 ],
													"to": [ 0.0, 0.5, 14.0 ],
													"rotationOrigin": [ 0.0, 0.5, 0.0 ],
													"rotationZ": 10.0,
													"faces": {
														"up": { "texture": "#cloth", "uv": [ 2.0, 0.0, 4.0, 14.0 ] },
														"down": { "texture": "#shoulder-sling-plain-wood", "uv": [ 0.0, 2.0, 14.0, 4.0 ], "rotation": 90 }
													},
													"children": [
														{
															"name": "body_11",
															"from": [ -2.0, 0.0, 0.0 ],
															"to": [ 0.0, 0.5, 14.0 ],
															"rotationOrigin": [ 0.0, 0.5, 0.0 ],
															"rotationZ": 10.0,
															"faces": {
																"up": { "texture": "#cloth", "uv": [ 0.0, 0.0, 2.0, 14.0 ] },
																"down": { "texture": "#shoulder-sling-plain-wood", "uv": [ 0.0, 0.0, 14.0, 2.0 ], "rotation": 90 }
															},
															"children": [
																{
																	"name": "body_26",
																	"from": [ -0.5, -0.1, 0.0 ],
																	"to": [ 0.0, 0.6, 14.0 ],
																	"rotationOrigin": [ -0.5, -0.1, 0.0 ],
																	"faces": {
																		"east": { "texture": "#shoulder-sling-plain-metal", "uv": [ 3.0, 0.5, 3.5, 14.5 ], "rotation": 90 },
																		"south": { "texture": "#shoulder-sling-plain-metal", "uv": [ 0.0, 0.0, 0.5, 0.5 ] },
																		"west": { "texture": "#shoulder-sling-plain-metal", "uv": [ 4.0, 0.5, 4.5, 14.5 ], "rotation": 90 },
																		"up": { "texture": "#shoulder-sling-plain-metal", "uv": [ 4.0, 0.5, 4.5, 14.5 ] },
																		"down": { "texture": "#shoulder-sling-plain-metal", "uv": [ 4.0, 0.5, 4.5, 14.5 ] }
																	}
																},
																{
																	"name": "body_27",
																	"from": [ 2.0, 0.1, 14.0 ],
																	"to": [ 4.5, 0.8, 14.47 ],
																	"rotationOrigin": [ 2.0, 0.35, 14.0 ],
																	"rotationZ": 180.0,
																	"faces": {
																		"north": { "texture": "#shoulder-sling-plain-metal", "uv": [ 4.5, 5.0, 7.0, 5.5 ] },
																		"east": { "texture": "#shoulder-sling-plain-metal", "uv": [ 4.5, 3.5, 5.0, 4.0 ] },
																		"south": { "texture": "#shoulder-sling-plain-metal", "uv": [ 2.5, 4.0, 5.0, 4.5 ] },
																		"west": { "texture": "#shoulder-sling-plain-metal", "uv": [ 4.0, 4.5, 4.5, 5.0 ] },
																		"up": { "texture": "#shoulder-sling-plain-metal", "uv": [ 2.5, 5.0, 5.0, 5.5 ] },
																		"down": { "texture": "#shoulder-sling-plain-metal", "uv": [ 3.5, 2.5, 6.0, 3.0 ] }
																	}
																}
															]
														},
														{
															"name": "body_28",
															"from": [ 2.0, 0.1, 14.0 ],
															"to": [ 4.02, 0.8, 14.48 ],
															"rotationOrigin": [ 2.0, 0.35, 14.0 ],
															"rotationZ": -180.0,
															"faces": {
																"north": { "texture": "#shoulder-sling-plain-metal", "uv": [ 2.5, 3.0, 4.5, 3.5 ] },
																"east": { "texture": "#shoulder-sling-plain-metal", "uv": [ 1.5, 2.0, 2.0, 2.5 ] },
																"south": { "texture": "#shoulder-sling-plain-metal", "uv": [ 2.5, 2.5, 4.5, 3.0 ] },
																"west": { "texture": "#shoulder-sling-plain-metal", "uv": [ 5.0, 4.5, 5.5, 5.0 ] },
																"up": { "texture": "#shoulder-sling-plain-metal", "uv": [ 4.5, 4.5, 6.5, 5.0 ] },
																"down": { "texture": "#shoulder-sling-plain-metal", "uv": [ 1.5, 5.0, 3.5, 5.5 ] }
															}
														}
													]
												},
												{
													"name": "body_29",
													"from": [ 2.0, 0.1, 14.0 ],
													"to": [ 4.02, 0.8, 14.49 ],
													"rotationOrigin": [ 2.0, 0.3523, 14.0 ],
													"rotationZ": -180.0,
													"faces": {
														"north": { "texture": "#shoulder-sling-plain-metal", "uv": [ 8.5, 7.0, 10.5, 7.5 ] },
														"east": { "texture": "#shoulder-sling-plain-metal", "uv": [ 4.5, 4.0, 5.0, 4.5 ] },
														"south": { "texture": "#shoulder-sling-plain-metal", "uv": [ 3.0, 3.0, 5.0, 3.5 ] },
														"west": { "texture": "#shoulder-sling-plain-metal", "uv": [ 3.0, 3.0, 3.5, 3.5 ] },
														"up": { "texture": "#shoulder-sling-plain-metal", "uv": [ 4.5, 5.5, 6.5, 6.0 ] },
														"down": { "texture": "#shoulder-sling-plain-metal", "uv": [ 3.5, 4.0, 5.5, 4.5 ] }
													}
												}
											]
										},
										{
											"name": "body_30",
											"from": [ 2.01, 0.1022, 14.0 ],
											"to": [ 4.04, 0.8022, 14.5 ],
											"rotationOrigin": [ 2.01, 0.3545, 14.0 ],
											"rotationZ": -180.0,
											"faces": {
												"north": { "texture": "#shoulder-sling-plain-metal", "uv": [ 4.0, 6.0, 6.0, 6.5 ] },
												"east": { "texture": "#shoulder-sling-plain-metal", "uv": [ 3.5, 2.5, 4.0, 3.0 ] },
												"south": { "texture": "#shoulder-sling-plain-metal", "uv": [ 5.0, 10.5, 7.0, 11.0 ] },
												"west": { "texture": "#shoulder-sling-plain-metal", "uv": [ 3.5, 4.5, 4.0, 5.0 ] },
												"up": { "texture": "#shoulder-sling-plain-metal", "uv": [ 6.0, 10.0, 8.0, 10.5 ] },
												"down": { "texture": "#shoulder-sling-plain-metal", "uv": [ 3.5, 5.0, 5.5, 5.5 ] }
											}
										}
									]
								},
								{
									"name": "body_12",
									"from": [ 0.0, 0.5, 0.0 ],
									"to": [ 2.0, 1.0, 14.0 ],
									"rotationOrigin": [ 0.0, 1.0, 0.0 ],
									"rotationZ": -5.0,
									"faces": {
										"up": { "texture": "#cloth", "uv": [ 8.0, 0.0, 10.0, 14.0 ] },
										"down": { "texture": "#shoulder-sling-plain-wood", "uv": [ 0.0, 8.0, 14.0, 10.0 ], "rotation": 90 }
									},
									"children": [
										{
											"name": "body_13",
											"from": [ 2.0, 0.0, 0.0 ],
											"to": [ 4.0, 0.5, 14.0 ],
											"rotationOrigin": [ 2.0, 0.5, 0.0 ],
											"rotationZ": -10.0,
											"faces": {
												"up": { "texture": "#cloth", "uv": [ 10.0, 0.0, 12.0, 14.0 ] },
												"down": { "texture": "#shoulder-sling-plain-wood", "uv": [ 0.0, 10.0, 14.0, 12.0 ], "rotation": 90 }
											},
											"children": [
												{
													"name": "body_14",
													"from": [ 2.0, 0.0, 0.0 ],
													"to": [ 4.0, 0.5, 14.0 ],
													"rotationOrigin": [ 2.0, 0.5, 0.0 ],
													"rotationZ": -10.0,
													"faces": {
														"up": { "texture": "#cloth", "uv": [ 12.0, 0.0, 14.0, 14.0 ] },
														"down": { "texture": "#shoulder-sling-plain-wood", "uv": [ 0.0, 12.0, 14.0, 14.0 ], "rotation": 90 }
													},
													"children": [
														{
															"name": "body_15",
															"from": [ 2.0, 0.0, 0.0 ],
															"to": [ 4.0, 0.5, 14.0 ],
															"rotationOrigin": [ 2.0, 0.5, 0.0 ],
															"rotationZ": -10.0,
															"faces": {
																"up": { "texture": "#cloth", "uv": [ 14.0, 0.0, 16.0, 14.0 ] },
																"down": { "texture": "#shoulder-sling-plain-wood", "uv": [ 0.0, 14.0, 14.0, 16.0 ], "rotation": 90 }
															},
															"children": [
																{
																	"name": "body_31",
																	"from": [ 0.0, -0.1, 14.0 ],
																	"to": [ 2.5, 0.6, 14.47 ],
																	"rotationOrigin": [ 0.0, 0.4, 14.0 ],
																	"faces": {
																		"north": { "texture": "#shoulder-sling-plain-metal", "uv": [ 1.5, 0.0, 4.0, 0.5 ] },
																		"east": { "texture": "#shoulder-sling-plain-metal", "uv": [ 3.5, 2.5, 4.0, 3.0 ] },
																		"south": { "texture": "#shoulder-sling-plain-metal", "uv": [ 1.5, 0.0, 4.0, 0.5 ] },
																		"west": { "texture": "#shoulder-sling-plain-metal", "uv": [ 7.0, 5.5, 7.5, 6.0 ] },
																		"up": { "texture": "#shoulder-sling-plain-metal", "uv": [ 1.5, 0.0, 4.0, 0.5 ] },
																		"down": { "texture": "#shoulder-sling-plain-metal", "uv": [ 1.5, 0.0, 4.0, 0.5 ] }
																	}
																},
																{
																	"name": "body_32",
																	"from": [ 2.0, -0.1, 0.0 ],
																	"to": [ 2.5, 0.6, 14.0 ],
																	"rotationOrigin": [ 2.0, 0.4, 0.0 ],
																	"faces": {
																		"east": { "texture": "#shoulder-sling-plain-metal", "uv": [ 3.0, 0.5, 3.5, 14.5 ], "rotation": 90 },
																		"south": { "texture": "#shoulder-sling-plain-metal", "uv": [ 0.0, 0.0, 0.5, 0.5 ] },
																		"west": { "texture": "#shoulder-sling-plain-metal", "uv": [ 4.0, 0.5, 4.5, 14.5 ], "rotation": 90 },
																		"up": { "texture": "#shoulder-sling-plain-metal", "uv": [ 4.0, 0.5, 4.5, 14.5 ] },
																		"down": { "texture": "#shoulder-sling-plain-metal", "uv": [ 4.0, 0.5, 4.5, 14.5 ] }
																	}
																}
															]
														},
														{
															"name": "body_33",
															"from": [ 0.0, -0.1, 14.0 ],
															"to": [ 2.02, 0.6, 14.48 ],
															"rotationOrigin": [ 0.0, -0.1, 14.0 ],
															"faces": {
																"north": { "texture": "#shoulder-sling-plain-metal", "uv": [ 9.0, 11.0, 11.0, 11.5 ] },
																"east": { "texture": "#shoulder-sling-plain-metal", "uv": [ 7.0, 7.0, 7.5, 7.5 ] },
																"south": { "texture": "#shoulder-sling-plain-metal", "uv": [ 6.0, 5.5, 8.0, 6.0 ] },
																"west": { "texture": "#shoulder-sling-plain-metal", "uv": [ 6.0, 5.5, 6.5, 6.0 ] },
																"up": { "texture": "#shoulder-sling-plain-metal", "uv": [ 6.5, 5.5, 8.5, 6.0 ] },
																"down": { "texture": "#shoulder-sling-plain-metal", "uv": [ 6.0, 3.5, 8.0, 4.0 ] }
															}
														}
													]
												},
												{
													"name": "body_34",
													"from": [ 0.0, -0.1, 14.0 ],
													"to": [ 2.02, 0.6, 14.49 ],
													"rotationOrigin": [ 0.0, -0.1, 14.0 ],
													"faces": {
														"north": { "texture": "#shoulder-sling-plain-metal", "uv": [ 3.5, 8.5, 5.5, 9.0 ] },
														"east": { "texture": "#shoulder-sling-plain-metal", "uv": [ 7.0, 9.5, 7.5, 10.0 ] },
														"south": { "texture": "#shoulder-sling-plain-metal", "uv": [ 3.0, 6.0, 5.0, 6.5 ] },
														"west": { "texture": "#shoulder-sling-plain-metal", "uv": [ 3.5, 5.0, 4.0, 5.5 ] },
														"up": { "texture": "#shoulder-sling-plain-metal", "uv": [ 2.0, 5.5, 4.0, 6.0 ] },
														"down": { "texture": "#shoulder-sling-plain-metal", "uv": [ 5.0, 4.0, 7.0, 4.5 ] }
													}
												}
											]
										},
										{
											"name": "body_35",
											"from": [ -0.01, -0.1, 14.0 ],
											"to": [ 2.02, 0.6, 14.5 ],
											"rotationOrigin": [ -0.01, -0.1, 14.0 ],
											"faces": {
												"north": { "texture": "#shoulder-sling-plain-metal", "uv": [ 7.5, 8.5, 9.5, 9.0 ] },
												"east": { "texture": "#shoulder-sling-plain-metal", "uv": [ 3.0, 3.0, 3.5, 3.5 ] },
												"south": { "texture": "#shoulder-sling-plain-metal", "uv": [ 3.5, 2.0, 5.5, 2.5 ] },
												"west": { "texture": "#shoulder-sling-plain-metal", "uv": [ 5.0, 3.5, 5.5, 4.0 ] },
												"up": { "texture": "#shoulder-sling-plain-metal", "uv": [ 3.5, 3.0, 5.5, 3.5 ] },
												"down": { "texture": "#shoulder-sling-plain-metal", "uv": [ 2.5, 2.5, 4.5, 3.0 ] }
											}
										}
									]
								}
							]
						}
					]
				}
			]
		}
	]}